backend,phase,iteration,op_ms,disk_bytes,extra
rocksdb,prefill,1000,0.000,0,0
rocksdb,prefill,2000,0.000,0,0
rocksdb,prefill,3000,0.000,0,0
rocksdb,prefill,4000,0.000,0,0
rocksdb,prefill,5000,0.000,4359508,0
rocksdb,prefill,6000,0.000,0,0
rocksdb,prefill,7000,0.000,0,0
rocksdb,prefill,8000,0.000,0,0
rocksdb,prefill,9000,0.000,0,0
rocksdb,prefill,10000,0.000,4832797,0
rocksdb,prefill,11000,0.000,0,0
rocksdb,prefill,12000,0.000,0,0
rocksdb,prefill,13000,0.000,0,0
rocksdb,prefill,14000,0.000,0,0
rocksdb,prefill,15000,0.000,5353902,0
rocksdb,prefill,16000,0.000,0,0
rocksdb,prefill,17000,0.000,0,0
rocksdb,prefill,18000,0.000,0,0
rocksdb,prefill,19000,0.000,0,0
rocksdb,prefill,20000,0.000,5990529,0
rocksdb,prefill,21000,0.000,0,0
rocksdb,prefill,22000,0.000,0,0
rocksdb,prefill,23000,0.000,0,0
rocksdb,prefill,24000,0.000,0,0
rocksdb,prefill,25000,0.000,13481190,0
rocksdb,prefill,26000,0.000,0,0
rocksdb,prefill,27000,0.000,0,0
rocksdb,prefill,28000,0.000,0,0
rocksdb,prefill,29000,0.000,0,0
rocksdb,prefill,30000,0.000,10812625,0
rocksdb,prefill,31000,0.000,0,0
rocksdb,prefill,32000,0.000,0,0
rocksdb,prefill,33000,0.000,0,0
rocksdb,prefill,34000,0.000,0,0
rocksdb,prefill,35000,0.000,11901053,0
rocksdb,prefill,36000,0.000,0,0
rocksdb,prefill,37000,0.000,0,0
rocksdb,prefill,38000,0.000,0,0
rocksdb,prefill,39000,0.000,0,0
rocksdb,prefill,40000,0.000,20880901,0
rocksdb,prefill,41000,0.000,0,0
rocksdb,prefill,42000,0.000,0,0
rocksdb,prefill,43000,0.000,0,0
rocksdb,prefill,44000,0.000,0,0
rocksdb,prefill,45000,0.000,15797734,0
rocksdb,prefill,46000,0.000,0,0
rocksdb,prefill,47000,0.000,0,0
rocksdb,prefill,48000,0.000,0,0
rocksdb,prefill,49000,0.000,0,0
rocksdb,prefill,50000,0.000,22597278,0
rocksdb,prefill,51000,0.000,0,0
rocksdb,prefill,52000,0.000,0,0
rocksdb,prefill,53000,0.000,0,0
rocksdb,prefill,54000,0.000,0,0
rocksdb,prefill,55000,0.000,16685401,0
rocksdb,prefill,56000,0.000,0,0
rocksdb,prefill,57000,0.000,0,0
rocksdb,prefill,58000,0.000,0,0
rocksdb,prefill,59000,0.000,0,0
rocksdb,prefill,60000,0.000,22614437,0
rocksdb,prefill,61000,0.000,0,0
rocksdb,prefill,62000,0.000,0,0
rocksdb,prefill,63000,0.000,0,0
rocksdb,prefill,64000,0.000,0,0
rocksdb,prefill,65000,0.000,36414052,0
rocksdb,prefill,66000,0.000,0,0
rocksdb,prefill,67000,0.000,0,0
rocksdb,prefill,68000,0.000,0,0
rocksdb,prefill,69000,0.000,0,0
rocksdb,prefill,70000,0.000,21989613,0
rocksdb,prefill,71000,0.000,0,0
rocksdb,prefill,72000,0.000,0,0
rocksdb,prefill,73000,0.000,0,0
rocksdb,prefill,74000,0.000,0,0
rocksdb,prefill,75000,0.000,31097871,0
rocksdb,prefill,76000,0.000,0,0
rocksdb,prefill,77000,0.000,0,0
rocksdb,prefill,78000,0.000,0,0
rocksdb,prefill,79000,0.000,0,0
rocksdb,prefill,80000,0.000,39088145,0
rocksdb,prefill,81000,0.000,0,0
rocksdb,prefill,82000,0.000,0,0
rocksdb,prefill,83000,0.000,0,0
rocksdb,prefill,84000,0.000,0,0
rocksdb,prefill,85000,0.000,43925370,0
rocksdb,prefill,86000,0.000,0,0
rocksdb,prefill,87000,0.000,0,0
rocksdb,prefill,88000,0.000,0,0
rocksdb,prefill,89000,0.000,0,0
rocksdb,prefill,90000,0.000,28149609,0
rocksdb,prefill,91000,0.000,0,0
rocksdb,prefill,92000,0.000,0,0
rocksdb,prefill,93000,0.000,0,0
rocksdb,prefill,94000,0.000,0,0
rocksdb,prefill,95000,0.000,29519011,0
rocksdb,prefill,96000,0.000,0,0
rocksdb,prefill,97000,0.000,0,0
rocksdb,prefill,98000,0.000,0,0
rocksdb,prefill,99000,0.000,0,0
rocksdb,prefill,100000,0.000,30915595,0
rocksdb,prefill,101000,0.000,0,0
rocksdb,prefill,102000,0.000,0,0
rocksdb,prefill,103000,0.000,0,0
rocksdb,prefill,104000,0.000,0,0
rocksdb,prefill,105000,0.000,60583840,0
rocksdb,prefill,106000,0.000,0,0
rocksdb,prefill,107000,0.000,0,0
rocksdb,prefill,108000,0.000,0,0
rocksdb,prefill,109000,0.000,0,0
rocksdb,prefill,110000,0.000,59806708,0
rocksdb,prefill,111000,0.000,0,0
rocksdb,prefill,112000,0.000,0,0
rocksdb,prefill,113000,0.000,0,0
rocksdb,prefill,114000,0.000,0,0
rocksdb,prefill,115000,0.000,57044841,0
rocksdb,prefill,116000,0.000,0,0
rocksdb,prefill,117000,0.000,0,0
rocksdb,prefill,118000,0.000,0,0
rocksdb,prefill,119000,0.000,0,0
rocksdb,prefill,120000,0.000,51032934,0
rocksdb,prefill,121000,0.000,0,0
rocksdb,prefill,122000,0.000,0,0
rocksdb,prefill,123000,0.000,0,0
rocksdb,prefill,124000,0.000,0,0
rocksdb,prefill,125000,0.000,40998541,0
rocksdb,prefill,126000,0.000,0,0
rocksdb,prefill,127000,0.000,0,0
rocksdb,prefill,128000,0.000,0,0
rocksdb,prefill,129000,0.000,0,0
rocksdb,prefill,130000,0.000,39063143,0
rocksdb,prefill,131000,0.000,0,0
rocksdb,prefill,132000,0.000,0,0
rocksdb,prefill,133000,0.000,0,0
rocksdb,prefill,134000,0.000,0,0
rocksdb,prefill,135000,0.000,70081374,0
rocksdb,prefill,136000,0.000,0,0
rocksdb,prefill,137000,0.000,0,0
rocksdb,prefill,138000,0.000,0,0
rocksdb,prefill,139000,0.000,0,0
rocksdb,prefill,140000,0.000,64205643,0
rocksdb,prefill,141000,0.000,0,0
rocksdb,prefill,142000,0.000,0,0
rocksdb,prefill,143000,0.000,0,0
rocksdb,prefill,144000,0.000,0,0
rocksdb,prefill,145000,0.000,50051922,0
rocksdb,prefill,146000,0.000,0,0
rocksdb,prefill,147000,0.000,0,0
rocksdb,prefill,148000,0.000,0,0
rocksdb,prefill,149000,0.000,0,0
rocksdb,prefill,150000,0.000,83631584,0
rocksdb,prefill,151000,0.000,0,0
rocksdb,prefill,152000,0.000,0,0
rocksdb,prefill,153000,0.000,0,0
rocksdb,prefill,154000,0.000,0,0
rocksdb,prefill,155000,0.000,67017947,0
rocksdb,prefill,156000,0.000,0,0
rocksdb,prefill,157000,0.000,0,0
rocksdb,prefill,158000,0.000,0,0
rocksdb,prefill,159000,0.000,0,0
rocksdb,prefill,160000,0.000,55969689,0
rocksdb,prefill,161000,0.000,0,0
rocksdb,prefill,162000,0.000,0,0
rocksdb,prefill,163000,0.000,0,0
rocksdb,prefill,164000,0.000,0,0
rocksdb,prefill,165000,0.000,84824925,0
rocksdb,prefill,166000,0.000,0,0
rocksdb,prefill,167000,0.000,0,0
rocksdb,prefill,168000,0.000,0,0
rocksdb,prefill,169000,0.000,0,0
rocksdb,prefill,170000,0.000,75377458,0
rocksdb,prefill,171000,0.000,0,0
rocksdb,prefill,172000,0.000,0,0
rocksdb,prefill,173000,0.000,0,0
rocksdb,prefill,174000,0.000,0,0
rocksdb,prefill,175000,0.000,56980408,0
rocksdb,prefill,176000,0.000,0,0
rocksdb,prefill,177000,0.000,0,0
rocksdb,prefill,178000,0.000,0,0
rocksdb,prefill,179000,0.000,0,0
rocksdb,prefill,180000,0.000,88993833,0
rocksdb,prefill,181000,0.000,0,0
rocksdb,prefill,182000,0.000,0,0
rocksdb,prefill,183000,0.000,0,0
rocksdb,prefill,184000,0.000,0,0
rocksdb,prefill,185000,0.000,73416617,0
rocksdb,prefill,186000,0.000,0,0
rocksdb,prefill,187000,0.000,0,0
rocksdb,prefill,188000,0.000,0,0
rocksdb,prefill,189000,0.000,0,0
rocksdb,prefill,190000,0.000,106414007,0
rocksdb,prefill,191000,0.000,0,0
rocksdb,prefill,192000,0.000,0,0
rocksdb,prefill,193000,0.000,0,0
rocksdb,prefill,194000,0.000,0,0
rocksdb,prefill,195000,0.000,86624166,0
rocksdb,prefill,196000,0.000,0,0
rocksdb,prefill,197000,0.000,0,0
rocksdb,prefill,198000,0.000,0,0
rocksdb,prefill,199000,0.000,0,0
rocksdb,prefill,200000,0.000,62968349,0
rocksdb,prefill,201000,0.000,0,0
rocksdb,prefill,202000,0.000,0,0
rocksdb,prefill,203000,0.000,0,0
rocksdb,prefill,204000,0.000,0,0
rocksdb,prefill,205000,0.000,89796058,0
rocksdb,prefill,206000,0.000,0,0
rocksdb,prefill,207000,0.000,0,0
rocksdb,prefill,208000,0.000,0,0
rocksdb,prefill,209000,0.000,0,0
rocksdb,prefill,210000,0.000,70716590,0
rocksdb,prefill,211000,0.000,0,0
rocksdb,prefill,212000,0.000,0,0
rocksdb,prefill,213000,0.000,0,0
rocksdb,prefill,214000,0.000,0,0
rocksdb,prefill,215000,0.000,104403669,0
rocksdb,prefill,216000,0.000,0,0
rocksdb,prefill,217000,0.000,0,0
rocksdb,prefill,218000,0.000,0,0
rocksdb,prefill,219000,0.000,0,0
rocksdb,prefill,220000,0.000,83113309,0
rocksdb,prefill,221000,0.000,0,0
rocksdb,prefill,222000,0.000,0,0
rocksdb,prefill,223000,0.000,0,0
rocksdb,prefill,224000,0.000,0,0
rocksdb,prefill,225000,0.000,113020565,0
rocksdb,prefill,226000,0.000,0,0
rocksdb,prefill,227000,0.000,0,0
rocksdb,prefill,228000,0.000,0,0
rocksdb,prefill,229000,0.000,0,0
rocksdb,prefill,230000,0.000,89438316,0
rocksdb,prefill,231000,0.000,0,0
rocksdb,prefill,232000,0.000,0,0
rocksdb,prefill,233000,0.000,0,0
rocksdb,prefill,234000,0.000,0,0
rocksdb,prefill,235000,0.000,123648086,0
rocksdb,prefill,236000,0.000,0,0
rocksdb,prefill,237000,0.000,0,0
rocksdb,prefill,238000,0.000,0,0
rocksdb,prefill,239000,0.000,0,0
rocksdb,prefill,240000,0.000,98567148,0
rocksdb,prefill,241000,0.000,0,0
rocksdb,prefill,242000,0.000,0,0
rocksdb,prefill,243000,0.000,0,0
rocksdb,prefill,244000,0.000,0,0
rocksdb,prefill,245000,0.000,71888130,0
rocksdb,prefill,246000,0.000,0,0
rocksdb,prefill,247000,0.000,0,0
rocksdb,prefill,248000,0.000,0,0
rocksdb,prefill,249000,0.000,0,0
rocksdb,prefill,250000,0.000,101546734,0
rocksdb,prefill,251000,0.000,0,0
rocksdb,prefill,252000,0.000,0,0
rocksdb,prefill,253000,0.000,0,0
rocksdb,prefill,254000,0.000,0,0
rocksdb,prefill,255000,0.000,78066361,0
rocksdb,prefill,256000,0.000,0,0
rocksdb,prefill,257000,0.000,0,0
rocksdb,prefill,258000,0.000,0,0
rocksdb,prefill,259000,0.000,0,0
rocksdb,prefill,260000,0.000,113719229,0
rocksdb,prefill,261000,0.000,0,0
rocksdb,prefill,262000,0.000,0,0
rocksdb,prefill,263000,0.000,0,0
rocksdb,prefill,264000,0.000,0,0
rocksdb,prefill,265000,0.000,83493953,0
rocksdb,prefill,266000,0.000,0,0
rocksdb,prefill,267000,0.000,0,0
rocksdb,prefill,268000,0.000,0,0
rocksdb,prefill,269000,0.000,0,0
rocksdb,prefill,270000,0.000,113212732,0
rocksdb,prefill,271000,0.000,0,0
rocksdb,prefill,272000,0.000,0,0
rocksdb,prefill,273000,0.000,0,0
rocksdb,prefill,274000,0.000,0,0
rocksdb,prefill,275000,0.000,92322621,0
rocksdb,prefill,276000,0.000,0,0
rocksdb,prefill,277000,0.000,0,0
rocksdb,prefill,278000,0.000,0,0
rocksdb,prefill,279000,0.000,0,0
rocksdb,prefill,280000,0.000,120723871,0
rocksdb,prefill,281000,0.000,0,0
rocksdb,prefill,282000,0.000,0,0
rocksdb,prefill,283000,0.000,0,0
rocksdb,prefill,284000,0.000,0,0
rocksdb,prefill,285000,0.000,100147944,0
rocksdb,prefill,286000,0.000,0,0
rocksdb,prefill,287000,0.000,0,0
rocksdb,prefill,288000,0.000,0,0
rocksdb,prefill,289000,0.000,0,0
rocksdb,prefill,290000,0.000,133009044,0
rocksdb,prefill,291000,0.000,0,0
rocksdb,prefill,292000,0.000,0,0
rocksdb,prefill,293000,0.000,0,0
rocksdb,prefill,294000,0.000,0,0
rocksdb,prefill,295000,0.000,108250278,0
rocksdb,prefill,296000,0.000,0,0
rocksdb,prefill,297000,0.000,0,0
rocksdb,prefill,298000,0.000,0,0
rocksdb,prefill,299000,0.000,0,0
rocksdb,prefill,300000,0.000,86873566,0
rocksdb,prefill,301000,0.000,0,0
rocksdb,prefill,302000,0.000,0,0
rocksdb,prefill,303000,0.000,0,0
rocksdb,prefill,304000,0.000,0,0
rocksdb,prefill,305000,0.000,118721304,0
rocksdb,prefill,306000,0.000,0,0
rocksdb,prefill,307000,0.000,0,0
rocksdb,prefill,308000,0.000,0,0
rocksdb,prefill,309000,0.000,0,0
rocksdb,prefill,310000,0.000,91870302,0
rocksdb,prefill,311000,0.000,0,0
rocksdb,prefill,312000,0.000,0,0
rocksdb,prefill,313000,0.000,0,0
rocksdb,prefill,314000,0.000,0,0
rocksdb,prefill,315000,0.000,121716994,0
rocksdb,prefill,316000,0.000,0,0
rocksdb,prefill,317000,0.000,0,0
rocksdb,prefill,318000,0.000,0,0
rocksdb,prefill,319000,0.000,0,0
rocksdb,prefill,320000,0.000,106389440,0
rocksdb,prefill,321000,0.000,0,0
rocksdb,prefill,322000,0.000,0,0
rocksdb,prefill,323000,0.000,0,0
rocksdb,prefill,324000,0.000,0,0
rocksdb,prefill,325000,0.000,136344137,0
rocksdb,prefill,326000,0.000,0,0
rocksdb,prefill,327000,0.000,0,0
rocksdb,prefill,328000,0.000,0,0
rocksdb,prefill,329000,0.000,0,0
rocksdb,prefill,330000,0.000,109418088,0
rocksdb,prefill,331000,0.000,0,0
rocksdb,prefill,332000,0.000,0,0
rocksdb,prefill,333000,0.000,0,0
rocksdb,prefill,334000,0.000,0,0
rocksdb,prefill,335000,0.000,146794609,0
rocksdb,prefill,336000,0.000,0,0
rocksdb,prefill,337000,0.000,0,0
rocksdb,prefill,338000,0.000,0,0
rocksdb,prefill,339000,0.000,0,0
rocksdb,prefill,340000,0.000,115767202,0
rocksdb,prefill,341000,0.000,0,0
rocksdb,prefill,342000,0.000,0,0
rocksdb,prefill,343000,0.000,0,0
rocksdb,prefill,344000,0.000,0,0
rocksdb,prefill,345000,0.000,99972149,0
rocksdb,prefill,346000,0.000,0,0
rocksdb,prefill,347000,0.000,0,0
rocksdb,prefill,348000,0.000,0,0
rocksdb,prefill,349000,0.000,0,0
rocksdb,prefill,350000,0.000,128544806,0
rocksdb,prefill,351000,0.000,0,0
rocksdb,prefill,352000,0.000,0,0
rocksdb,prefill,353000,0.000,0,0
rocksdb,prefill,354000,0.000,0,0
rocksdb,prefill,355000,0.000,103976872,0
rocksdb,prefill,356000,0.000,0,0
rocksdb,prefill,357000,0.000,0,0
rocksdb,prefill,358000,0.000,0,0
rocksdb,prefill,359000,0.000,0,0
rocksdb,prefill,360000,0.000,129809103,0
rocksdb,prefill,361000,0.000,0,0
rocksdb,prefill,362000,0.000,0,0
rocksdb,prefill,363000,0.000,0,0
rocksdb,prefill,364000,0.000,0,0
rocksdb,prefill,365000,0.000,116306630,0
rocksdb,prefill,366000,0.000,0,0
rocksdb,prefill,367000,0.000,0,0
rocksdb,prefill,368000,0.000,0,0
rocksdb,prefill,369000,0.000,0,0
rocksdb,prefill,370000,0.000,146012863,0
rocksdb,prefill,371000,0.000,0,0
rocksdb,prefill,372000,0.000,0,0
rocksdb,prefill,373000,0.000,0,0
rocksdb,prefill,374000,0.000,0,0
rocksdb,prefill,375000,0.000,118232712,0
rocksdb,prefill,376000,0.000,0,0
rocksdb,prefill,377000,0.000,0,0
rocksdb,prefill,378000,0.000,0,0
rocksdb,prefill,379000,0.000,0,0
rocksdb,prefill,380000,0.000,155345100,0
rocksdb,prefill,381000,0.000,0,0
rocksdb,prefill,382000,0.000,0,0
rocksdb,prefill,383000,0.000,0,0
rocksdb,prefill,384000,0.000,0,0
rocksdb,prefill,385000,0.000,134527163,0
rocksdb,prefill,386000,0.000,0,0
rocksdb,prefill,387000,0.000,0,0
rocksdb,prefill,388000,0.000,0,0
rocksdb,prefill,389000,0.000,0,0
rocksdb,prefill,390000,0.000,197969046,0
rocksdb,prefill,391000,0.000,0,0
rocksdb,prefill,392000,0.000,0,0
rocksdb,prefill,393000,0.000,0,0
rocksdb,prefill,394000,0.000,0,0
rocksdb,prefill,395000,0.000,139739686,0
rocksdb,prefill,396000,0.000,0,0
rocksdb,prefill,397000,0.000,0,0
rocksdb,prefill,398000,0.000,0,0
rocksdb,prefill,399000,0.000,0,0
rocksdb,prefill,400000,0.000,119214085,0
rocksdb,prefill,400008,0.000,119256860,0
rocksdb,churn,0,13.744,124377819,0
rocksdb,churn,1,15.482,0,0
rocksdb,churn,2,11.086,0,0
rocksdb,churn,3,13.798,0,0
rocksdb,churn,4,18.274,0,0
rocksdb,churn,5,15.675,0,0
rocksdb,churn,6,15.842,0,0
rocksdb,churn,7,16.113,0,0
rocksdb,churn,8,12.808,0,0
rocksdb,churn,9,12.826,0,0
rocksdb,churn,10,11.069,149931306,0
rocksdb,churn,11,11.516,0,0
rocksdb,churn,12,13.258,0,0
rocksdb,churn,13,10.305,0,0
rocksdb,churn,14,12.763,0,0
rocksdb,churn,15,9.813,0,0
rocksdb,churn,16,13.773,0,0
rocksdb,churn,17,14.280,0,0
rocksdb,churn,18,13.889,0,0
rocksdb,churn,19,13.419,0,0
rocksdb,churn,20,11.647,214901684,0
rocksdb,churn,21,11.999,0,0
rocksdb,churn,22,14.324,0,0
rocksdb,churn,23,22.783,0,0
rocksdb,churn,24,14.055,0,0
rocksdb,churn,25,16.482,0,0
rocksdb,churn,26,15.566,0,0
rocksdb,churn,27,11.236,0,0
rocksdb,churn,28,13.460,0,0
rocksdb,churn,29,12.685,0,0
rocksdb,churn,30,18.703,137833332,0
rocksdb,churn,31,12.746,0,0
rocksdb,churn,32,11.422,0,0
rocksdb,churn,33,15.575,0,0
rocksdb,churn,34,13.520,0,0
rocksdb,churn,35,16.323,0,0
rocksdb,churn,36,15.657,0,0
rocksdb,churn,37,13.163,0,0
rocksdb,churn,38,18.005,0,0
rocksdb,churn,39,22.861,0,0
rocksdb,churn,40,18.022,206283152,0
rocksdb,churn,41,17.692,0,0
rocksdb,churn,42,18.240,0,0
rocksdb,churn,43,22.373,0,0
rocksdb,churn,44,18.645,0,0
rocksdb,churn,45,17.910,0,0
rocksdb,churn,46,24.830,0,0
rocksdb,churn,47,21.493,0,0
rocksdb,churn,48,17.459,0,0
rocksdb,churn,49,23.063,0,0
rocksdb,churn,50,22.912,142540858,0
rocksdb,churn,51,20.456,0,0
rocksdb,churn,52,18.599,0,0
rocksdb,churn,53,21.428,0,0
rocksdb,churn,54,16.662,0,0
rocksdb,churn,55,15.873,0,0
rocksdb,churn,56,16.595,0,0
rocksdb,churn,57,19.335,0,0
rocksdb,churn,58,16.212,0,0
rocksdb,churn,59,15.578,0,0
rocksdb,churn,60,18.178,169222856,0
rocksdb,churn,61,21.346,0,0
rocksdb,churn,62,17.851,0,0
rocksdb,churn,63,25.332,0,0
rocksdb,churn,64,17.700,0,0
rocksdb,churn,65,19.546,0,0
rocksdb,churn,66,19.390,0,0
rocksdb,churn,67,14.802,0,0
rocksdb,churn,68,19.745,0,0
rocksdb,churn,69,15.333,0,0
rocksdb,churn,70,16.132,127163305,0
rocksdb,churn,71,20.885,0,0
rocksdb,churn,72,19.523,0,0
rocksdb,churn,73,16.218,0,0
rocksdb,churn,74,18.028,0,0
rocksdb,churn,75,24.441,0,0
rocksdb,churn,76,20.970,0,0
rocksdb,churn,77,14.210,0,0
rocksdb,churn,78,21.226,0,0
rocksdb,churn,79,21.478,0,0
rocksdb,churn,80,19.579,158708448,0
rocksdb,churn,81,20.758,0,0
rocksdb,churn,82,20.701,0,0
rocksdb,churn,83,20.584,0,0
rocksdb,churn,84,26.574,0,0
rocksdb,churn,85,20.745,0,0
rocksdb,churn,86,17.981,0,0
rocksdb,churn,87,19.062,0,0
rocksdb,churn,88,18.516,0,0
rocksdb,churn,89,20.920,0,0
rocksdb,churn,90,20.116,127018301,0
rocksdb,churn,91,12.800,0,0
rocksdb,churn,92,15.717,0,0
rocksdb,churn,93,13.808,0,0
rocksdb,churn,94,18.189,0,0
rocksdb,churn,95,15.846,0,0
rocksdb,churn,96,17.861,0,0
rocksdb,churn,97,20.774,0,0
rocksdb,churn,98,26.031,0,0
rocksdb,churn,99,20.723,0,0
rocksdb,churn,100,19.213,152571823,0
rocksdb,churn,101,20.841,0,0
rocksdb,churn,102,20.265,0,0
rocksdb,churn,103,19.203,0,0
rocksdb,churn,104,18.486,0,0
rocksdb,churn,105,20.439,0,0
rocksdb,churn,106,18.825,0,0
rocksdb,churn,107,21.092,0,0
rocksdb,churn,108,22.838,0,0
rocksdb,churn,109,19.567,0,0
rocksdb,churn,110,22.311,214327893,0
rocksdb,churn,111,23.808,0,0
rocksdb,churn,112,22.795,0,0
rocksdb,churn,113,23.565,0,0
rocksdb,churn,114,20.116,0,0
rocksdb,churn,115,21.773,0,0
rocksdb,churn,116,20.883,0,0
rocksdb,churn,117,28.296,0,0
rocksdb,churn,118,22.145,0,0
rocksdb,churn,119,24.661,0,0
rocksdb,churn,120,21.357,146852020,0
rocksdb,churn,121,19.767,0,0
rocksdb,churn,122,28.841,0,0
rocksdb,churn,123,26.703,0,0
rocksdb,churn,124,19.783,0,0
rocksdb,churn,125,25.790,0,0
rocksdb,churn,126,26.767,0,0
rocksdb,churn,127,20.491,0,0
rocksdb,churn,128,25.375,0,0
rocksdb,churn,129,23.157,0,0
rocksdb,churn,130,19.072,209648749,0
rocksdb,churn,131,18.774,0,0
rocksdb,churn,132,20.280,0,0
rocksdb,churn,133,21.840,0,0
rocksdb,churn,134,22.189,0,0
rocksdb,churn,135,18.889,0,0
rocksdb,churn,136,18.064,0,0
rocksdb,churn,137,16.575,0,0
rocksdb,churn,138,21.756,0,0
rocksdb,churn,139,19.205,0,0
rocksdb,churn,140,15.944,142786132,0
rocksdb,churn,141,20.526,0,0
rocksdb,churn,142,18.749,0,0
rocksdb,churn,143,16.598,0,0
rocksdb,churn,144,18.689,0,0
rocksdb,churn,145,16.782,0,0
rocksdb,churn,146,24.823,0,0
rocksdb,churn,147,17.163,0,0
rocksdb,churn,148,18.112,0,0
rocksdb,churn,149,21.603,0,0
rocksdb,churn,150,23.384,171595534,0
rocksdb,churn,151,21.836,0,0
rocksdb,churn,152,14.738,0,0
rocksdb,churn,153,16.294,0,0
rocksdb,churn,154,18.321,0,0
rocksdb,churn,155,21.905,0,0
rocksdb,churn,156,21.599,0,0
rocksdb,churn,157,18.758,0,0
rocksdb,churn,158,19.790,0,0
rocksdb,churn,159,20.606,0,0
rocksdb,churn,160,23.966,133852471,0
rocksdb,churn,161,17.019,0,0
rocksdb,churn,162,28.712,0,0
rocksdb,churn,163,20.838,0,0
rocksdb,churn,164,15.213,0,0
rocksdb,churn,165,18.121,0,0
rocksdb,churn,166,18.469,0,0
rocksdb,churn,167,17.495,0,0
rocksdb,churn,168,24.284,0,0
rocksdb,churn,169,17.701,0,0
rocksdb,churn,170,21.842,162359482,0
rocksdb,churn,171,21.601,0,0
rocksdb,churn,172,17.907,0,0
rocksdb,churn,173,17.634,0,0
rocksdb,churn,174,20.515,0,0
rocksdb,churn,175,16.738,0,0
rocksdb,churn,176,17.042,0,0
rocksdb,churn,177,18.884,0,0
rocksdb,churn,178,17.963,0,0
rocksdb,churn,179,17.708,0,0
rocksdb,churn,180,18.578,129601681,0
rocksdb,churn,181,19.222,0,0
rocksdb,churn,182,20.656,0,0
rocksdb,churn,183,21.725,0,0
rocksdb,churn,184,20.154,0,0
rocksdb,churn,185,20.890,0,0
rocksdb,churn,186,18.941,0,0
rocksdb,churn,187,22.490,0,0
rocksdb,churn,188,18.529,0,0
rocksdb,churn,189,19.787,0,0
rocksdb,churn,190,19.839,156170845,0
rocksdb,churn,191,23.101,0,0
rocksdb,churn,192,22.328,0,0
rocksdb,churn,193,21.271,0,0
rocksdb,churn,194,17.909,0,0
rocksdb,churn,195,17.379,0,0
rocksdb,churn,196,19.036,0,0
rocksdb,churn,197,21.082,0,0
rocksdb,churn,198,24.342,0,0
rocksdb,churn,199,31.264,0,0
rocksdb,churn,200,18.135,116761465,0
rocksdb,churn,201,19.864,0,0
rocksdb,churn,202,13.018,0,0
rocksdb,churn,203,17.906,0,0
rocksdb,churn,204,19.010,0,0
rocksdb,churn,205,20.066,0,0
rocksdb,churn,206,27.532,0,0
rocksdb,churn,207,29.763,0,0
rocksdb,churn,208,25.806,0,0
rocksdb,churn,209,25.205,0,0
rocksdb,churn,210,23.947,147330346,0
rocksdb,churn,211,21.563,0,0
rocksdb,churn,212,23.018,0,0
rocksdb,churn,213,21.332,0,0
rocksdb,churn,214,16.468,0,0
rocksdb,churn,215,22.494,0,0
rocksdb,churn,216,24.962,0,0
rocksdb,churn,217,20.746,0,0
rocksdb,churn,218,21.881,0,0
rocksdb,churn,219,26.103,0,0
rocksdb,churn,220,21.898,193455640,0
rocksdb,churn,221,21.349,0,0
rocksdb,churn,222,20.172,0,0
rocksdb,churn,223,14.048,0,0
rocksdb,churn,224,17.248,0,0
rocksdb,churn,225,15.471,0,0
rocksdb,churn,226,17.455,0,0
rocksdb,churn,227,19.053,0,0
rocksdb,churn,228,15.770,0,0
rocksdb,churn,229,16.425,0,0
rocksdb,churn,230,21.326,137127319,0
rocksdb,churn,231,26.982,0,0
rocksdb,churn,232,19.108,0,0
rocksdb,churn,233,18.505,0,0
rocksdb,churn,234,17.305,0,0
rocksdb,churn,235,19.423,0,0
rocksdb,churn,236,17.361,0,0
rocksdb,churn,237,22.734,0,0
rocksdb,churn,238,31.383,0,0
rocksdb,churn,239,19.467,0,0
rocksdb,churn,240,16.228,167635069,0
rocksdb,churn,241,31.641,0,0
rocksdb,churn,242,20.804,0,0
rocksdb,churn,243,21.782,0,0
rocksdb,churn,244,24.819,0,0
rocksdb,churn,245,22.960,0,0
rocksdb,churn,246,15.825,0,0
rocksdb,churn,247,19.982,0,0
rocksdb,churn,248,20.001,0,0
rocksdb,churn,249,20.176,0,0
rocksdb,churn,250,18.602,127150602,0
rocksdb,churn,251,20.337,0,0
rocksdb,churn,252,25.331,0,0
rocksdb,churn,253,18.730,0,0
rocksdb,churn,254,26.126,0,0
rocksdb,churn,255,21.207,0,0
rocksdb,churn,256,21.454,0,0
rocksdb,churn,257,21.800,0,0
rocksdb,churn,258,20.274,0,0
rocksdb,churn,259,33.286,0,0
rocksdb,churn,260,16.270,153619018,0
rocksdb,churn,261,22.265,0,0
rocksdb,churn,262,19.664,0,0
rocksdb,churn,263,20.757,0,0
rocksdb,churn,264,26.989,0,0
rocksdb,churn,265,19.360,0,0
rocksdb,churn,266,17.400,0,0
rocksdb,churn,267,19.569,0,0
rocksdb,churn,268,23.440,0,0
rocksdb,churn,269,17.902,0,0
rocksdb,churn,270,21.161,124001967,0
rocksdb,churn,271,22.600,0,0
rocksdb,churn,272,19.780,0,0
rocksdb,churn,273,21.404,0,0
rocksdb,churn,274,20.105,0,0
rocksdb,churn,275,25.064,0,0
rocksdb,churn,276,30.829,0,0
rocksdb,churn,277,19.160,0,0
rocksdb,churn,278,25.614,0,0
rocksdb,churn,279,17.529,0,0
rocksdb,churn,280,20.563,150554951,0
rocksdb,churn,281,16.265,0,0
rocksdb,churn,282,15.588,0,0
rocksdb,churn,283,23.150,0,0
rocksdb,churn,284,20.095,0,0
rocksdb,churn,285,17.442,0,0
rocksdb,churn,286,21.511,0,0
rocksdb,churn,287,16.090,0,0
rocksdb,churn,288,19.380,0,0
rocksdb,churn,289,25.179,0,0
rocksdb,churn,290,23.505,221890498,0
rocksdb,churn,291,22.999,0,0
rocksdb,churn,292,20.002,0,0
rocksdb,churn,293,22.422,0,0
rocksdb,churn,294,21.089,0,0
rocksdb,churn,295,20.211,0,0
rocksdb,churn,296,23.642,0,0
rocksdb,churn,297,21.198,0,0
rocksdb,churn,298,17.430,0,0
rocksdb,churn,299,30.432,0,0
rocksdb,churn,300,19.755,142612554,0
rocksdb,churn,301,14.487,0,0
rocksdb,churn,302,17.757,0,0
rocksdb,churn,303,18.825,0,0
rocksdb,churn,304,17.529,0,0
rocksdb,churn,305,22.760,0,0
rocksdb,churn,306,20.174,0,0
rocksdb,churn,307,17.228,0,0
rocksdb,churn,308,18.463,0,0
rocksdb,churn,309,22.356,0,0
rocksdb,churn,310,25.305,169273515,0
rocksdb,churn,311,38.741,0,0
rocksdb,churn,312,20.513,0,0
rocksdb,churn,313,18.987,0,0
rocksdb,churn,314,21.372,0,0
rocksdb,churn,315,23.179,0,0
rocksdb,churn,316,20.250,0,0
rocksdb,churn,317,16.722,0,0
rocksdb,churn,318,21.629,0,0
rocksdb,churn,319,21.390,0,0
rocksdb,churn,320,17.469,137677874,0
rocksdb,churn,321,17.151,0,0
rocksdb,churn,322,24.523,0,0
rocksdb,churn,323,16.800,0,0
rocksdb,churn,324,15.261,0,0
rocksdb,churn,325,21.856,0,0
rocksdb,churn,326,17.969,0,0
rocksdb,churn,327,19.520,0,0
rocksdb,churn,328,20.104,0,0
rocksdb,churn,329,23.186,0,0
rocksdb,churn,330,43.944,164250829,0
rocksdb,churn,331,32.758,0,0
rocksdb,churn,332,25.827,0,0
rocksdb,churn,333,24.416,0,0
rocksdb,churn,334,22.594,0,0
rocksdb,churn,335,20.910,0,0
rocksdb,churn,336,28.093,0,0
rocksdb,churn,337,34.793,0,0
rocksdb,churn,338,22.587,0,0
rocksdb,churn,339,23.864,0,0
rocksdb,churn,340,19.835,123845323,0
rocksdb,churn,341,18.078,0,0
rocksdb,churn,342,28.370,0,0
rocksdb,churn,343,20.846,0,0
rocksdb,churn,344,19.968,0,0
rocksdb,churn,345,25.790,0,0
rocksdb,churn,346,16.727,0,0
rocksdb,churn,347,17.335,0,0
rocksdb,churn,348,16.711,0,0
rocksdb,churn,349,24.795,0,0
rocksdb,churn,350,18.622,149963800,0
rocksdb,churn,351,19.806,0,0
rocksdb,churn,352,24.550,0,0
rocksdb,churn,353,17.610,0,0
rocksdb,churn,354,19.477,0,0
rocksdb,churn,355,20.314,0,0
rocksdb,churn,356,21.824,0,0
rocksdb,churn,357,18.520,0,0
rocksdb,churn,358,23.432,0,0
rocksdb,churn,359,30.118,0,0
rocksdb,churn,360,26.730,124847504,0
rocksdb,churn,361,14.854,0,0
rocksdb,churn,362,27.726,0,0
rocksdb,churn,363,21.210,0,0
rocksdb,churn,364,43.185,0,0
rocksdb,churn,365,16.195,0,0
rocksdb,churn,366,13.199,0,0
rocksdb,churn,367,18.168,0,0
rocksdb,churn,368,14.014,0,0
rocksdb,churn,369,16.162,0,0
rocksdb,churn,370,15.785,151963097,0
rocksdb,churn,371,22.332,0,0
rocksdb,churn,372,16.535,0,0
rocksdb,churn,373,20.644,0,0
rocksdb,churn,374,17.870,0,0
rocksdb,churn,375,21.427,0,0
rocksdb,churn,376,13.996,0,0
rocksdb,churn,377,21.340,0,0
rocksdb,churn,378,23.131,0,0
rocksdb,churn,379,16.205,0,0
rocksdb,churn,380,20.588,176515710,0
rocksdb,churn,381,24.096,0,0
rocksdb,churn,382,22.808,0,0
rocksdb,churn,383,19.598,0,0
rocksdb,churn,384,19.425,0,0
rocksdb,churn,385,24.927,0,0
rocksdb,churn,386,23.282,0,0
rocksdb,churn,387,22.389,0,0
rocksdb,churn,388,25.942,0,0
rocksdb,churn,389,25.126,0,0
rocksdb,churn,390,20.392,137190968,0
rocksdb,churn,391,18.917,0,0
rocksdb,churn,392,16.593,0,0
rocksdb,churn,393,31.860,0,0
rocksdb,churn,394,19.982,0,0
rocksdb,churn,395,18.940,0,0
rocksdb,churn,396,17.887,0,0
rocksdb,churn,397,23.466,0,0
rocksdb,churn,398,28.038,0,0
rocksdb,churn,399,17.458,0,0
rocksdb,churn,400,22.020,164625696,0
rocksdb,churn,401,20.417,0,0
rocksdb,churn,402,23.990,0,0
rocksdb,churn,403,23.169,0,0
rocksdb,churn,404,19.924,0,0
rocksdb,churn,405,20.328,0,0
rocksdb,churn,406,18.575,0,0
rocksdb,churn,407,19.272,0,0
rocksdb,churn,408,18.847,0,0
rocksdb,churn,409,28.355,0,0
rocksdb,churn,410,18.168,135403844,0
rocksdb,churn,411,21.183,0,0
rocksdb,churn,412,18.223,0,0
rocksdb,churn,413,21.250,0,0
rocksdb,churn,414,19.065,0,0
rocksdb,churn,415,30.060,0,0
rocksdb,churn,416,19.105,0,0
rocksdb,churn,417,17.533,0,0
rocksdb,churn,418,21.652,0,0
rocksdb,churn,419,23.926,0,0
rocksdb,churn,420,25.024,162146013,0
rocksdb,churn,421,15.903,0,0
rocksdb,churn,422,31.999,0,0
rocksdb,churn,423,19.074,0,0
rocksdb,churn,424,24.739,0,0
rocksdb,churn,425,24.367,0,0
rocksdb,churn,426,26.952,0,0
rocksdb,churn,427,21.949,0,0
rocksdb,churn,428,27.031,0,0
rocksdb,churn,429,19.572,0,0
rocksdb,churn,430,20.326,128563702,0
rocksdb,churn,431,28.134,0,0
rocksdb,churn,432,19.766,0,0
rocksdb,churn,433,18.069,0,0
rocksdb,churn,434,23.213,0,0
rocksdb,churn,435,23.686,0,0
rocksdb,churn,436,18.857,0,0
rocksdb,churn,437,28.326,0,0
rocksdb,churn,438,21.487,0,0
rocksdb,churn,439,20.287,0,0
rocksdb,churn,440,17.221,157274729,0
rocksdb,churn,441,25.564,0,0
rocksdb,churn,442,26.945,0,0
rocksdb,churn,443,20.351,0,0
rocksdb,churn,444,18.013,0,0
rocksdb,churn,445,22.566,0,0
rocksdb,churn,446,19.565,0,0
rocksdb,churn,447,22.640,0,0
rocksdb,churn,448,23.616,0,0
rocksdb,churn,449,19.240,0,0
rocksdb,churn,450,26.985,120823435,0
rocksdb,churn,451,21.680,0,0
rocksdb,churn,452,17.083,0,0
rocksdb,churn,453,22.226,0,0
rocksdb,churn,454,24.982,0,0
rocksdb,churn,455,18.203,0,0
rocksdb,churn,456,23.075,0,0
rocksdb,churn,457,21.121,0,0
rocksdb,churn,458,16.527,0,0
rocksdb,churn,459,18.527,0,0
rocksdb,churn,460,25.541,148155526,0
rocksdb,churn,461,19.327,0,0
rocksdb,churn,462,21.497,0,0
rocksdb,churn,463,20.936,0,0
rocksdb,churn,464,17.917,0,0
rocksdb,churn,465,18.546,0,0
rocksdb,churn,466,22.337,0,0
rocksdb,churn,467,19.811,0,0
rocksdb,churn,468,22.145,0,0
rocksdb,churn,469,16.581,0,0
rocksdb,churn,470,26.030,200745408,0
rocksdb,churn,471,25.279,0,0
rocksdb,churn,472,21.449,0,0
rocksdb,churn,473,19.767,0,0
rocksdb,churn,474,11.954,0,0
rocksdb,churn,475,19.169,0,0
rocksdb,churn,476,19.752,0,0
rocksdb,churn,477,18.310,0,0
rocksdb,churn,478,20.290,0,0
rocksdb,churn,479,24.684,0,0
rocksdb,churn,480,15.198,139613488,0
rocksdb,churn,481,17.339,0,0
rocksdb,churn,482,20.445,0,0
rocksdb,churn,483,19.550,0,0
rocksdb,churn,484,20.889,0,0
rocksdb,churn,485,19.864,0,0
rocksdb,churn,486,21.957,0,0
rocksdb,churn,487,23.764,0,0
rocksdb,churn,488,20.407,0,0
rocksdb,churn,489,19.257,0,0
rocksdb,churn,490,23.858,169238381,0
rocksdb,churn,491,22.829,0,0
rocksdb,churn,492,17.941,0,0
rocksdb,churn,493,21.442,0,0
rocksdb,churn,494,24.974,0,0
rocksdb,churn,495,41.969,0,0
rocksdb,churn,496,16.925,0,0
rocksdb,churn,497,22.344,0,0
rocksdb,churn,498,16.769,0,0
rocksdb,churn,499,20.060,0,0
rocksdb,churn,500,29.297,137773462,0
rocksdb,churn,501,18.114,0,0
rocksdb,churn,502,21.188,0,0
rocksdb,churn,503,22.977,0,0
rocksdb,churn,504,19.024,0,0
rocksdb,churn,505,21.926,0,0
rocksdb,churn,506,16.600,0,0
rocksdb,churn,507,21.431,0,0
rocksdb,churn,508,17.658,0,0
rocksdb,churn,509,18.035,0,0
rocksdb,churn,510,23.066,162282963,0
rocksdb,churn,511,26.691,0,0
rocksdb,churn,512,20.500,0,0
rocksdb,churn,513,18.214,0,0
rocksdb,churn,514,20.457,0,0
rocksdb,churn,515,22.123,0,0
rocksdb,churn,516,19.311,0,0
rocksdb,churn,517,20.042,0,0
rocksdb,churn,518,16.930,0,0
rocksdb,churn,519,22.101,0,0
rocksdb,churn,520,18.272,128804529,0
rocksdb,churn,521,19.615,0,0
rocksdb,churn,522,24.658,0,0
rocksdb,churn,523,23.324,0,0
rocksdb,churn,524,14.585,0,0
rocksdb,churn,525,17.298,0,0
rocksdb,churn,526,21.273,0,0
rocksdb,churn,527,19.832,0,0
rocksdb,churn,528,22.119,0,0
rocksdb,churn,529,19.578,0,0
rocksdb,churn,530,23.820,154562413,0
rocksdb,churn,531,16.011,0,0
rocksdb,churn,532,15.504,0,0
rocksdb,churn,533,18.855,0,0
rocksdb,churn,534,20.255,0,0
rocksdb,churn,535,16.963,0,0
rocksdb,churn,536,20.345,0,0
rocksdb,churn,537,20.296,0,0
rocksdb,churn,538,18.456,0,0
rocksdb,churn,539,19.667,0,0
rocksdb,churn,540,19.353,120895441,0
rocksdb,churn,541,23.940,0,0
rocksdb,churn,542,21.950,0,0
rocksdb,churn,543,20.256,0,0
rocksdb,churn,544,15.026,0,0
rocksdb,churn,545,21.693,0,0
rocksdb,churn,546,19.919,0,0
rocksdb,churn,547,28.514,0,0
rocksdb,churn,548,18.336,0,0
rocksdb,churn,549,21.058,0,0
rocksdb,churn,550,18.395,150349290,0
rocksdb,churn,551,14.882,0,0
rocksdb,churn,552,20.281,0,0
rocksdb,churn,553,14.283,0,0
rocksdb,churn,554,21.596,0,0
rocksdb,churn,555,23.314,0,0
rocksdb,churn,556,21.087,0,0
rocksdb,churn,557,18.017,0,0
rocksdb,churn,558,19.580,0,0
rocksdb,churn,559,15.172,0,0
rocksdb,churn,560,24.743,189466745,0
rocksdb,churn,561,21.255,0,0
rocksdb,churn,562,37.574,0,0
rocksdb,churn,563,15.952,0,0
rocksdb,churn,564,11.725,0,0
rocksdb,churn,565,13.377,0,0
rocksdb,churn,566,17.338,0,0
rocksdb,churn,567,20.082,0,0
rocksdb,churn,568,15.854,0,0
rocksdb,churn,569,28.166,0,0
rocksdb,churn,570,15.731,140394469,0
rocksdb,churn,571,16.843,0,0
rocksdb,churn,572,22.974,0,0
rocksdb,churn,573,17.079,0,0
rocksdb,churn,574,17.506,0,0
rocksdb,churn,575,20.047,0,0
rocksdb,churn,576,20.180,0,0
rocksdb,churn,577,21.304,0,0
rocksdb,churn,578,20.970,0,0
rocksdb,churn,579,20.353,0,0
rocksdb,churn,580,19.422,167064378,0
rocksdb,churn,581,19.804,0,0
rocksdb,churn,582,21.316,0,0
rocksdb,churn,583,24.445,0,0
rocksdb,churn,584,24.680,0,0
rocksdb,churn,585,17.394,0,0
rocksdb,churn,586,18.839,0,0
rocksdb,churn,587,24.610,0,0
rocksdb,churn,588,21.260,0,0
rocksdb,churn,589,23.017,0,0
rocksdb,churn,590,21.325,134679368,0
rocksdb,churn,591,21.512,0,0
rocksdb,churn,592,13.392,0,0
rocksdb,churn,593,18.086,0,0
rocksdb,churn,594,18.790,0,0
rocksdb,churn,595,16.043,0,0
rocksdb,churn,596,22.348,0,0
rocksdb,churn,597,17.155,0,0
rocksdb,churn,598,18.664,0,0
rocksdb,churn,599,22.342,0,0
rocksdb,churn,600,17.592,164117097,0
rocksdb,churn,601,20.420,0,0
rocksdb,churn,602,18.557,0,0
rocksdb,churn,603,17.944,0,0
rocksdb,churn,604,19.410,0,0
rocksdb,churn,605,28.512,0,0
rocksdb,churn,606,26.274,0,0
rocksdb,churn,607,23.898,0,0
rocksdb,churn,608,20.663,0,0
rocksdb,churn,609,21.343,0,0
rocksdb,churn,610,17.386,125562942,0
rocksdb,churn,611,23.025,0,0
rocksdb,churn,612,24.766,0,0
rocksdb,churn,613,24.749,0,0
rocksdb,churn,614,19.063,0,0
rocksdb,churn,615,19.592,0,0
rocksdb,churn,616,17.878,0,0
rocksdb,churn,617,15.467,0,0
rocksdb,churn,618,22.455,0,0
rocksdb,churn,619,23.139,0,0
rocksdb,churn,620,19.762,152144503,0
rocksdb,churn,621,21.688,0,0
rocksdb,churn,622,19.926,0,0
rocksdb,churn,623,21.896,0,0
rocksdb,churn,624,18.289,0,0
rocksdb,churn,625,19.952,0,0
rocksdb,churn,626,23.831,0,0
rocksdb,churn,627,26.259,0,0
rocksdb,churn,628,19.434,0,0
rocksdb,churn,629,21.738,0,0
rocksdb,churn,630,28.237,120390860,0
rocksdb,churn,631,20.635,0,0
rocksdb,churn,632,25.284,0,0
rocksdb,churn,633,29.960,0,0
rocksdb,churn,634,25.016,0,0
rocksdb,churn,635,18.890,0,0
rocksdb,churn,636,30.636,0,0
rocksdb,churn,637,13.339,0,0
rocksdb,churn,638,24.608,0,0
rocksdb,churn,639,23.379,0,0
rocksdb,churn,640,28.021,146964151,0
rocksdb,churn,641,18.435,0,0
rocksdb,churn,642,24.745,0,0
rocksdb,churn,643,21.752,0,0
rocksdb,churn,644,15.511,0,0
rocksdb,churn,645,15.391,0,0
rocksdb,churn,646,12.851,0,0
rocksdb,churn,647,15.000,0,0
rocksdb,churn,648,18.456,0,0
rocksdb,churn,649,17.630,0,0
rocksdb,churn,650,18.096,171690824,0
rocksdb,churn,651,27.008,0,0
rocksdb,churn,652,22.407,0,0
rocksdb,churn,653,20.531,0,0
rocksdb,churn,654,20.834,0,0
rocksdb,churn,655,22.003,0,0
rocksdb,churn,656,19.269,0,0
rocksdb,churn,657,18.007,0,0
rocksdb,churn,658,19.575,0,0
rocksdb,churn,659,20.942,0,0
rocksdb,churn,660,26.540,137726789,0
rocksdb,churn,661,25.807,0,0
rocksdb,churn,662,19.123,0,0
rocksdb,churn,663,43.203,0,0
rocksdb,churn,664,32.657,0,0
rocksdb,churn,665,20.930,0,0
rocksdb,churn,666,24.812,0,0
rocksdb,churn,667,23.298,0,0
rocksdb,churn,668,18.942,0,0
rocksdb,churn,669,22.612,0,0
rocksdb,churn,670,19.297,165363509,0
rocksdb,churn,671,17.506,0,0
rocksdb,churn,672,19.883,0,0
rocksdb,churn,673,20.714,0,0
rocksdb,churn,674,31.712,0,0
rocksdb,churn,675,34.093,0,0
rocksdb,churn,676,16.512,0,0
rocksdb,churn,677,16.502,0,0
rocksdb,churn,678,16.762,0,0
rocksdb,churn,679,16.264,0,0
rocksdb,churn,680,20.675,132721397,0
rocksdb,churn,681,17.400,0,0
rocksdb,churn,682,26.664,0,0
rocksdb,churn,683,18.913,0,0
rocksdb,churn,684,16.483,0,0
rocksdb,churn,685,24.692,0,0
rocksdb,churn,686,20.959,0,0
rocksdb,churn,687,17.383,0,0
rocksdb,churn,688,20.481,0,0
rocksdb,churn,689,14.715,0,0
rocksdb,churn,690,18.658,157332194,0
rocksdb,churn,691,22.359,0,0
rocksdb,churn,692,19.838,0,0
rocksdb,churn,693,14.178,0,0
rocksdb,churn,694,16.251,0,0
rocksdb,churn,695,19.523,0,0
rocksdb,churn,696,17.595,0,0
rocksdb,churn,697,18.669,0,0
rocksdb,churn,698,19.373,0,0
rocksdb,churn,699,20.072,0,0
rocksdb,churn,700,21.241,123218844,0
rocksdb,churn,701,17.945,0,0
rocksdb,churn,702,20.026,0,0
rocksdb,churn,703,21.136,0,0
rocksdb,churn,704,20.767,0,0
rocksdb,churn,705,15.115,0,0
rocksdb,churn,706,16.619,0,0
rocksdb,churn,707,15.121,0,0
rocksdb,churn,708,17.521,0,0
rocksdb,churn,709,21.016,0,0
rocksdb,churn,710,16.585,150486649,0
rocksdb,churn,711,20.178,0,0
rocksdb,churn,712,18.227,0,0
rocksdb,churn,713,22.044,0,0
rocksdb,churn,714,16.702,0,0
rocksdb,churn,715,17.020,0,0
rocksdb,churn,716,18.220,0,0
rocksdb,churn,717,13.966,0,0
rocksdb,churn,718,20.002,0,0
rocksdb,churn,719,21.186,0,0
rocksdb,churn,720,23.419,119083018,0
rocksdb,churn,721,26.404,0,0
rocksdb,churn,722,22.767,0,0
rocksdb,churn,723,22.078,0,0
rocksdb,churn,724,17.225,0,0
rocksdb,churn,725,25.051,0,0
rocksdb,churn,726,21.659,0,0
rocksdb,churn,727,23.044,0,0
rocksdb,churn,728,23.612,0,0
rocksdb,churn,729,26.914,0,0
rocksdb,churn,730,20.737,154626201,0
rocksdb,churn,731,20.828,0,0
rocksdb,churn,732,21.388,0,0
rocksdb,churn,733,34.194,0,0
rocksdb,churn,734,27.330,0,0
rocksdb,churn,735,25.343,0,0
rocksdb,churn,736,18.435,0,0
rocksdb,churn,737,20.919,0,0
rocksdb,churn,738,22.010,0,0
rocksdb,churn,739,18.565,0,0
rocksdb,churn,740,19.957,183427575,0
rocksdb,churn,741,18.908,0,0
rocksdb,churn,742,22.437,0,0
rocksdb,churn,743,22.056,0,0
rocksdb,churn,744,13.884,0,0
rocksdb,churn,745,22.433,0,0
rocksdb,churn,746,20.062,0,0
rocksdb,churn,747,21.774,0,0
rocksdb,churn,748,20.380,0,0
rocksdb,churn,749,19.734,0,0
rocksdb,churn,750,21.017,137629445,0
rocksdb,churn,751,13.128,0,0
rocksdb,churn,752,16.997,0,0
rocksdb,churn,753,15.829,0,0
rocksdb,churn,754,17.036,0,0
rocksdb,churn,755,16.776,0,0
rocksdb,churn,756,19.458,0,0
rocksdb,churn,757,13.998,0,0
rocksdb,churn,758,19.253,0,0
rocksdb,churn,759,14.874,0,0
rocksdb,churn,760,21.695,165932248,0
rocksdb,churn,761,18.140,0,0
rocksdb,churn,762,23.574,0,0
rocksdb,churn,763,24.220,0,0
rocksdb,churn,764,20.074,0,0
rocksdb,churn,765,20.897,0,0
rocksdb,churn,766,21.241,0,0
rocksdb,churn,767,22.286,0,0
rocksdb,churn,768,16.923,0,0
rocksdb,churn,769,26.698,0,0
rocksdb,churn,770,21.366,132776244,0
rocksdb,churn,771,24.324,0,0
rocksdb,churn,772,26.971,0,0
rocksdb,churn,773,25.431,0,0
rocksdb,churn,774,29.569,0,0
rocksdb,churn,775,18.599,0,0
rocksdb,churn,776,15.209,0,0
rocksdb,churn,777,23.257,0,0
rocksdb,churn,778,20.501,0,0
rocksdb,churn,779,20.735,0,0
rocksdb,churn,780,25.448,162474534,0
rocksdb,churn,781,14.815,0,0
rocksdb,churn,782,15.199,0,0
rocksdb,churn,783,15.615,0,0
rocksdb,churn,784,14.365,0,0
rocksdb,churn,785,21.789,0,0
rocksdb,churn,786,20.464,0,0
rocksdb,churn,787,20.453,0,0
rocksdb,churn,788,19.299,0,0
rocksdb,churn,789,21.627,0,0
rocksdb,churn,790,15.320,128859533,0
rocksdb,churn,791,20.453,0,0
rocksdb,churn,792,19.074,0,0
rocksdb,churn,793,17.222,0,0
rocksdb,churn,794,20.296,0,0
rocksdb,churn,795,22.288,0,0
rocksdb,churn,796,16.183,0,0
rocksdb,churn,797,21.223,0,0
rocksdb,churn,798,18.108,0,0
rocksdb,churn,799,27.702,0,0
rocksdb,churn,800,20.347,155385084,0
rocksdb,churn,801,19.304,0,0
rocksdb,churn,802,21.320,0,0
rocksdb,churn,803,23.606,0,0
rocksdb,churn,804,20.138,0,0
rocksdb,churn,805,23.470,0,0
rocksdb,churn,806,22.873,0,0
rocksdb,churn,807,19.756,0,0
rocksdb,churn,808,22.251,0,0
rocksdb,churn,809,18.859,0,0
rocksdb,churn,810,27.143,122716829,0
rocksdb,churn,811,18.213,0,0
rocksdb,churn,812,16.458,0,0
rocksdb,churn,813,21.766,0,0
rocksdb,churn,814,16.559,0,0
rocksdb,churn,815,15.872,0,0
rocksdb,churn,816,29.818,0,0
rocksdb,churn,817,23.079,0,0
rocksdb,churn,818,19.705,0,0
rocksdb,churn,819,16.985,0,0
rocksdb,churn,820,15.928,149300262,0
rocksdb,churn,821,12.206,0,0
rocksdb,churn,822,17.657,0,0
rocksdb,churn,823,20.869,0,0
rocksdb,churn,824,20.746,0,0
rocksdb,churn,825,15.577,0,0
rocksdb,churn,826,25.954,0,0
rocksdb,churn,827,23.746,0,0
rocksdb,churn,828,23.612,0,0
rocksdb,churn,829,17.470,0,0
rocksdb,churn,830,21.152,179083634,0
rocksdb,churn,831,18.938,0,0
rocksdb,churn,832,16.425,0,0
rocksdb,churn,833,20.897,0,0
rocksdb,churn,834,26.361,0,0
rocksdb,churn,835,17.385,0,0
rocksdb,churn,836,16.605,0,0
rocksdb,churn,837,22.515,0,0
rocksdb,churn,838,17.119,0,0
rocksdb,churn,839,23.021,0,0
rocksdb,churn,840,22.648,143517554,0
rocksdb,churn,841,19.502,0,0
rocksdb,churn,842,23.493,0,0
rocksdb,churn,843,20.507,0,0
rocksdb,churn,844,24.016,0,0
rocksdb,churn,845,23.518,0,0
rocksdb,churn,846,25.485,0,0
rocksdb,churn,847,16.499,0,0
rocksdb,churn,848,21.296,0,0
rocksdb,churn,849,23.470,0,0
rocksdb,churn,850,22.007,173244291,0
rocksdb,churn,851,22.013,0,0
rocksdb,churn,852,15.527,0,0
rocksdb,churn,853,23.715,0,0
rocksdb,churn,854,22.752,0,0
rocksdb,churn,855,27.967,0,0
rocksdb,churn,856,17.769,0,0
rocksdb,churn,857,20.109,0,0
rocksdb,churn,858,18.887,0,0
rocksdb,churn,859,16.982,0,0
rocksdb,churn,860,20.130,134457229,0
rocksdb,churn,861,20.878,0,0
rocksdb,churn,862,17.092,0,0
rocksdb,churn,863,20.283,0,0
rocksdb,churn,864,20.361,0,0
rocksdb,churn,865,21.050,0,0
rocksdb,churn,866,22.416,0,0
rocksdb,churn,867,20.179,0,0
rocksdb,churn,868,17.156,0,0
rocksdb,churn,869,19.064,0,0
rocksdb,churn,870,19.167,163983293,0
rocksdb,churn,871,25.042,0,0
rocksdb,churn,872,18.126,0,0
rocksdb,churn,873,15.141,0,0
rocksdb,churn,874,19.904,0,0
rocksdb,churn,875,21.720,0,0
rocksdb,churn,876,18.781,0,0
rocksdb,churn,877,33.494,0,0
rocksdb,churn,878,21.813,0,0
rocksdb,churn,879,16.723,0,0
rocksdb,churn,880,17.549,126508458,0
rocksdb,churn,881,20.402,0,0
rocksdb,churn,882,17.676,0,0
rocksdb,churn,883,19.589,0,0
rocksdb,churn,884,15.034,0,0
rocksdb,churn,885,15.906,0,0
rocksdb,churn,886,22.259,0,0
rocksdb,churn,887,22.138,0,0
rocksdb,churn,888,21.679,0,0
rocksdb,churn,889,24.249,0,0
rocksdb,churn,890,18.802,152049057,0
rocksdb,churn,891,20.733,0,0
rocksdb,churn,892,16.045,0,0
rocksdb,churn,893,21.052,0,0
rocksdb,churn,894,21.822,0,0
rocksdb,churn,895,25.525,0,0
rocksdb,churn,896,17.113,0,0
rocksdb,churn,897,26.885,0,0
rocksdb,churn,898,20.071,0,0
rocksdb,churn,899,22.135,0,0
rocksdb,churn,900,18.174,123461226,0
rocksdb,churn,901,19.227,0,0
rocksdb,churn,902,21.310,0,0
rocksdb,churn,903,18.165,0,0
rocksdb,churn,904,23.824,0,0
rocksdb,churn,905,18.411,0,0
rocksdb,churn,906,17.192,0,0
rocksdb,churn,907,17.334,0,0
rocksdb,churn,908,20.379,0,0
rocksdb,churn,909,25.602,0,0
rocksdb,churn,910,21.918,152158161,0
rocksdb,churn,911,17.840,0,0
rocksdb,churn,912,22.489,0,0
rocksdb,churn,913,17.739,0,0
rocksdb,churn,914,22.159,0,0
rocksdb,churn,915,21.475,0,0
rocksdb,churn,916,17.790,0,0
rocksdb,churn,917,22.333,0,0
rocksdb,churn,918,22.114,0,0
rocksdb,churn,919,18.420,0,0
rocksdb,churn,920,17.212,184808217,0
rocksdb,churn,921,19.386,0,0
rocksdb,churn,922,22.006,0,0
rocksdb,churn,923,22.898,0,0
rocksdb,churn,924,24.077,0,0
rocksdb,churn,925,17.439,0,0
rocksdb,churn,926,19.037,0,0
rocksdb,churn,927,15.975,0,0
rocksdb,churn,928,11.390,0,0
rocksdb,churn,929,23.594,0,0
rocksdb,churn,930,20.739,141158074,0
rocksdb,churn,931,26.448,0,0
rocksdb,churn,932,23.991,0,0
rocksdb,churn,933,20.821,0,0
rocksdb,churn,934,20.951,0,0
rocksdb,churn,935,18.394,0,0
rocksdb,churn,936,21.557,0,0
rocksdb,churn,937,17.504,0,0
rocksdb,churn,938,16.394,0,0
rocksdb,churn,939,20.298,0,0
rocksdb,churn,940,20.111,168813065,0
rocksdb,churn,941,20.473,0,0
rocksdb,churn,942,21.492,0,0
rocksdb,churn,943,22.629,0,0
rocksdb,churn,944,21.082,0,0
rocksdb,churn,945,19.720,0,0
rocksdb,churn,946,25.424,0,0
rocksdb,churn,947,22.914,0,0
rocksdb,churn,948,44.323,0,0
rocksdb,churn,949,37.060,0,0
rocksdb,churn,950,22.967,137242312,0
rocksdb,churn,951,17.157,0,0
rocksdb,churn,952,20.291,0,0
rocksdb,churn,953,17.755,0,0
rocksdb,churn,954,17.065,0,0
rocksdb,churn,955,22.160,0,0
rocksdb,churn,956,21.147,0,0
rocksdb,churn,957,21.716,0,0
rocksdb,churn,958,20.634,0,0
rocksdb,churn,959,25.342,0,0
rocksdb,churn,960,19.844,163979590,0
rocksdb,churn,961,17.626,0,0
rocksdb,churn,962,21.422,0,0
rocksdb,churn,963,18.695,0,0
rocksdb,churn,964,21.959,0,0
rocksdb,churn,965,23.497,0,0
rocksdb,churn,966,21.003,0,0
rocksdb,churn,967,17.783,0,0
rocksdb,churn,968,24.381,0,0
rocksdb,churn,969,16.554,0,0
rocksdb,churn,970,25.803,127197155,0
rocksdb,churn,971,25.580,0,0
rocksdb,churn,972,23.373,0,0
rocksdb,churn,973,29.781,0,0
rocksdb,churn,974,16.197,0,0
rocksdb,churn,975,13.321,0,0
rocksdb,churn,976,20.819,0,0
rocksdb,churn,977,26.619,0,0
rocksdb,churn,978,22.242,0,0
rocksdb,churn,979,37.698,0,0
rocksdb,churn,980,21.934,158752250,0
rocksdb,churn,981,24.341,0,0
rocksdb,churn,982,17.094,0,0
rocksdb,churn,983,18.134,0,0
rocksdb,churn,984,23.823,0,0
rocksdb,churn,985,19.515,0,0
rocksdb,churn,986,20.817,0,0
rocksdb,churn,987,21.743,0,0
rocksdb,churn,988,16.171,0,0
rocksdb,churn,989,14.748,0,0
rocksdb,churn,990,20.440,120407447,0
rocksdb,churn,991,21.939,0,0
rocksdb,churn,992,20.012,0,0
rocksdb,churn,993,21.648,0,0
rocksdb,churn,994,20.478,0,0
rocksdb,churn,995,22.848,0,0
rocksdb,churn,996,19.533,0,0
rocksdb,churn,997,22.591,0,0
rocksdb,churn,998,18.957,0,0
rocksdb,churn,999,22.009,0,0
rocksdb,churn,1000,21.646,149214884,0
rocksdb,churn,1001,24.234,0,0
rocksdb,churn,1002,22.772,0,0
rocksdb,churn,1003,15.390,0,0
rocksdb,churn,1004,15.539,0,0
rocksdb,churn,1005,23.182,0,0
rocksdb,churn,1006,22.915,0,0
rocksdb,churn,1007,19.028,0,0
rocksdb,churn,1008,21.331,0,0
rocksdb,churn,1009,18.302,0,0
rocksdb,churn,1010,20.705,205656970,0
rocksdb,churn,1011,21.376,0,0
rocksdb,churn,1012,19.325,0,0
rocksdb,churn,1013,14.665,0,0
rocksdb,churn,1014,18.866,0,0
rocksdb,churn,1015,19.753,0,0
rocksdb,churn,1016,24.508,0,0
rocksdb,churn,1017,22.009,0,0
rocksdb,churn,1018,24.838,0,0
rocksdb,churn,1019,24.391,0,0
rocksdb,churn,1020,30.955,144300814,0
rocksdb,churn,1021,17.488,0,0
rocksdb,churn,1022,18.332,0,0
rocksdb,churn,1023,32.958,0,0
rocksdb,churn,1024,21.018,0,0
rocksdb,churn,1025,22.564,0,0
rocksdb,churn,1026,52.087,0,0
rocksdb,churn,1027,20.827,0,0
rocksdb,churn,1028,17.792,0,0
rocksdb,churn,1029,24.444,0,0
rocksdb,churn,1030,19.999,177858369,0
rocksdb,churn,1031,33.561,0,0
rocksdb,churn,1032,21.914,0,0
rocksdb,churn,1033,29.919,0,0
rocksdb,churn,1034,25.020,0,0
rocksdb,churn,1035,32.295,0,0
rocksdb,churn,1036,19.770,0,0
rocksdb,churn,1037,22.318,0,0
rocksdb,churn,1038,21.560,0,0
rocksdb,churn,1039,25.403,0,0
rocksdb,churn,1040,21.067,136426618,0
rocksdb,churn,1041,24.205,0,0
rocksdb,churn,1042,26.246,0,0
rocksdb,churn,1043,22.972,0,0
rocksdb,churn,1044,17.588,0,0
rocksdb,churn,1045,17.548,0,0
rocksdb,churn,1046,22.755,0,0
rocksdb,churn,1047,23.008,0,0
rocksdb,churn,1048,27.745,0,0
rocksdb,churn,1049,30.322,0,0
rocksdb,churn,1050,23.540,167218063,0
rocksdb,churn,1051,19.289,0,0
rocksdb,churn,1052,15.730,0,0
rocksdb,churn,1053,21.084,0,0
rocksdb,churn,1054,32.295,0,0
rocksdb,churn,1055,24.852,0,0
rocksdb,churn,1056,26.971,0,0
rocksdb,churn,1057,21.568,0,0
rocksdb,churn,1058,29.295,0,0
rocksdb,churn,1059,26.810,0,0
rocksdb,churn,1060,26.404,132446903,0
rocksdb,churn,1061,31.901,0,0
rocksdb,churn,1062,18.576,0,0
rocksdb,churn,1063,15.529,0,0
rocksdb,churn,1064,20.691,0,0
rocksdb,churn,1065,21.668,0,0
rocksdb,churn,1066,20.786,0,0
rocksdb,churn,1067,22.321,0,0
rocksdb,churn,1068,19.077,0,0
rocksdb,churn,1069,20.119,0,0
rocksdb,churn,1070,16.636,157809496,0
rocksdb,churn,1071,26.841,0,0
rocksdb,churn,1072,21.003,0,0
rocksdb,churn,1073,24.000,0,0
rocksdb,churn,1074,28.818,0,0
rocksdb,churn,1075,18.794,0,0
rocksdb,churn,1076,17.499,0,0
rocksdb,churn,1077,26.259,0,0
rocksdb,churn,1078,19.941,0,0
rocksdb,churn,1079,24.261,0,0
rocksdb,churn,1080,18.314,119571806,0
rocksdb,churn,1081,22.053,0,0
rocksdb,churn,1082,22.461,0,0
rocksdb,churn,1083,23.587,0,0
rocksdb,churn,1084,24.299,0,0
rocksdb,churn,1085,18.996,0,0
rocksdb,churn,1086,19.323,0,0
rocksdb,churn,1087,21.039,0,0
rocksdb,churn,1088,19.150,0,0
rocksdb,churn,1089,18.711,0,0
rocksdb,churn,1090,25.508,151040714,0
rocksdb,churn,1091,29.319,0,0
rocksdb,churn,1092,25.077,0,0
rocksdb,churn,1093,28.734,0,0
rocksdb,churn,1094,31.452,0,0
rocksdb,churn,1095,44.817,0,0
rocksdb,churn,1096,14.551,0,0
rocksdb,churn,1097,20.211,0,0
rocksdb,churn,1098,31.087,0,0
rocksdb,churn,1099,24.776,0,0
rocksdb,churn,1100,22.694,194294114,0
rocksdb,churn,1101,26.076,0,0
rocksdb,churn,1102,23.655,0,0
rocksdb,churn,1103,19.735,0,0
rocksdb,churn,1104,23.833,0,0
rocksdb,churn,1105,22.351,0,0
rocksdb,churn,1106,24.529,0,0
rocksdb,churn,1107,22.283,0,0
rocksdb,churn,1108,24.208,0,0
rocksdb,churn,1109,21.457,0,0
rocksdb,churn,1110,26.069,146148411,0
rocksdb,churn,1111,20.785,0,0
rocksdb,churn,1112,21.256,0,0
rocksdb,churn,1113,23.325,0,0
rocksdb,churn,1114,17.845,0,0
rocksdb,churn,1115,26.296,0,0
rocksdb,churn,1116,24.831,0,0
rocksdb,churn,1117,19.967,0,0
rocksdb,churn,1118,20.913,0,0
rocksdb,churn,1119,19.230,0,0
rocksdb,churn,1120,22.230,176693635,0
rocksdb,churn,1121,21.137,0,0
rocksdb,churn,1122,20.864,0,0
rocksdb,churn,1123,22.057,0,0
rocksdb,churn,1124,16.250,0,0
rocksdb,churn,1125,25.677,0,0
rocksdb,churn,1126,21.168,0,0
rocksdb,churn,1127,17.255,0,0
rocksdb,churn,1128,17.808,0,0
rocksdb,churn,1129,22.437,0,0
rocksdb,churn,1130,35.268,131051426,0
rocksdb,churn,1131,35.575,0,0
rocksdb,churn,1132,24.702,0,0
rocksdb,churn,1133,25.958,0,0
rocksdb,churn,1134,21.423,0,0
rocksdb,churn,1135,42.452,0,0
rocksdb,churn,1136,18.752,0,0
rocksdb,churn,1137,27.823,0,0
rocksdb,churn,1138,17.980,0,0
rocksdb,churn,1139,17.129,0,0
rocksdb,churn,1140,28.723,165542767,0
rocksdb,churn,1141,21.226,0,0
rocksdb,churn,1142,20.683,0,0
rocksdb,churn,1143,19.451,0,0
rocksdb,churn,1144,20.970,0,0
rocksdb,churn,1145,24.299,0,0
rocksdb,churn,1146,16.307,0,0
rocksdb,churn,1147,27.992,0,0
rocksdb,churn,1148,16.773,0,0
rocksdb,churn,1149,17.718,0,0
rocksdb,churn,1150,19.385,132200921,0
rocksdb,churn,1151,23.305,0,0
rocksdb,churn,1152,21.161,0,0
rocksdb,churn,1153,34.542,0,0
rocksdb,churn,1154,24.341,0,0
rocksdb,churn,1155,21.238,0,0
rocksdb,churn,1156,21.806,0,0
rocksdb,churn,1157,20.090,0,0
rocksdb,churn,1158,22.001,0,0
rocksdb,churn,1159,19.514,0,0
rocksdb,churn,1160,18.540,161939777,0
rocksdb,churn,1161,23.534,0,0
rocksdb,churn,1162,19.417,0,0
rocksdb,churn,1163,25.534,0,0
rocksdb,churn,1164,28.223,0,0
rocksdb,churn,1165,20.774,0,0
rocksdb,churn,1166,23.871,0,0
rocksdb,churn,1167,14.629,0,0
rocksdb,churn,1168,26.213,0,0
rocksdb,churn,1169,28.209,0,0
rocksdb,churn,1170,22.475,221519819,0
rocksdb,churn,1171,23.042,0,0
rocksdb,churn,1172,23.637,0,0
rocksdb,churn,1173,21.165,0,0
rocksdb,churn,1174,22.302,0,0
rocksdb,churn,1175,19.313,0,0
rocksdb,churn,1176,16.556,0,0
rocksdb,churn,1177,16.003,0,0
rocksdb,churn,1178,18.894,0,0
rocksdb,churn,1179,20.933,0,0
rocksdb,churn,1180,24.020,143443481,0
rocksdb,churn,1181,15.668,0,0
rocksdb,churn,1182,24.054,0,0
rocksdb,churn,1183,22.391,0,0
rocksdb,churn,1184,18.274,0,0
rocksdb,churn,1185,19.840,0,0
rocksdb,churn,1186,22.474,0,0
rocksdb,churn,1187,18.671,0,0
rocksdb,churn,1188,24.324,0,0
rocksdb,churn,1189,13.094,0,0
rocksdb,churn,1190,23.363,167912862,0
rocksdb,churn,1191,14.991,0,0
rocksdb,churn,1192,14.955,0,0
rocksdb,churn,1193,18.508,0,0
rocksdb,churn,1194,16.902,0,0
rocksdb,churn,1195,16.010,0,0
rocksdb,churn,1196,15.860,0,0
rocksdb,churn,1197,29.135,0,0
rocksdb,churn,1198,23.070,0,0
rocksdb,churn,1199,29.622,0,0
rocksdb,churn,1200,26.155,140500371,0
rocksdb,churn,1201,22.575,0,0
rocksdb,churn,1202,22.535,0,0
rocksdb,churn,1203,25.543,0,0
rocksdb,churn,1204,22.322,0,0
rocksdb,churn,1205,21.346,0,0
rocksdb,churn,1206,20.289,0,0
rocksdb,churn,1207,22.012,0,0
rocksdb,churn,1208,21.120,0,0
rocksdb,churn,1209,25.571,0,0
rocksdb,churn,1210,21.518,166199520,0
rocksdb,churn,1211,18.202,0,0
rocksdb,churn,1212,18.755,0,0
rocksdb,churn,1213,19.588,0,0
rocksdb,churn,1214,24.550,0,0
rocksdb,churn,1215,24.222,0,0
rocksdb,churn,1216,19.881,0,0
rocksdb,churn,1217,13.604,0,0
rocksdb,churn,1218,18.710,0,0
rocksdb,churn,1219,23.930,0,0
rocksdb,churn,1220,24.424,131807865,0
rocksdb,churn,1221,23.272,0,0
rocksdb,churn,1222,18.217,0,0
rocksdb,churn,1223,14.460,0,0
rocksdb,churn,1224,18.302,0,0
rocksdb,churn,1225,21.136,0,0
rocksdb,churn,1226,22.675,0,0
rocksdb,churn,1227,19.911,0,0
rocksdb,churn,1228,20.546,0,0
rocksdb,churn,1229,17.540,0,0
rocksdb,churn,1230,23.211,160357287,0
rocksdb,churn,1231,15.150,0,0
rocksdb,churn,1232,13.271,0,0
rocksdb,churn,1233,17.390,0,0
rocksdb,churn,1234,17.746,0,0
rocksdb,churn,1235,21.291,0,0
rocksdb,churn,1236,24.859,0,0
rocksdb,churn,1237,27.288,0,0
rocksdb,churn,1238,33.314,0,0
rocksdb,churn,1239,25.021,0,0
rocksdb,churn,1240,26.096,125873993,0
rocksdb,churn,1241,17.979,0,0
rocksdb,churn,1242,29.582,0,0
rocksdb,churn,1243,27.068,0,0
rocksdb,churn,1244,20.422,0,0
rocksdb,churn,1245,25.411,0,0
rocksdb,churn,1246,20.165,0,0
rocksdb,churn,1247,25.276,0,0
rocksdb,churn,1248,24.706,0,0
rocksdb,churn,1249,17.815,0,0
rocksdb,churn,1250,19.338,149384356,0
rocksdb,churn,1251,20.392,0,0
rocksdb,churn,1252,20.594,0,0
rocksdb,churn,1253,31.522,0,0
rocksdb,churn,1254,19.291,0,0
rocksdb,churn,1255,21.317,0,0
rocksdb,churn,1256,20.376,0,0
rocksdb,churn,1257,21.088,0,0
rocksdb,churn,1258,18.651,0,0
rocksdb,churn,1259,28.689,0,0
rocksdb,churn,1260,17.074,220522079,0
rocksdb,churn,1261,16.605,0,0
rocksdb,churn,1262,21.606,0,0
rocksdb,churn,1263,18.563,0,0
rocksdb,churn,1264,23.459,0,0
rocksdb,churn,1265,24.905,0,0
rocksdb,churn,1266,19.306,0,0
rocksdb,churn,1267,22.695,0,0
rocksdb,churn,1268,16.662,0,0
rocksdb,churn,1269,17.291,0,0
rocksdb,churn,1270,18.497,145483263,0
rocksdb,churn,1271,23.915,0,0
rocksdb,churn,1272,18.409,0,0
rocksdb,churn,1273,17.629,0,0
rocksdb,churn,1274,15.082,0,0
rocksdb,churn,1275,21.105,0,0
rocksdb,churn,1276,21.046,0,0
rocksdb,churn,1277,17.144,0,0
rocksdb,churn,1278,25.360,0,0
rocksdb,churn,1279,27.925,0,0
rocksdb,churn,1280,18.307,174972906,0
rocksdb,churn,1281,20.397,0,0
rocksdb,churn,1282,18.065,0,0
rocksdb,churn,1283,15.283,0,0
rocksdb,churn,1284,25.191,0,0
rocksdb,churn,1285,25.976,0,0
rocksdb,churn,1286,18.747,0,0
rocksdb,churn,1287,19.016,0,0
rocksdb,churn,1288,23.760,0,0
rocksdb,churn,1289,16.519,0,0
rocksdb,churn,1290,17.511,138498495,0
rocksdb,churn,1291,14.778,0,0
rocksdb,churn,1292,22.305,0,0
rocksdb,churn,1293,16.656,0,0
rocksdb,churn,1294,22.413,0,0
rocksdb,churn,1295,22.437,0,0
rocksdb,churn,1296,23.852,0,0
rocksdb,churn,1297,19.002,0,0
rocksdb,churn,1298,21.401,0,0
rocksdb,churn,1299,17.307,0,0
rocksdb,churn,1300,24.663,164094347,0
rocksdb,churn,1301,26.922,0,0
rocksdb,churn,1302,21.226,0,0
rocksdb,churn,1303,15.915,0,0
rocksdb,churn,1304,20.005,0,0
rocksdb,churn,1305,26.873,0,0
rocksdb,churn,1306,19.353,0,0
rocksdb,churn,1307,16.125,0,0
rocksdb,churn,1308,20.696,0,0
rocksdb,churn,1309,16.306,0,0
rocksdb,churn,1310,20.004,134820189,0
rocksdb,churn,1311,20.279,0,0
rocksdb,churn,1312,14.569,0,0
rocksdb,churn,1313,23.831,0,0
rocksdb,churn,1314,23.645,0,0
rocksdb,churn,1315,23.031,0,0
rocksdb,churn,1316,20.704,0,0
rocksdb,churn,1317,21.091,0,0
rocksdb,churn,1318,18.810,0,0
rocksdb,churn,1319,17.190,0,0
rocksdb,churn,1320,16.246,161255045,0
rocksdb,churn,1321,20.460,0,0
rocksdb,churn,1322,25.376,0,0
rocksdb,churn,1323,24.051,0,0
rocksdb,churn,1324,21.444,0,0
rocksdb,churn,1325,24.658,0,0
rocksdb,churn,1326,23.953,0,0
rocksdb,churn,1327,17.795,0,0
rocksdb,churn,1328,20.022,0,0
rocksdb,churn,1329,16.905,0,0
rocksdb,churn,1330,14.384,123798024,0
rocksdb,churn,1331,18.241,0,0
rocksdb,churn,1332,14.798,0,0
rocksdb,churn,1333,22.979,0,0
rocksdb,churn,1334,22.905,0,0
rocksdb,churn,1335,21.417,0,0
rocksdb,churn,1336,19.115,0,0
rocksdb,churn,1337,16.448,0,0
rocksdb,churn,1338,17.719,0,0
rocksdb,churn,1339,24.588,0,0
rocksdb,churn,1340,19.025,154389114,0
rocksdb,churn,1341,23.509,0,0
rocksdb,churn,1342,26.801,0,0
rocksdb,churn,1343,18.605,0,0
rocksdb,churn,1344,18.759,0,0
rocksdb,churn,1345,18.894,0,0
rocksdb,churn,1346,24.646,0,0
rocksdb,churn,1347,15.097,0,0
rocksdb,churn,1348,19.867,0,0
rocksdb,churn,1349,18.500,0,0
rocksdb,churn,1350,21.640,120949136,0
rocksdb,churn,1351,22.158,0,0
rocksdb,churn,1352,21.660,0,0
rocksdb,churn,1353,23.144,0,0
rocksdb,churn,1354,17.127,0,0
rocksdb,churn,1355,26.327,0,0
rocksdb,churn,1356,20.573,0,0
rocksdb,churn,1357,22.051,0,0
rocksdb,churn,1358,21.530,0,0
rocksdb,churn,1359,18.120,0,0
rocksdb,churn,1360,12.877,147510679,0
rocksdb,churn,1361,17.727,0,0
rocksdb,churn,1362,17.823,0,0
rocksdb,churn,1363,14.195,0,0
rocksdb,churn,1364,22.262,0,0
rocksdb,churn,1365,22.878,0,0
rocksdb,churn,1366,22.886,0,0
rocksdb,churn,1367,17.645,0,0
rocksdb,churn,1368,13.449,0,0
rocksdb,churn,1369,23.168,0,0
rocksdb,churn,1370,22.524,173779941,0
rocksdb,churn,1371,23.420,0,0
rocksdb,churn,1372,16.614,0,0
rocksdb,churn,1373,25.093,0,0
rocksdb,churn,1374,19.272,0,0
rocksdb,churn,1375,20.746,0,0
rocksdb,churn,1376,17.519,0,0
rocksdb,churn,1377,17.516,0,0
rocksdb,churn,1378,19.531,0,0
rocksdb,churn,1379,21.480,0,0
rocksdb,churn,1380,19.569,140543692,0
rocksdb,churn,1381,24.731,0,0
rocksdb,churn,1382,17.090,0,0
rocksdb,churn,1383,18.760,0,0
rocksdb,churn,1384,21.782,0,0
rocksdb,churn,1385,22.009,0,0
rocksdb,churn,1386,23.775,0,0
rocksdb,churn,1387,23.142,0,0
rocksdb,churn,1388,20.167,0,0
rocksdb,churn,1389,20.645,0,0
rocksdb,churn,1390,24.112,172088804,0
rocksdb,churn,1391,22.661,0,0
rocksdb,churn,1392,19.587,0,0
rocksdb,churn,1393,18.001,0,0
rocksdb,churn,1394,16.712,0,0
rocksdb,churn,1395,16.929,0,0
rocksdb,churn,1396,25.920,0,0
rocksdb,churn,1397,20.980,0,0
rocksdb,churn,1398,14.847,0,0
rocksdb,churn,1399,16.490,0,0
rocksdb,churn,1400,19.361,133506981,0
rocksdb,churn,1401,17.218,0,0
rocksdb,churn,1402,20.225,0,0
rocksdb,churn,1403,17.991,0,0
rocksdb,churn,1404,28.768,0,0
rocksdb,churn,1405,19.130,0,0
rocksdb,churn,1406,19.081,0,0
rocksdb,churn,1407,34.127,0,0
rocksdb,churn,1408,18.444,0,0
rocksdb,churn,1409,20.818,0,0
rocksdb,churn,1410,18.951,160259518,0
rocksdb,churn,1411,22.652,0,0
rocksdb,churn,1412,19.160,0,0
rocksdb,churn,1413,21.589,0,0
rocksdb,churn,1414,21.572,0,0
rocksdb,churn,1415,18.079,0,0
rocksdb,churn,1416,19.371,0,0
rocksdb,churn,1417,16.809,0,0
rocksdb,churn,1418,24.376,0,0
rocksdb,churn,1419,21.189,0,0
rocksdb,churn,1420,18.603,125532855,0
rocksdb,churn,1421,22.443,0,0
rocksdb,churn,1422,21.057,0,0
rocksdb,churn,1423,20.491,0,0
rocksdb,churn,1424,20.827,0,0
rocksdb,churn,1425,21.423,0,0
rocksdb,churn,1426,16.652,0,0
rocksdb,churn,1427,23.207,0,0
rocksdb,churn,1428,21.428,0,0
rocksdb,churn,1429,19.244,0,0
rocksdb,churn,1430,18.636,149994285,0
rocksdb,churn,1431,13.744,0,0
rocksdb,churn,1432,20.768,0,0
rocksdb,churn,1433,21.234,0,0
rocksdb,churn,1434,19.329,0,0
rocksdb,churn,1435,17.721,0,0
rocksdb,churn,1436,21.874,0,0
rocksdb,churn,1437,19.717,0,0
rocksdb,churn,1438,24.827,0,0
rocksdb,churn,1439,20.043,0,0
rocksdb,churn,1440,19.386,235403781,0
rocksdb,churn,1441,15.641,0,0
rocksdb,churn,1442,18.314,0,0
rocksdb,churn,1443,16.191,0,0
rocksdb,churn,1444,17.836,0,0
rocksdb,churn,1445,21.239,0,0
rocksdb,churn,1446,24.113,0,0
rocksdb,churn,1447,17.652,0,0
rocksdb,churn,1448,13.217,0,0
rocksdb,churn,1449,14.362,0,0
rocksdb,churn,1450,23.360,146273583,0
rocksdb,churn,1451,17.245,0,0
rocksdb,churn,1452,16.315,0,0
rocksdb,churn,1453,18.129,0,0
rocksdb,churn,1454,19.347,0,0
rocksdb,churn,1455,21.154,0,0
rocksdb,churn,1456,24.398,0,0
rocksdb,churn,1457,17.071,0,0
rocksdb,churn,1458,23.284,0,0
rocksdb,churn,1459,21.419,0,0
rocksdb,churn,1460,27.276,173006769,0
rocksdb,churn,1461,23.278,0,0
rocksdb,churn,1462,19.583,0,0
rocksdb,churn,1463,17.246,0,0
rocksdb,churn,1464,13.549,0,0
rocksdb,churn,1465,17.077,0,0
rocksdb,churn,1466,21.509,0,0
rocksdb,churn,1467,23.706,0,0
rocksdb,churn,1468,22.332,0,0
rocksdb,churn,1469,16.612,0,0
rocksdb,churn,1470,29.903,138836504,0
rocksdb,churn,1471,19.054,0,0
rocksdb,churn,1472,22.490,0,0
rocksdb,churn,1473,22.236,0,0
rocksdb,churn,1474,23.630,0,0
rocksdb,churn,1475,21.631,0,0
rocksdb,churn,1476,22.067,0,0
rocksdb,churn,1477,19.914,0,0
rocksdb,churn,1478,18.757,0,0
rocksdb,churn,1479,18.893,0,0
rocksdb,churn,1480,19.997,171537324,0
rocksdb,churn,1481,24.702,0,0
rocksdb,churn,1482,24.668,0,0
rocksdb,churn,1483,20.486,0,0
rocksdb,churn,1484,19.640,0,0
rocksdb,churn,1485,27.841,0,0
rocksdb,churn,1486,20.396,0,0
rocksdb,churn,1487,16.488,0,0
rocksdb,churn,1488,22.650,0,0
rocksdb,churn,1489,18.945,0,0
rocksdb,churn,1490,20.612,136909861,0
rocksdb,churn,1491,14.369,0,0
rocksdb,churn,1492,28.641,0,0
rocksdb,churn,1493,18.532,0,0
rocksdb,churn,1494,19.219,0,0
rocksdb,churn,1495,17.382,0,0
rocksdb,churn,1496,22.810,0,0
rocksdb,churn,1497,20.405,0,0
rocksdb,churn,1498,21.736,0,0
rocksdb,churn,1499,23.020,0,0
rocksdb,churn,1500,20.811,161900543,0
rocksdb,churn,1501,20.771,0,0
rocksdb,churn,1502,18.493,0,0
rocksdb,churn,1503,20.752,0,0
rocksdb,churn,1504,14.821,0,0
rocksdb,churn,1505,19.828,0,0
rocksdb,churn,1506,25.087,0,0
rocksdb,churn,1507,23.592,0,0
rocksdb,churn,1508,15.685,0,0
rocksdb,churn,1509,30.892,0,0
rocksdb,churn,1510,20.486,126812773,0
rocksdb,churn,1511,21.147,0,0
rocksdb,churn,1512,22.040,0,0
rocksdb,churn,1513,24.689,0,0
rocksdb,churn,1514,19.210,0,0
rocksdb,churn,1515,19.255,0,0
rocksdb,churn,1516,20.874,0,0
rocksdb,churn,1517,25.131,0,0
rocksdb,churn,1518,19.280,0,0
rocksdb,churn,1519,20.960,0,0
rocksdb,churn,1520,20.128,154531485,0
rocksdb,churn,1521,26.611,0,0
rocksdb,churn,1522,20.928,0,0
rocksdb,churn,1523,22.487,0,0
rocksdb,churn,1524,17.161,0,0
rocksdb,churn,1525,21.200,0,0
rocksdb,churn,1526,16.467,0,0
rocksdb,churn,1527,21.225,0,0
rocksdb,churn,1528,16.939,0,0
rocksdb,churn,1529,20.262,0,0
rocksdb,churn,1530,34.920,236921038,0
rocksdb,churn,1531,26.303,0,0
rocksdb,churn,1532,22.130,0,0
rocksdb,churn,1533,22.300,0,0
rocksdb,churn,1534,26.697,0,0
rocksdb,churn,1535,16.631,0,0
rocksdb,churn,1536,26.007,0,0
rocksdb,churn,1537,22.433,0,0
rocksdb,churn,1538,20.205,0,0
rocksdb,churn,1539,16.113,0,0
rocksdb,churn,1540,25.138,150462215,0
rocksdb,churn,1541,28.680,0,0
rocksdb,churn,1542,15.506,0,0
rocksdb,churn,1543,15.924,0,0
rocksdb,churn,1544,22.631,0,0
rocksdb,churn,1545,19.307,0,0
rocksdb,churn,1546,24.052,0,0
rocksdb,churn,1547,35.883,0,0
rocksdb,churn,1548,31.923,0,0
rocksdb,churn,1549,21.851,0,0
rocksdb,churn,1550,26.505,173738414,0
rocksdb,churn,1551,26.783,0,0
rocksdb,churn,1552,25.018,0,0
rocksdb,churn,1553,19.561,0,0
rocksdb,churn,1554,23.952,0,0
rocksdb,churn,1555,17.379,0,0
rocksdb,churn,1556,19.638,0,0
rocksdb,churn,1557,17.901,0,0
rocksdb,churn,1558,20.754,0,0
rocksdb,churn,1559,19.851,0,0
rocksdb,churn,1560,18.485,138117551,0
rocksdb,churn,1561,26.311,0,0
rocksdb,churn,1562,22.275,0,0
rocksdb,churn,1563,15.690,0,0
rocksdb,churn,1564,18.240,0,0
rocksdb,churn,1565,16.275,0,0
rocksdb,churn,1566,19.873,0,0
rocksdb,churn,1567,18.590,0,0
rocksdb,churn,1568,19.664,0,0
rocksdb,churn,1569,18.668,0,0
rocksdb,churn,1570,13.112,163635971,0
rocksdb,churn,1571,17.933,0,0
rocksdb,churn,1572,16.328,0,0
rocksdb,churn,1573,16.128,0,0
rocksdb,churn,1574,21.521,0,0
rocksdb,churn,1575,16.244,0,0
rocksdb,churn,1576,19.888,0,0
rocksdb,churn,1577,14.924,0,0
rocksdb,churn,1578,13.498,0,0
rocksdb,churn,1579,23.356,0,0
rocksdb,churn,1580,20.124,131366516,0
rocksdb,churn,1581,21.987,0,0
rocksdb,churn,1582,21.215,0,0
rocksdb,churn,1583,21.091,0,0
rocksdb,churn,1584,14.570,0,0
rocksdb,churn,1585,23.288,0,0
rocksdb,churn,1586,19.668,0,0
rocksdb,churn,1587,19.517,0,0
rocksdb,churn,1588,16.066,0,0
rocksdb,churn,1589,17.081,0,0
rocksdb,churn,1590,21.009,159770137,0
rocksdb,churn,1591,17.525,0,0
rocksdb,churn,1592,21.306,0,0
rocksdb,churn,1593,20.738,0,0
rocksdb,churn,1594,21.562,0,0
rocksdb,churn,1595,18.202,0,0
rocksdb,churn,1596,23.127,0,0
rocksdb,churn,1597,16.459,0,0
rocksdb,churn,1598,18.728,0,0
rocksdb,churn,1599,17.069,0,0
rocksdb,churn,1600,17.427,123286247,0
rocksdb,churn,1601,15.050,0,0
rocksdb,churn,1602,23.042,0,0
rocksdb,churn,1603,17.974,0,0
rocksdb,churn,1604,16.827,0,0
rocksdb,churn,1605,18.679,0,0
rocksdb,churn,1606,18.456,0,0
rocksdb,churn,1607,18.888,0,0
rocksdb,churn,1608,21.602,0,0
rocksdb,churn,1609,18.729,0,0
rocksdb,churn,1610,18.660,153618888,0
rocksdb,churn,1611,21.456,0,0
rocksdb,churn,1612,17.368,0,0
rocksdb,churn,1613,20.741,0,0
rocksdb,churn,1614,17.898,0,0
rocksdb,churn,1615,17.703,0,0
rocksdb,churn,1616,19.326,0,0
rocksdb,churn,1617,25.364,0,0
rocksdb,churn,1618,18.614,0,0
rocksdb,churn,1619,20.600,0,0
rocksdb,churn,1620,17.945,208356401,0
rocksdb,churn,1621,22.116,0,0
rocksdb,churn,1622,20.912,0,0
rocksdb,churn,1623,18.969,0,0
rocksdb,churn,1624,21.321,0,0
rocksdb,churn,1625,21.070,0,0
rocksdb,churn,1626,17.111,0,0
rocksdb,churn,1627,18.108,0,0
rocksdb,churn,1628,19.847,0,0
rocksdb,churn,1629,22.061,0,0
rocksdb,churn,1630,22.910,143736459,0
rocksdb,churn,1631,26.342,0,0
rocksdb,churn,1632,20.841,0,0
rocksdb,churn,1633,20.449,0,0
rocksdb,churn,1634,23.875,0,0
rocksdb,churn,1635,19.051,0,0
rocksdb,churn,1636,22.764,0,0
rocksdb,churn,1637,23.856,0,0
rocksdb,churn,1638,22.365,0,0
rocksdb,churn,1639,24.925,0,0
rocksdb,churn,1640,19.559,177424985,0
rocksdb,churn,1641,20.203,0,0
rocksdb,churn,1642,24.582,0,0
rocksdb,churn,1643,30.357,0,0
rocksdb,churn,1644,23.464,0,0
rocksdb,churn,1645,19.892,0,0
rocksdb,churn,1646,20.260,0,0
rocksdb,churn,1647,21.237,0,0
rocksdb,churn,1648,15.216,0,0
rocksdb,churn,1649,21.708,0,0
rocksdb,churn,1650,21.039,138879797,0
rocksdb,churn,1651,20.621,0,0
rocksdb,churn,1652,20.254,0,0
rocksdb,churn,1653,20.719,0,0
rocksdb,churn,1654,23.902,0,0
rocksdb,churn,1655,19.457,0,0
rocksdb,churn,1656,18.268,0,0
rocksdb,churn,1657,29.909,0,0
rocksdb,churn,1658,20.192,0,0
rocksdb,churn,1659,21.251,0,0
rocksdb,churn,1660,19.187,167566105,0
rocksdb,churn,1661,18.521,0,0
rocksdb,churn,1662,20.800,0,0
rocksdb,churn,1663,19.863,0,0
rocksdb,churn,1664,21.623,0,0
rocksdb,churn,1665,17.187,0,0
rocksdb,churn,1666,21.595,0,0
rocksdb,churn,1667,13.225,0,0
rocksdb,churn,1668,15.061,0,0
rocksdb,churn,1669,19.533,0,0
rocksdb,churn,1670,15.566,131893747,0
rocksdb,churn,1671,13.965,0,0
rocksdb,churn,1672,16.800,0,0
rocksdb,churn,1673,16.031,0,0
rocksdb,churn,1674,17.111,0,0
rocksdb,churn,1675,15.379,0,0
rocksdb,churn,1676,13.124,0,0
rocksdb,churn,1677,15.174,0,0
rocksdb,churn,1678,16.325,0,0
rocksdb,churn,1679,15.859,0,0
rocksdb,churn,1680,14.677,153160104,0
rocksdb,churn,1681,20.278,0,0
rocksdb,churn,1682,21.273,0,0
rocksdb,churn,1683,18.701,0,0
rocksdb,churn,1684,17.167,0,0
rocksdb,churn,1685,18.148,0,0
rocksdb,churn,1686,22.385,0,0
rocksdb,churn,1687,22.194,0,0
rocksdb,churn,1688,19.881,0,0
rocksdb,churn,1689,18.081,0,0
rocksdb,churn,1690,25.941,229966791,0
rocksdb,churn,1691,18.759,0,0
rocksdb,churn,1692,19.229,0,0
rocksdb,churn,1693,21.782,0,0
rocksdb,churn,1694,15.799,0,0
rocksdb,churn,1695,29.788,0,0
rocksdb,churn,1696,22.337,0,0
rocksdb,churn,1697,20.519,0,0
rocksdb,churn,1698,28.052,0,0
rocksdb,churn,1699,22.349,0,0
rocksdb,churn,1700,24.602,151588851,0
rocksdb,churn,1701,20.186,0,0
rocksdb,churn,1702,18.980,0,0
rocksdb,churn,1703,22.359,0,0
rocksdb,churn,1704,21.749,0,0
rocksdb,churn,1705,21.020,0,0
rocksdb,churn,1706,20.708,0,0
rocksdb,churn,1707,21.494,0,0
rocksdb,churn,1708,22.690,0,0
rocksdb,churn,1709,26.925,0,0
rocksdb,churn,1710,23.740,187548166,0
rocksdb,churn,1711,20.199,0,0
rocksdb,churn,1712,20.615,0,0
rocksdb,churn,1713,20.220,0,0
rocksdb,churn,1714,17.215,0,0
rocksdb,churn,1715,18.317,0,0
rocksdb,churn,1716,27.143,0,0
rocksdb,churn,1717,14.925,0,0
rocksdb,churn,1718,18.037,0,0
rocksdb,churn,1719,16.594,0,0
rocksdb,churn,1720,21.978,144783671,0
rocksdb,churn,1721,17.961,0,0
rocksdb,churn,1722,14.923,0,0
rocksdb,churn,1723,22.202,0,0
rocksdb,churn,1724,18.280,0,0
rocksdb,churn,1725,23.306,0,0
rocksdb,churn,1726,22.251,0,0
rocksdb,churn,1727,16.706,0,0
rocksdb,churn,1728,16.376,0,0
rocksdb,churn,1729,20.839,0,0
rocksdb,churn,1730,19.634,175251869,0
rocksdb,churn,1731,17.466,0,0
rocksdb,churn,1732,20.211,0,0
rocksdb,churn,1733,26.031,0,0
rocksdb,churn,1734,14.432,0,0
rocksdb,churn,1735,17.971,0,0
rocksdb,churn,1736,20.540,0,0
rocksdb,churn,1737,20.456,0,0
rocksdb,churn,1738,15.317,0,0
rocksdb,churn,1739,22.601,0,0
rocksdb,churn,1740,17.881,135867544,0
rocksdb,churn,1741,15.866,0,0
rocksdb,churn,1742,19.899,0,0
rocksdb,churn,1743,17.289,0,0
rocksdb,churn,1744,14.818,0,0
rocksdb,churn,1745,19.438,0,0
rocksdb,churn,1746,19.653,0,0
rocksdb,churn,1747,19.080,0,0
rocksdb,churn,1748,16.621,0,0
rocksdb,churn,1749,17.374,0,0
rocksdb,churn,1750,17.356,165225720,0
rocksdb,churn,1751,22.843,0,0
rocksdb,churn,1752,16.687,0,0
rocksdb,churn,1753,18.068,0,0
rocksdb,churn,1754,21.377,0,0
rocksdb,churn,1755,23.170,0,0
rocksdb,churn,1756,22.890,0,0
rocksdb,churn,1757,18.238,0,0
rocksdb,churn,1758,19.504,0,0
rocksdb,churn,1759,22.149,0,0
rocksdb,churn,1760,19.476,131972514,0
rocksdb,churn,1761,22.037,0,0
rocksdb,churn,1762,22.488,0,0
rocksdb,churn,1763,25.479,0,0
rocksdb,churn,1764,22.659,0,0
rocksdb,churn,1765,17.415,0,0
rocksdb,churn,1766,18.217,0,0
rocksdb,churn,1767,20.988,0,0
rocksdb,churn,1768,22.111,0,0
rocksdb,churn,1769,21.960,0,0
rocksdb,churn,1770,17.034,158698936,0
rocksdb,churn,1771,22.397,0,0
rocksdb,churn,1772,16.623,0,0
rocksdb,churn,1773,20.558,0,0
rocksdb,churn,1774,21.745,0,0
rocksdb,churn,1775,20.932,0,0
rocksdb,churn,1776,16.905,0,0
rocksdb,churn,1777,21.351,0,0
rocksdb,churn,1778,21.943,0,0
rocksdb,churn,1779,20.079,0,0
rocksdb,churn,1780,14.417,127997546,0
rocksdb,churn,1781,19.459,0,0
rocksdb,churn,1782,18.924,0,0
rocksdb,churn,1783,24.677,0,0
rocksdb,churn,1784,14.725,0,0
rocksdb,churn,1785,17.412,0,0
rocksdb,churn,1786,18.128,0,0
rocksdb,churn,1787,19.890,0,0
rocksdb,churn,1788,25.891,0,0
rocksdb,churn,1789,16.375,0,0
rocksdb,churn,1790,15.513,153522236,0
rocksdb,churn,1791,20.128,0,0
rocksdb,churn,1792,19.242,0,0
rocksdb,churn,1793,14.082,0,0
rocksdb,churn,1794,21.149,0,0
rocksdb,churn,1795,21.310,0,0
rocksdb,churn,1796,20.530,0,0
rocksdb,churn,1797,20.577,0,0
rocksdb,churn,1798,22.762,0,0
rocksdb,churn,1799,21.499,0,0
rocksdb,churn,1800,20.942,183753504,0
rocksdb,churn,1801,21.170,0,0
rocksdb,churn,1802,17.625,0,0
rocksdb,churn,1803,20.732,0,0
rocksdb,churn,1804,24.002,0,0
rocksdb,churn,1805,16.254,0,0
rocksdb,churn,1806,20.195,0,0
rocksdb,churn,1807,24.021,0,0
rocksdb,churn,1808,16.612,0,0
rocksdb,churn,1809,16.993,0,0
rocksdb,churn,1810,13.392,146310611,0
rocksdb,churn,1811,13.912,0,0
rocksdb,churn,1812,19.471,0,0
rocksdb,churn,1813,21.139,0,0
rocksdb,churn,1814,19.870,0,0
rocksdb,churn,1815,19.403,0,0
rocksdb,churn,1816,17.931,0,0
rocksdb,churn,1817,17.047,0,0
rocksdb,churn,1818,28.328,0,0
rocksdb,churn,1819,21.246,0,0
rocksdb,churn,1820,18.391,172988667,0
rocksdb,churn,1821,24.123,0,0
rocksdb,churn,1822,20.865,0,0
rocksdb,churn,1823,19.014,0,0
rocksdb,churn,1824,16.376,0,0
rocksdb,churn,1825,20.727,0,0
rocksdb,churn,1826,19.306,0,0
rocksdb,churn,1827,19.383,0,0
rocksdb,churn,1828,16.867,0,0
rocksdb,churn,1829,17.750,0,0
rocksdb,churn,1830,16.344,141317083,0
rocksdb,churn,1831,17.786,0,0
rocksdb,churn,1832,19.002,0,0
rocksdb,churn,1833,22.458,0,0
rocksdb,churn,1834,14.638,0,0
rocksdb,churn,1835,16.092,0,0
rocksdb,churn,1836,15.006,0,0
rocksdb,churn,1837,18.702,0,0
rocksdb,churn,1838,16.094,0,0
rocksdb,churn,1839,19.865,0,0
rocksdb,churn,1840,22.341,165748583,0
rocksdb,churn,1841,21.247,0,0
rocksdb,churn,1842,14.724,0,0
rocksdb,churn,1843,13.261,0,0
rocksdb,churn,1844,21.285,0,0
rocksdb,churn,1845,17.108,0,0
rocksdb,churn,1846,18.916,0,0
rocksdb,churn,1847,14.637,0,0
rocksdb,churn,1848,17.255,0,0
rocksdb,churn,1849,11.720,0,0
rocksdb,churn,1850,17.974,126281409,0
rocksdb,churn,1851,18.206,0,0
rocksdb,churn,1852,45.389,0,0
rocksdb,churn,1853,33.614,0,0
rocksdb,churn,1854,24.821,0,0
rocksdb,churn,1855,24.524,0,0
rocksdb,churn,1856,34.802,0,0
rocksdb,churn,1857,17.676,0,0
rocksdb,churn,1858,20.511,0,0
rocksdb,churn,1859,15.180,0,0
rocksdb,churn,1860,17.399,152515490,0
rocksdb,churn,1861,15.440,0,0
rocksdb,churn,1862,15.107,0,0
rocksdb,churn,1863,15.841,0,0
rocksdb,churn,1864,20.616,0,0
rocksdb,churn,1865,22.785,0,0
rocksdb,churn,1866,20.188,0,0
rocksdb,churn,1867,13.085,0,0
rocksdb,churn,1868,14.668,0,0
rocksdb,churn,1869,22.646,0,0
rocksdb,churn,1870,22.981,213922182,0
rocksdb,churn,1871,26.229,0,0
rocksdb,churn,1872,19.420,0,0
rocksdb,churn,1873,20.562,0,0
rocksdb,churn,1874,17.500,0,0
rocksdb,churn,1875,17.788,0,0
rocksdb,churn,1876,20.904,0,0
rocksdb,churn,1877,21.832,0,0
rocksdb,churn,1878,16.852,0,0
rocksdb,churn,1879,16.427,0,0
rocksdb,churn,1880,19.004,148323571,0
rocksdb,churn,1881,20.013,0,0
rocksdb,churn,1882,23.274,0,0
rocksdb,churn,1883,21.912,0,0
rocksdb,churn,1884,18.334,0,0
rocksdb,churn,1885,20.185,0,0
rocksdb,churn,1886,27.119,0,0
rocksdb,churn,1887,23.045,0,0
rocksdb,churn,1888,21.522,0,0
rocksdb,churn,1889,20.638,0,0
rocksdb,churn,1890,22.011,172790490,0
rocksdb,churn,1891,18.839,0,0
rocksdb,churn,1892,22.664,0,0
rocksdb,churn,1893,21.175,0,0
rocksdb,churn,1894,20.233,0,0
rocksdb,churn,1895,24.133,0,0
rocksdb,churn,1896,24.726,0,0
rocksdb,churn,1897,17.488,0,0
rocksdb,churn,1898,21.936,0,0
rocksdb,churn,1899,17.157,0,0
rocksdb,churn,1900,22.246,138300457,0
rocksdb,churn,1901,24.355,0,0
rocksdb,churn,1902,24.288,0,0
rocksdb,churn,1903,18.024,0,0
rocksdb,churn,1904,19.439,0,0
rocksdb,churn,1905,26.546,0,0
rocksdb,churn,1906,20.695,0,0
rocksdb,churn,1907,20.479,0,0
rocksdb,churn,1908,20.525,0,0
rocksdb,churn,1909,21.897,0,0
rocksdb,churn,1910,19.369,168929191,0
rocksdb,churn,1911,20.453,0,0
rocksdb,churn,1912,17.581,0,0
rocksdb,churn,1913,20.273,0,0
rocksdb,churn,1914,17.814,0,0
rocksdb,churn,1915,21.278,0,0
rocksdb,churn,1916,18.639,0,0
rocksdb,churn,1917,24.272,0,0
rocksdb,churn,1918,24.537,0,0
rocksdb,churn,1919,19.465,0,0
rocksdb,churn,1920,17.776,133521503,0
rocksdb,churn,1921,17.955,0,0
rocksdb,churn,1922,18.940,0,0
rocksdb,churn,1923,18.738,0,0
rocksdb,churn,1924,19.198,0,0
rocksdb,churn,1925,20.839,0,0
rocksdb,churn,1926,22.548,0,0
rocksdb,churn,1927,21.640,0,0
rocksdb,churn,1928,22.025,0,0
rocksdb,churn,1929,23.378,0,0
rocksdb,churn,1930,19.543,161191305,0
rocksdb,churn,1931,23.567,0,0
rocksdb,churn,1932,21.310,0,0
rocksdb,churn,1933,17.234,0,0
rocksdb,churn,1934,26.362,0,0
rocksdb,churn,1935,16.236,0,0
rocksdb,churn,1936,13.838,0,0
rocksdb,churn,1937,17.773,0,0
rocksdb,churn,1938,23.162,0,0
rocksdb,churn,1939,24.173,0,0
rocksdb,churn,1940,20.505,126537837,0
rocksdb,churn,1941,17.911,0,0
rocksdb,churn,1942,18.115,0,0
rocksdb,churn,1943,22.136,0,0
rocksdb,churn,1944,15.729,0,0
rocksdb,churn,1945,18.074,0,0
rocksdb,churn,1946,19.218,0,0
rocksdb,churn,1947,17.757,0,0
rocksdb,churn,1948,16.268,0,0
rocksdb,churn,1949,15.701,0,0
rocksdb,churn,1950,18.899,150027702,0
rocksdb,churn,1951,25.951,0,0
rocksdb,churn,1952,23.273,0,0
rocksdb,churn,1953,20.832,0,0
rocksdb,churn,1954,20.905,0,0
rocksdb,churn,1955,16.134,0,0
rocksdb,churn,1956,20.384,0,0
rocksdb,churn,1957,21.961,0,0
rocksdb,churn,1958,17.735,0,0
rocksdb,churn,1959,30.291,0,0
rocksdb,churn,1960,24.977,178754474,0
rocksdb,churn,1961,22.859,0,0
rocksdb,churn,1962,24.950,0,0
rocksdb,churn,1963,20.630,0,0
rocksdb,churn,1964,19.780,0,0
rocksdb,churn,1965,19.177,0,0
rocksdb,churn,1966,16.991,0,0
rocksdb,churn,1967,19.001,0,0
rocksdb,churn,1968,20.868,0,0
rocksdb,churn,1969,24.414,0,0
rocksdb,churn,1970,27.603,148377177,0
rocksdb,churn,1971,27.385,0,0
rocksdb,churn,1972,17.162,0,0
rocksdb,churn,1973,22.277,0,0
rocksdb,churn,1974,18.852,0,0
rocksdb,churn,1975,21.653,0,0
rocksdb,churn,1976,21.401,0,0
rocksdb,churn,1977,17.808,0,0
rocksdb,churn,1978,21.674,0,0
rocksdb,churn,1979,25.768,0,0
rocksdb,churn,1980,21.084,177121842,0
rocksdb,churn,1981,18.216,0,0
rocksdb,churn,1982,22.705,0,0
rocksdb,churn,1983,22.699,0,0
rocksdb,churn,1984,21.725,0,0
rocksdb,churn,1985,25.778,0,0
rocksdb,churn,1986,17.676,0,0
rocksdb,churn,1987,22.270,0,0
rocksdb,churn,1988,20.492,0,0
rocksdb,churn,1989,22.470,0,0
rocksdb,churn,1990,37.217,146380215,0
rocksdb,churn,1991,17.007,0,0
rocksdb,churn,1992,16.938,0,0
rocksdb,churn,1993,23.010,0,0
rocksdb,churn,1994,20.056,0,0
rocksdb,churn,1995,19.444,0,0
rocksdb,churn,1996,26.361,0,0
rocksdb,churn,1997,19.422,0,0
rocksdb,churn,1998,29.329,0,0
rocksdb,churn,1999,21.568,0,0
rocksdb,churn,2000,25.468,176293195,0
rocksdb,churn,2001,30.066,0,0
rocksdb,churn,2002,22.624,0,0
rocksdb,churn,2003,24.910,0,0
rocksdb,churn,2004,22.566,0,0
rocksdb,churn,2005,27.872,0,0
rocksdb,churn,2006,19.236,0,0
rocksdb,churn,2007,17.555,0,0
rocksdb,churn,2008,23.203,0,0
rocksdb,churn,2009,19.031,0,0
rocksdb,churn,2010,20.099,130510289,0
rocksdb,churn,2011,21.429,0,0
rocksdb,churn,2012,17.934,0,0
rocksdb,churn,2013,18.364,0,0
rocksdb,churn,2014,21.021,0,0
rocksdb,churn,2015,23.996,0,0
rocksdb,churn,2016,18.864,0,0
rocksdb,churn,2017,18.842,0,0
rocksdb,churn,2018,22.474,0,0
rocksdb,churn,2019,22.506,0,0
rocksdb,churn,2020,16.939,162925035,0
rocksdb,churn,2021,23.137,0,0
rocksdb,churn,2022,18.713,0,0
rocksdb,churn,2023,20.693,0,0
rocksdb,churn,2024,21.086,0,0
rocksdb,churn,2025,22.386,0,0
rocksdb,churn,2026,22.424,0,0
rocksdb,churn,2027,20.601,0,0
rocksdb,churn,2028,24.067,0,0
rocksdb,churn,2029,31.246,0,0
rocksdb,churn,2030,22.950,126359203,0
rocksdb,churn,2031,20.474,0,0
rocksdb,churn,2032,21.802,0,0
rocksdb,churn,2033,19.339,0,0
rocksdb,churn,2034,33.609,0,0
rocksdb,churn,2035,21.851,0,0
rocksdb,churn,2036,18.033,0,0
rocksdb,churn,2037,21.020,0,0
rocksdb,churn,2038,15.124,0,0
rocksdb,churn,2039,19.846,0,0
rocksdb,churn,2040,19.371,153554283,0
rocksdb,churn,2041,23.483,0,0
rocksdb,churn,2042,17.598,0,0
rocksdb,churn,2043,24.028,0,0
rocksdb,churn,2044,20.601,0,0
rocksdb,churn,2045,23.241,0,0
rocksdb,churn,2046,21.984,0,0
rocksdb,churn,2047,29.585,0,0
rocksdb,churn,2048,20.256,0,0
rocksdb,churn,2049,23.223,0,0
rocksdb,churn,2050,26.102,186514030,0
rocksdb,churn,2051,27.972,0,0
rocksdb,churn,2052,26.035,0,0
rocksdb,churn,2053,33.995,0,0
rocksdb,churn,2054,21.847,0,0
rocksdb,churn,2055,22.493,0,0
rocksdb,churn,2056,29.278,0,0
rocksdb,churn,2057,20.312,0,0
rocksdb,churn,2058,19.997,0,0
rocksdb,churn,2059,22.763,0,0
rocksdb,churn,2060,23.823,145099532,0
rocksdb,churn,2061,21.027,0,0
rocksdb,churn,2062,24.626,0,0
rocksdb,churn,2063,20.923,0,0
rocksdb,churn,2064,21.379,0,0
rocksdb,churn,2065,22.209,0,0
rocksdb,churn,2066,21.964,0,0
rocksdb,churn,2067,18.849,0,0
rocksdb,churn,2068,25.047,0,0
rocksdb,churn,2069,19.018,0,0
rocksdb,churn,2070,15.971,174338452,0
rocksdb,churn,2071,20.672,0,0
rocksdb,churn,2072,19.640,0,0
rocksdb,churn,2073,23.643,0,0
rocksdb,churn,2074,20.564,0,0
rocksdb,churn,2075,23.191,0,0
rocksdb,churn,2076,15.010,0,0
rocksdb,churn,2077,23.008,0,0
rocksdb,churn,2078,19.566,0,0
rocksdb,churn,2079,20.015,0,0
rocksdb,churn,2080,16.287,142073033,0
rocksdb,churn,2081,20.862,0,0
rocksdb,churn,2082,22.211,0,0
rocksdb,churn,2083,18.106,0,0
rocksdb,churn,2084,17.845,0,0
rocksdb,churn,2085,22.357,0,0
rocksdb,churn,2086,19.246,0,0
rocksdb,churn,2087,17.491,0,0
rocksdb,churn,2088,17.910,0,0
rocksdb,churn,2089,22.530,0,0
rocksdb,churn,2090,16.790,170840268,0
rocksdb,churn,2091,16.873,0,0
rocksdb,churn,2092,17.090,0,0
rocksdb,churn,2093,27.729,0,0
rocksdb,churn,2094,21.871,0,0
rocksdb,churn,2095,20.160,0,0
rocksdb,churn,2096,24.978,0,0
rocksdb,churn,2097,21.679,0,0
rocksdb,churn,2098,20.184,0,0
rocksdb,churn,2099,21.594,0,0
rocksdb,churn,2100,30.572,135065764,0
rocksdb,churn,2101,24.570,0,0
rocksdb,churn,2102,15.220,0,0
rocksdb,churn,2103,18.243,0,0
rocksdb,churn,2104,23.217,0,0
rocksdb,churn,2105,18.504,0,0
rocksdb,churn,2106,25.378,0,0
rocksdb,churn,2107,22.893,0,0
rocksdb,churn,2108,15.140,0,0
rocksdb,churn,2109,21.645,0,0
rocksdb,churn,2110,20.386,162970339,0
rocksdb,churn,2111,18.862,0,0
rocksdb,churn,2112,16.895,0,0
rocksdb,churn,2113,18.847,0,0
rocksdb,churn,2114,18.478,0,0
rocksdb,churn,2115,20.749,0,0
rocksdb,churn,2116,17.755,0,0
rocksdb,churn,2117,20.509,0,0
rocksdb,churn,2118,17.719,0,0
rocksdb,churn,2119,17.809,0,0
rocksdb,churn,2120,24.600,126466145,0
rocksdb,churn,2121,20.186,0,0
rocksdb,churn,2122,19.962,0,0
rocksdb,churn,2123,23.457,0,0
rocksdb,churn,2124,15.313,0,0
rocksdb,churn,2125,22.328,0,0
rocksdb,churn,2126,25.173,0,0
rocksdb,churn,2127,21.404,0,0
rocksdb,churn,2128,17.376,0,0
rocksdb,churn,2129,20.272,0,0
rocksdb,churn,2130,21.063,153424736,0
rocksdb,churn,2131,22.569,0,0
rocksdb,churn,2132,18.971,0,0
rocksdb,churn,2133,25.584,0,0
rocksdb,churn,2134,22.613,0,0
rocksdb,churn,2135,20.314,0,0
rocksdb,churn,2136,17.070,0,0
rocksdb,churn,2137,26.870,0,0
rocksdb,churn,2138,18.160,0,0
rocksdb,churn,2139,21.418,0,0
rocksdb,churn,2140,23.007,213051594,0
rocksdb,churn,2141,22.804,0,0
rocksdb,churn,2142,21.445,0,0
rocksdb,churn,2143,20.934,0,0
rocksdb,churn,2144,22.096,0,0
rocksdb,churn,2145,18.681,0,0
rocksdb,churn,2146,13.127,0,0
rocksdb,churn,2147,26.733,0,0
rocksdb,churn,2148,18.089,0,0
rocksdb,churn,2149,23.301,0,0
rocksdb,churn,2150,17.106,149383045,0
rocksdb,churn,2151,15.038,0,0
rocksdb,churn,2152,20.396,0,0
rocksdb,churn,2153,22.420,0,0
rocksdb,churn,2154,22.568,0,0
rocksdb,churn,2155,19.553,0,0
rocksdb,churn,2156,18.674,0,0
rocksdb,churn,2157,21.121,0,0
rocksdb,churn,2158,29.704,0,0
rocksdb,churn,2159,15.236,0,0
rocksdb,churn,2160,28.257,182856832,0
rocksdb,churn,2161,28.463,0,0
rocksdb,churn,2162,21.771,0,0
rocksdb,churn,2163,18.232,0,0
rocksdb,churn,2164,21.161,0,0
rocksdb,churn,2165,20.327,0,0
rocksdb,churn,2166,17.861,0,0
rocksdb,churn,2167,26.054,0,0
rocksdb,churn,2168,27.963,0,0
rocksdb,churn,2169,20.231,0,0
rocksdb,churn,2170,21.724,140267835,0
rocksdb,churn,2171,28.541,0,0
rocksdb,churn,2172,16.817,0,0
rocksdb,churn,2173,20.641,0,0
rocksdb,churn,2174,49.086,0,0
rocksdb,churn,2175,25.929,0,0
rocksdb,churn,2176,22.295,0,0
rocksdb,churn,2177,23.611,0,0
rocksdb,churn,2178,18.635,0,0
rocksdb,churn,2179,23.244,0,0
rocksdb,churn,2180,18.977,171049331,0
rocksdb,churn,2181,17.342,0,0
rocksdb,churn,2182,22.270,0,0
rocksdb,churn,2183,23.028,0,0
rocksdb,churn,2184,25.978,0,0
rocksdb,churn,2185,24.706,0,0
rocksdb,churn,2186,20.077,0,0
rocksdb,churn,2187,26.673,0,0
rocksdb,churn,2188,21.156,0,0
rocksdb,churn,2189,19.645,0,0
rocksdb,churn,2190,20.623,129911518,0
rocksdb,churn,2191,24.545,0,0
rocksdb,churn,2192,23.018,0,0
rocksdb,churn,2193,17.618,0,0
rocksdb,churn,2194,19.352,0,0
rocksdb,churn,2195,22.523,0,0
rocksdb,churn,2196,20.668,0,0
rocksdb,churn,2197,22.307,0,0
rocksdb,churn,2198,20.623,0,0
rocksdb,churn,2199,21.438,0,0
rocksdb,churn,2200,17.971,156588664,0
rocksdb,churn,2201,18.527,0,0
rocksdb,churn,2202,20.279,0,0
rocksdb,churn,2203,24.040,0,0
rocksdb,churn,2204,24.048,0,0
rocksdb,churn,2205,19.904,0,0
rocksdb,churn,2206,23.428,0,0
rocksdb,churn,2207,20.797,0,0
rocksdb,churn,2208,29.056,0,0
rocksdb,churn,2209,21.649,0,0
rocksdb,churn,2210,21.159,227997713,0
rocksdb,churn,2211,26.070,0,0
rocksdb,churn,2212,19.476,0,0
rocksdb,churn,2213,24.075,0,0
rocksdb,churn,2214,19.866,0,0
rocksdb,churn,2215,23.449,0,0
rocksdb,churn,2216,15.336,0,0
rocksdb,churn,2217,20.657,0,0
rocksdb,churn,2218,24.594,0,0
rocksdb,churn,2219,19.341,0,0
rocksdb,churn,2220,27.427,154660361,0
rocksdb,churn,2221,23.011,0,0
rocksdb,churn,2222,24.632,0,0
rocksdb,churn,2223,22.367,0,0
rocksdb,churn,2224,18.910,0,0
rocksdb,churn,2225,19.403,0,0
rocksdb,churn,2226,18.988,0,0
rocksdb,churn,2227,19.271,0,0
rocksdb,churn,2228,21.452,0,0
rocksdb,churn,2229,23.444,0,0
rocksdb,churn,2230,27.885,182303410,0
rocksdb,churn,2231,18.032,0,0
rocksdb,churn,2232,20.931,0,0
rocksdb,churn,2233,22.902,0,0
rocksdb,churn,2234,22.552,0,0
rocksdb,churn,2235,17.960,0,0
rocksdb,churn,2236,24.530,0,0
rocksdb,churn,2237,20.105,0,0
rocksdb,churn,2238,22.839,0,0
rocksdb,churn,2239,23.215,0,0
rocksdb,churn,2240,26.390,143482607,0
rocksdb,churn,2241,25.388,0,0
rocksdb,churn,2242,20.926,0,0
rocksdb,churn,2243,26.543,0,0
rocksdb,churn,2244,31.936,0,0
rocksdb,churn,2245,13.688,0,0
rocksdb,churn,2246,14.686,0,0
rocksdb,churn,2247,17.299,0,0
rocksdb,churn,2248,14.827,0,0
rocksdb,churn,2249,16.546,0,0
rocksdb,churn,2250,15.445,168157726,0
rocksdb,churn,2251,20.424,0,0
rocksdb,churn,2252,17.570,0,0
rocksdb,churn,2253,13.156,0,0
rocksdb,churn,2254,22.918,0,0
rocksdb,churn,2255,23.435,0,0
rocksdb,churn,2256,18.998,0,0
rocksdb,churn,2257,16.915,0,0
rocksdb,churn,2258,13.790,0,0
rocksdb,churn,2259,18.241,0,0
rocksdb,churn,2260,12.566,135926616,0
rocksdb,churn,2261,13.625,0,0
rocksdb,churn,2262,13.012,0,0
rocksdb,churn,2263,20.327,0,0
rocksdb,churn,2264,16.786,0,0
rocksdb,churn,2265,15.946,0,0
rocksdb,churn,2266,24.565,0,0
rocksdb,churn,2267,19.956,0,0
rocksdb,churn,2268,17.456,0,0
rocksdb,churn,2269,16.818,0,0
rocksdb,churn,2270,14.570,162883592,0
rocksdb,churn,2271,20.839,0,0
rocksdb,churn,2272,12.247,0,0
rocksdb,churn,2273,17.432,0,0
rocksdb,churn,2274,16.096,0,0
rocksdb,churn,2275,18.037,0,0
rocksdb,churn,2276,22.795,0,0
rocksdb,churn,2277,15.500,0,0
rocksdb,churn,2278,15.527,0,0
rocksdb,churn,2279,17.126,0,0
rocksdb,churn,2280,17.348,127845755,0
rocksdb,churn,2281,20.748,0,0
rocksdb,churn,2282,21.114,0,0
rocksdb,churn,2283,26.331,0,0
rocksdb,churn,2284,24.638,0,0
rocksdb,churn,2285,21.435,0,0
rocksdb,churn,2286,22.032,0,0
rocksdb,churn,2287,21.351,0,0
rocksdb,churn,2288,20.138,0,0
rocksdb,churn,2289,23.854,0,0
rocksdb,churn,2290,20.810,155673911,0
rocksdb,churn,2291,21.692,0,0
rocksdb,churn,2292,19.402,0,0
rocksdb,churn,2293,18.646,0,0
rocksdb,churn,2294,17.623,0,0
rocksdb,churn,2295,26.587,0,0
rocksdb,churn,2296,15.578,0,0
rocksdb,churn,2297,20.219,0,0
rocksdb,churn,2298,21.245,0,0
rocksdb,churn,2299,20.347,0,0
rocksdb,churn,2300,17.176,128160219,0
rocksdb,churn,2301,18.688,0,0
rocksdb,churn,2302,17.246,0,0
rocksdb,churn,2303,14.442,0,0
rocksdb,churn,2304,16.765,0,0
rocksdb,churn,2305,14.476,0,0
rocksdb,churn,2306,15.616,0,0
rocksdb,churn,2307,19.137,0,0
rocksdb,churn,2308,19.036,0,0
rocksdb,churn,2309,17.524,0,0
rocksdb,churn,2310,14.241,150393376,0
rocksdb,churn,2311,13.079,0,0
rocksdb,churn,2312,18.447,0,0
rocksdb,churn,2313,17.483,0,0
rocksdb,churn,2314,14.835,0,0
rocksdb,churn,2315,12.935,0,0
rocksdb,churn,2316,19.159,0,0
rocksdb,churn,2317,17.106,0,0
rocksdb,churn,2318,17.058,0,0
rocksdb,churn,2319,19.707,0,0
rocksdb,churn,2320,17.911,170910769,0
rocksdb,churn,2321,18.555,0,0
rocksdb,churn,2322,17.498,0,0
rocksdb,churn,2323,20.408,0,0
rocksdb,churn,2324,16.557,0,0
rocksdb,churn,2325,16.245,0,0
rocksdb,churn,2326,20.364,0,0
rocksdb,churn,2327,14.964,0,0
rocksdb,churn,2328,14.018,0,0
rocksdb,churn,2329,15.253,0,0
rocksdb,churn,2330,17.106,139772010,0
rocksdb,churn,2331,14.260,0,0
rocksdb,churn,2332,23.380,0,0
rocksdb,churn,2333,19.819,0,0
rocksdb,churn,2334,23.382,0,0
rocksdb,churn,2335,20.261,0,0
rocksdb,churn,2336,22.265,0,0
rocksdb,churn,2337,24.188,0,0
rocksdb,churn,2338,21.665,0,0
rocksdb,churn,2339,20.171,0,0
rocksdb,churn,2340,19.162,167521462,0
rocksdb,churn,2341,20.262,0,0
rocksdb,churn,2342,20.251,0,0
rocksdb,churn,2343,22.132,0,0
rocksdb,churn,2344,17.952,0,0
rocksdb,churn,2345,23.263,0,0
rocksdb,churn,2346,19.168,0,0
rocksdb,churn,2347,17.789,0,0
rocksdb,churn,2348,17.567,0,0
rocksdb,churn,2349,17.003,0,0
rocksdb,churn,2350,21.839,138818025,0
rocksdb,churn,2351,20.883,0,0
rocksdb,churn,2352,26.213,0,0
rocksdb,churn,2353,16.204,0,0
rocksdb,churn,2354,20.495,0,0
rocksdb,churn,2355,14.899,0,0
rocksdb,churn,2356,26.082,0,0
rocksdb,churn,2357,19.910,0,0
rocksdb,churn,2358,18.537,0,0
rocksdb,churn,2359,17.118,0,0
rocksdb,churn,2360,16.546,167062511,0
rocksdb,churn,2361,23.290,0,0
rocksdb,churn,2362,19.535,0,0
rocksdb,churn,2363,23.108,0,0
rocksdb,churn,2364,25.411,0,0
rocksdb,churn,2365,20.429,0,0
rocksdb,churn,2366,23.440,0,0
rocksdb,churn,2367,17.488,0,0
rocksdb,churn,2368,21.059,0,0
rocksdb,churn,2369,25.614,0,0
rocksdb,churn,2370,23.219,125571012,0
rocksdb,churn,2371,21.965,0,0
rocksdb,churn,2372,30.485,0,0
rocksdb,churn,2373,21.739,0,0
rocksdb,churn,2374,17.446,0,0
rocksdb,churn,2375,19.678,0,0
rocksdb,churn,2376,18.415,0,0
rocksdb,churn,2377,18.437,0,0
rocksdb,churn,2378,19.949,0,0
rocksdb,churn,2379,21.695,0,0
rocksdb,churn,2380,23.098,153941315,0
rocksdb,churn,2381,22.873,0,0
rocksdb,churn,2382,22.471,0,0
rocksdb,churn,2383,24.999,0,0
rocksdb,churn,2384,20.427,0,0
rocksdb,churn,2385,21.091,0,0
rocksdb,churn,2386,24.425,0,0
rocksdb,churn,2387,20.265,0,0
rocksdb,churn,2388,21.125,0,0
rocksdb,churn,2389,22.946,0,0
rocksdb,churn,2390,21.828,127613408,0
rocksdb,churn,2391,18.707,0,0
rocksdb,churn,2392,16.033,0,0
rocksdb,churn,2393,17.170,0,0
rocksdb,churn,2394,18.428,0,0
rocksdb,churn,2395,14.055,0,0
rocksdb,churn,2396,19.296,0,0
rocksdb,churn,2397,22.120,0,0
rocksdb,churn,2398,25.040,0,0
rocksdb,churn,2399,20.690,0,0
rocksdb,churn,2400,19.257,153043315,0
rocksdb,churn,2401,14.366,0,0
rocksdb,churn,2402,18.886,0,0
rocksdb,churn,2403,20.032,0,0
rocksdb,churn,2404,17.380,0,0
rocksdb,churn,2405,16.527,0,0
rocksdb,churn,2406,20.516,0,0
rocksdb,churn,2407,15.259,0,0
rocksdb,churn,2408,33.685,0,0
rocksdb,churn,2409,20.449,0,0
rocksdb,churn,2410,23.766,186807722,0
rocksdb,churn,2411,21.645,0,0
rocksdb,churn,2412,23.105,0,0
rocksdb,churn,2413,19.225,0,0
rocksdb,churn,2414,18.692,0,0
rocksdb,churn,2415,43.971,0,0
rocksdb,churn,2416,18.039,0,0
rocksdb,churn,2417,20.883,0,0
rocksdb,churn,2418,21.827,0,0
rocksdb,churn,2419,17.013,0,0
rocksdb,churn,2420,17.474,141240129,0
rocksdb,churn,2421,21.900,0,0
rocksdb,churn,2422,23.143,0,0
rocksdb,churn,2423,16.231,0,0
rocksdb,churn,2424,22.085,0,0
rocksdb,churn,2425,21.336,0,0
rocksdb,churn,2426,19.284,0,0
rocksdb,churn,2427,20.837,0,0
rocksdb,churn,2428,20.705,0,0
rocksdb,churn,2429,20.579,0,0
rocksdb,churn,2430,25.338,171443794,0
rocksdb,churn,2431,30.896,0,0
rocksdb,churn,2432,24.947,0,0
rocksdb,churn,2433,19.327,0,0
rocksdb,churn,2434,22.482,0,0
rocksdb,churn,2435,15.316,0,0
rocksdb,churn,2436,16.289,0,0
rocksdb,churn,2437,20.718,0,0
rocksdb,churn,2438,25.192,0,0
rocksdb,churn,2439,18.165,0,0
rocksdb,churn,2440,20.685,139040348,0
rocksdb,churn,2441,21.160,0,0
rocksdb,churn,2442,20.294,0,0
rocksdb,churn,2443,22.976,0,0
rocksdb,churn,2444,23.476,0,0
rocksdb,churn,2445,21.199,0,0
rocksdb,churn,2446,17.970,0,0
rocksdb,churn,2447,16.727,0,0
rocksdb,churn,2448,18.942,0,0
rocksdb,churn,2449,19.069,0,0
rocksdb,churn,2450,27.073,167804796,0
rocksdb,churn,2451,17.521,0,0
rocksdb,churn,2452,19.602,0,0
rocksdb,churn,2453,23.339,0,0
rocksdb,churn,2454,19.302,0,0
rocksdb,churn,2455,14.720,0,0
rocksdb,churn,2456,21.011,0,0
rocksdb,churn,2457,19.529,0,0
rocksdb,churn,2458,19.952,0,0
rocksdb,churn,2459,25.767,0,0
rocksdb,churn,2460,20.029,132170691,0
rocksdb,churn,2461,22.001,0,0
rocksdb,churn,2462,24.121,0,0
rocksdb,churn,2463,16.412,0,0
rocksdb,churn,2464,19.100,0,0
rocksdb,churn,2465,18.560,0,0
rocksdb,churn,2466,15.681,0,0
rocksdb,churn,2467,20.847,0,0
rocksdb,churn,2468,18.608,0,0
rocksdb,churn,2469,19.939,0,0
rocksdb,churn,2470,21.725,158833966,0
rocksdb,churn,2471,19.599,0,0
rocksdb,churn,2472,21.263,0,0
rocksdb,churn,2473,23.434,0,0
rocksdb,churn,2474,21.808,0,0
rocksdb,churn,2475,22.982,0,0
rocksdb,churn,2476,21.538,0,0
rocksdb,churn,2477,21.691,0,0
rocksdb,churn,2478,23.364,0,0
rocksdb,churn,2479,21.469,0,0
rocksdb,churn,2480,23.117,126359641,0
rocksdb,churn,2481,24.438,0,0
rocksdb,churn,2482,26.333,0,0
rocksdb,churn,2483,29.173,0,0
rocksdb,churn,2484,24.930,0,0
rocksdb,churn,2485,23.934,0,0
rocksdb,churn,2486,23.404,0,0
rocksdb,churn,2487,24.280,0,0
rocksdb,churn,2488,17.451,0,0
rocksdb,churn,2489,24.500,0,0
rocksdb,churn,2490,16.119,158007190,0
rocksdb,churn,2491,26.637,0,0
rocksdb,churn,2492,19.798,0,0
rocksdb,churn,2493,21.049,0,0
rocksdb,churn,2494,21.197,0,0
rocksdb,churn,2495,18.313,0,0
rocksdb,churn,2496,15.082,0,0
rocksdb,churn,2497,16.656,0,0
rocksdb,churn,2498,18.342,0,0
rocksdb,churn,2499,28.833,0,0
rocksdb,churn,2500,27.001,183574079,0
rocksdb,churn,2501,30.869,0,0
rocksdb,churn,2502,29.449,0,0
rocksdb,churn,2503,28.878,0,0
rocksdb,churn,2504,18.424,0,0
rocksdb,churn,2505,17.930,0,0
rocksdb,churn,2506,17.265,0,0
rocksdb,churn,2507,19.567,0,0
rocksdb,churn,2508,21.087,0,0
rocksdb,churn,2509,18.282,0,0
rocksdb,churn,2510,19.463,140242925,0
rocksdb,churn,2511,28.774,0,0
rocksdb,churn,2512,24.328,0,0
rocksdb,churn,2513,14.339,0,0
rocksdb,churn,2514,23.220,0,0
rocksdb,churn,2515,19.114,0,0
rocksdb,churn,2516,21.519,0,0
rocksdb,churn,2517,23.798,0,0
rocksdb,churn,2518,19.923,0,0
rocksdb,churn,2519,24.451,0,0
rocksdb,churn,2520,20.835,168801144,0
rocksdb,churn,2521,23.900,0,0
rocksdb,churn,2522,18.988,0,0
rocksdb,churn,2523,20.036,0,0
rocksdb,churn,2524,17.638,0,0
rocksdb,churn,2525,21.585,0,0
rocksdb,churn,2526,15.460,0,0
rocksdb,churn,2527,21.553,0,0
rocksdb,churn,2528,19.672,0,0
rocksdb,churn,2529,27.672,0,0
rocksdb,churn,2530,16.161,141432393,0
rocksdb,churn,2531,21.665,0,0
rocksdb,churn,2532,15.561,0,0
rocksdb,churn,2533,17.112,0,0
rocksdb,churn,2534,26.199,0,0
rocksdb,churn,2535,26.313,0,0
rocksdb,churn,2536,22.101,0,0
rocksdb,churn,2537,19.687,0,0
rocksdb,churn,2538,20.720,0,0
rocksdb,churn,2539,23.793,0,0
rocksdb,churn,2540,21.359,170066023,0
rocksdb,churn,2541,18.986,0,0
rocksdb,churn,2542,24.128,0,0
rocksdb,churn,2543,18.947,0,0
rocksdb,churn,2544,20.774,0,0
rocksdb,churn,2545,19.632,0,0
rocksdb,churn,2546,21.788,0,0
rocksdb,churn,2547,22.561,0,0
rocksdb,churn,2548,21.914,0,0
rocksdb,churn,2549,14.836,0,0
rocksdb,churn,2550,26.369,131452596,0
rocksdb,churn,2551,21.569,0,0
rocksdb,churn,2552,27.791,0,0
rocksdb,churn,2553,19.487,0,0
rocksdb,churn,2554,28.218,0,0
rocksdb,churn,2555,18.233,0,0
rocksdb,churn,2556,23.706,0,0
rocksdb,churn,2557,18.811,0,0
rocksdb,churn,2558,18.919,0,0
rocksdb,churn,2559,18.483,0,0
rocksdb,churn,2560,16.242,159129449,0
rocksdb,churn,2561,21.036,0,0
rocksdb,churn,2562,20.481,0,0
rocksdb,churn,2563,18.081,0,0
rocksdb,churn,2564,19.678,0,0
rocksdb,churn,2565,22.205,0,0
rocksdb,churn,2566,23.544,0,0
rocksdb,churn,2567,21.205,0,0
rocksdb,churn,2568,24.013,0,0
rocksdb,churn,2569,19.783,0,0
rocksdb,churn,2570,19.950,135581564,0
rocksdb,churn,2571,21.325,0,0
rocksdb,churn,2572,20.325,0,0
rocksdb,churn,2573,20.682,0,0
rocksdb,churn,2574,41.088,0,0
rocksdb,churn,2575,34.204,0,0
rocksdb,churn,2576,21.346,0,0
rocksdb,churn,2577,20.322,0,0
rocksdb,churn,2578,21.595,0,0
rocksdb,churn,2579,17.199,0,0
rocksdb,churn,2580,20.863,163353102,0
rocksdb,churn,2581,22.017,0,0
rocksdb,churn,2582,16.514,0,0
rocksdb,churn,2583,26.740,0,0
rocksdb,churn,2584,35.299,0,0
rocksdb,churn,2585,27.186,0,0
rocksdb,churn,2586,19.979,0,0
rocksdb,churn,2587,21.521,0,0
rocksdb,churn,2588,18.869,0,0
rocksdb,churn,2589,21.983,0,0
rocksdb,churn,2590,21.287,193019820,0
rocksdb,churn,2591,16.746,0,0
rocksdb,churn,2592,19.970,0,0
rocksdb,churn,2593,15.961,0,0
rocksdb,churn,2594,24.748,0,0
rocksdb,churn,2595,19.594,0,0
rocksdb,churn,2596,19.111,0,0
rocksdb,churn,2597,21.832,0,0
rocksdb,churn,2598,24.576,0,0
rocksdb,churn,2599,28.574,0,0
rocksdb,churn,2600,16.099,147015783,0
rocksdb,churn,2601,19.333,0,0
rocksdb,churn,2602,19.560,0,0
rocksdb,churn,2603,19.018,0,0
rocksdb,churn,2604,21.188,0,0
rocksdb,churn,2605,18.526,0,0
rocksdb,churn,2606,23.348,0,0
rocksdb,churn,2607,22.286,0,0
rocksdb,churn,2608,20.819,0,0
rocksdb,churn,2609,17.972,0,0
rocksdb,churn,2610,17.249,172532145,0
rocksdb,churn,2611,19.711,0,0
rocksdb,churn,2612,19.243,0,0
rocksdb,churn,2613,15.219,0,0
rocksdb,churn,2614,22.434,0,0
rocksdb,churn,2615,18.335,0,0
rocksdb,churn,2616,21.283,0,0
rocksdb,churn,2617,28.075,0,0
rocksdb,churn,2618,13.693,0,0
rocksdb,churn,2619,15.745,0,0
rocksdb,churn,2620,25.219,142026209,0
rocksdb,churn,2621,21.352,0,0
rocksdb,churn,2622,24.259,0,0
rocksdb,churn,2623,25.097,0,0
rocksdb,churn,2624,22.677,0,0
rocksdb,churn,2625,23.301,0,0
rocksdb,churn,2626,23.678,0,0
rocksdb,churn,2627,24.795,0,0
rocksdb,churn,2628,17.834,0,0
rocksdb,churn,2629,19.270,0,0
rocksdb,churn,2630,23.591,176777763,0
rocksdb,churn,2631,27.320,0,0
rocksdb,churn,2632,24.814,0,0
rocksdb,churn,2633,22.662,0,0
rocksdb,churn,2634,22.883,0,0
rocksdb,churn,2635,35.752,0,0
rocksdb,churn,2636,24.576,0,0
rocksdb,churn,2637,22.084,0,0
rocksdb,churn,2638,42.642,0,0
rocksdb,churn,2639,27.726,0,0
rocksdb,churn,2640,26.887,127157385,0
rocksdb,churn,2641,45.659,0,0
rocksdb,churn,2642,25.016,0,0
rocksdb,churn,2643,15.846,0,0
rocksdb,churn,2644,19.234,0,0
rocksdb,churn,2645,17.059,0,0
rocksdb,churn,2646,21.294,0,0
rocksdb,churn,2647,25.013,0,0
rocksdb,churn,2648,19.329,0,0
rocksdb,churn,2649,16.998,0,0
rocksdb,churn,2650,17.390,154744720,0
rocksdb,churn,2651,19.673,0,0
rocksdb,churn,2652,20.891,0,0
rocksdb,churn,2653,13.609,0,0
rocksdb,churn,2654,25.257,0,0
rocksdb,churn,2655,23.838,0,0
rocksdb,churn,2656,19.390,0,0
rocksdb,churn,2657,21.423,0,0
rocksdb,churn,2658,33.189,0,0
rocksdb,churn,2659,22.027,0,0
rocksdb,churn,2660,26.158,129936205,0
rocksdb,churn,2661,23.096,0,0
rocksdb,churn,2662,19.184,0,0
rocksdb,churn,2663,21.971,0,0
rocksdb,churn,2664,20.429,0,0
rocksdb,churn,2665,23.757,0,0
rocksdb,churn,2666,24.000,0,0
rocksdb,churn,2667,20.394,0,0
rocksdb,churn,2668,18.757,0,0
rocksdb,churn,2669,20.890,0,0
rocksdb,churn,2670,22.630,156883201,0
rocksdb,churn,2671,20.023,0,0
rocksdb,churn,2672,19.915,0,0
rocksdb,churn,2673,21.805,0,0
rocksdb,churn,2674,26.222,0,0
rocksdb,churn,2675,21.503,0,0
rocksdb,churn,2676,21.528,0,0
rocksdb,churn,2677,21.676,0,0
rocksdb,churn,2678,19.353,0,0
rocksdb,churn,2679,21.341,0,0
rocksdb,churn,2680,20.463,190406554,0
rocksdb,churn,2681,17.698,0,0
rocksdb,churn,2682,22.672,0,0
rocksdb,churn,2683,21.639,0,0
rocksdb,churn,2684,19.724,0,0
rocksdb,churn,2685,24.491,0,0
rocksdb,churn,2686,21.945,0,0
rocksdb,churn,2687,20.695,0,0
rocksdb,churn,2688,18.305,0,0
rocksdb,churn,2689,17.979,0,0
rocksdb,churn,2690,21.252,143898614,0
rocksdb,churn,2691,19.185,0,0
rocksdb,churn,2692,19.879,0,0
rocksdb,churn,2693,27.976,0,0
rocksdb,churn,2694,18.006,0,0
rocksdb,churn,2695,18.605,0,0
rocksdb,churn,2696,19.385,0,0
rocksdb,churn,2697,11.835,0,0
rocksdb,churn,2698,13.985,0,0
rocksdb,churn,2699,18.247,0,0
rocksdb,churn,2700,18.244,167346066,0
rocksdb,churn,2701,17.457,0,0
rocksdb,churn,2702,17.970,0,0
rocksdb,churn,2703,24.382,0,0
rocksdb,churn,2704,15.671,0,0
rocksdb,churn,2705,20.501,0,0
rocksdb,churn,2706,15.917,0,0
rocksdb,churn,2707,43.869,0,0
rocksdb,churn,2708,19.117,0,0
rocksdb,churn,2709,22.419,0,0
rocksdb,churn,2710,14.976,141699759,0
rocksdb,churn,2711,15.403,0,0
rocksdb,churn,2712,20.147,0,0
rocksdb,churn,2713,20.935,0,0
rocksdb,churn,2714,20.158,0,0
rocksdb,churn,2715,19.364,0,0
rocksdb,churn,2716,22.077,0,0
rocksdb,churn,2717,15.753,0,0
rocksdb,churn,2718,15.756,0,0
rocksdb,churn,2719,15.585,0,0
rocksdb,churn,2720,18.766,163118293,0
rocksdb,churn,2721,24.052,0,0
rocksdb,churn,2722,24.292,0,0
rocksdb,churn,2723,21.245,0,0
rocksdb,churn,2724,16.374,0,0
rocksdb,churn,2725,21.763,0,0
rocksdb,churn,2726,24.448,0,0
rocksdb,churn,2727,18.148,0,0
rocksdb,churn,2728,22.741,0,0
rocksdb,churn,2729,21.254,0,0
rocksdb,churn,2730,18.969,245955787,0
rocksdb,churn,2731,14.248,0,0
rocksdb,churn,2732,20.180,0,0
rocksdb,churn,2733,16.861,0,0
rocksdb,churn,2734,15.423,0,0
rocksdb,churn,2735,16.273,0,0
rocksdb,churn,2736,17.447,0,0
rocksdb,churn,2737,15.944,0,0
rocksdb,churn,2738,13.383,0,0
rocksdb,churn,2739,13.753,0,0
rocksdb,churn,2740,16.794,152255197,0
rocksdb,churn,2741,24.059,0,0
rocksdb,churn,2742,15.038,0,0
rocksdb,churn,2743,15.341,0,0
rocksdb,churn,2744,12.239,0,0
rocksdb,churn,2745,19.185,0,0
rocksdb,churn,2746,18.682,0,0
rocksdb,churn,2747,21.205,0,0
rocksdb,churn,2748,23.300,0,0
rocksdb,churn,2749,19.791,0,0
rocksdb,churn,2750,20.366,126968123,0
rocksdb,churn,2751,18.348,0,0
rocksdb,churn,2752,19.532,0,0
rocksdb,churn,2753,26.139,0,0
rocksdb,churn,2754,18.633,0,0
rocksdb,churn,2755,18.461,0,0
rocksdb,churn,2756,25.416,0,0
rocksdb,churn,2757,24.617,0,0
rocksdb,churn,2758,23.914,0,0
rocksdb,churn,2759,25.165,0,0
rocksdb,churn,2760,27.565,158352855,0
rocksdb,churn,2761,22.444,0,0
rocksdb,churn,2762,20.873,0,0
rocksdb,churn,2763,17.540,0,0
rocksdb,churn,2764,17.215,0,0
rocksdb,churn,2765,15.962,0,0
rocksdb,churn,2766,19.455,0,0
rocksdb,churn,2767,25.815,0,0
rocksdb,churn,2768,19.248,0,0
rocksdb,churn,2769,20.581,0,0
rocksdb,churn,2770,18.899,184950229,0
rocksdb,churn,2771,21.552,0,0
rocksdb,churn,2772,22.641,0,0
rocksdb,churn,2773,29.220,0,0
rocksdb,churn,2774,18.000,0,0
rocksdb,churn,2775,19.621,0,0
rocksdb,churn,2776,19.821,0,0
rocksdb,churn,2777,16.130,0,0
rocksdb,churn,2778,20.034,0,0
rocksdb,churn,2779,34.591,0,0
rocksdb,churn,2780,31.743,142464133,0
rocksdb,churn,2781,12.634,0,0
rocksdb,churn,2782,18.062,0,0
rocksdb,churn,2783,21.456,0,0
rocksdb,churn,2784,24.653,0,0
rocksdb,churn,2785,25.082,0,0
rocksdb,churn,2786,22.679,0,0
rocksdb,churn,2787,21.118,0,0
rocksdb,churn,2788,17.632,0,0
rocksdb,churn,2789,31.925,0,0
rocksdb,churn,2790,15.103,174076537,0
rocksdb,churn,2791,31.232,0,0
rocksdb,churn,2792,26.602,0,0
rocksdb,churn,2793,20.777,0,0
rocksdb,churn,2794,33.937,0,0
rocksdb,churn,2795,21.587,0,0
rocksdb,churn,2796,21.677,0,0
rocksdb,churn,2797,23.202,0,0
rocksdb,churn,2798,29.309,0,0
rocksdb,churn,2799,18.970,0,0
rocksdb,churn,2800,17.180,140652999,0
rocksdb,churn,2801,26.600,0,0
rocksdb,churn,2802,21.480,0,0
rocksdb,churn,2803,22.983,0,0
rocksdb,churn,2804,25.508,0,0
rocksdb,churn,2805,15.827,0,0
rocksdb,churn,2806,26.079,0,0
rocksdb,churn,2807,26.680,0,0
rocksdb,churn,2808,19.079,0,0
rocksdb,churn,2809,19.646,0,0
rocksdb,churn,2810,21.248,169247491,0
rocksdb,churn,2811,18.027,0,0
rocksdb,churn,2812,24.896,0,0
rocksdb,churn,2813,20.894,0,0
rocksdb,churn,2814,18.607,0,0
rocksdb,churn,2815,20.379,0,0
rocksdb,churn,2816,20.304,0,0
rocksdb,churn,2817,19.842,0,0
rocksdb,churn,2818,17.178,0,0
rocksdb,churn,2819,26.103,0,0
rocksdb,churn,2820,19.734,133645043,0
rocksdb,churn,2821,17.965,0,0
rocksdb,churn,2822,20.472,0,0
rocksdb,churn,2823,17.492,0,0
rocksdb,churn,2824,22.141,0,0
rocksdb,churn,2825,24.147,0,0
rocksdb,churn,2826,24.373,0,0
rocksdb,churn,2827,19.761,0,0
rocksdb,churn,2828,23.192,0,0
rocksdb,churn,2829,21.275,0,0
rocksdb,churn,2830,19.945,162414513,0
rocksdb,churn,2831,22.587,0,0
rocksdb,churn,2832,31.835,0,0
rocksdb,churn,2833,24.944,0,0
rocksdb,churn,2834,22.554,0,0
rocksdb,churn,2835,20.687,0,0
rocksdb,churn,2836,21.450,0,0
rocksdb,churn,2837,23.647,0,0
rocksdb,churn,2838,25.409,0,0
rocksdb,churn,2839,23.393,0,0
rocksdb,churn,2840,23.140,248473139,0
rocksdb,churn,2841,21.587,0,0
rocksdb,churn,2842,20.579,0,0
rocksdb,churn,2843,21.664,0,0
rocksdb,churn,2844,15.263,0,0
rocksdb,churn,2845,25.238,0,0
rocksdb,churn,2846,24.315,0,0
rocksdb,churn,2847,26.788,0,0
rocksdb,churn,2848,15.468,0,0
rocksdb,churn,2849,28.508,0,0
rocksdb,churn,2850,14.232,155212708,0
rocksdb,churn,2851,20.394,0,0
rocksdb,churn,2852,19.796,0,0
rocksdb,churn,2853,23.812,0,0
rocksdb,churn,2854,21.255,0,0
rocksdb,churn,2855,22.863,0,0
rocksdb,churn,2856,22.455,0,0
rocksdb,churn,2857,18.200,0,0
rocksdb,churn,2858,25.108,0,0
rocksdb,churn,2859,21.964,0,0
rocksdb,churn,2860,20.600,184096118,0
rocksdb,churn,2861,23.550,0,0
rocksdb,churn,2862,23.091,0,0
rocksdb,churn,2863,17.891,0,0
rocksdb,churn,2864,24.469,0,0
rocksdb,churn,2865,23.373,0,0
rocksdb,churn,2866,20.411,0,0
rocksdb,churn,2867,15.614,0,0
rocksdb,churn,2868,18.280,0,0
rocksdb,churn,2869,23.992,0,0
rocksdb,churn,2870,36.294,148308001,0
rocksdb,churn,2871,18.202,0,0
rocksdb,churn,2872,22.434,0,0
rocksdb,churn,2873,24.241,0,0
rocksdb,churn,2874,15.188,0,0
rocksdb,churn,2875,21.744,0,0
rocksdb,churn,2876,20.702,0,0
rocksdb,churn,2877,22.884,0,0
rocksdb,churn,2878,24.463,0,0
rocksdb,churn,2879,21.985,0,0
rocksdb,churn,2880,22.401,178254803,0
rocksdb,churn,2881,15.561,0,0
rocksdb,churn,2882,19.579,0,0
rocksdb,churn,2883,23.621,0,0
rocksdb,churn,2884,19.251,0,0
rocksdb,churn,2885,20.951,0,0
rocksdb,churn,2886,23.522,0,0
rocksdb,churn,2887,19.698,0,0
rocksdb,churn,2888,22.710,0,0
rocksdb,churn,2889,22.449,0,0
rocksdb,churn,2890,20.137,139741555,0
rocksdb,churn,2891,18.749,0,0
rocksdb,churn,2892,23.398,0,0
rocksdb,churn,2893,20.720,0,0
rocksdb,churn,2894,17.096,0,0
rocksdb,churn,2895,22.200,0,0
rocksdb,churn,2896,23.934,0,0
rocksdb,churn,2897,20.729,0,0
rocksdb,churn,2898,23.865,0,0
rocksdb,churn,2899,17.895,0,0
rocksdb,churn,2900,14.399,171208416,0
rocksdb,churn,2901,20.383,0,0
rocksdb,churn,2902,19.302,0,0
rocksdb,churn,2903,26.214,0,0
rocksdb,churn,2904,23.975,0,0
rocksdb,churn,2905,23.265,0,0
rocksdb,churn,2906,23.433,0,0
rocksdb,churn,2907,20.586,0,0
rocksdb,churn,2908,19.389,0,0
rocksdb,churn,2909,19.905,0,0
rocksdb,churn,2910,23.422,134486224,0
rocksdb,churn,2911,21.010,0,0
rocksdb,churn,2912,20.323,0,0
rocksdb,churn,2913,14.472,0,0
rocksdb,churn,2914,15.845,0,0
rocksdb,churn,2915,16.240,0,0
rocksdb,churn,2916,19.667,0,0
rocksdb,churn,2917,20.894,0,0
rocksdb,churn,2918,20.990,0,0
rocksdb,churn,2919,22.213,0,0
rocksdb,churn,2920,23.187,159022305,0
rocksdb,churn,2921,18.545,0,0
rocksdb,churn,2922,23.015,0,0
rocksdb,churn,2923,20.965,0,0
rocksdb,churn,2924,18.048,0,0
rocksdb,churn,2925,22.494,0,0
rocksdb,churn,2926,20.114,0,0
rocksdb,churn,2927,22.716,0,0
rocksdb,churn,2928,21.939,0,0
rocksdb,churn,2929,20.869,0,0
rocksdb,churn,2930,23.798,232353202,0
rocksdb,churn,2931,19.743,0,0
rocksdb,churn,2932,22.472,0,0
rocksdb,churn,2933,25.054,0,0
rocksdb,churn,2934,22.339,0,0
rocksdb,churn,2935,28.819,0,0
rocksdb,churn,2936,14.408,0,0
rocksdb,churn,2937,16.879,0,0
rocksdb,churn,2938,21.359,0,0
rocksdb,churn,2939,21.675,0,0
rocksdb,churn,2940,20.842,154404635,0
rocksdb,churn,2941,21.464,0,0
rocksdb,churn,2942,20.334,0,0
rocksdb,churn,2943,19.131,0,0
rocksdb,churn,2944,23.535,0,0
rocksdb,churn,2945,20.016,0,0
rocksdb,churn,2946,17.308,0,0
rocksdb,churn,2947,21.631,0,0
rocksdb,churn,2948,23.087,0,0
rocksdb,churn,2949,17.246,0,0
rocksdb,churn,2950,21.114,184003605,0
rocksdb,churn,2951,21.779,0,0
rocksdb,churn,2952,18.265,0,0
rocksdb,churn,2953,24.130,0,0
rocksdb,churn,2954,24.213,0,0
rocksdb,churn,2955,24.911,0,0
rocksdb,churn,2956,19.647,0,0
rocksdb,churn,2957,26.764,0,0
rocksdb,churn,2958,22.664,0,0
rocksdb,churn,2959,20.504,0,0
rocksdb,churn,2960,18.167,152254929,0
rocksdb,churn,2961,18.811,0,0
rocksdb,churn,2962,19.596,0,0
rocksdb,churn,2963,27.134,0,0
rocksdb,churn,2964,21.806,0,0
rocksdb,churn,2965,20.425,0,0
rocksdb,churn,2966,22.507,0,0
rocksdb,churn,2967,26.296,0,0
rocksdb,churn,2968,19.095,0,0
rocksdb,churn,2969,23.938,0,0
rocksdb,churn,2970,19.639,179969511,0
rocksdb,churn,2971,25.394,0,0
rocksdb,churn,2972,25.886,0,0
rocksdb,churn,2973,22.598,0,0
rocksdb,churn,2974,24.429,0,0
rocksdb,churn,2975,19.896,0,0
rocksdb,churn,2976,23.081,0,0
rocksdb,churn,2977,26.260,0,0
rocksdb,churn,2978,28.513,0,0
rocksdb,churn,2979,21.443,0,0
rocksdb,churn,2980,23.457,141133748,0
rocksdb,churn,2981,17.843,0,0
rocksdb,churn,2982,22.276,0,0
rocksdb,churn,2983,18.766,0,0
rocksdb,churn,2984,16.128,0,0
rocksdb,churn,2985,16.502,0,0
rocksdb,churn,2986,21.916,0,0
rocksdb,churn,2987,19.197,0,0
rocksdb,churn,2988,21.027,0,0
rocksdb,churn,2989,25.160,0,0
rocksdb,churn,2990,20.326,168671809,0
rocksdb,churn,2991,22.565,0,0
rocksdb,churn,2992,19.279,0,0
rocksdb,churn,2993,17.602,0,0
rocksdb,churn,2994,22.212,0,0
rocksdb,churn,2995,22.309,0,0
rocksdb,churn,2996,24.292,0,0
rocksdb,churn,2997,18.045,0,0
rocksdb,churn,2998,30.331,0,0
rocksdb,churn,2999,23.068,0,0
rocksdb,churn,3000,21.806,132176426,0
rocksdb,churn,3001,21.267,0,0
rocksdb,churn,3002,23.852,0,0
rocksdb,churn,3003,16.474,0,0
rocksdb,churn,3004,24.166,0,0
rocksdb,churn,3005,21.923,0,0
rocksdb,churn,3006,22.337,0,0
rocksdb,churn,3007,25.573,0,0
rocksdb,churn,3008,22.511,0,0
rocksdb,churn,3009,20.655,0,0
rocksdb,churn,3010,20.321,166861333,0
rocksdb,churn,3011,19.579,0,0
rocksdb,churn,3012,21.974,0,0
rocksdb,churn,3013,21.700,0,0
rocksdb,churn,3014,37.807,0,0
rocksdb,churn,3015,22.744,0,0
rocksdb,churn,3016,18.759,0,0
rocksdb,churn,3017,17.085,0,0
rocksdb,churn,3018,20.002,0,0
rocksdb,churn,3019,17.586,0,0
rocksdb,churn,3020,18.321,207030866,0
rocksdb,churn,3021,20.207,0,0
rocksdb,churn,3022,21.194,0,0
rocksdb,churn,3023,19.923,0,0
rocksdb,churn,3024,28.156,0,0
rocksdb,churn,3025,26.321,0,0
rocksdb,churn,3026,23.286,0,0
rocksdb,churn,3027,21.069,0,0
rocksdb,churn,3028,20.421,0,0
rocksdb,churn,3029,21.690,0,0
rocksdb,churn,3030,21.869,152876641,0
rocksdb,churn,3031,17.058,0,0
rocksdb,churn,3032,20.850,0,0
rocksdb,churn,3033,18.999,0,0
rocksdb,churn,3034,19.036,0,0
rocksdb,churn,3035,19.531,0,0
rocksdb,churn,3036,19.638,0,0
rocksdb,churn,3037,25.128,0,0
rocksdb,churn,3038,19.117,0,0
rocksdb,churn,3039,21.797,0,0
rocksdb,churn,3040,18.692,184422118,0
rocksdb,churn,3041,26.284,0,0
rocksdb,churn,3042,24.851,0,0
rocksdb,churn,3043,23.307,0,0
rocksdb,churn,3044,29.203,0,0
rocksdb,churn,3045,27.407,0,0
rocksdb,churn,3046,19.112,0,0
rocksdb,churn,3047,24.016,0,0
rocksdb,churn,3048,23.482,0,0
rocksdb,churn,3049,21.642,0,0
rocksdb,churn,3050,18.848,148844252,0
rocksdb,churn,3051,23.683,0,0
rocksdb,churn,3052,20.220,0,0
rocksdb,churn,3053,21.187,0,0
rocksdb,churn,3054,16.951,0,0
rocksdb,churn,3055,22.055,0,0
rocksdb,churn,3056,21.466,0,0
rocksdb,churn,3057,20.205,0,0
rocksdb,churn,3058,25.057,0,0
rocksdb,churn,3059,18.663,0,0
rocksdb,churn,3060,17.752,182389349,0
rocksdb,churn,3061,21.144,0,0
rocksdb,churn,3062,21.199,0,0
rocksdb,churn,3063,21.586,0,0
rocksdb,churn,3064,23.236,0,0
rocksdb,churn,3065,25.016,0,0
rocksdb,churn,3066,19.715,0,0
rocksdb,churn,3067,18.717,0,0
rocksdb,churn,3068,20.510,0,0
rocksdb,churn,3069,26.037,0,0
rocksdb,churn,3070,23.433,137716017,0
rocksdb,churn,3071,17.052,0,0
rocksdb,churn,3072,19.025,0,0
rocksdb,churn,3073,22.428,0,0
rocksdb,churn,3074,23.351,0,0
rocksdb,churn,3075,23.273,0,0
rocksdb,churn,3076,24.595,0,0
rocksdb,churn,3077,26.127,0,0
rocksdb,churn,3078,22.318,0,0
rocksdb,churn,3079,21.574,0,0
rocksdb,churn,3080,22.166,164374063,0
rocksdb,churn,3081,23.243,0,0
rocksdb,churn,3082,26.652,0,0
rocksdb,churn,3083,23.710,0,0
rocksdb,churn,3084,21.630,0,0
rocksdb,churn,3085,23.682,0,0
rocksdb,churn,3086,27.592,0,0
rocksdb,churn,3087,21.912,0,0
rocksdb,churn,3088,22.191,0,0
rocksdb,churn,3089,21.739,0,0
rocksdb,churn,3090,32.052,131605157,0
rocksdb,churn,3091,29.113,0,0
rocksdb,churn,3092,19.105,0,0
rocksdb,churn,3093,35.982,0,0
rocksdb,churn,3094,22.986,0,0
rocksdb,churn,3095,24.935,0,0
rocksdb,churn,3096,21.960,0,0
rocksdb,churn,3097,19.618,0,0
rocksdb,churn,3098,21.795,0,0
rocksdb,churn,3099,20.751,0,0
rocksdb,churn,3100,17.857,156149640,0
rocksdb,churn,3101,19.005,0,0
rocksdb,churn,3102,24.009,0,0
rocksdb,churn,3103,20.642,0,0
rocksdb,churn,3104,22.713,0,0
rocksdb,churn,3105,19.002,0,0
rocksdb,churn,3106,23.875,0,0
rocksdb,churn,3107,16.583,0,0
rocksdb,churn,3108,20.632,0,0
rocksdb,churn,3109,18.676,0,0
rocksdb,churn,3110,16.701,184837116,0
rocksdb,churn,3111,18.598,0,0
rocksdb,churn,3112,18.228,0,0
rocksdb,churn,3113,21.232,0,0
rocksdb,churn,3114,17.896,0,0
rocksdb,churn,3115,18.177,0,0
rocksdb,churn,3116,21.992,0,0
rocksdb,churn,3117,24.147,0,0
rocksdb,churn,3118,23.508,0,0
rocksdb,churn,3119,20.713,0,0
rocksdb,churn,3120,19.006,152333415,0
rocksdb,churn,3121,23.710,0,0
rocksdb,churn,3122,18.515,0,0
rocksdb,churn,3123,16.252,0,0
rocksdb,churn,3124,19.933,0,0
rocksdb,churn,3125,16.554,0,0
rocksdb,churn,3126,23.653,0,0
rocksdb,churn,3127,18.866,0,0
rocksdb,churn,3128,27.838,0,0
rocksdb,churn,3129,19.889,0,0
rocksdb,churn,3130,19.075,180089581,0
rocksdb,churn,3131,21.628,0,0
rocksdb,churn,3132,20.441,0,0
rocksdb,churn,3133,17.310,0,0
rocksdb,churn,3134,22.557,0,0
rocksdb,churn,3135,23.738,0,0
rocksdb,churn,3136,18.870,0,0
rocksdb,churn,3137,20.023,0,0
rocksdb,churn,3138,31.975,0,0
rocksdb,churn,3139,21.566,0,0
rocksdb,churn,3140,18.964,147753363,0
rocksdb,churn,3141,18.877,0,0
rocksdb,churn,3142,24.082,0,0
rocksdb,churn,3143,25.040,0,0
rocksdb,churn,3144,18.431,0,0
rocksdb,churn,3145,28.439,0,0
rocksdb,churn,3146,17.899,0,0
rocksdb,churn,3147,23.932,0,0
rocksdb,churn,3148,22.670,0,0
rocksdb,churn,3149,20.679,0,0
rocksdb,churn,3150,23.295,181254706,0
rocksdb,churn,3151,20.130,0,0
rocksdb,churn,3152,21.381,0,0
rocksdb,churn,3153,20.488,0,0
rocksdb,churn,3154,18.062,0,0
rocksdb,churn,3155,24.082,0,0
rocksdb,churn,3156,19.136,0,0
rocksdb,churn,3157,22.976,0,0
rocksdb,churn,3158,21.207,0,0
rocksdb,churn,3159,24.167,0,0
rocksdb,churn,3160,19.769,135467541,0
rocksdb,churn,3161,19.180,0,0
rocksdb,churn,3162,18.614,0,0
rocksdb,churn,3163,21.802,0,0
rocksdb,churn,3164,18.128,0,0
rocksdb,churn,3165,20.651,0,0
rocksdb,churn,3166,34.730,0,0
rocksdb,churn,3167,23.894,0,0
rocksdb,churn,3168,16.309,0,0
rocksdb,churn,3169,18.850,0,0
rocksdb,churn,3170,17.352,161133813,0
rocksdb,churn,3171,22.840,0,0
rocksdb,churn,3172,20.158,0,0
rocksdb,churn,3173,17.560,0,0
rocksdb,churn,3174,22.139,0,0
rocksdb,churn,3175,20.473,0,0
rocksdb,churn,3176,21.335,0,0
rocksdb,churn,3177,17.951,0,0
rocksdb,churn,3178,17.547,0,0
rocksdb,churn,3179,20.671,0,0
rocksdb,churn,3180,20.902,132709414,0
rocksdb,churn,3181,19.372,0,0
rocksdb,churn,3182,23.929,0,0
rocksdb,churn,3183,22.489,0,0
rocksdb,churn,3184,17.556,0,0
rocksdb,churn,3185,17.245,0,0
rocksdb,churn,3186,16.766,0,0
rocksdb,churn,3187,16.602,0,0
rocksdb,churn,3188,18.918,0,0
rocksdb,churn,3189,14.133,0,0
rocksdb,churn,3190,17.045,159386815,0
rocksdb,churn,3191,24.694,0,0
rocksdb,churn,3192,26.560,0,0
rocksdb,churn,3193,17.625,0,0
rocksdb,churn,3194,18.161,0,0
rocksdb,churn,3195,18.168,0,0
rocksdb,churn,3196,19.118,0,0
rocksdb,churn,3197,18.065,0,0
rocksdb,churn,3198,20.382,0,0
rocksdb,churn,3199,18.514,0,0
rocksdb,churn,3200,24.570,192824464,0
rocksdb,churn,3201,28.609,0,0
rocksdb,churn,3202,18.564,0,0
rocksdb,churn,3203,19.280,0,0
rocksdb,churn,3204,21.134,0,0
rocksdb,churn,3205,23.821,0,0
rocksdb,churn,3206,21.659,0,0
rocksdb,churn,3207,18.708,0,0
rocksdb,churn,3208,27.547,0,0
rocksdb,churn,3209,18.964,0,0
rocksdb,churn,3210,21.811,152425813,0
rocksdb,churn,3211,22.455,0,0
rocksdb,churn,3212,19.837,0,0
rocksdb,churn,3213,21.367,0,0
rocksdb,churn,3214,18.101,0,0
rocksdb,churn,3215,23.199,0,0
rocksdb,churn,3216,22.339,0,0
rocksdb,churn,3217,26.493,0,0
rocksdb,churn,3218,20.968,0,0
rocksdb,churn,3219,29.811,0,0
rocksdb,churn,3220,22.266,178127115,0
rocksdb,churn,3221,15.113,0,0
rocksdb,churn,3222,18.841,0,0
rocksdb,churn,3223,24.604,0,0
rocksdb,churn,3224,30.799,0,0
rocksdb,churn,3225,20.310,0,0
rocksdb,churn,3226,24.002,0,0
rocksdb,churn,3227,23.169,0,0
rocksdb,churn,3228,19.608,0,0
rocksdb,churn,3229,22.061,0,0
rocksdb,churn,3230,22.506,148514724,0
rocksdb,churn,3231,24.809,0,0
rocksdb,churn,3232,22.663,0,0
rocksdb,churn,3233,23.554,0,0
rocksdb,churn,3234,22.623,0,0
rocksdb,churn,3235,22.767,0,0
rocksdb,churn,3236,26.767,0,0
rocksdb,churn,3237,21.188,0,0
rocksdb,churn,3238,35.144,0,0
rocksdb,churn,3239,18.447,0,0
rocksdb,churn,3240,18.676,177316874,0
rocksdb,churn,3241,24.948,0,0
rocksdb,churn,3242,21.229,0,0
rocksdb,churn,3243,23.580,0,0
rocksdb,churn,3244,17.478,0,0
rocksdb,churn,3245,24.412,0,0
rocksdb,churn,3246,18.836,0,0
rocksdb,churn,3247,19.034,0,0
rocksdb,churn,3248,18.793,0,0
rocksdb,churn,3249,14.560,0,0
rocksdb,churn,3250,17.203,135783666,0
rocksdb,churn,3251,22.555,0,0
rocksdb,churn,3252,22.144,0,0
rocksdb,churn,3253,17.048,0,0
rocksdb,churn,3254,23.651,0,0
rocksdb,churn,3255,27.514,0,0
rocksdb,churn,3256,18.279,0,0
rocksdb,churn,3257,18.513,0,0
rocksdb,churn,3258,18.644,0,0
rocksdb,churn,3259,19.049,0,0
rocksdb,churn,3260,22.416,164193416,0
rocksdb,churn,3261,20.178,0,0
rocksdb,churn,3262,22.569,0,0
rocksdb,churn,3263,21.821,0,0
rocksdb,churn,3264,22.387,0,0
rocksdb,churn,3265,16.395,0,0
rocksdb,churn,3266,22.002,0,0
rocksdb,churn,3267,15.065,0,0
rocksdb,churn,3268,30.478,0,0
rocksdb,churn,3269,27.003,0,0
rocksdb,churn,3270,19.830,131602892,0
rocksdb,churn,3271,19.519,0,0
rocksdb,churn,3272,18.440,0,0
rocksdb,churn,3273,24.719,0,0
rocksdb,churn,3274,18.810,0,0
rocksdb,churn,3275,17.142,0,0
rocksdb,churn,3276,16.242,0,0
rocksdb,churn,3277,19.277,0,0
rocksdb,churn,3278,19.849,0,0
rocksdb,churn,3279,21.275,0,0
rocksdb,churn,3280,23.658,159546313,0
rocksdb,churn,3281,22.114,0,0
rocksdb,churn,3282,19.635,0,0
rocksdb,churn,3283,16.441,0,0
rocksdb,churn,3284,16.569,0,0
rocksdb,churn,3285,20.105,0,0
rocksdb,churn,3286,22.864,0,0
rocksdb,churn,3287,25.541,0,0
rocksdb,churn,3288,17.439,0,0
rocksdb,churn,3289,20.563,0,0
rocksdb,churn,3290,12.547,191031048,0
rocksdb,churn,3291,18.126,0,0
rocksdb,churn,3292,19.539,0,0
rocksdb,churn,3293,16.656,0,0
rocksdb,churn,3294,13.993,0,0
rocksdb,churn,3295,16.585,0,0
rocksdb,churn,3296,16.123,0,0
rocksdb,churn,3297,16.811,0,0
rocksdb,churn,3298,25.570,0,0
rocksdb,churn,3299,19.320,0,0
rocksdb,churn,3300,16.768,148425975,0
rocksdb,churn,3301,20.670,0,0
rocksdb,churn,3302,22.830,0,0
rocksdb,churn,3303,22.305,0,0
rocksdb,churn,3304,29.352,0,0
rocksdb,churn,3305,17.111,0,0
rocksdb,churn,3306,20.915,0,0
rocksdb,churn,3307,13.806,0,0
rocksdb,churn,3308,17.230,0,0
rocksdb,churn,3309,16.376,0,0
rocksdb,churn,3310,14.944,174949317,0
rocksdb,churn,3311,29.397,0,0
rocksdb,churn,3312,16.317,0,0
rocksdb,churn,3313,22.964,0,0
rocksdb,churn,3314,20.587,0,0
rocksdb,churn,3315,13.162,0,0
rocksdb,churn,3316,17.457,0,0
rocksdb,churn,3317,12.844,0,0
rocksdb,churn,3318,17.949,0,0
rocksdb,churn,3319,16.669,0,0
rocksdb,churn,3320,15.590,141260639,0
rocksdb,churn,3321,17.289,0,0
rocksdb,churn,3322,14.466,0,0
rocksdb,churn,3323,20.984,0,0
rocksdb,churn,3324,16.035,0,0
rocksdb,churn,3325,12.112,0,0
rocksdb,churn,3326,19.209,0,0
rocksdb,churn,3327,19.385,0,0
rocksdb,churn,3328,22.704,0,0
rocksdb,churn,3329,19.560,0,0
rocksdb,churn,3330,23.121,164711481,0
rocksdb,churn,3331,19.419,0,0
rocksdb,churn,3332,23.152,0,0
rocksdb,churn,3333,21.145,0,0
rocksdb,churn,3334,20.027,0,0
rocksdb,churn,3335,22.610,0,0
rocksdb,churn,3336,18.848,0,0
rocksdb,churn,3337,22.684,0,0
rocksdb,churn,3338,17.956,0,0
rocksdb,churn,3339,19.897,0,0
rocksdb,churn,3340,19.074,136271409,0
rocksdb,churn,3341,21.578,0,0
rocksdb,churn,3342,16.475,0,0
rocksdb,churn,3343,20.499,0,0
rocksdb,churn,3344,22.046,0,0
rocksdb,churn,3345,16.727,0,0
rocksdb,churn,3346,21.227,0,0
rocksdb,churn,3347,22.586,0,0
rocksdb,churn,3348,19.186,0,0
rocksdb,churn,3349,25.257,0,0
rocksdb,churn,3350,19.803,163131082,0
rocksdb,churn,3351,19.731,0,0
rocksdb,churn,3352,16.086,0,0
rocksdb,churn,3353,13.060,0,0
rocksdb,churn,3354,16.910,0,0
rocksdb,churn,3355,20.209,0,0
rocksdb,churn,3356,14.396,0,0
rocksdb,churn,3357,19.922,0,0
rocksdb,churn,3358,19.131,0,0
rocksdb,churn,3359,19.640,0,0
rocksdb,churn,3360,19.777,129817502,0
rocksdb,churn,3361,21.138,0,0
rocksdb,churn,3362,24.893,0,0
rocksdb,churn,3363,21.431,0,0
rocksdb,churn,3364,21.339,0,0
rocksdb,churn,3365,22.745,0,0
rocksdb,churn,3366,23.347,0,0
rocksdb,churn,3367,29.924,0,0
rocksdb,churn,3368,40.119,0,0
rocksdb,churn,3369,20.336,0,0
rocksdb,churn,3370,29.915,162192162,0
rocksdb,churn,3371,17.114,0,0
rocksdb,churn,3372,18.897,0,0
rocksdb,churn,3373,22.546,0,0
rocksdb,churn,3374,24.796,0,0
rocksdb,churn,3375,21.388,0,0
rocksdb,churn,3376,21.905,0,0
rocksdb,churn,3377,30.073,0,0
rocksdb,churn,3378,15.659,0,0
rocksdb,churn,3379,18.445,0,0
rocksdb,churn,3380,19.238,193069855,0
rocksdb,churn,3381,21.378,0,0
rocksdb,churn,3382,20.756,0,0
rocksdb,churn,3383,25.124,0,0
rocksdb,churn,3384,22.617,0,0
rocksdb,churn,3385,17.203,0,0
rocksdb,churn,3386,21.551,0,0
rocksdb,churn,3387,21.869,0,0
rocksdb,churn,3388,20.744,0,0
rocksdb,churn,3389,17.908,0,0
rocksdb,churn,3390,20.072,149246629,0
rocksdb,churn,3391,16.734,0,0
rocksdb,churn,3392,18.660,0,0
rocksdb,churn,3393,18.332,0,0
rocksdb,churn,3394,22.907,0,0
rocksdb,churn,3395,23.388,0,0
rocksdb,churn,3396,21.658,0,0
rocksdb,churn,3397,25.336,0,0
rocksdb,churn,3398,25.383,0,0
rocksdb,churn,3399,18.359,0,0
rocksdb,churn,3400,21.144,179641012,0
rocksdb,churn,3401,21.502,0,0
rocksdb,churn,3402,20.735,0,0
rocksdb,churn,3403,27.031,0,0
rocksdb,churn,3404,13.713,0,0
rocksdb,churn,3405,24.395,0,0
rocksdb,churn,3406,21.957,0,0
rocksdb,churn,3407,25.445,0,0
rocksdb,churn,3408,27.250,0,0
rocksdb,churn,3409,18.094,0,0
rocksdb,churn,3410,19.834,143858547,0
rocksdb,churn,3411,19.839,0,0
rocksdb,churn,3412,16.930,0,0
rocksdb,churn,3413,21.975,0,0
rocksdb,churn,3414,18.301,0,0
rocksdb,churn,3415,19.508,0,0
rocksdb,churn,3416,25.864,0,0
rocksdb,churn,3417,22.739,0,0
rocksdb,churn,3418,24.185,0,0
rocksdb,churn,3419,22.951,0,0
rocksdb,churn,3420,22.937,173331762,0
rocksdb,churn,3421,24.368,0,0
rocksdb,churn,3422,19.143,0,0
rocksdb,churn,3423,24.302,0,0
rocksdb,churn,3424,27.511,0,0
rocksdb,churn,3425,17.536,0,0
rocksdb,churn,3426,20.082,0,0
rocksdb,churn,3427,25.937,0,0
rocksdb,churn,3428,20.846,0,0
rocksdb,churn,3429,18.684,0,0
rocksdb,churn,3430,24.144,131851571,0
rocksdb,churn,3431,18.788,0,0
rocksdb,churn,3432,23.265,0,0
rocksdb,churn,3433,13.085,0,0
rocksdb,churn,3434,18.225,0,0
rocksdb,churn,3435,15.393,0,0
rocksdb,churn,3436,18.890,0,0
rocksdb,churn,3437,14.906,0,0
rocksdb,churn,3438,12.238,0,0
rocksdb,churn,3439,16.499,0,0
rocksdb,churn,3440,16.388,160986908,0
rocksdb,churn,3441,17.501,0,0
rocksdb,churn,3442,21.591,0,0
rocksdb,churn,3443,15.350,0,0
rocksdb,churn,3444,13.393,0,0
rocksdb,churn,3445,21.294,0,0
rocksdb,churn,3446,17.352,0,0
rocksdb,churn,3447,22.918,0,0
rocksdb,churn,3448,22.129,0,0
rocksdb,churn,3449,20.015,0,0
rocksdb,churn,3450,29.215,132211816,0
rocksdb,churn,3451,20.837,0,0
rocksdb,churn,3452,18.271,0,0
rocksdb,churn,3453,21.549,0,0
rocksdb,churn,3454,18.043,0,0
rocksdb,churn,3455,19.199,0,0
rocksdb,churn,3456,17.529,0,0
rocksdb,churn,3457,16.668,0,0
rocksdb,churn,3458,21.414,0,0
rocksdb,churn,3459,16.661,0,0
rocksdb,churn,3460,24.561,156883532,0
rocksdb,churn,3461,23.412,0,0
rocksdb,churn,3462,24.439,0,0
rocksdb,churn,3463,25.666,0,0
rocksdb,churn,3464,22.033,0,0
rocksdb,churn,3465,19.156,0,0
rocksdb,churn,3466,23.429,0,0
rocksdb,churn,3467,19.183,0,0
rocksdb,churn,3468,23.915,0,0
rocksdb,churn,3469,22.319,0,0
rocksdb,churn,3470,17.513,187380103,0
rocksdb,churn,3471,22.956,0,0
rocksdb,churn,3472,20.592,0,0
rocksdb,churn,3473,22.469,0,0
rocksdb,churn,3474,22.292,0,0
rocksdb,churn,3475,22.034,0,0
rocksdb,churn,3476,20.250,0,0
rocksdb,churn,3477,18.789,0,0
rocksdb,churn,3478,23.985,0,0
rocksdb,churn,3479,17.724,0,0
rocksdb,churn,3480,18.085,143936628,0
rocksdb,churn,3481,19.665,0,0
rocksdb,churn,3482,23.753,0,0
rocksdb,churn,3483,22.970,0,0
rocksdb,churn,3484,13.403,0,0
rocksdb,churn,3485,20.596,0,0
rocksdb,churn,3486,19.968,0,0
rocksdb,churn,3487,17.069,0,0
rocksdb,churn,3488,16.300,0,0
rocksdb,churn,3489,16.635,0,0
rocksdb,churn,3490,19.433,169404688,0
rocksdb,churn,3491,22.832,0,0
rocksdb,churn,3492,20.697,0,0
rocksdb,churn,3493,16.682,0,0
rocksdb,churn,3494,19.712,0,0
rocksdb,churn,3495,23.166,0,0
rocksdb,churn,3496,20.744,0,0
rocksdb,churn,3497,33.210,0,0
rocksdb,churn,3498,18.608,0,0
rocksdb,churn,3499,14.522,0,0
rocksdb,churn,3500,21.184,149084314,0
rocksdb,churn,3501,25.503,0,0
rocksdb,churn,3502,24.715,0,0
rocksdb,churn,3503,24.053,0,0
rocksdb,churn,3504,21.027,0,0
rocksdb,churn,3505,20.706,0,0
rocksdb,churn,3506,21.987,0,0
rocksdb,churn,3507,22.019,0,0
rocksdb,churn,3508,19.119,0,0
rocksdb,churn,3509,19.197,0,0
rocksdb,churn,3510,19.538,176806503,0
rocksdb,churn,3511,22.290,0,0
rocksdb,churn,3512,22.160,0,0
rocksdb,churn,3513,16.500,0,0
rocksdb,churn,3514,14.637,0,0
rocksdb,churn,3515,20.053,0,0
rocksdb,churn,3516,20.422,0,0
rocksdb,churn,3517,18.488,0,0
rocksdb,churn,3518,18.140,0,0
rocksdb,churn,3519,26.294,0,0
rocksdb,churn,3520,18.570,134839014,0
rocksdb,churn,3521,23.060,0,0
rocksdb,churn,3522,27.496,0,0
rocksdb,churn,3523,20.701,0,0
rocksdb,churn,3524,22.885,0,0
rocksdb,churn,3525,25.926,0,0
rocksdb,churn,3526,21.987,0,0
rocksdb,churn,3527,24.098,0,0
rocksdb,churn,3528,18.773,0,0
rocksdb,churn,3529,19.703,0,0
rocksdb,churn,3530,24.010,164651365,0
rocksdb,churn,3531,22.273,0,0
rocksdb,churn,3532,18.607,0,0
rocksdb,churn,3533,18.319,0,0
rocksdb,churn,3534,19.345,0,0
rocksdb,churn,3535,17.958,0,0
rocksdb,churn,3536,26.194,0,0
rocksdb,churn,3537,17.668,0,0
rocksdb,churn,3538,18.947,0,0
rocksdb,churn,3539,19.259,0,0
rocksdb,churn,3540,19.418,247663735,0
rocksdb,churn,3541,21.802,0,0
rocksdb,churn,3542,17.015,0,0
rocksdb,churn,3543,23.306,0,0
rocksdb,churn,3544,18.105,0,0
rocksdb,churn,3545,21.686,0,0
rocksdb,churn,3546,18.278,0,0
rocksdb,churn,3547,16.336,0,0
rocksdb,churn,3548,15.943,0,0
rocksdb,churn,3549,18.697,0,0
rocksdb,churn,3550,16.377,159617408,0
rocksdb,churn,3551,18.841,0,0
rocksdb,churn,3552,17.801,0,0
rocksdb,churn,3553,21.579,0,0
rocksdb,churn,3554,19.802,0,0
rocksdb,churn,3555,18.014,0,0
rocksdb,churn,3556,21.564,0,0
rocksdb,churn,3557,22.017,0,0
rocksdb,churn,3558,25.398,0,0
rocksdb,churn,3559,19.826,0,0
rocksdb,churn,3560,18.732,188383403,0
rocksdb,churn,3561,19.988,0,0
rocksdb,churn,3562,25.817,0,0
rocksdb,churn,3563,18.649,0,0
rocksdb,churn,3564,21.106,0,0
rocksdb,churn,3565,15.998,0,0
rocksdb,churn,3566,21.627,0,0
rocksdb,churn,3567,19.447,0,0
rocksdb,churn,3568,21.420,0,0
rocksdb,churn,3569,21.784,0,0
rocksdb,churn,3570,19.203,149719381,0
rocksdb,churn,3571,21.005,0,0
rocksdb,churn,3572,20.453,0,0
rocksdb,churn,3573,18.174,0,0
rocksdb,churn,3574,22.103,0,0
rocksdb,churn,3575,22.538,0,0
rocksdb,churn,3576,17.393,0,0
rocksdb,churn,3577,21.428,0,0
rocksdb,churn,3578,12.132,0,0
rocksdb,churn,3579,19.696,0,0
rocksdb,churn,3580,22.663,181285885,0
rocksdb,churn,3581,25.663,0,0
rocksdb,churn,3582,23.577,0,0
rocksdb,churn,3583,25.590,0,0
rocksdb,churn,3584,20.305,0,0
rocksdb,churn,3585,20.766,0,0
rocksdb,churn,3586,25.071,0,0
rocksdb,churn,3587,19.020,0,0
rocksdb,churn,3588,30.668,0,0
rocksdb,churn,3589,13.077,0,0
rocksdb,churn,3590,20.943,141526895,0
rocksdb,churn,3591,20.749,0,0
rocksdb,churn,3592,17.101,0,0
rocksdb,churn,3593,17.722,0,0
rocksdb,churn,3594,18.266,0,0
rocksdb,churn,3595,26.159,0,0
rocksdb,churn,3596,24.580,0,0
rocksdb,churn,3597,27.513,0,0
rocksdb,churn,3598,22.319,0,0
rocksdb,churn,3599,15.053,0,0
rocksdb,churn,3600,21.402,170912219,0
rocksdb,churn,3601,19.834,0,0
rocksdb,churn,3602,22.092,0,0
rocksdb,churn,3603,19.248,0,0
rocksdb,churn,3604,23.156,0,0
rocksdb,churn,3605,18.634,0,0
rocksdb,churn,3606,18.579,0,0
rocksdb,churn,3607,15.549,0,0
rocksdb,churn,3608,20.878,0,0
rocksdb,churn,3609,34.148,0,0
rocksdb,churn,3610,22.612,131234176,0
rocksdb,churn,3611,21.697,0,0
rocksdb,churn,3612,20.130,0,0
rocksdb,churn,3613,23.834,0,0
rocksdb,churn,3614,22.486,0,0
rocksdb,churn,3615,20.850,0,0
rocksdb,churn,3616,20.451,0,0
rocksdb,churn,3617,16.924,0,0
rocksdb,churn,3618,19.810,0,0
rocksdb,churn,3619,21.405,0,0
rocksdb,churn,3620,22.616,162319227,0
rocksdb,churn,3621,22.617,0,0
rocksdb,churn,3622,20.439,0,0
rocksdb,churn,3623,19.140,0,0
rocksdb,churn,3624,18.429,0,0
rocksdb,churn,3625,16.896,0,0
rocksdb,churn,3626,28.956,0,0
rocksdb,churn,3627,23.628,0,0
rocksdb,churn,3628,19.202,0,0
rocksdb,churn,3629,28.555,0,0
rocksdb,churn,3630,21.627,229961678,0
rocksdb,churn,3631,24.131,0,0
rocksdb,churn,3632,23.199,0,0
rocksdb,churn,3633,18.234,0,0
rocksdb,churn,3634,20.634,0,0
rocksdb,churn,3635,17.876,0,0
rocksdb,churn,3636,19.856,0,0
rocksdb,churn,3637,25.697,0,0
rocksdb,churn,3638,20.144,0,0
rocksdb,churn,3639,20.660,0,0
rocksdb,churn,3640,24.869,156899283,0
rocksdb,churn,3641,16.825,0,0
rocksdb,churn,3642,21.473,0,0
rocksdb,churn,3643,40.781,0,0
rocksdb,churn,3644,23.727,0,0
rocksdb,churn,3645,21.779,0,0
rocksdb,churn,3646,19.738,0,0
rocksdb,churn,3647,22.405,0,0
rocksdb,churn,3648,15.702,0,0
rocksdb,churn,3649,29.474,0,0
rocksdb,churn,3650,22.155,188295689,0
rocksdb,churn,3651,21.190,0,0
rocksdb,churn,3652,23.739,0,0
rocksdb,churn,3653,20.163,0,0
rocksdb,churn,3654,18.635,0,0
rocksdb,churn,3655,22.510,0,0
rocksdb,churn,3656,20.315,0,0
rocksdb,churn,3657,15.271,0,0
rocksdb,churn,3658,17.026,0,0
rocksdb,churn,3659,18.431,0,0
rocksdb,churn,3660,18.732,146725616,0
rocksdb,churn,3661,17.447,0,0
rocksdb,churn,3662,19.134,0,0
rocksdb,churn,3663,24.393,0,0
rocksdb,churn,3664,20.681,0,0
rocksdb,churn,3665,18.484,0,0
rocksdb,churn,3666,14.374,0,0
rocksdb,churn,3667,18.927,0,0
rocksdb,churn,3668,16.262,0,0
rocksdb,churn,3669,23.144,0,0
rocksdb,churn,3670,23.854,173437969,0
rocksdb,churn,3671,29.471,0,0
rocksdb,churn,3672,18.491,0,0
rocksdb,churn,3673,17.889,0,0
rocksdb,churn,3674,16.989,0,0
rocksdb,churn,3675,20.887,0,0
rocksdb,churn,3676,18.042,0,0
rocksdb,churn,3677,18.684,0,0
rocksdb,churn,3678,16.860,0,0
rocksdb,churn,3679,16.608,0,0
rocksdb,churn,3680,14.982,142739811,0
rocksdb,churn,3681,21.760,0,0
rocksdb,churn,3682,20.847,0,0
rocksdb,churn,3683,21.605,0,0
rocksdb,churn,3684,17.242,0,0
rocksdb,churn,3685,20.075,0,0
rocksdb,churn,3686,18.496,0,0
rocksdb,churn,3687,20.669,0,0
rocksdb,churn,3688,20.510,0,0
rocksdb,churn,3689,21.858,0,0
rocksdb,churn,3690,24.762,170457244,0
rocksdb,churn,3691,21.825,0,0
rocksdb,churn,3692,17.455,0,0
rocksdb,churn,3693,17.306,0,0
rocksdb,churn,3694,13.898,0,0
rocksdb,churn,3695,18.340,0,0
rocksdb,churn,3696,22.705,0,0
rocksdb,churn,3697,21.779,0,0
rocksdb,churn,3698,13.718,0,0
rocksdb,churn,3699,16.437,0,0
rocksdb,churn,3700,22.067,131877490,0
rocksdb,churn,3701,20.865,0,0
rocksdb,churn,3702,16.637,0,0
rocksdb,churn,3703,20.581,0,0
rocksdb,churn,3704,18.011,0,0
rocksdb,churn,3705,16.910,0,0
rocksdb,churn,3706,18.799,0,0
rocksdb,churn,3707,20.869,0,0
rocksdb,churn,3708,20.796,0,0
rocksdb,churn,3709,19.115,0,0
rocksdb,churn,3710,18.547,162321190,0
rocksdb,churn,3711,19.192,0,0
rocksdb,churn,3712,20.904,0,0
rocksdb,churn,3713,20.784,0,0
rocksdb,churn,3714,19.988,0,0
rocksdb,churn,3715,20.729,0,0
rocksdb,churn,3716,17.578,0,0
rocksdb,churn,3717,23.475,0,0
rocksdb,churn,3718,18.531,0,0
rocksdb,churn,3719,17.908,0,0
rocksdb,churn,3720,25.622,197343706,0
rocksdb,churn,3721,21.372,0,0
rocksdb,churn,3722,30.367,0,0
rocksdb,churn,3723,17.798,0,0
rocksdb,churn,3724,15.982,0,0
rocksdb,churn,3725,18.014,0,0
rocksdb,churn,3726,27.794,0,0
rocksdb,churn,3727,20.444,0,0
rocksdb,churn,3728,23.032,0,0
rocksdb,churn,3729,25.615,0,0
rocksdb,churn,3730,21.940,157426209,0
rocksdb,churn,3731,20.993,0,0
rocksdb,churn,3732,17.953,0,0
rocksdb,churn,3733,19.175,0,0
rocksdb,churn,3734,15.063,0,0
rocksdb,churn,3735,19.786,0,0
rocksdb,churn,3736,19.489,0,0
rocksdb,churn,3737,24.941,0,0
rocksdb,churn,3738,21.329,0,0
rocksdb,churn,3739,22.011,0,0
rocksdb,churn,3740,15.878,185359535,0
rocksdb,churn,3741,15.306,0,0
rocksdb,churn,3742,20.010,0,0
rocksdb,churn,3743,18.328,0,0
rocksdb,churn,3744,19.372,0,0
rocksdb,churn,3745,19.861,0,0
rocksdb,churn,3746,18.387,0,0
rocksdb,churn,3747,22.729,0,0
rocksdb,churn,3748,18.253,0,0
rocksdb,churn,3749,18.084,0,0
rocksdb,churn,3750,20.598,149852633,0
rocksdb,churn,3751,22.572,0,0
rocksdb,churn,3752,21.464,0,0
rocksdb,churn,3753,16.813,0,0
rocksdb,churn,3754,19.878,0,0
rocksdb,churn,3755,24.392,0,0
rocksdb,churn,3756,19.273,0,0
rocksdb,churn,3757,17.576,0,0
rocksdb,churn,3758,18.432,0,0
rocksdb,churn,3759,17.460,0,0
rocksdb,churn,3760,20.420,177571942,0
rocksdb,churn,3761,20.601,0,0
rocksdb,churn,3762,21.691,0,0
rocksdb,churn,3763,19.885,0,0
rocksdb,churn,3764,14.316,0,0
rocksdb,churn,3765,16.512,0,0
rocksdb,churn,3766,20.552,0,0
rocksdb,churn,3767,16.762,0,0
rocksdb,churn,3768,16.262,0,0
rocksdb,churn,3769,19.203,0,0
rocksdb,churn,3770,20.574,141014158,0
rocksdb,churn,3771,21.224,0,0
rocksdb,churn,3772,18.931,0,0
rocksdb,churn,3773,16.100,0,0
rocksdb,churn,3774,21.208,0,0
rocksdb,churn,3775,18.329,0,0
rocksdb,churn,3776,19.343,0,0
rocksdb,churn,3777,23.775,0,0
rocksdb,churn,3778,21.957,0,0
rocksdb,churn,3779,14.935,0,0
rocksdb,churn,3780,27.393,166832454,0
rocksdb,churn,3781,20.009,0,0
rocksdb,churn,3782,20.222,0,0
rocksdb,churn,3783,19.777,0,0
rocksdb,churn,3784,21.690,0,0
rocksdb,churn,3785,18.750,0,0
rocksdb,churn,3786,18.296,0,0
rocksdb,churn,3787,20.150,0,0
rocksdb,churn,3788,14.259,0,0
rocksdb,churn,3789,18.672,0,0
rocksdb,churn,3790,20.139,140131121,0
rocksdb,churn,3791,18.999,0,0
rocksdb,churn,3792,16.766,0,0
rocksdb,churn,3793,16.088,0,0
rocksdb,churn,3794,18.201,0,0
rocksdb,churn,3795,20.270,0,0
rocksdb,churn,3796,20.359,0,0
rocksdb,churn,3797,14.925,0,0
rocksdb,churn,3798,15.098,0,0
rocksdb,churn,3799,17.109,0,0
rocksdb,churn,3800,28.382,166735953,0
rocksdb,churn,3801,14.277,0,0
rocksdb,churn,3802,19.239,0,0
rocksdb,churn,3803,17.553,0,0
rocksdb,churn,3804,15.799,0,0
rocksdb,churn,3805,15.339,0,0
rocksdb,churn,3806,25.243,0,0
rocksdb,churn,3807,23.056,0,0
rocksdb,churn,3808,21.815,0,0
rocksdb,churn,3809,20.746,0,0
rocksdb,churn,3810,19.048,199860241,0
rocksdb,churn,3811,21.047,0,0
rocksdb,churn,3812,17.097,0,0
rocksdb,churn,3813,14.827,0,0
rocksdb,churn,3814,20.323,0,0
rocksdb,churn,3815,27.668,0,0
rocksdb,churn,3816,18.308,0,0
rocksdb,churn,3817,13.632,0,0
rocksdb,churn,3818,16.851,0,0
rocksdb,churn,3819,25.810,0,0
rocksdb,churn,3820,14.539,153705196,0
rocksdb,churn,3821,16.575,0,0
rocksdb,churn,3822,13.777,0,0
rocksdb,churn,3823,17.419,0,0
rocksdb,churn,3824,14.076,0,0
rocksdb,churn,3825,13.707,0,0
rocksdb,churn,3826,19.991,0,0
rocksdb,churn,3827,25.977,0,0
rocksdb,churn,3828,18.121,0,0
rocksdb,churn,3829,22.501,0,0
rocksdb,churn,3830,23.032,178312547,0
rocksdb,churn,3831,22.652,0,0
rocksdb,churn,3832,17.104,0,0
rocksdb,churn,3833,22.801,0,0
rocksdb,churn,3834,20.294,0,0
rocksdb,churn,3835,16.952,0,0
rocksdb,churn,3836,15.662,0,0
rocksdb,churn,3837,16.811,0,0
rocksdb,churn,3838,19.144,0,0
rocksdb,churn,3839,20.039,0,0
rocksdb,churn,3840,13.946,149012334,0
rocksdb,churn,3841,17.938,0,0
rocksdb,churn,3842,23.186,0,0
rocksdb,churn,3843,21.241,0,0
rocksdb,churn,3844,13.202,0,0
rocksdb,churn,3845,17.404,0,0
rocksdb,churn,3846,20.506,0,0
rocksdb,churn,3847,17.805,0,0
rocksdb,churn,3848,19.375,0,0
rocksdb,churn,3849,17.720,0,0
rocksdb,churn,3850,18.614,176275970,0
rocksdb,churn,3851,20.031,0,0
rocksdb,churn,3852,20.353,0,0
rocksdb,churn,3853,22.984,0,0
rocksdb,churn,3854,24.530,0,0
rocksdb,churn,3855,18.728,0,0
rocksdb,churn,3856,14.589,0,0
rocksdb,churn,3857,17.603,0,0
rocksdb,churn,3858,25.917,0,0
rocksdb,churn,3859,17.777,0,0
rocksdb,churn,3860,19.003,140976086,0
rocksdb,churn,3861,20.134,0,0
rocksdb,churn,3862,21.765,0,0
rocksdb,churn,3863,16.500,0,0
rocksdb,churn,3864,20.256,0,0
rocksdb,churn,3865,19.814,0,0
rocksdb,churn,3866,19.948,0,0
rocksdb,churn,3867,22.353,0,0
rocksdb,churn,3868,21.639,0,0
rocksdb,churn,3869,21.249,0,0
rocksdb,churn,3870,21.486,166531577,0
rocksdb,churn,3871,18.779,0,0
rocksdb,churn,3872,22.500,0,0
rocksdb,churn,3873,25.779,0,0
rocksdb,churn,3874,21.193,0,0
rocksdb,churn,3875,19.346,0,0
rocksdb,churn,3876,21.462,0,0
rocksdb,churn,3877,19.934,0,0
rocksdb,churn,3878,17.167,0,0
rocksdb,churn,3879,25.071,0,0
rocksdb,churn,3880,14.061,136899610,0
rocksdb,churn,3881,20.799,0,0
rocksdb,churn,3882,16.542,0,0
rocksdb,churn,3883,29.276,0,0
rocksdb,churn,3884,20.741,0,0
rocksdb,churn,3885,21.374,0,0
rocksdb,churn,3886,24.263,0,0
rocksdb,churn,3887,20.856,0,0
rocksdb,churn,3888,15.231,0,0
rocksdb,churn,3889,19.633,0,0
rocksdb,churn,3890,24.324,165473236,0
rocksdb,churn,3891,25.169,0,0
rocksdb,churn,3892,20.742,0,0
rocksdb,churn,3893,21.578,0,0
rocksdb,churn,3894,21.769,0,0
rocksdb,churn,3895,20.631,0,0
rocksdb,churn,3896,20.699,0,0
rocksdb,churn,3897,22.142,0,0
rocksdb,churn,3898,16.419,0,0
rocksdb,churn,3899,29.609,0,0
rocksdb,churn,3900,17.787,196989419,0
rocksdb,churn,3901,19.348,0,0
rocksdb,churn,3902,14.004,0,0
rocksdb,churn,3903,20.067,0,0
rocksdb,churn,3904,16.291,0,0
rocksdb,churn,3905,38.357,0,0
rocksdb,churn,3906,15.083,0,0
rocksdb,churn,3907,15.397,0,0
rocksdb,churn,3908,16.188,0,0
rocksdb,churn,3909,20.838,0,0
rocksdb,churn,3910,18.507,150030230,0
rocksdb,churn,3911,18.089,0,0
rocksdb,churn,3912,27.939,0,0
rocksdb,churn,3913,22.000,0,0
rocksdb,churn,3914,21.741,0,0
rocksdb,churn,3915,19.393,0,0
rocksdb,churn,3916,18.257,0,0
rocksdb,churn,3917,15.650,0,0
rocksdb,churn,3918,19.193,0,0
rocksdb,churn,3919,12.475,0,0
rocksdb,churn,3920,15.711,176600346,0
rocksdb,churn,3921,19.160,0,0
rocksdb,churn,3922,12.762,0,0
rocksdb,churn,3923,20.368,0,0
rocksdb,churn,3924,20.428,0,0
rocksdb,churn,3925,16.786,0,0
rocksdb,churn,3926,23.007,0,0
rocksdb,churn,3927,22.231,0,0
rocksdb,churn,3928,21.810,0,0
rocksdb,churn,3929,19.042,0,0
rocksdb,churn,3930,20.627,148163589,0
rocksdb,churn,3931,23.388,0,0
rocksdb,churn,3932,19.492,0,0
rocksdb,churn,3933,22.488,0,0
rocksdb,churn,3934,19.276,0,0
rocksdb,churn,3935,19.635,0,0
rocksdb,churn,3936,15.805,0,0
rocksdb,churn,3937,15.698,0,0
rocksdb,churn,3938,22.686,0,0
rocksdb,churn,3939,23.904,0,0
rocksdb,churn,3940,21.904,176872141,0
rocksdb,churn,3941,22.833,0,0
rocksdb,churn,3942,22.263,0,0
rocksdb,churn,3943,20.219,0,0
rocksdb,churn,3944,24.932,0,0
rocksdb,churn,3945,18.382,0,0
rocksdb,churn,3946,17.663,0,0
rocksdb,churn,3947,23.283,0,0
rocksdb,churn,3948,17.732,0,0
rocksdb,churn,3949,17.019,0,0
rocksdb,churn,3950,19.576,141047208,0
rocksdb,churn,3951,16.939,0,0
rocksdb,churn,3952,18.899,0,0
rocksdb,churn,3953,16.698,0,0
rocksdb,churn,3954,23.910,0,0
rocksdb,churn,3955,22.691,0,0
rocksdb,churn,3956,18.898,0,0
rocksdb,churn,3957,22.484,0,0
rocksdb,churn,3958,18.578,0,0
rocksdb,churn,3959,17.124,0,0
rocksdb,churn,3960,18.294,167569549,0
rocksdb,churn,3961,25.818,0,0
rocksdb,churn,3962,23.310,0,0
rocksdb,churn,3963,18.373,0,0
rocksdb,churn,3964,12.563,0,0
rocksdb,churn,3965,18.331,0,0
rocksdb,churn,3966,15.425,0,0
rocksdb,churn,3967,11.675,0,0
rocksdb,churn,3968,13.163,0,0
rocksdb,churn,3969,24.460,0,0
rocksdb,churn,3970,27.858,255887371,0
rocksdb,churn,3971,30.121,0,0
rocksdb,churn,3972,25.716,0,0
rocksdb,churn,3973,30.725,0,0
rocksdb,churn,3974,31.832,0,0
rocksdb,churn,3975,33.011,0,0
rocksdb,churn,3976,26.108,0,0
rocksdb,churn,3977,33.373,0,0
rocksdb,churn,3978,25.872,0,0
rocksdb,churn,3979,35.848,0,0
rocksdb,churn,3980,41.569,160159487,0
rocksdb,churn,3981,17.710,0,0
rocksdb,churn,3982,25.415,0,0
rocksdb,churn,3983,21.038,0,0
rocksdb,churn,3984,13.711,0,0
rocksdb,churn,3985,17.823,0,0
rocksdb,churn,3986,32.874,0,0
rocksdb,churn,3987,25.554,0,0
rocksdb,churn,3988,20.055,0,0
rocksdb,churn,3989,19.137,0,0
rocksdb,churn,3990,17.665,184036645,0
rocksdb,churn,3991,20.917,0,0
rocksdb,churn,3992,15.823,0,0
rocksdb,churn,3993,18.113,0,0
rocksdb,churn,3994,15.684,0,0
rocksdb,churn,3995,12.570,0,0
rocksdb,churn,3996,17.950,0,0
rocksdb,churn,3997,16.075,0,0
rocksdb,churn,3998,18.148,0,0
rocksdb,churn,3999,18.909,0,0
rocksdb,churn,4000,18.111,147590282,0
rocksdb,churn,4001,17.069,0,0
rocksdb,churn,4002,16.740,0,0
rocksdb,churn,4003,18.456,0,0
rocksdb,churn,4004,15.707,0,0
rocksdb,churn,4005,17.579,0,0
rocksdb,churn,4006,13.177,0,0
rocksdb,churn,4007,19.205,0,0
rocksdb,churn,4008,13.005,0,0
rocksdb,churn,4009,28.469,0,0
rocksdb,churn,4010,15.247,174005879,0
rocksdb,churn,4011,20.816,0,0
rocksdb,churn,4012,16.704,0,0
rocksdb,churn,4013,22.562,0,0
rocksdb,churn,4014,22.042,0,0
rocksdb,churn,4015,15.341,0,0
rocksdb,churn,4016,14.513,0,0
rocksdb,churn,4017,18.053,0,0
rocksdb,churn,4018,15.742,0,0
rocksdb,churn,4019,17.711,0,0
rocksdb,churn,4020,14.830,145874513,0
rocksdb,churn,4021,15.563,0,0
rocksdb,churn,4022,21.018,0,0
rocksdb,churn,4023,14.082,0,0
rocksdb,churn,4024,22.453,0,0
rocksdb,churn,4025,11.868,0,0
rocksdb,churn,4026,17.607,0,0
rocksdb,churn,4027,12.039,0,0
rocksdb,churn,4028,18.594,0,0
rocksdb,churn,4029,19.325,0,0
rocksdb,churn,4030,24.383,169756775,0
rocksdb,churn,4031,15.008,0,0
rocksdb,churn,4032,20.631,0,0
rocksdb,churn,4033,19.715,0,0
rocksdb,churn,4034,19.312,0,0
rocksdb,churn,4035,20.177,0,0
rocksdb,churn,4036,16.001,0,0
rocksdb,churn,4037,15.500,0,0
rocksdb,churn,4038,18.543,0,0
rocksdb,churn,4039,21.088,0,0
rocksdb,churn,4040,16.010,137826648,0
rocksdb,churn,4041,22.494,0,0
rocksdb,churn,4042,21.241,0,0
rocksdb,churn,4043,11.980,0,0
rocksdb,churn,4044,14.744,0,0
rocksdb,churn,4045,14.458,0,0
rocksdb,churn,4046,19.999,0,0
rocksdb,churn,4047,15.442,0,0
rocksdb,churn,4048,19.553,0,0
rocksdb,churn,4049,11.232,0,0
rocksdb,churn,4050,12.900,158026850,0
rocksdb,churn,4051,13.744,0,0
rocksdb,churn,4052,14.971,0,0
rocksdb,churn,4053,17.616,0,0
rocksdb,churn,4054,25.850,0,0
rocksdb,churn,4055,17.452,0,0
rocksdb,churn,4056,18.236,0,0
rocksdb,churn,4057,17.521,0,0
rocksdb,churn,4058,19.256,0,0
rocksdb,churn,4059,20.583,0,0
rocksdb,churn,4060,18.275,229253906,0
rocksdb,churn,4061,23.165,0,0
rocksdb,churn,4062,17.445,0,0
rocksdb,churn,4063,15.191,0,0
rocksdb,churn,4064,22.714,0,0
rocksdb,churn,4065,17.421,0,0
rocksdb,churn,4066,19.335,0,0
rocksdb,churn,4067,17.788,0,0
rocksdb,churn,4068,21.351,0,0
rocksdb,churn,4069,22.823,0,0
rocksdb,churn,4070,23.384,158072302,0
rocksdb,churn,4071,18.282,0,0
rocksdb,churn,4072,19.764,0,0
rocksdb,churn,4073,18.281,0,0
rocksdb,churn,4074,21.049,0,0
rocksdb,churn,4075,21.104,0,0
rocksdb,churn,4076,20.456,0,0
rocksdb,churn,4077,20.198,0,0
rocksdb,churn,4078,24.010,0,0
rocksdb,churn,4079,16.831,0,0
rocksdb,churn,4080,18.392,185889604,0
rocksdb,churn,4081,29.000,0,0
rocksdb,churn,4082,26.478,0,0
rocksdb,churn,4083,16.086,0,0
rocksdb,churn,4084,25.867,0,0
rocksdb,churn,4085,23.389,0,0
rocksdb,churn,4086,23.637,0,0
rocksdb,churn,4087,25.039,0,0
rocksdb,churn,4088,18.173,0,0
rocksdb,churn,4089,17.606,0,0
rocksdb,churn,4090,13.048,152378583,0
rocksdb,churn,4091,18.077,0,0
rocksdb,churn,4092,15.601,0,0
rocksdb,churn,4093,12.524,0,0
rocksdb,churn,4094,16.240,0,0
rocksdb,churn,4095,11.265,0,0
rocksdb,churn,4096,13.241,0,0
rocksdb,churn,4097,14.504,0,0
rocksdb,churn,4098,18.560,0,0
rocksdb,churn,4099,24.179,0,0
rocksdb,churn,4100,33.858,174756727,0
rocksdb,churn,4101,23.856,0,0
rocksdb,churn,4102,45.730,0,0
rocksdb,churn,4103,29.203,0,0
rocksdb,churn,4104,26.554,0,0
rocksdb,churn,4105,15.112,0,0
rocksdb,churn,4106,11.457,0,0
rocksdb,churn,4107,16.597,0,0
rocksdb,churn,4108,13.977,0,0
rocksdb,churn,4109,17.610,0,0
rocksdb,churn,4110,27.217,139379061,0
rocksdb,churn,4111,20.893,0,0
rocksdb,churn,4112,16.637,0,0
rocksdb,churn,4113,13.095,0,0
rocksdb,churn,4114,15.457,0,0
rocksdb,churn,4115,19.862,0,0
rocksdb,churn,4116,22.157,0,0
rocksdb,churn,4117,24.497,0,0
rocksdb,churn,4118,21.446,0,0
rocksdb,churn,4119,14.759,0,0
rocksdb,churn,4120,20.014,165664988,0
rocksdb,churn,4121,19.173,0,0
rocksdb,churn,4122,22.932,0,0
rocksdb,churn,4123,17.608,0,0
rocksdb,churn,4124,22.605,0,0
rocksdb,churn,4125,13.977,0,0
rocksdb,churn,4126,14.087,0,0
rocksdb,churn,4127,19.119,0,0
rocksdb,churn,4128,14.781,0,0
rocksdb,churn,4129,13.026,0,0
rocksdb,churn,4130,21.265,133557684,0
rocksdb,churn,4131,18.544,0,0
rocksdb,churn,4132,16.731,0,0
rocksdb,churn,4133,17.676,0,0
rocksdb,churn,4134,16.438,0,0
rocksdb,churn,4135,12.043,0,0
rocksdb,churn,4136,17.792,0,0
rocksdb,churn,4137,14.827,0,0
rocksdb,churn,4138,19.559,0,0
rocksdb,churn,4139,15.319,0,0
rocksdb,churn,4140,13.644,155916761,0
rocksdb,churn,4141,16.246,0,0
rocksdb,churn,4142,16.637,0,0
rocksdb,churn,4143,17.912,0,0
rocksdb,churn,4144,18.414,0,0
rocksdb,churn,4145,14.431,0,0
rocksdb,churn,4146,16.611,0,0
rocksdb,churn,4147,11.314,0,0
rocksdb,churn,4148,15.656,0,0
rocksdb,churn,4149,17.681,0,0
rocksdb,churn,4150,21.586,219728439,0
rocksdb,churn,4151,18.549,0,0
rocksdb,churn,4152,18.809,0,0
rocksdb,churn,4153,17.607,0,0
rocksdb,churn,4154,19.054,0,0
rocksdb,churn,4155,18.458,0,0
rocksdb,churn,4156,19.837,0,0
rocksdb,churn,4157,18.084,0,0
rocksdb,churn,4158,17.369,0,0
rocksdb,churn,4159,18.523,0,0
rocksdb,churn,4160,27.455,157237041,0
rocksdb,churn,4161,17.078,0,0
rocksdb,churn,4162,17.412,0,0
rocksdb,churn,4163,16.976,0,0
rocksdb,churn,4164,17.057,0,0
rocksdb,churn,4165,15.798,0,0
rocksdb,churn,4166,16.577,0,0
rocksdb,churn,4167,12.888,0,0
rocksdb,churn,4168,19.629,0,0
rocksdb,churn,4169,12.101,0,0
rocksdb,churn,4170,17.203,179717128,0
rocksdb,churn,4171,12.569,0,0
rocksdb,churn,4172,13.428,0,0
rocksdb,churn,4173,25.310,0,0
rocksdb,churn,4174,14.133,0,0
rocksdb,churn,4175,18.455,0,0
rocksdb,churn,4176,18.204,0,0
rocksdb,churn,4177,11.996,0,0
rocksdb,churn,4178,19.786,0,0
rocksdb,churn,4179,17.487,0,0
rocksdb,churn,4180,14.322,147287054,0
rocksdb,churn,4181,15.659,0,0
rocksdb,churn,4182,20.167,0,0
rocksdb,churn,4183,13.262,0,0
rocksdb,churn,4184,12.634,0,0
rocksdb,churn,4185,16.372,0,0
rocksdb,churn,4186,14.141,0,0
rocksdb,churn,4187,19.855,0,0
rocksdb,churn,4188,14.691,0,0
rocksdb,churn,4189,19.573,0,0
rocksdb,churn,4190,17.028,169658497,0
rocksdb,churn,4191,17.527,0,0
rocksdb,churn,4192,22.553,0,0
rocksdb,churn,4193,21.110,0,0
rocksdb,churn,4194,17.399,0,0
rocksdb,churn,4195,20.796,0,0
rocksdb,churn,4196,16.378,0,0
rocksdb,churn,4197,18.567,0,0
rocksdb,churn,4198,17.902,0,0
rocksdb,churn,4199,18.085,0,0
rocksdb,churn,4200,15.602,143205378,0
rocksdb,churn,4201,13.474,0,0
rocksdb,churn,4202,22.320,0,0
rocksdb,churn,4203,20.119,0,0
rocksdb,churn,4204,19.888,0,0
rocksdb,churn,4205,23.401,0,0
rocksdb,churn,4206,22.638,0,0
rocksdb,churn,4207,20.649,0,0
rocksdb,churn,4208,15.144,0,0
rocksdb,churn,4209,14.941,0,0
rocksdb,churn,4210,26.380,170866167,0
rocksdb,churn,4211,18.992,0,0
rocksdb,churn,4212,36.780,0,0
rocksdb,churn,4213,15.585,0,0
rocksdb,churn,4214,25.875,0,0
rocksdb,churn,4215,12.609,0,0
rocksdb,churn,4216,15.442,0,0
rocksdb,churn,4217,17.422,0,0
rocksdb,churn,4218,23.479,0,0
rocksdb,churn,4219,25.795,0,0
rocksdb,churn,4220,19.730,133531255,0
rocksdb,churn,4221,14.942,0,0
rocksdb,churn,4222,13.192,0,0
rocksdb,churn,4223,14.310,0,0
rocksdb,churn,4224,14.137,0,0
rocksdb,churn,4225,15.442,0,0
rocksdb,churn,4226,14.750,0,0
rocksdb,churn,4227,16.723,0,0
rocksdb,churn,4228,13.988,0,0
rocksdb,churn,4229,18.501,0,0
rocksdb,churn,4230,16.095,158878510,0
rocksdb,churn,4231,19.431,0,0
rocksdb,churn,4232,20.682,0,0
rocksdb,churn,4233,18.271,0,0
rocksdb,churn,4234,18.844,0,0
rocksdb,churn,4235,20.000,0,0
rocksdb,churn,4236,20.180,0,0
rocksdb,churn,4237,21.974,0,0
rocksdb,churn,4238,32.721,0,0
rocksdb,churn,4239,36.118,0,0
rocksdb,churn,4240,15.779,215579546,0
rocksdb,churn,4241,25.772,0,0
rocksdb,churn,4242,22.534,0,0
rocksdb,churn,4243,16.099,0,0
rocksdb,churn,4244,23.238,0,0
rocksdb,churn,4245,25.066,0,0
rocksdb,churn,4246,18.031,0,0
rocksdb,churn,4247,27.800,0,0
rocksdb,churn,4248,14.139,0,0
rocksdb,churn,4249,12.599,0,0
rocksdb,churn,4250,19.622,155205461,0
rocksdb,churn,4251,16.858,0,0
rocksdb,churn,4252,20.910,0,0
rocksdb,churn,4253,13.506,0,0
rocksdb,churn,4254,17.085,0,0
rocksdb,churn,4255,16.812,0,0
rocksdb,churn,4256,13.745,0,0
rocksdb,churn,4257,15.435,0,0
rocksdb,churn,4258,16.627,0,0
rocksdb,churn,4259,13.809,0,0
rocksdb,churn,4260,13.690,181481707,0
rocksdb,churn,4261,12.880,0,0
rocksdb,churn,4262,13.035,0,0
rocksdb,churn,4263,23.737,0,0
rocksdb,churn,4264,18.336,0,0
rocksdb,churn,4265,24.217,0,0
rocksdb,churn,4266,17.519,0,0
rocksdb,churn,4267,18.046,0,0
rocksdb,churn,4268,18.088,0,0
rocksdb,churn,4269,18.328,0,0
rocksdb,churn,4270,16.552,147036657,0
rocksdb,churn,4271,16.430,0,0
rocksdb,churn,4272,22.643,0,0
rocksdb,churn,4273,15.397,0,0
rocksdb,churn,4274,24.833,0,0
rocksdb,churn,4275,11.922,0,0
rocksdb,churn,4276,23.523,0,0
rocksdb,churn,4277,27.140,0,0
rocksdb,churn,4278,16.622,0,0
rocksdb,churn,4279,19.436,0,0
rocksdb,churn,4280,18.719,177321869,0
rocksdb,churn,4281,15.708,0,0
rocksdb,churn,4282,20.998,0,0
rocksdb,churn,4283,12.834,0,0
rocksdb,churn,4284,23.521,0,0
rocksdb,churn,4285,24.662,0,0
rocksdb,churn,4286,26.878,0,0
rocksdb,churn,4287,29.456,0,0
rocksdb,churn,4288,20.937,0,0
rocksdb,churn,4289,27.996,0,0
rocksdb,churn,4290,30.203,145000136,0
rocksdb,churn,4291,20.140,0,0
rocksdb,churn,4292,15.602,0,0
rocksdb,churn,4293,18.894,0,0
rocksdb,churn,4294,19.417,0,0
rocksdb,churn,4295,14.366,0,0
rocksdb,churn,4296,17.371,0,0
rocksdb,churn,4297,19.916,0,0
rocksdb,churn,4298,22.354,0,0
rocksdb,churn,4299,21.957,0,0
rocksdb,churn,4300,22.978,173727901,0
rocksdb,churn,4301,20.889,0,0
rocksdb,churn,4302,19.455,0,0
rocksdb,churn,4303,20.870,0,0
rocksdb,churn,4304,19.339,0,0
rocksdb,churn,4305,15.935,0,0
rocksdb,churn,4306,16.633,0,0
rocksdb,churn,4307,14.717,0,0
rocksdb,churn,4308,14.718,0,0
rocksdb,churn,4309,24.007,0,0
rocksdb,churn,4310,26.013,258588100,0
rocksdb,churn,4311,17.310,0,0
rocksdb,churn,4312,13.957,0,0
rocksdb,churn,4313,15.368,0,0
rocksdb,churn,4314,14.363,0,0
rocksdb,churn,4315,18.315,0,0
rocksdb,churn,4316,13.193,0,0
rocksdb,churn,4317,15.569,0,0
rocksdb,churn,4318,13.338,0,0
rocksdb,churn,4319,14.342,0,0
rocksdb,churn,4320,16.104,155333525,0
rocksdb,churn,4321,22.006,0,0
rocksdb,churn,4322,18.023,0,0
rocksdb,churn,4323,14.587,0,0
rocksdb,churn,4324,18.913,0,0
rocksdb,churn,4325,18.182,0,0
rocksdb,churn,4326,20.564,0,0
rocksdb,churn,4327,31.898,0,0
rocksdb,churn,4328,18.021,0,0
rocksdb,churn,4329,13.618,0,0
rocksdb,churn,4330,13.774,179824265,0
rocksdb,churn,4331,20.555,0,0
rocksdb,churn,4332,24.248,0,0
rocksdb,churn,4333,22.124,0,0
rocksdb,churn,4334,20.067,0,0
rocksdb,churn,4335,17.181,0,0
rocksdb,churn,4336,13.341,0,0
rocksdb,churn,4337,15.568,0,0
rocksdb,churn,4338,18.068,0,0
rocksdb,churn,4339,15.360,0,0
rocksdb,churn,4340,11.583,153347329,0
rocksdb,churn,4341,16.936,0,0
rocksdb,churn,4342,17.298,0,0
rocksdb,churn,4343,17.695,0,0
rocksdb,churn,4344,19.126,0,0
rocksdb,churn,4345,17.770,0,0
rocksdb,churn,4346,17.691,0,0
rocksdb,churn,4347,19.513,0,0
rocksdb,churn,4348,24.958,0,0
rocksdb,churn,4349,19.739,0,0
rocksdb,churn,4350,16.541,177937231,0
rocksdb,churn,4351,18.332,0,0
rocksdb,churn,4352,21.358,0,0
rocksdb,churn,4353,21.395,0,0
rocksdb,churn,4354,19.098,0,0
rocksdb,churn,4355,16.632,0,0
rocksdb,churn,4356,19.969,0,0
rocksdb,churn,4357,20.823,0,0
rocksdb,churn,4358,18.249,0,0
rocksdb,churn,4359,19.310,0,0
rocksdb,churn,4360,14.911,145933566,0
rocksdb,churn,4361,18.504,0,0
rocksdb,churn,4362,15.388,0,0
rocksdb,churn,4363,26.770,0,0
rocksdb,churn,4364,19.845,0,0
rocksdb,churn,4365,17.230,0,0
rocksdb,churn,4366,21.912,0,0
rocksdb,churn,4367,20.933,0,0
rocksdb,churn,4368,19.666,0,0
rocksdb,churn,4369,15.281,0,0
rocksdb,churn,4370,16.842,176445939,0
rocksdb,churn,4371,15.333,0,0
rocksdb,churn,4372,19.123,0,0
rocksdb,churn,4373,22.356,0,0
rocksdb,churn,4374,17.475,0,0
rocksdb,churn,4375,17.192,0,0
rocksdb,churn,4376,20.846,0,0
rocksdb,churn,4377,13.183,0,0
rocksdb,churn,4378,17.545,0,0
rocksdb,churn,4379,30.164,0,0
rocksdb,churn,4380,17.360,140805944,0
rocksdb,churn,4381,23.998,0,0
rocksdb,churn,4382,18.803,0,0
rocksdb,churn,4383,20.702,0,0
rocksdb,churn,4384,18.238,0,0
rocksdb,churn,4385,24.105,0,0
rocksdb,churn,4386,21.575,0,0
rocksdb,churn,4387,18.178,0,0
rocksdb,churn,4388,17.720,0,0
rocksdb,churn,4389,17.941,0,0
rocksdb,churn,4390,21.869,172245789,0
rocksdb,churn,4391,18.353,0,0
rocksdb,churn,4392,15.505,0,0
rocksdb,churn,4393,16.551,0,0
rocksdb,churn,4394,21.071,0,0
rocksdb,churn,4395,23.075,0,0
rocksdb,churn,4396,20.017,0,0
rocksdb,churn,4397,22.920,0,0
rocksdb,churn,4398,19.123,0,0
rocksdb,churn,4399,27.119,0,0
rocksdb,churn,4400,20.477,237723313,0
rocksdb,churn,4401,23.146,0,0
rocksdb,churn,4402,26.716,0,0
rocksdb,churn,4403,25.456,0,0
rocksdb,churn,4404,16.978,0,0
rocksdb,churn,4405,19.094,0,0
rocksdb,churn,4406,18.467,0,0
rocksdb,churn,4407,18.165,0,0
rocksdb,churn,4408,17.255,0,0
rocksdb,churn,4409,20.145,0,0
rocksdb,churn,4410,22.002,159695559,0
rocksdb,churn,4411,23.082,0,0
rocksdb,churn,4412,15.581,0,0
rocksdb,churn,4413,25.313,0,0
rocksdb,churn,4414,18.827,0,0
rocksdb,churn,4415,19.981,0,0
rocksdb,churn,4416,20.172,0,0
rocksdb,churn,4417,22.101,0,0
rocksdb,churn,4418,18.827,0,0
rocksdb,churn,4419,19.726,0,0
rocksdb,churn,4420,17.952,192072523,0
rocksdb,churn,4421,21.228,0,0
rocksdb,churn,4422,20.528,0,0
rocksdb,churn,4423,14.666,0,0
rocksdb,churn,4424,21.216,0,0
rocksdb,churn,4425,19.448,0,0
rocksdb,churn,4426,25.058,0,0
rocksdb,churn,4427,22.182,0,0
rocksdb,churn,4428,19.044,0,0
rocksdb,churn,4429,20.392,0,0
rocksdb,churn,4430,18.794,155639545,0
rocksdb,churn,4431,14.400,0,0
rocksdb,churn,4432,19.782,0,0
rocksdb,churn,4433,21.073,0,0
rocksdb,churn,4434,19.896,0,0
rocksdb,churn,4435,17.300,0,0
rocksdb,churn,4436,25.574,0,0
rocksdb,churn,4437,19.380,0,0
rocksdb,churn,4438,15.252,0,0
rocksdb,churn,4439,20.265,0,0
rocksdb,churn,4440,20.580,182427530,0
rocksdb,churn,4441,18.784,0,0
rocksdb,churn,4442,22.075,0,0
rocksdb,churn,4443,18.854,0,0
rocksdb,churn,4444,12.525,0,0
rocksdb,churn,4445,21.724,0,0
rocksdb,churn,4446,15.192,0,0
rocksdb,churn,4447,16.781,0,0
rocksdb,churn,4448,16.156,0,0
rocksdb,churn,4449,24.158,0,0
rocksdb,churn,4450,20.217,145069718,0
rocksdb,churn,4451,22.144,0,0
rocksdb,churn,4452,23.074,0,0
rocksdb,churn,4453,14.100,0,0
rocksdb,churn,4454,19.176,0,0
rocksdb,churn,4455,19.177,0,0
rocksdb,churn,4456,18.510,0,0
rocksdb,churn,4457,17.140,0,0
rocksdb,churn,4458,18.455,0,0
rocksdb,churn,4459,18.070,0,0
rocksdb,churn,4460,15.421,175520560,0
rocksdb,churn,4461,21.125,0,0
rocksdb,churn,4462,16.496,0,0
rocksdb,churn,4463,23.784,0,0
rocksdb,churn,4464,13.370,0,0
rocksdb,churn,4465,20.313,0,0
rocksdb,churn,4466,22.099,0,0
rocksdb,churn,4467,17.194,0,0
rocksdb,churn,4468,18.090,0,0
rocksdb,churn,4469,15.101,0,0
rocksdb,churn,4470,17.003,139108288,0
rocksdb,churn,4471,22.691,0,0
rocksdb,churn,4472,15.567,0,0
rocksdb,churn,4473,22.213,0,0
rocksdb,churn,4474,17.443,0,0
rocksdb,churn,4475,17.954,0,0
rocksdb,churn,4476,19.085,0,0
rocksdb,churn,4477,13.327,0,0
rocksdb,churn,4478,18.681,0,0
rocksdb,churn,4479,15.503,0,0
rocksdb,churn,4480,25.416,168391588,0
rocksdb,churn,4481,17.595,0,0
rocksdb,churn,4482,28.705,0,0
rocksdb,churn,4483,18.525,0,0
rocksdb,churn,4484,19.343,0,0
rocksdb,churn,4485,19.012,0,0
rocksdb,churn,4486,18.960,0,0
rocksdb,churn,4487,20.277,0,0
rocksdb,churn,4488,23.712,0,0
rocksdb,churn,4489,16.680,0,0
rocksdb,churn,4490,20.666,227356227,0
rocksdb,churn,4491,27.912,0,0
rocksdb,churn,4492,20.295,0,0
rocksdb,churn,4493,22.002,0,0
rocksdb,churn,4494,19.450,0,0
rocksdb,churn,4495,16.456,0,0
rocksdb,churn,4496,16.398,0,0
rocksdb,churn,4497,26.438,0,0
rocksdb,churn,4498,15.147,0,0
rocksdb,churn,4499,18.071,0,0
rocksdb,churn,4500,15.775,155579823,0
rocksdb,churn,4501,19.415,0,0
rocksdb,churn,4502,20.279,0,0
rocksdb,churn,4503,17.075,0,0
rocksdb,churn,4504,17.367,0,0
rocksdb,churn,4505,12.978,0,0
rocksdb,churn,4506,14.036,0,0
rocksdb,churn,4507,18.075,0,0
rocksdb,churn,4508,19.064,0,0
rocksdb,churn,4509,15.160,0,0
rocksdb,churn,4510,12.159,183063748,0
rocksdb,churn,4511,18.380,0,0
rocksdb,churn,4512,19.092,0,0
rocksdb,churn,4513,19.106,0,0
rocksdb,churn,4514,13.192,0,0
rocksdb,churn,4515,21.718,0,0
rocksdb,churn,4516,18.228,0,0
rocksdb,churn,4517,19.413,0,0
rocksdb,churn,4518,15.722,0,0
rocksdb,churn,4519,22.167,0,0
rocksdb,churn,4520,14.867,151566708,0
rocksdb,churn,4521,22.032,0,0
rocksdb,churn,4522,21.719,0,0
rocksdb,churn,4523,20.542,0,0
rocksdb,churn,4524,20.096,0,0
rocksdb,churn,4525,24.686,0,0
rocksdb,churn,4526,19.439,0,0
rocksdb,churn,4527,16.992,0,0
rocksdb,churn,4528,19.721,0,0
rocksdb,churn,4529,18.997,0,0
rocksdb,churn,4530,25.839,181138354,0
rocksdb,churn,4531,19.157,0,0
rocksdb,churn,4532,21.185,0,0
rocksdb,churn,4533,21.739,0,0
rocksdb,churn,4534,16.328,0,0
rocksdb,churn,4535,19.535,0,0
rocksdb,churn,4536,21.270,0,0
rocksdb,churn,4537,19.383,0,0
rocksdb,churn,4538,18.305,0,0
rocksdb,churn,4539,18.660,0,0
rocksdb,churn,4540,16.110,145605777,0
rocksdb,churn,4541,21.870,0,0
rocksdb,churn,4542,14.813,0,0
rocksdb,churn,4543,16.354,0,0
rocksdb,churn,4544,27.842,0,0
rocksdb,churn,4545,18.236,0,0
rocksdb,churn,4546,22.354,0,0
rocksdb,churn,4547,23.738,0,0
rocksdb,churn,4548,20.374,0,0
rocksdb,churn,4549,20.467,0,0
rocksdb,churn,4550,19.301,175479545,0
rocksdb,churn,4551,15.388,0,0
rocksdb,churn,4552,18.243,0,0
rocksdb,churn,4553,18.651,0,0
rocksdb,churn,4554,21.888,0,0
rocksdb,churn,4555,24.992,0,0
rocksdb,churn,4556,18.000,0,0
rocksdb,churn,4557,20.778,0,0
rocksdb,churn,4558,14.775,0,0
rocksdb,churn,4559,24.026,0,0
rocksdb,churn,4560,30.942,138886761,0
rocksdb,churn,4561,17.248,0,0
rocksdb,churn,4562,18.062,0,0
rocksdb,churn,4563,34.888,0,0
rocksdb,churn,4564,21.819,0,0
rocksdb,churn,4565,21.929,0,0
rocksdb,churn,4566,20.666,0,0
rocksdb,churn,4567,21.154,0,0
rocksdb,churn,4568,21.483,0,0
rocksdb,churn,4569,17.318,0,0
rocksdb,churn,4570,20.440,169247729,0
rocksdb,churn,4571,14.325,0,0
rocksdb,churn,4572,18.306,0,0
rocksdb,churn,4573,18.709,0,0
rocksdb,churn,4574,20.405,0,0
rocksdb,churn,4575,11.286,0,0
rocksdb,churn,4576,17.094,0,0
rocksdb,churn,4577,15.002,0,0
rocksdb,churn,4578,19.096,0,0
rocksdb,churn,4579,19.746,0,0
rocksdb,churn,4580,24.459,203299383,0
rocksdb,churn,4581,18.711,0,0
rocksdb,churn,4582,15.499,0,0
rocksdb,churn,4583,14.591,0,0
rocksdb,churn,4584,14.132,0,0
rocksdb,churn,4585,18.317,0,0
rocksdb,churn,4586,16.945,0,0
rocksdb,churn,4587,23.793,0,0
rocksdb,churn,4588,21.404,0,0
rocksdb,churn,4589,19.328,0,0
rocksdb,churn,4590,22.389,160258375,0
rocksdb,churn,4591,20.324,0,0
rocksdb,churn,4592,21.725,0,0
rocksdb,churn,4593,20.592,0,0
rocksdb,churn,4594,17.393,0,0
rocksdb,churn,4595,24.047,0,0
rocksdb,churn,4596,18.898,0,0
rocksdb,churn,4597,16.525,0,0
rocksdb,churn,4598,16.693,0,0
rocksdb,churn,4599,14.625,0,0
rocksdb,churn,4600,25.324,186770913,0
rocksdb,churn,4601,19.368,0,0
rocksdb,churn,4602,18.259,0,0
rocksdb,churn,4603,15.919,0,0
rocksdb,churn,4604,19.915,0,0
rocksdb,churn,4605,16.235,0,0
rocksdb,churn,4606,20.001,0,0
rocksdb,churn,4607,18.754,0,0
rocksdb,churn,4608,23.114,0,0
rocksdb,churn,4609,21.813,0,0
rocksdb,churn,4610,21.420,152053848,0
rocksdb,churn,4611,16.316,0,0
rocksdb,churn,4612,19.811,0,0
rocksdb,churn,4613,18.193,0,0
rocksdb,churn,4614,22.591,0,0
rocksdb,churn,4615,17.144,0,0
rocksdb,churn,4616,22.817,0,0
rocksdb,churn,4617,24.713,0,0
rocksdb,churn,4618,19.619,0,0
rocksdb,churn,4619,17.278,0,0
rocksdb,churn,4620,19.276,182610190,0
rocksdb,churn,4621,18.649,0,0
rocksdb,churn,4622,23.461,0,0
rocksdb,churn,4623,22.248,0,0
rocksdb,churn,4624,20.516,0,0
rocksdb,churn,4625,21.292,0,0
rocksdb,churn,4626,22.265,0,0
rocksdb,churn,4627,17.249,0,0
rocksdb,churn,4628,18.053,0,0
rocksdb,churn,4629,27.135,0,0
rocksdb,churn,4630,19.658,144293329,0
rocksdb,churn,4631,21.726,0,0
rocksdb,churn,4632,20.658,0,0
rocksdb,churn,4633,20.493,0,0
rocksdb,churn,4634,16.529,0,0
rocksdb,churn,4635,18.881,0,0
rocksdb,churn,4636,21.931,0,0
rocksdb,churn,4637,19.115,0,0
rocksdb,churn,4638,25.754,0,0
rocksdb,churn,4639,20.631,0,0
rocksdb,churn,4640,22.512,175245896,0
rocksdb,churn,4641,22.015,0,0
rocksdb,churn,4642,21.169,0,0
rocksdb,churn,4643,22.854,0,0
rocksdb,churn,4644,19.557,0,0
rocksdb,churn,4645,14.453,0,0
rocksdb,churn,4646,20.153,0,0
rocksdb,churn,4647,18.531,0,0
rocksdb,churn,4648,20.012,0,0
rocksdb,churn,4649,17.274,0,0
rocksdb,churn,4650,16.302,138542629,0
rocksdb,churn,4651,19.527,0,0
rocksdb,churn,4652,17.363,0,0
rocksdb,churn,4653,18.174,0,0
rocksdb,churn,4654,19.651,0,0
rocksdb,churn,4655,16.044,0,0
rocksdb,churn,4656,12.750,0,0
rocksdb,churn,4657,15.705,0,0
rocksdb,churn,4658,15.966,0,0
rocksdb,churn,4659,20.025,0,0
rocksdb,churn,4660,18.950,160845250,0
rocksdb,churn,4661,22.751,0,0
rocksdb,churn,4662,21.014,0,0
rocksdb,churn,4663,19.737,0,0
rocksdb,churn,4664,24.397,0,0
rocksdb,churn,4665,23.021,0,0
rocksdb,churn,4666,22.477,0,0
rocksdb,churn,4667,19.281,0,0
rocksdb,churn,4668,14.635,0,0
rocksdb,churn,4669,22.405,0,0
rocksdb,churn,4670,21.231,255040156,0
rocksdb,churn,4671,23.506,0,0
rocksdb,churn,4672,22.113,0,0
rocksdb,churn,4673,16.408,0,0
rocksdb,churn,4674,23.858,0,0
rocksdb,churn,4675,19.129,0,0
rocksdb,churn,4676,23.639,0,0
rocksdb,churn,4677,20.827,0,0
rocksdb,churn,4678,19.451,0,0
rocksdb,churn,4679,21.817,0,0
rocksdb,churn,4680,21.691,162899802,0
rocksdb,churn,4681,22.201,0,0
rocksdb,churn,4682,22.445,0,0
rocksdb,churn,4683,16.709,0,0
rocksdb,churn,4684,22.784,0,0
rocksdb,churn,4685,22.847,0,0
rocksdb,churn,4686,18.938,0,0
rocksdb,churn,4687,21.395,0,0
rocksdb,churn,4688,18.193,0,0
rocksdb,churn,4689,17.429,0,0
rocksdb,churn,4690,22.221,189967818,0
rocksdb,churn,4691,18.670,0,0
rocksdb,churn,4692,22.421,0,0
rocksdb,churn,4693,23.219,0,0
rocksdb,churn,4694,20.908,0,0
rocksdb,churn,4695,23.433,0,0
rocksdb,churn,4696,18.619,0,0
rocksdb,churn,4697,17.579,0,0
rocksdb,churn,4698,20.147,0,0
rocksdb,churn,4699,19.848,0,0
rocksdb,churn,4700,26.551,155121970,0
rocksdb,churn,4701,19.671,0,0
rocksdb,churn,4702,23.936,0,0
rocksdb,churn,4703,17.420,0,0
rocksdb,churn,4704,22.238,0,0
rocksdb,churn,4705,16.048,0,0
rocksdb,churn,4706,21.883,0,0
rocksdb,churn,4707,18.626,0,0
rocksdb,churn,4708,22.604,0,0
rocksdb,churn,4709,15.678,0,0
rocksdb,churn,4710,17.902,180699837,0
rocksdb,churn,4711,15.210,0,0
rocksdb,churn,4712,21.243,0,0
rocksdb,churn,4713,16.809,0,0
rocksdb,churn,4714,21.482,0,0
rocksdb,churn,4715,19.123,0,0
rocksdb,churn,4716,21.948,0,0
rocksdb,churn,4717,21.400,0,0
rocksdb,churn,4718,27.692,0,0
rocksdb,churn,4719,20.161,0,0
rocksdb,churn,4720,17.802,144165965,0
rocksdb,churn,4721,22.408,0,0
rocksdb,churn,4722,24.139,0,0
rocksdb,churn,4723,15.245,0,0
rocksdb,churn,4724,12.476,0,0
rocksdb,churn,4725,18.084,0,0
rocksdb,churn,4726,41.359,0,0
rocksdb,churn,4727,21.472,0,0
rocksdb,churn,4728,27.616,0,0
rocksdb,churn,4729,26.642,0,0
rocksdb,churn,4730,16.776,173592449,0
rocksdb,churn,4731,17.667,0,0
rocksdb,churn,4732,14.241,0,0
rocksdb,churn,4733,12.478,0,0
rocksdb,churn,4734,16.890,0,0
rocksdb,churn,4735,17.346,0,0
rocksdb,churn,4736,18.323,0,0
rocksdb,churn,4737,12.537,0,0
rocksdb,churn,4738,13.753,0,0
rocksdb,churn,4739,15.002,0,0
rocksdb,churn,4740,22.992,137148467,0
rocksdb,churn,4741,24.516,0,0
rocksdb,churn,4742,20.191,0,0
rocksdb,churn,4743,19.717,0,0
rocksdb,churn,4744,22.196,0,0
rocksdb,churn,4745,19.954,0,0
rocksdb,churn,4746,24.391,0,0
rocksdb,churn,4747,27.575,0,0
rocksdb,churn,4748,20.136,0,0
rocksdb,churn,4749,23.185,0,0
rocksdb,churn,4750,22.172,168427098,0
rocksdb,churn,4751,17.907,0,0
rocksdb,churn,4752,14.722,0,0
rocksdb,churn,4753,20.939,0,0
rocksdb,churn,4754,22.380,0,0
rocksdb,churn,4755,23.679,0,0
rocksdb,churn,4756,17.408,0,0
rocksdb,churn,4757,19.678,0,0
rocksdb,churn,4758,17.475,0,0
rocksdb,churn,4759,13.500,0,0
rocksdb,churn,4760,17.940,225310932,0
rocksdb,churn,4761,18.065,0,0
rocksdb,churn,4762,19.202,0,0
rocksdb,churn,4763,15.310,0,0
rocksdb,churn,4764,19.442,0,0
rocksdb,churn,4765,19.425,0,0
rocksdb,churn,4766,16.339,0,0
rocksdb,churn,4767,25.666,0,0
rocksdb,churn,4768,19.100,0,0
rocksdb,churn,4769,19.343,0,0
rocksdb,churn,4770,18.470,159118217,0
rocksdb,churn,4771,18.465,0,0
rocksdb,churn,4772,29.284,0,0
rocksdb,churn,4773,13.310,0,0
rocksdb,churn,4774,14.077,0,0
rocksdb,churn,4775,14.105,0,0
rocksdb,churn,4776,15.689,0,0
rocksdb,churn,4777,15.181,0,0
rocksdb,churn,4778,23.423,0,0
rocksdb,churn,4779,18.532,0,0
rocksdb,churn,4780,21.230,189201604,0
rocksdb,churn,4781,23.076,0,0
rocksdb,churn,4782,19.807,0,0
rocksdb,churn,4783,18.790,0,0
rocksdb,churn,4784,13.662,0,0
rocksdb,churn,4785,29.644,0,0
rocksdb,churn,4786,18.963,0,0
rocksdb,churn,4787,16.004,0,0
rocksdb,churn,4788,15.280,0,0
rocksdb,churn,4789,23.283,0,0
rocksdb,churn,4790,21.858,150635082,0
rocksdb,churn,4791,20.050,0,0
rocksdb,churn,4792,24.225,0,0
rocksdb,churn,4793,22.070,0,0
rocksdb,churn,4794,18.664,0,0
rocksdb,churn,4795,22.192,0,0
rocksdb,churn,4796,35.939,0,0
rocksdb,churn,4797,37.089,0,0
rocksdb,churn,4798,27.114,0,0
rocksdb,churn,4799,27.165,0,0
rocksdb,churn,4800,30.792,175145442,0
rocksdb,churn,4801,32.613,0,0
rocksdb,churn,4802,24.773,0,0
rocksdb,churn,4803,15.010,0,0
rocksdb,churn,4804,19.191,0,0
rocksdb,churn,4805,33.742,0,0
rocksdb,churn,4806,20.629,0,0
rocksdb,churn,4807,18.372,0,0
rocksdb,churn,4808,15.377,0,0
rocksdb,churn,4809,13.925,0,0
rocksdb,churn,4810,16.710,145558560,0
rocksdb,churn,4811,17.936,0,0
rocksdb,churn,4812,14.288,0,0
rocksdb,churn,4813,18.080,0,0
rocksdb,churn,4814,17.967,0,0
rocksdb,churn,4815,17.875,0,0
rocksdb,churn,4816,15.948,0,0
rocksdb,churn,4817,16.335,0,0
rocksdb,churn,4818,18.095,0,0
rocksdb,churn,4819,16.538,0,0
rocksdb,churn,4820,14.467,170251755,0
rocksdb,churn,4821,20.981,0,0
rocksdb,churn,4822,23.250,0,0
rocksdb,churn,4823,20.497,0,0
rocksdb,churn,4824,16.303,0,0
rocksdb,churn,4825,21.326,0,0
rocksdb,churn,4826,21.011,0,0
rocksdb,churn,4827,17.074,0,0
rocksdb,churn,4828,14.453,0,0
rocksdb,churn,4829,13.976,0,0
rocksdb,churn,4830,19.049,136875854,0
rocksdb,churn,4831,17.975,0,0
rocksdb,churn,4832,13.486,0,0
rocksdb,churn,4833,22.768,0,0
rocksdb,churn,4834,26.461,0,0
rocksdb,churn,4835,32.260,0,0
rocksdb,churn,4836,27.893,0,0
rocksdb,churn,4837,28.390,0,0
rocksdb,churn,4838,26.911,0,0
rocksdb,churn,4839,17.495,0,0
rocksdb,churn,4840,14.123,169606789,0
rocksdb,churn,4841,14.980,0,0
rocksdb,churn,4842,23.467,0,0
rocksdb,churn,4843,18.154,0,0
rocksdb,churn,4844,18.432,0,0
rocksdb,churn,4845,19.082,0,0
rocksdb,churn,4846,21.646,0,0
rocksdb,churn,4847,25.172,0,0
rocksdb,churn,4848,20.535,0,0
rocksdb,churn,4849,21.804,0,0
rocksdb,churn,4850,20.200,208619291,0
rocksdb,churn,4851,21.160,0,0
rocksdb,churn,4852,23.686,0,0
rocksdb,churn,4853,18.662,0,0
rocksdb,churn,4854,17.885,0,0
rocksdb,churn,4855,20.864,0,0
rocksdb,churn,4856,19.620,0,0
rocksdb,churn,4857,14.802,0,0
rocksdb,churn,4858,19.576,0,0
rocksdb,churn,4859,16.571,0,0
rocksdb,churn,4860,18.002,163677318,0
rocksdb,churn,4861,17.484,0,0
rocksdb,churn,4862,20.130,0,0
rocksdb,churn,4863,17.779,0,0
rocksdb,churn,4864,15.517,0,0
rocksdb,churn,4865,15.360,0,0
rocksdb,churn,4866,20.398,0,0
rocksdb,churn,4867,20.836,0,0
rocksdb,churn,4868,25.787,0,0
rocksdb,churn,4869,16.088,0,0
rocksdb,churn,4870,18.241,191288446,0
rocksdb,churn,4871,17.578,0,0
rocksdb,churn,4872,21.390,0,0
rocksdb,churn,4873,19.268,0,0
rocksdb,churn,4874,23.453,0,0
rocksdb,churn,4875,17.150,0,0
rocksdb,churn,4876,22.201,0,0
rocksdb,churn,4877,14.167,0,0
rocksdb,churn,4878,18.857,0,0
rocksdb,churn,4879,12.021,0,0
rocksdb,churn,4880,19.034,153746519,0
rocksdb,churn,4881,21.063,0,0
rocksdb,churn,4882,12.041,0,0
rocksdb,churn,4883,13.333,0,0
rocksdb,churn,4884,15.316,0,0
rocksdb,churn,4885,18.744,0,0
rocksdb,churn,4886,15.831,0,0
rocksdb,churn,4887,18.594,0,0
rocksdb,churn,4888,35.634,0,0
rocksdb,churn,4889,36.542,0,0
rocksdb,churn,4890,26.577,183227356,0
rocksdb,churn,4891,15.650,0,0
rocksdb,churn,4892,21.636,0,0
rocksdb,churn,4893,24.430,0,0
rocksdb,churn,4894,31.705,0,0
rocksdb,churn,4895,23.218,0,0
rocksdb,churn,4896,15.860,0,0
rocksdb,churn,4897,15.457,0,0
rocksdb,churn,4898,23.200,0,0
rocksdb,churn,4899,22.433,0,0
rocksdb,churn,4900,16.648,145873175,0
rocksdb,churn,4901,21.992,0,0
rocksdb,churn,4902,21.925,0,0
rocksdb,churn,4903,18.499,0,0
rocksdb,churn,4904,18.726,0,0
rocksdb,churn,4905,19.896,0,0
rocksdb,churn,4906,23.244,0,0
rocksdb,churn,4907,21.804,0,0
rocksdb,churn,4908,24.209,0,0
rocksdb,churn,4909,19.240,0,0
rocksdb,churn,4910,17.624,174703961,0
rocksdb,churn,4911,18.456,0,0
rocksdb,churn,4912,27.626,0,0
rocksdb,churn,4913,21.817,0,0
rocksdb,churn,4914,25.020,0,0
rocksdb,churn,4915,21.809,0,0
rocksdb,churn,4916,19.867,0,0
rocksdb,churn,4917,22.331,0,0
rocksdb,churn,4918,18.544,0,0
rocksdb,churn,4919,21.798,0,0
rocksdb,churn,4920,17.254,145109188,0
rocksdb,churn,4921,21.829,0,0
rocksdb,churn,4922,23.020,0,0
rocksdb,churn,4923,21.178,0,0
rocksdb,churn,4924,18.538,0,0
rocksdb,churn,4925,19.505,0,0
rocksdb,churn,4926,19.080,0,0
rocksdb,churn,4927,19.951,0,0
rocksdb,churn,4928,17.478,0,0
rocksdb,churn,4929,20.639,0,0
rocksdb,churn,4930,23.429,173809221,0
rocksdb,churn,4931,22.331,0,0
rocksdb,churn,4932,17.861,0,0
rocksdb,churn,4933,21.796,0,0
rocksdb,churn,4934,18.699,0,0
rocksdb,churn,4935,22.617,0,0
rocksdb,churn,4936,20.818,0,0
rocksdb,churn,4937,22.151,0,0
rocksdb,churn,4938,20.250,0,0
rocksdb,churn,4939,22.159,0,0
rocksdb,churn,4940,19.486,204593280,0
rocksdb,churn,4941,15.427,0,0
rocksdb,churn,4942,22.070,0,0
rocksdb,churn,4943,21.152,0,0
rocksdb,churn,4944,20.005,0,0
rocksdb,churn,4945,24.380,0,0
rocksdb,churn,4946,21.561,0,0
rocksdb,churn,4947,21.640,0,0
rocksdb,churn,4948,17.131,0,0
rocksdb,churn,4949,17.214,0,0
rocksdb,churn,4950,16.598,162818521,0
rocksdb,churn,4951,22.907,0,0
rocksdb,churn,4952,27.443,0,0
rocksdb,churn,4953,19.091,0,0
rocksdb,churn,4954,18.125,0,0
rocksdb,churn,4955,24.038,0,0
rocksdb,churn,4956,21.199,0,0
rocksdb,churn,4957,27.976,0,0
rocksdb,churn,4958,21.852,0,0
rocksdb,churn,4959,17.086,0,0
rocksdb,churn,4960,23.884,204196845,0
rocksdb,churn,4961,25.263,0,0
rocksdb,churn,4962,24.397,0,0
rocksdb,churn,4963,18.513,0,0
rocksdb,churn,4964,19.197,0,0
rocksdb,churn,4965,25.924,0,0
rocksdb,churn,4966,20.867,0,0
rocksdb,churn,4967,15.815,0,0
rocksdb,churn,4968,22.684,0,0
rocksdb,churn,4969,19.283,0,0
rocksdb,churn,4970,24.623,165853959,0
rocksdb,churn,4971,19.440,0,0
rocksdb,churn,4972,17.287,0,0
rocksdb,churn,4973,14.619,0,0
rocksdb,churn,4974,17.537,0,0
rocksdb,churn,4975,21.015,0,0
rocksdb,churn,4976,20.228,0,0
rocksdb,churn,4977,20.170,0,0
rocksdb,churn,4978,18.453,0,0
rocksdb,churn,4979,21.733,0,0
rocksdb,churn,4980,22.132,191395578,0
rocksdb,churn,4981,15.332,0,0
rocksdb,churn,4982,19.927,0,0
rocksdb,churn,4983,22.636,0,0
rocksdb,churn,4984,27.099,0,0
rocksdb,churn,4985,20.098,0,0
rocksdb,churn,4986,19.350,0,0
rocksdb,churn,4987,20.454,0,0
rocksdb,churn,4988,17.220,0,0
rocksdb,churn,4989,19.155,0,0
rocksdb,churn,4990,18.484,143597010,0
rocksdb,churn,4991,25.117,0,0
rocksdb,churn,4992,29.276,0,0
rocksdb,churn,4993,17.251,0,0
rocksdb,churn,4994,21.420,0,0
rocksdb,churn,4995,20.652,0,0
rocksdb,churn,4996,20.147,0,0
rocksdb,churn,4997,17.872,0,0
rocksdb,churn,4998,18.963,0,0
rocksdb,churn,4999,22.700,0,0
rocksdb,churn,5000,21.314,176210378,0
rocksdb,churn,5001,23.188,0,0
rocksdb,churn,5002,19.719,0,0
rocksdb,churn,5003,22.085,0,0
rocksdb,churn,5004,17.603,0,0
rocksdb,churn,5005,18.651,0,0
rocksdb,churn,5006,16.758,0,0
rocksdb,churn,5007,22.053,0,0
rocksdb,churn,5008,18.551,0,0
rocksdb,churn,5009,19.468,0,0
rocksdb,churn,5010,22.535,145641806,0
rocksdb,churn,5011,18.239,0,0
rocksdb,churn,5012,14.454,0,0
rocksdb,churn,5013,19.822,0,0
rocksdb,churn,5014,23.466,0,0
rocksdb,churn,5015,20.160,0,0
rocksdb,churn,5016,27.355,0,0
rocksdb,churn,5017,16.629,0,0
rocksdb,churn,5018,21.202,0,0
rocksdb,churn,5019,19.914,0,0
rocksdb,churn,5020,17.440,171363763,0
rocksdb,churn,5021,23.531,0,0
rocksdb,churn,5022,19.012,0,0
rocksdb,churn,5023,16.926,0,0
rocksdb,churn,5024,25.578,0,0
rocksdb,churn,5025,26.627,0,0
rocksdb,churn,5026,23.866,0,0
rocksdb,churn,5027,23.917,0,0
rocksdb,churn,5028,21.964,0,0
rocksdb,churn,5029,18.316,0,0
rocksdb,churn,5030,16.228,201940019,0
rocksdb,churn,5031,28.229,0,0
rocksdb,churn,5032,24.395,0,0
rocksdb,churn,5033,21.839,0,0
rocksdb,churn,5034,23.657,0,0
rocksdb,churn,5035,22.120,0,0
rocksdb,churn,5036,20.685,0,0
rocksdb,churn,5037,18.656,0,0
rocksdb,churn,5038,24.633,0,0
rocksdb,churn,5039,14.958,0,0
rocksdb,churn,5040,18.746,160528982,0
rocksdb,churn,5041,21.270,0,0
rocksdb,churn,5042,18.435,0,0
rocksdb,churn,5043,26.189,0,0
rocksdb,churn,5044,19.966,0,0
rocksdb,churn,5045,19.946,0,0
rocksdb,churn,5046,17.568,0,0
rocksdb,churn,5047,19.935,0,0
rocksdb,churn,5048,22.464,0,0
rocksdb,churn,5049,27.994,0,0
rocksdb,churn,5050,21.531,187086681,0
rocksdb,churn,5051,27.581,0,0
rocksdb,churn,5052,22.047,0,0
rocksdb,churn,5053,21.657,0,0
rocksdb,churn,5054,28.898,0,0
rocksdb,churn,5055,16.757,0,0
rocksdb,churn,5056,20.664,0,0
rocksdb,churn,5057,21.222,0,0
rocksdb,churn,5058,21.813,0,0
rocksdb,churn,5059,24.190,0,0
rocksdb,churn,5060,21.380,162390357,0
rocksdb,churn,5061,18.358,0,0
rocksdb,churn,5062,23.947,0,0
rocksdb,churn,5063,37.575,0,0
rocksdb,churn,5064,32.295,0,0
rocksdb,churn,5065,20.970,0,0
rocksdb,churn,5066,21.528,0,0
rocksdb,churn,5067,21.875,0,0
rocksdb,churn,5068,27.939,0,0
rocksdb,churn,5069,32.743,0,0
rocksdb,churn,5070,20.118,192164381,0
rocksdb,churn,5071,17.827,0,0
rocksdb,churn,5072,20.938,0,0
rocksdb,churn,5073,17.125,0,0
rocksdb,churn,5074,16.228,0,0
rocksdb,churn,5075,25.627,0,0
rocksdb,churn,5076,19.668,0,0
rocksdb,churn,5077,28.810,0,0
rocksdb,churn,5078,15.502,0,0
rocksdb,churn,5079,30.802,0,0
rocksdb,churn,5080,18.848,144062724,0
rocksdb,churn,5081,21.168,0,0
rocksdb,churn,5082,16.775,0,0
rocksdb,churn,5083,21.729,0,0
rocksdb,churn,5084,22.507,0,0
rocksdb,churn,5085,19.520,0,0
rocksdb,churn,5086,17.499,0,0
rocksdb,churn,5087,17.735,0,0
rocksdb,churn,5088,15.185,0,0
rocksdb,churn,5089,22.676,0,0
rocksdb,churn,5090,18.228,172722287,0
rocksdb,churn,5091,19.596,0,0
rocksdb,churn,5092,19.414,0,0
rocksdb,churn,5093,22.797,0,0
rocksdb,churn,5094,20.109,0,0
rocksdb,churn,5095,20.539,0,0
rocksdb,churn,5096,18.743,0,0
rocksdb,churn,5097,19.898,0,0
rocksdb,churn,5098,15.785,0,0
rocksdb,churn,5099,14.510,0,0
rocksdb,churn,5100,18.930,144438507,0
rocksdb,churn,5101,13.383,0,0
rocksdb,churn,5102,19.939,0,0
rocksdb,churn,5103,13.256,0,0
rocksdb,churn,5104,14.861,0,0
rocksdb,churn,5105,24.051,0,0
rocksdb,churn,5106,21.755,0,0
rocksdb,churn,5107,21.549,0,0
rocksdb,churn,5108,21.979,0,0
rocksdb,churn,5109,21.929,0,0
rocksdb,churn,5110,17.591,169867611,0
rocksdb,churn,5111,19.592,0,0
rocksdb,churn,5112,22.219,0,0
rocksdb,churn,5113,18.079,0,0
rocksdb,churn,5114,18.227,0,0
rocksdb,churn,5115,14.741,0,0
rocksdb,churn,5116,16.308,0,0
rocksdb,churn,5117,14.176,0,0
rocksdb,churn,5118,13.849,0,0
rocksdb,churn,5119,12.439,0,0
rocksdb,churn,5120,14.373,195074006,0
rocksdb,churn,5121,13.733,0,0
rocksdb,churn,5122,20.130,0,0
rocksdb,churn,5123,17.126,0,0
rocksdb,churn,5124,23.566,0,0
rocksdb,churn,5125,18.541,0,0
rocksdb,churn,5126,21.589,0,0
rocksdb,churn,5127,16.165,0,0
rocksdb,churn,5128,18.066,0,0
rocksdb,churn,5129,20.383,0,0
rocksdb,churn,5130,19.753,159529865,0
rocksdb,churn,5131,20.340,0,0
rocksdb,churn,5132,15.032,0,0
rocksdb,churn,5133,20.029,0,0
rocksdb,churn,5134,21.452,0,0
rocksdb,churn,5135,23.329,0,0
rocksdb,churn,5136,21.322,0,0
rocksdb,churn,5137,21.550,0,0
rocksdb,churn,5138,19.817,0,0
rocksdb,churn,5139,20.712,0,0
rocksdb,churn,5140,23.872,188275276,0
rocksdb,churn,5141,20.611,0,0
rocksdb,churn,5142,18.291,0,0
rocksdb,churn,5143,20.980,0,0
rocksdb,churn,5144,19.939,0,0
rocksdb,churn,5145,20.179,0,0
rocksdb,churn,5146,19.512,0,0
rocksdb,churn,5147,22.199,0,0
rocksdb,churn,5148,20.047,0,0
rocksdb,churn,5149,21.059,0,0
rocksdb,churn,5150,18.135,155627899,0
rocksdb,churn,5151,18.172,0,0
rocksdb,churn,5152,21.807,0,0
rocksdb,churn,5153,19.069,0,0
rocksdb,churn,5154,28.220,0,0
rocksdb,churn,5155,18.823,0,0
rocksdb,churn,5156,23.109,0,0
rocksdb,churn,5157,13.252,0,0
rocksdb,churn,5158,19.305,0,0
rocksdb,churn,5159,20.144,0,0
rocksdb,churn,5160,18.920,187200638,0
rocksdb,churn,5161,25.190,0,0
rocksdb,churn,5162,25.095,0,0
rocksdb,churn,5163,26.807,0,0
rocksdb,churn,5164,17.846,0,0
rocksdb,churn,5165,17.352,0,0
rocksdb,churn,5166,20.922,0,0
rocksdb,churn,5167,22.047,0,0
rocksdb,churn,5168,20.658,0,0
rocksdb,churn,5169,16.308,0,0
rocksdb,churn,5170,22.455,142606752,0
rocksdb,churn,5171,20.304,0,0
rocksdb,churn,5172,23.788,0,0
rocksdb,churn,5173,20.473,0,0
rocksdb,churn,5174,20.676,0,0
rocksdb,churn,5175,15.372,0,0
rocksdb,churn,5176,18.195,0,0
rocksdb,churn,5177,15.471,0,0
rocksdb,churn,5178,19.976,0,0
rocksdb,churn,5179,18.678,0,0
rocksdb,churn,5180,13.691,170131089,0
rocksdb,churn,5181,20.689,0,0
rocksdb,churn,5182,22.146,0,0
rocksdb,churn,5183,19.924,0,0
rocksdb,churn,5184,17.897,0,0
rocksdb,churn,5185,16.242,0,0
rocksdb,churn,5186,18.766,0,0
rocksdb,churn,5187,22.072,0,0
rocksdb,churn,5188,20.707,0,0
rocksdb,churn,5189,23.031,0,0
rocksdb,churn,5190,21.728,140420210,0
rocksdb,churn,5191,19.353,0,0
rocksdb,churn,5192,20.007,0,0
rocksdb,churn,5193,22.827,0,0
rocksdb,churn,5194,22.092,0,0
rocksdb,churn,5195,22.809,0,0
rocksdb,churn,5196,20.550,0,0
rocksdb,churn,5197,24.949,0,0
rocksdb,churn,5198,23.385,0,0
rocksdb,churn,5199,19.656,0,0
rocksdb,churn,5200,19.783,169179274,0
rocksdb,churn,5201,16.449,0,0
rocksdb,churn,5202,25.892,0,0
rocksdb,churn,5203,24.397,0,0
rocksdb,churn,5204,22.936,0,0
rocksdb,churn,5205,21.595,0,0
rocksdb,churn,5206,21.596,0,0
rocksdb,churn,5207,20.850,0,0
rocksdb,churn,5208,21.678,0,0
rocksdb,churn,5209,22.521,0,0
rocksdb,churn,5210,22.413,201943142,0
rocksdb,churn,5211,19.144,0,0
rocksdb,churn,5212,19.427,0,0
rocksdb,churn,5213,16.830,0,0
rocksdb,churn,5214,15.504,0,0
rocksdb,churn,5215,18.951,0,0
rocksdb,churn,5216,19.620,0,0
rocksdb,churn,5217,23.330,0,0
rocksdb,churn,5218,18.392,0,0
rocksdb,churn,5219,17.955,0,0
rocksdb,churn,5220,13.901,155952032,0
rocksdb,churn,5221,17.071,0,0
rocksdb,churn,5222,19.746,0,0
rocksdb,churn,5223,20.698,0,0
rocksdb,churn,5224,15.994,0,0
rocksdb,churn,5225,18.889,0,0
rocksdb,churn,5226,14.060,0,0
rocksdb,churn,5227,16.646,0,0
rocksdb,churn,5228,16.361,0,0
rocksdb,churn,5229,18.271,0,0
rocksdb,churn,5230,16.945,179622710,0
rocksdb,churn,5231,16.256,0,0
rocksdb,churn,5232,20.270,0,0
rocksdb,churn,5233,17.659,0,0
rocksdb,churn,5234,17.043,0,0
rocksdb,churn,5235,16.978,0,0
rocksdb,churn,5236,16.519,0,0
rocksdb,churn,5237,16.927,0,0
rocksdb,churn,5238,19.799,0,0
rocksdb,churn,5239,15.968,0,0
rocksdb,churn,5240,18.532,152132227,0
rocksdb,churn,5241,20.336,0,0
rocksdb,churn,5242,19.725,0,0
rocksdb,churn,5243,18.270,0,0
rocksdb,churn,5244,11.816,0,0
rocksdb,churn,5245,20.302,0,0
rocksdb,churn,5246,17.290,0,0
rocksdb,churn,5247,12.816,0,0
rocksdb,churn,5248,22.667,0,0
rocksdb,churn,5249,16.157,0,0
rocksdb,churn,5250,19.938,179760422,0
rocksdb,churn,5251,18.512,0,0
rocksdb,churn,5252,24.938,0,0
rocksdb,churn,5253,28.760,0,0
rocksdb,churn,5254,24.759,0,0
rocksdb,churn,5255,20.706,0,0
rocksdb,churn,5256,22.051,0,0
rocksdb,churn,5257,12.678,0,0
rocksdb,churn,5258,17.080,0,0
rocksdb,churn,5259,16.221,0,0
rocksdb,churn,5260,18.803,145950730,0
rocksdb,churn,5261,22.377,0,0
rocksdb,churn,5262,18.422,0,0
rocksdb,churn,5263,21.026,0,0
rocksdb,churn,5264,20.748,0,0
rocksdb,churn,5265,22.201,0,0
rocksdb,churn,5266,18.090,0,0
rocksdb,churn,5267,20.777,0,0
rocksdb,churn,5268,27.847,0,0
rocksdb,churn,5269,20.257,0,0
rocksdb,churn,5270,21.415,173671653,0
rocksdb,churn,5271,18.088,0,0
rocksdb,churn,5272,17.765,0,0
rocksdb,churn,5273,20.565,0,0
rocksdb,churn,5274,15.612,0,0
rocksdb,churn,5275,21.818,0,0
rocksdb,churn,5276,18.069,0,0
rocksdb,churn,5277,16.323,0,0
rocksdb,churn,5278,33.303,0,0
rocksdb,churn,5279,19.973,0,0
rocksdb,churn,5280,21.236,257842364,0
rocksdb,churn,5281,18.792,0,0
rocksdb,churn,5282,15.913,0,0
rocksdb,churn,5283,18.572,0,0
rocksdb,churn,5284,20.647,0,0
rocksdb,churn,5285,13.096,0,0
rocksdb,churn,5286,18.306,0,0
rocksdb,churn,5287,21.937,0,0
rocksdb,churn,5288,19.688,0,0
rocksdb,churn,5289,16.511,0,0
rocksdb,churn,5290,14.506,159718047,0
rocksdb,churn,5291,17.088,0,0
rocksdb,churn,5292,28.555,0,0
rocksdb,churn,5293,18.079,0,0
rocksdb,churn,5294,18.736,0,0
rocksdb,churn,5295,18.005,0,0
rocksdb,churn,5296,14.411,0,0
rocksdb,churn,5297,17.325,0,0
rocksdb,churn,5298,15.997,0,0
rocksdb,churn,5299,14.993,0,0
rocksdb,churn,5300,18.242,188129856,0
rocksdb,churn,5301,16.898,0,0
rocksdb,churn,5302,19.227,0,0
rocksdb,churn,5303,19.501,0,0
rocksdb,churn,5304,19.549,0,0
rocksdb,churn,5305,23.100,0,0
rocksdb,churn,5306,20.851,0,0
rocksdb,churn,5307,22.206,0,0
rocksdb,churn,5308,28.513,0,0
rocksdb,churn,5309,18.234,0,0
rocksdb,churn,5310,25.581,158170281,0
rocksdb,churn,5311,22.328,0,0
rocksdb,churn,5312,27.391,0,0
rocksdb,churn,5313,24.999,0,0
rocksdb,churn,5314,20.808,0,0
rocksdb,churn,5315,18.007,0,0
rocksdb,churn,5316,21.650,0,0
rocksdb,churn,5317,17.515,0,0
rocksdb,churn,5318,18.575,0,0
rocksdb,churn,5319,19.609,0,0
rocksdb,churn,5320,20.772,185879310,0
rocksdb,churn,5321,18.200,0,0
rocksdb,churn,5322,23.589,0,0
rocksdb,churn,5323,26.546,0,0
rocksdb,churn,5324,23.216,0,0
rocksdb,churn,5325,25.078,0,0
rocksdb,churn,5326,22.836,0,0
rocksdb,churn,5327,26.823,0,0
rocksdb,churn,5328,29.194,0,0
rocksdb,churn,5329,21.746,0,0
rocksdb,churn,5330,26.778,156425506,0
rocksdb,churn,5331,21.334,0,0
rocksdb,churn,5332,19.313,0,0
rocksdb,churn,5333,17.782,0,0
rocksdb,churn,5334,22.651,0,0
rocksdb,churn,5335,21.116,0,0
rocksdb,churn,5336,18.215,0,0
rocksdb,churn,5337,22.127,0,0
rocksdb,churn,5338,23.382,0,0
rocksdb,churn,5339,20.387,0,0
rocksdb,churn,5340,24.511,185187227,0
rocksdb,churn,5341,20.395,0,0
rocksdb,churn,5342,22.218,0,0
rocksdb,churn,5343,20.146,0,0
rocksdb,churn,5344,21.713,0,0
rocksdb,churn,5345,21.066,0,0
rocksdb,churn,5346,21.788,0,0
rocksdb,churn,5347,18.365,0,0
rocksdb,churn,5348,29.747,0,0
rocksdb,churn,5349,24.768,0,0
rocksdb,churn,5350,39.036,141517521,0
rocksdb,churn,5351,27.271,0,0
rocksdb,churn,5352,29.528,0,0
rocksdb,churn,5353,38.257,0,0
rocksdb,churn,5354,18.990,0,0
rocksdb,churn,5355,30.442,0,0
rocksdb,churn,5356,32.592,0,0
rocksdb,churn,5357,18.682,0,0
rocksdb,churn,5358,24.046,0,0
rocksdb,churn,5359,28.183,0,0
rocksdb,churn,5360,17.508,172062180,0
rocksdb,churn,5361,20.197,0,0
rocksdb,churn,5362,20.215,0,0
rocksdb,churn,5363,20.790,0,0
rocksdb,churn,5364,17.134,0,0
rocksdb,churn,5365,25.306,0,0
rocksdb,churn,5366,19.953,0,0
rocksdb,churn,5367,20.241,0,0
rocksdb,churn,5368,18.193,0,0
rocksdb,churn,5369,19.514,0,0
rocksdb,churn,5370,22.239,139877689,0
rocksdb,churn,5371,20.652,0,0
rocksdb,churn,5372,23.287,0,0
rocksdb,churn,5373,18.653,0,0
rocksdb,churn,5374,21.428,0,0
rocksdb,churn,5375,21.618,0,0
rocksdb,churn,5376,16.691,0,0
rocksdb,churn,5377,32.498,0,0
rocksdb,churn,5378,19.828,0,0
rocksdb,churn,5379,27.365,0,0
rocksdb,churn,5380,18.168,167595349,0
rocksdb,churn,5381,19.485,0,0
rocksdb,churn,5382,21.073,0,0
rocksdb,churn,5383,20.108,0,0
rocksdb,churn,5384,15.538,0,0
rocksdb,churn,5385,23.925,0,0
rocksdb,churn,5386,18.234,0,0
rocksdb,churn,5387,19.616,0,0
rocksdb,churn,5388,16.685,0,0
rocksdb,churn,5389,18.144,0,0
rocksdb,churn,5390,22.173,194947226,0
rocksdb,churn,5391,27.455,0,0
rocksdb,churn,5392,20.664,0,0
rocksdb,churn,5393,16.958,0,0
rocksdb,churn,5394,18.822,0,0
rocksdb,churn,5395,19.465,0,0
rocksdb,churn,5396,24.636,0,0
rocksdb,churn,5397,25.143,0,0
rocksdb,churn,5398,21.881,0,0
rocksdb,churn,5399,20.232,0,0
rocksdb,churn,5400,20.485,156508242,0
rocksdb,churn,5401,15.942,0,0
rocksdb,churn,5402,21.333,0,0
rocksdb,churn,5403,20.728,0,0
rocksdb,churn,5404,19.070,0,0
rocksdb,churn,5405,19.617,0,0
rocksdb,churn,5406,14.772,0,0
rocksdb,churn,5407,18.259,0,0
rocksdb,churn,5408,18.023,0,0
rocksdb,churn,5409,20.154,0,0
rocksdb,churn,5410,17.495,184794500,0
rocksdb,churn,5411,21.480,0,0
rocksdb,churn,5412,19.632,0,0
rocksdb,churn,5413,22.335,0,0
rocksdb,churn,5414,16.210,0,0
rocksdb,churn,5415,14.861,0,0
rocksdb,churn,5416,18.434,0,0
rocksdb,churn,5417,16.998,0,0
rocksdb,churn,5418,21.554,0,0
rocksdb,churn,5419,23.227,0,0
rocksdb,churn,5420,17.342,151393264,0
rocksdb,churn,5421,20.915,0,0
rocksdb,churn,5422,21.598,0,0
rocksdb,churn,5423,15.263,0,0
rocksdb,churn,5424,18.685,0,0
rocksdb,churn,5425,18.763,0,0
rocksdb,churn,5426,21.621,0,0
rocksdb,churn,5427,21.292,0,0
rocksdb,churn,5428,21.999,0,0
rocksdb,churn,5429,21.274,0,0
rocksdb,churn,5430,18.231,176927174,0
rocksdb,churn,5431,26.640,0,0
rocksdb,churn,5432,19.311,0,0
rocksdb,churn,5433,17.419,0,0
rocksdb,churn,5434,20.380,0,0
rocksdb,churn,5435,22.649,0,0
rocksdb,churn,5436,15.004,0,0
rocksdb,churn,5437,22.205,0,0
rocksdb,churn,5438,21.840,0,0
rocksdb,churn,5439,19.641,0,0
rocksdb,churn,5440,18.885,144298330,0
rocksdb,churn,5441,19.678,0,0
rocksdb,churn,5442,21.911,0,0
rocksdb,churn,5443,19.253,0,0
rocksdb,churn,5444,19.670,0,0
rocksdb,churn,5445,20.381,0,0
rocksdb,churn,5446,15.949,0,0
rocksdb,churn,5447,18.178,0,0
rocksdb,churn,5448,19.424,0,0
rocksdb,churn,5449,20.870,0,0
rocksdb,churn,5450,13.362,169966758,0
rocksdb,churn,5451,19.523,0,0
rocksdb,churn,5452,17.147,0,0
rocksdb,churn,5453,16.384,0,0
rocksdb,churn,5454,17.703,0,0
rocksdb,churn,5455,21.654,0,0
rocksdb,churn,5456,14.153,0,0
rocksdb,churn,5457,21.823,0,0
rocksdb,churn,5458,20.508,0,0
rocksdb,churn,5459,20.937,0,0
rocksdb,churn,5460,21.951,138657937,0
rocksdb,churn,5461,19.294,0,0
rocksdb,churn,5462,14.592,0,0
rocksdb,churn,5463,16.203,0,0
rocksdb,churn,5464,15.854,0,0
rocksdb,churn,5465,15.602,0,0
rocksdb,churn,5466,18.684,0,0
rocksdb,churn,5467,22.626,0,0
rocksdb,churn,5468,21.168,0,0
rocksdb,churn,5469,23.090,0,0
rocksdb,churn,5470,19.015,165168280,0
rocksdb,churn,5471,23.507,0,0
rocksdb,churn,5472,33.164,0,0
rocksdb,churn,5473,31.280,0,0
rocksdb,churn,5474,38.321,0,0
rocksdb,churn,5475,29.882,0,0
rocksdb,churn,5476,23.137,0,0
rocksdb,churn,5477,28.274,0,0
rocksdb,churn,5478,17.940,0,0
rocksdb,churn,5479,18.052,0,0
rocksdb,churn,5480,19.183,188534008,0
rocksdb,churn,5481,21.791,0,0
rocksdb,churn,5482,17.842,0,0
rocksdb,churn,5483,28.529,0,0
rocksdb,churn,5484,25.276,0,0
rocksdb,churn,5485,23.958,0,0
rocksdb,churn,5486,26.741,0,0
rocksdb,churn,5487,27.738,0,0
rocksdb,churn,5488,21.811,0,0
rocksdb,churn,5489,19.219,0,0
rocksdb,churn,5490,24.953,154377622,0
rocksdb,churn,5491,25.629,0,0
rocksdb,churn,5492,22.570,0,0
rocksdb,churn,5493,22.336,0,0
rocksdb,churn,5494,25.158,0,0
rocksdb,churn,5495,29.406,0,0
rocksdb,churn,5496,13.000,0,0
rocksdb,churn,5497,20.645,0,0
rocksdb,churn,5498,13.573,0,0
rocksdb,churn,5499,20.526,0,0
rocksdb,churn,5500,14.020,183705257,0
rocksdb,churn,5501,14.644,0,0
rocksdb,churn,5502,22.611,0,0
rocksdb,churn,5503,21.389,0,0
rocksdb,churn,5504,18.800,0,0
rocksdb,churn,5505,21.964,0,0
rocksdb,churn,5506,26.396,0,0
rocksdb,churn,5507,16.498,0,0
rocksdb,churn,5508,15.667,0,0
rocksdb,churn,5509,19.234,0,0
rocksdb,churn,5510,22.409,152507652,0
rocksdb,churn,5511,22.629,0,0
rocksdb,churn,5512,15.375,0,0
rocksdb,churn,5513,22.499,0,0
rocksdb,churn,5514,21.085,0,0
rocksdb,churn,5515,17.407,0,0
rocksdb,churn,5516,19.284,0,0
rocksdb,churn,5517,16.619,0,0
rocksdb,churn,5518,20.605,0,0
rocksdb,churn,5519,23.228,0,0
rocksdb,churn,5520,23.861,175925998,0
rocksdb,churn,5521,16.887,0,0
rocksdb,churn,5522,15.263,0,0
rocksdb,churn,5523,21.123,0,0
rocksdb,churn,5524,17.455,0,0
rocksdb,churn,5525,21.605,0,0
rocksdb,churn,5526,17.938,0,0
rocksdb,churn,5527,19.586,0,0
rocksdb,churn,5528,14.292,0,0
rocksdb,churn,5529,14.347,0,0
rocksdb,churn,5530,13.978,142535048,0
rocksdb,churn,5531,24.325,0,0
rocksdb,churn,5532,20.333,0,0
rocksdb,churn,5533,20.058,0,0
rocksdb,churn,5534,20.562,0,0
rocksdb,churn,5535,22.362,0,0
rocksdb,churn,5536,20.000,0,0
rocksdb,churn,5537,19.042,0,0
rocksdb,churn,5538,17.659,0,0
rocksdb,churn,5539,17.078,0,0
rocksdb,churn,5540,25.156,167051970,0
rocksdb,churn,5541,21.558,0,0
rocksdb,churn,5542,22.141,0,0
rocksdb,churn,5543,20.000,0,0
rocksdb,churn,5544,19.429,0,0
rocksdb,churn,5545,18.326,0,0
rocksdb,churn,5546,22.013,0,0
rocksdb,churn,5547,18.862,0,0
rocksdb,churn,5548,20.285,0,0
rocksdb,churn,5549,19.213,0,0
rocksdb,churn,5550,21.525,280180120,0
rocksdb,churn,5551,16.236,0,0
rocksdb,churn,5552,14.556,0,0
rocksdb,churn,5553,18.738,0,0
rocksdb,churn,5554,15.247,0,0
rocksdb,churn,5555,17.109,0,0
rocksdb,churn,5556,18.100,0,0
rocksdb,churn,5557,17.828,0,0
rocksdb,churn,5558,20.580,0,0
rocksdb,churn,5559,20.040,0,0
rocksdb,churn,5560,18.785,162924425,0
rocksdb,churn,5561,18.680,0,0
rocksdb,churn,5562,22.998,0,0
rocksdb,churn,5563,18.612,0,0
rocksdb,churn,5564,20.642,0,0
rocksdb,churn,5565,22.205,0,0
rocksdb,churn,5566,24.045,0,0
rocksdb,churn,5567,22.363,0,0
rocksdb,churn,5568,18.593,0,0
rocksdb,churn,5569,23.016,0,0
rocksdb,churn,5570,20.375,191507522,0
rocksdb,churn,5571,20.838,0,0
rocksdb,churn,5572,22.119,0,0
rocksdb,churn,5573,33.786,0,0
rocksdb,churn,5574,22.412,0,0
rocksdb,churn,5575,15.758,0,0
rocksdb,churn,5576,16.888,0,0
rocksdb,churn,5577,13.337,0,0
rocksdb,churn,5578,16.534,0,0
rocksdb,churn,5579,16.013,0,0
rocksdb,churn,5580,20.718,158081132,0
rocksdb,churn,5581,18.260,0,0
rocksdb,churn,5582,21.111,0,0
rocksdb,churn,5583,21.782,0,0
rocksdb,churn,5584,22.060,0,0
rocksdb,churn,5585,18.175,0,0
rocksdb,churn,5586,28.122,0,0
rocksdb,churn,5587,22.504,0,0
rocksdb,churn,5588,17.713,0,0
rocksdb,churn,5589,19.903,0,0
rocksdb,churn,5590,22.461,186670075,0
rocksdb,churn,5591,20.263,0,0
rocksdb,churn,5592,21.578,0,0
rocksdb,churn,5593,28.897,0,0
rocksdb,churn,5594,26.536,0,0
rocksdb,churn,5595,19.300,0,0
rocksdb,churn,5596,27.634,0,0
rocksdb,churn,5597,24.447,0,0
rocksdb,churn,5598,19.851,0,0
rocksdb,churn,5599,33.302,0,0
rocksdb,churn,5600,18.510,152453714,0
rocksdb,churn,5601,23.668,0,0
rocksdb,churn,5602,18.540,0,0
rocksdb,churn,5603,18.863,0,0
rocksdb,churn,5604,21.821,0,0
rocksdb,churn,5605,20.543,0,0
rocksdb,churn,5606,15.584,0,0
rocksdb,churn,5607,19.234,0,0
rocksdb,churn,5608,25.929,0,0
rocksdb,churn,5609,19.996,0,0
rocksdb,churn,5610,25.828,185946417,0
rocksdb,churn,5611,21.591,0,0
rocksdb,churn,5612,23.581,0,0
rocksdb,churn,5613,23.466,0,0
rocksdb,churn,5614,18.710,0,0
rocksdb,churn,5615,30.635,0,0
rocksdb,churn,5616,19.627,0,0
rocksdb,churn,5617,30.277,0,0
rocksdb,churn,5618,29.133,0,0
rocksdb,churn,5619,17.302,0,0
rocksdb,churn,5620,17.697,274472219,0
rocksdb,churn,5621,14.501,0,0
rocksdb,churn,5622,28.563,0,0
rocksdb,churn,5623,17.699,0,0
rocksdb,churn,5624,16.165,0,0
rocksdb,churn,5625,16.750,0,0
rocksdb,churn,5626,18.184,0,0
rocksdb,churn,5627,18.101,0,0
rocksdb,churn,5628,19.411,0,0
rocksdb,churn,5629,21.414,0,0
rocksdb,churn,5630,20.365,162555167,0
rocksdb,churn,5631,21.344,0,0
rocksdb,churn,5632,19.489,0,0
rocksdb,churn,5633,24.875,0,0
rocksdb,churn,5634,20.820,0,0
rocksdb,churn,5635,24.158,0,0
rocksdb,churn,5636,22.189,0,0
rocksdb,churn,5637,18.410,0,0
rocksdb,churn,5638,14.415,0,0
rocksdb,churn,5639,14.255,0,0
rocksdb,churn,5640,16.761,243250667,0
rocksdb,churn,5641,17.261,0,0
rocksdb,churn,5642,18.103,0,0
rocksdb,churn,5643,13.109,0,0
rocksdb,churn,5644,21.226,0,0
rocksdb,churn,5645,18.301,0,0
rocksdb,churn,5646,20.634,0,0
rocksdb,churn,5647,13.751,0,0
rocksdb,churn,5648,14.955,0,0
rocksdb,churn,5649,14.864,0,0
rocksdb,churn,5650,12.495,160762580,0
rocksdb,churn,5651,14.517,0,0
rocksdb,churn,5652,26.652,0,0
rocksdb,churn,5653,24.044,0,0
rocksdb,churn,5654,15.206,0,0
rocksdb,churn,5655,19.172,0,0
rocksdb,churn,5656,15.002,0,0
rocksdb,churn,5657,12.299,0,0
rocksdb,churn,5658,16.561,0,0
rocksdb,churn,5659,13.797,0,0
rocksdb,churn,5660,20.044,184285026,0
rocksdb,churn,5661,13.629,0,0
rocksdb,churn,5662,14.673,0,0
rocksdb,churn,5663,12.667,0,0
rocksdb,churn,5664,25.472,0,0
rocksdb,churn,5665,23.547,0,0
rocksdb,churn,5666,23.700,0,0
rocksdb,churn,5667,22.546,0,0
rocksdb,churn,5668,21.277,0,0
rocksdb,churn,5669,23.699,0,0
rocksdb,churn,5670,17.409,158139221,0
rocksdb,churn,5671,20.927,0,0
rocksdb,churn,5672,19.919,0,0
rocksdb,churn,5673,21.662,0,0
rocksdb,churn,5674,21.816,0,0
rocksdb,churn,5675,18.274,0,0
rocksdb,churn,5676,18.554,0,0
rocksdb,churn,5677,17.223,0,0
rocksdb,churn,5678,16.981,0,0
rocksdb,churn,5679,19.434,0,0
rocksdb,churn,5680,22.643,184702553,0
rocksdb,churn,5681,21.557,0,0
rocksdb,churn,5682,17.283,0,0
rocksdb,churn,5683,19.216,0,0
rocksdb,churn,5684,19.551,0,0
rocksdb,churn,5685,18.419,0,0
rocksdb,churn,5686,24.684,0,0
rocksdb,churn,5687,22.878,0,0
rocksdb,churn,5688,21.681,0,0
rocksdb,churn,5689,16.506,0,0
rocksdb,churn,5690,22.905,152006404,0
rocksdb,churn,5691,18.060,0,0
rocksdb,churn,5692,17.133,0,0
rocksdb,churn,5693,20.404,0,0
rocksdb,churn,5694,19.431,0,0
rocksdb,churn,5695,15.059,0,0
rocksdb,churn,5696,18.901,0,0
rocksdb,churn,5697,21.827,0,0
rocksdb,churn,5698,21.535,0,0
rocksdb,churn,5699,18.963,0,0
rocksdb,churn,5700,20.390,178436727,0
rocksdb,churn,5701,21.660,0,0
rocksdb,churn,5702,16.176,0,0
rocksdb,churn,5703,19.947,0,0
rocksdb,churn,5704,21.342,0,0
rocksdb,churn,5705,21.745,0,0
rocksdb,churn,5706,21.566,0,0
rocksdb,churn,5707,21.411,0,0
rocksdb,churn,5708,22.194,0,0
rocksdb,churn,5709,17.962,0,0
rocksdb,churn,5710,23.271,140033117,0
rocksdb,churn,5711,22.954,0,0
rocksdb,churn,5712,24.548,0,0
rocksdb,churn,5713,21.373,0,0
rocksdb,churn,5714,23.605,0,0
rocksdb,churn,5715,19.103,0,0
rocksdb,churn,5716,19.443,0,0
rocksdb,churn,5717,25.071,0,0
rocksdb,churn,5718,19.439,0,0
rocksdb,churn,5719,20.629,0,0
rocksdb,churn,5720,16.603,173745583,0
rocksdb,churn,5721,20.204,0,0
rocksdb,churn,5722,16.284,0,0
rocksdb,churn,5723,20.950,0,0
rocksdb,churn,5724,24.363,0,0
rocksdb,churn,5725,20.926,0,0
rocksdb,churn,5726,19.991,0,0
rocksdb,churn,5727,18.277,0,0
rocksdb,churn,5728,29.789,0,0
rocksdb,churn,5729,23.667,0,0
rocksdb,churn,5730,24.993,214731921,0
rocksdb,churn,5731,21.887,0,0
rocksdb,churn,5732,14.600,0,0
rocksdb,churn,5733,15.685,0,0
rocksdb,churn,5734,16.544,0,0
rocksdb,churn,5735,12.705,0,0
rocksdb,churn,5736,23.039,0,0
rocksdb,churn,5737,13.788,0,0
rocksdb,churn,5738,25.950,0,0
rocksdb,churn,5739,22.204,0,0
rocksdb,churn,5740,21.984,162664984,0
rocksdb,churn,5741,22.633,0,0
rocksdb,churn,5742,22.726,0,0
rocksdb,churn,5743,20.323,0,0
rocksdb,churn,5744,20.995,0,0
rocksdb,churn,5745,19.938,0,0
rocksdb,churn,5746,21.501,0,0
rocksdb,churn,5747,20.043,0,0
rocksdb,churn,5748,20.045,0,0
rocksdb,churn,5749,21.707,0,0
rocksdb,churn,5750,20.468,194140331,0
rocksdb,churn,5751,18.828,0,0
rocksdb,churn,5752,18.514,0,0
rocksdb,churn,5753,21.600,0,0
rocksdb,churn,5754,18.562,0,0
rocksdb,churn,5755,19.066,0,0
rocksdb,churn,5756,19.874,0,0
rocksdb,churn,5757,17.303,0,0
rocksdb,churn,5758,22.730,0,0
rocksdb,churn,5759,19.767,0,0
rocksdb,churn,5760,25.199,152340270,0
rocksdb,churn,5761,19.350,0,0
rocksdb,churn,5762,15.389,0,0
rocksdb,churn,5763,18.758,0,0
rocksdb,churn,5764,17.573,0,0
rocksdb,churn,5765,22.361,0,0
rocksdb,churn,5766,19.154,0,0
rocksdb,churn,5767,24.165,0,0
rocksdb,churn,5768,17.144,0,0
rocksdb,churn,5769,19.556,0,0
rocksdb,churn,5770,21.632,184897520,0
rocksdb,churn,5771,22.753,0,0
rocksdb,churn,5772,17.518,0,0
rocksdb,churn,5773,22.328,0,0
rocksdb,churn,5774,19.027,0,0
rocksdb,churn,5775,24.042,0,0
rocksdb,churn,5776,23.643,0,0
rocksdb,churn,5777,20.363,0,0
rocksdb,churn,5778,24.676,0,0
rocksdb,churn,5779,21.319,0,0
rocksdb,churn,5780,15.484,146224384,0
rocksdb,churn,5781,18.976,0,0
rocksdb,churn,5782,22.995,0,0
rocksdb,churn,5783,19.755,0,0
rocksdb,churn,5784,21.517,0,0
rocksdb,churn,5785,22.398,0,0
rocksdb,churn,5786,22.880,0,0
rocksdb,churn,5787,22.193,0,0
rocksdb,churn,5788,20.628,0,0
rocksdb,churn,5789,18.124,0,0
rocksdb,churn,5790,21.274,172798685,0
rocksdb,churn,5791,24.454,0,0
rocksdb,churn,5792,22.625,0,0
rocksdb,churn,5793,23.797,0,0
rocksdb,churn,5794,18.339,0,0
rocksdb,churn,5795,22.766,0,0
rocksdb,churn,5796,18.995,0,0
rocksdb,churn,5797,22.440,0,0
rocksdb,churn,5798,20.377,0,0
rocksdb,churn,5799,33.810,0,0
rocksdb,churn,5800,24.285,247152617,0
rocksdb,churn,5801,20.232,0,0
rocksdb,churn,5802,20.931,0,0
rocksdb,churn,5803,30.566,0,0
rocksdb,churn,5804,17.133,0,0
rocksdb,churn,5805,21.964,0,0
rocksdb,churn,5806,19.981,0,0
rocksdb,churn,5807,22.414,0,0
rocksdb,churn,5808,19.657,0,0
rocksdb,churn,5809,16.986,0,0
rocksdb,churn,5810,24.166,166073120,0
rocksdb,churn,5811,18.196,0,0
rocksdb,churn,5812,20.887,0,0
rocksdb,churn,5813,22.235,0,0
rocksdb,churn,5814,18.786,0,0
rocksdb,churn,5815,16.324,0,0
rocksdb,churn,5816,17.715,0,0
rocksdb,churn,5817,21.933,0,0
rocksdb,churn,5818,21.336,0,0
rocksdb,churn,5819,19.737,0,0
rocksdb,churn,5820,18.579,193637694,0
rocksdb,churn,5821,20.592,0,0
rocksdb,churn,5822,22.136,0,0
rocksdb,churn,5823,14.042,0,0
rocksdb,churn,5824,22.802,0,0
rocksdb,churn,5825,28.177,0,0
rocksdb,churn,5826,22.949,0,0
rocksdb,churn,5827,23.344,0,0
rocksdb,churn,5828,19.366,0,0
rocksdb,churn,5829,21.671,0,0
rocksdb,churn,5830,20.816,165024467,0
rocksdb,churn,5831,19.461,0,0
rocksdb,churn,5832,20.226,0,0
rocksdb,churn,5833,24.126,0,0
rocksdb,churn,5834,17.175,0,0
rocksdb,churn,5835,25.060,0,0
rocksdb,churn,5836,21.158,0,0
rocksdb,churn,5837,20.732,0,0
rocksdb,churn,5838,20.669,0,0
rocksdb,churn,5839,20.474,0,0
rocksdb,churn,5840,24.623,192793219,0
rocksdb,churn,5841,22.903,0,0
rocksdb,churn,5842,22.443,0,0
rocksdb,churn,5843,19.091,0,0
rocksdb,churn,5844,20.467,0,0
rocksdb,churn,5845,21.176,0,0
rocksdb,churn,5846,20.843,0,0
rocksdb,churn,5847,19.124,0,0
rocksdb,churn,5848,19.529,0,0
rocksdb,churn,5849,21.437,0,0
rocksdb,churn,5850,20.424,154163021,0
rocksdb,churn,5851,23.977,0,0
rocksdb,churn,5852,19.933,0,0
rocksdb,churn,5853,19.673,0,0
rocksdb,churn,5854,21.154,0,0
rocksdb,churn,5855,25.185,0,0
rocksdb,churn,5856,21.777,0,0
rocksdb,churn,5857,21.201,0,0
rocksdb,churn,5858,17.084,0,0
rocksdb,churn,5859,17.889,0,0
rocksdb,churn,5860,18.131,179966589,0
rocksdb,churn,5861,20.360,0,0
rocksdb,churn,5862,17.305,0,0
rocksdb,churn,5863,16.071,0,0
rocksdb,churn,5864,16.632,0,0
rocksdb,churn,5865,18.376,0,0
rocksdb,churn,5866,21.988,0,0
rocksdb,churn,5867,19.572,0,0
rocksdb,churn,5868,25.962,0,0
rocksdb,churn,5869,22.410,0,0
rocksdb,churn,5870,24.643,152715924,0
rocksdb,churn,5871,17.631,0,0
rocksdb,churn,5872,23.675,0,0
rocksdb,churn,5873,21.644,0,0
rocksdb,churn,5874,19.230,0,0
rocksdb,churn,5875,19.065,0,0
rocksdb,churn,5876,37.354,0,0
rocksdb,churn,5877,33.930,0,0
rocksdb,churn,5878,30.744,0,0
rocksdb,churn,5879,23.637,0,0
rocksdb,churn,5880,15.799,188247151,0
rocksdb,churn,5881,15.373,0,0
rocksdb,churn,5882,22.072,0,0
rocksdb,churn,5883,29.091,0,0
rocksdb,churn,5884,15.153,0,0
rocksdb,churn,5885,16.708,0,0
rocksdb,churn,5886,18.452,0,0
rocksdb,churn,5887,22.126,0,0
rocksdb,churn,5888,26.023,0,0
rocksdb,churn,5889,21.365,0,0
rocksdb,churn,5890,18.336,254694152,0
rocksdb,churn,5891,17.864,0,0
rocksdb,churn,5892,21.383,0,0
rocksdb,churn,5893,24.931,0,0
rocksdb,churn,5894,16.919,0,0
rocksdb,churn,5895,17.815,0,0
rocksdb,churn,5896,18.809,0,0
rocksdb,churn,5897,16.327,0,0
rocksdb,churn,5898,20.114,0,0
rocksdb,churn,5899,18.607,0,0
rocksdb,churn,5900,21.396,165468362,0
rocksdb,churn,5901,18.487,0,0
rocksdb,churn,5902,18.308,0,0
rocksdb,churn,5903,19.602,0,0
rocksdb,churn,5904,17.490,0,0
rocksdb,churn,5905,17.924,0,0
rocksdb,churn,5906,18.393,0,0
rocksdb,churn,5907,18.582,0,0
rocksdb,churn,5908,20.540,0,0
rocksdb,churn,5909,19.284,0,0
rocksdb,churn,5910,23.169,233269291,0
rocksdb,churn,5911,16.172,0,0
rocksdb,churn,5912,21.094,0,0
rocksdb,churn,5913,16.359,0,0
rocksdb,churn,5914,13.354,0,0
rocksdb,churn,5915,19.279,0,0
rocksdb,churn,5916,17.068,0,0
rocksdb,churn,5917,17.293,0,0
rocksdb,churn,5918,19.697,0,0
rocksdb,churn,5919,18.744,0,0
rocksdb,churn,5920,19.463,165458915,0
rocksdb,churn,5921,17.790,0,0
rocksdb,churn,5922,19.529,0,0
rocksdb,churn,5923,16.557,0,0
rocksdb,churn,5924,18.015,0,0
rocksdb,churn,5925,17.865,0,0
rocksdb,churn,5926,17.934,0,0
rocksdb,churn,5927,15.651,0,0
rocksdb,churn,5928,18.772,0,0
rocksdb,churn,5929,17.098,0,0
rocksdb,churn,5930,12.693,191078340,0
rocksdb,churn,5931,15.686,0,0
rocksdb,churn,5932,11.638,0,0
rocksdb,churn,5933,12.196,0,0
rocksdb,churn,5934,17.163,0,0
rocksdb,churn,5935,18.214,0,0
rocksdb,churn,5936,15.554,0,0
rocksdb,churn,5937,37.483,0,0
rocksdb,churn,5938,15.986,0,0
rocksdb,churn,5939,12.968,0,0
rocksdb,churn,5940,13.859,151365595,0
rocksdb,churn,5941,18.132,0,0
rocksdb,churn,5942,24.911,0,0
rocksdb,churn,5943,23.043,0,0
rocksdb,churn,5944,20.042,0,0
rocksdb,churn,5945,25.161,0,0
rocksdb,churn,5946,20.425,0,0
rocksdb,churn,5947,23.379,0,0
rocksdb,churn,5948,34.275,0,0
rocksdb,churn,5949,26.798,0,0
rocksdb,churn,5950,16.620,180128061,0
rocksdb,churn,5951,20.841,0,0
rocksdb,churn,5952,18.650,0,0
rocksdb,churn,5953,19.282,0,0
rocksdb,churn,5954,21.374,0,0
rocksdb,churn,5955,24.786,0,0
rocksdb,churn,5956,21.823,0,0
rocksdb,churn,5957,17.349,0,0
rocksdb,churn,5958,18.032,0,0
rocksdb,churn,5959,28.511,0,0
rocksdb,churn,5960,21.076,150647319,0
rocksdb,churn,5961,23.032,0,0
rocksdb,churn,5962,23.059,0,0
rocksdb,churn,5963,16.267,0,0
rocksdb,churn,5964,16.573,0,0
rocksdb,churn,5965,19.659,0,0
rocksdb,churn,5966,17.998,0,0
rocksdb,churn,5967,27.445,0,0
rocksdb,churn,5968,17.949,0,0
rocksdb,churn,5969,36.557,0,0
rocksdb,churn,5970,31.799,183287230,0
rocksdb,churn,5971,17.612,0,0
rocksdb,churn,5972,18.245,0,0
rocksdb,churn,5973,20.464,0,0
rocksdb,churn,5974,27.420,0,0
rocksdb,churn,5975,19.117,0,0
rocksdb,churn,5976,21.953,0,0
rocksdb,churn,5977,12.825,0,0
rocksdb,churn,5978,28.928,0,0
rocksdb,churn,5979,25.856,0,0
rocksdb,churn,5980,17.804,245303148,0
rocksdb,churn,5981,17.422,0,0
rocksdb,churn,5982,22.219,0,0
rocksdb,churn,5983,23.058,0,0
rocksdb,churn,5984,28.560,0,0
rocksdb,churn,5985,16.376,0,0
rocksdb,churn,5986,18.601,0,0
rocksdb,churn,5987,17.481,0,0
rocksdb,churn,5988,17.883,0,0
rocksdb,churn,5989,16.593,0,0
rocksdb,churn,5990,19.063,166419776,0
rocksdb,churn,5991,17.517,0,0
rocksdb,churn,5992,17.295,0,0
rocksdb,churn,5993,19.361,0,0
rocksdb,churn,5994,20.492,0,0
rocksdb,churn,5995,18.076,0,0
rocksdb,churn,5996,16.090,0,0
rocksdb,churn,5997,14.020,0,0
rocksdb,churn,5998,15.729,0,0
rocksdb,churn,5999,18.612,0,0
rocksdb,churn,6000,16.575,229319724,0
rocksdb,churn,6001,20.155,0,0
rocksdb,churn,6002,24.434,0,0
rocksdb,churn,6003,21.169,0,0
rocksdb,churn,6004,25.420,0,0
rocksdb,churn,6005,21.361,0,0
rocksdb,churn,6006,15.971,0,0
rocksdb,churn,6007,23.901,0,0
rocksdb,churn,6008,15.012,0,0
rocksdb,churn,6009,21.193,0,0
rocksdb,churn,6010,18.161,168004779,0
rocksdb,churn,6011,18.633,0,0
rocksdb,churn,6012,21.366,0,0
rocksdb,churn,6013,19.946,0,0
rocksdb,churn,6014,21.842,0,0
rocksdb,churn,6015,18.411,0,0
rocksdb,churn,6016,17.766,0,0
rocksdb,churn,6017,17.722,0,0
rocksdb,churn,6018,22.721,0,0
rocksdb,churn,6019,19.242,0,0
rocksdb,churn,6020,25.727,193699742,0
rocksdb,churn,6021,22.424,0,0
rocksdb,churn,6022,22.490,0,0
rocksdb,churn,6023,20.203,0,0
rocksdb,churn,6024,19.301,0,0
rocksdb,churn,6025,25.390,0,0
rocksdb,churn,6026,19.578,0,0
rocksdb,churn,6027,18.386,0,0
rocksdb,churn,6028,23.256,0,0
rocksdb,churn,6029,19.970,0,0
rocksdb,churn,6030,21.889,159164895,0
rocksdb,churn,6031,24.442,0,0
rocksdb,churn,6032,18.319,0,0
rocksdb,churn,6033,18.685,0,0
rocksdb,churn,6034,26.579,0,0
rocksdb,churn,6035,18.969,0,0
rocksdb,churn,6036,14.635,0,0
rocksdb,churn,6037,20.412,0,0
rocksdb,churn,6038,17.370,0,0
rocksdb,churn,6039,16.180,0,0
rocksdb,churn,6040,22.212,188913705,0
rocksdb,churn,6041,23.892,0,0
rocksdb,churn,6042,22.200,0,0
rocksdb,churn,6043,23.032,0,0
rocksdb,churn,6044,20.280,0,0
rocksdb,churn,6045,20.577,0,0
rocksdb,churn,6046,15.349,0,0
rocksdb,churn,6047,21.544,0,0
rocksdb,churn,6048,17.932,0,0
rocksdb,churn,6049,47.030,0,0
rocksdb,churn,6050,23.434,150229190,0
rocksdb,churn,6051,18.405,0,0
rocksdb,churn,6052,14.611,0,0
rocksdb,churn,6053,21.034,0,0
rocksdb,churn,6054,18.082,0,0
rocksdb,churn,6055,10.897,0,0
rocksdb,churn,6056,24.396,0,0
rocksdb,churn,6057,15.311,0,0
rocksdb,churn,6058,16.261,0,0
rocksdb,churn,6059,17.679,0,0
rocksdb,churn,6060,17.394,175366358,0
rocksdb,churn,6061,17.756,0,0
rocksdb,churn,6062,15.736,0,0
rocksdb,churn,6063,15.408,0,0
rocksdb,churn,6064,11.415,0,0
rocksdb,churn,6065,15.001,0,0
rocksdb,churn,6066,15.598,0,0
rocksdb,churn,6067,20.784,0,0
rocksdb,churn,6068,17.111,0,0
rocksdb,churn,6069,22.659,0,0
rocksdb,churn,6070,23.395,142117686,0
rocksdb,churn,6071,18.002,0,0
rocksdb,churn,6072,16.855,0,0
rocksdb,churn,6073,19.394,0,0
rocksdb,churn,6074,25.880,0,0
rocksdb,churn,6075,32.241,0,0
rocksdb,churn,6076,21.625,0,0
rocksdb,churn,6077,21.111,0,0
rocksdb,churn,6078,22.797,0,0
rocksdb,churn,6079,20.925,0,0
rocksdb,churn,6080,18.642,175540733,0
rocksdb,churn,6081,22.748,0,0
rocksdb,churn,6082,22.279,0,0
rocksdb,churn,6083,25.631,0,0
rocksdb,churn,6084,21.213,0,0
rocksdb,churn,6085,18.955,0,0
rocksdb,churn,6086,20.751,0,0
rocksdb,churn,6087,24.055,0,0
rocksdb,churn,6088,16.824,0,0
rocksdb,churn,6089,17.005,0,0
rocksdb,churn,6090,23.067,247073499,0
rocksdb,churn,6091,23.070,0,0
rocksdb,churn,6092,19.644,0,0
rocksdb,churn,6093,17.161,0,0
rocksdb,churn,6094,19.438,0,0
rocksdb,churn,6095,19.213,0,0
rocksdb,churn,6096,23.686,0,0
rocksdb,churn,6097,19.609,0,0
rocksdb,churn,6098,22.521,0,0
rocksdb,churn,6099,26.744,0,0
rocksdb,churn,6100,18.264,164567975,0
rocksdb,churn,6101,18.197,0,0
rocksdb,churn,6102,20.889,0,0
rocksdb,churn,6103,20.130,0,0
rocksdb,churn,6104,23.416,0,0
rocksdb,churn,6105,16.070,0,0
rocksdb,churn,6106,23.073,0,0
rocksdb,churn,6107,18.788,0,0
rocksdb,churn,6108,19.430,0,0
rocksdb,churn,6109,22.934,0,0
rocksdb,churn,6110,16.053,191996092,0
rocksdb,churn,6111,25.551,0,0
rocksdb,churn,6112,23.200,0,0
rocksdb,churn,6113,16.051,0,0
rocksdb,churn,6114,15.457,0,0
rocksdb,churn,6115,21.053,0,0
rocksdb,churn,6116,17.849,0,0
rocksdb,churn,6117,20.614,0,0
rocksdb,churn,6118,15.632,0,0
rocksdb,churn,6119,16.043,0,0
rocksdb,churn,6120,20.918,158786782,0
rocksdb,churn,6121,17.257,0,0
rocksdb,churn,6122,19.739,0,0
rocksdb,churn,6123,20.062,0,0
rocksdb,churn,6124,22.257,0,0
rocksdb,churn,6125,18.572,0,0
rocksdb,churn,6126,20.165,0,0
rocksdb,churn,6127,20.298,0,0
rocksdb,churn,6128,15.418,0,0
rocksdb,churn,6129,17.852,0,0
rocksdb,churn,6130,27.925,185353803,0
rocksdb,churn,6131,17.866,0,0
rocksdb,churn,6132,16.210,0,0
rocksdb,churn,6133,26.100,0,0
rocksdb,churn,6134,16.238,0,0
rocksdb,churn,6135,25.080,0,0
rocksdb,churn,6136,25.488,0,0
rocksdb,churn,6137,17.925,0,0
rocksdb,churn,6138,21.521,0,0
rocksdb,churn,6139,18.413,0,0
rocksdb,churn,6140,19.241,152619408,0
rocksdb,churn,6141,24.265,0,0
rocksdb,churn,6142,20.984,0,0
rocksdb,churn,6143,15.876,0,0
rocksdb,churn,6144,16.084,0,0
rocksdb,churn,6145,19.255,0,0
rocksdb,churn,6146,21.918,0,0
rocksdb,churn,6147,20.042,0,0
rocksdb,churn,6148,21.933,0,0
rocksdb,churn,6149,20.074,0,0
rocksdb,churn,6150,21.063,178359250,0
rocksdb,churn,6151,14.200,0,0
rocksdb,churn,6152,20.508,0,0
rocksdb,churn,6153,17.427,0,0
rocksdb,churn,6154,21.928,0,0
rocksdb,churn,6155,16.217,0,0
rocksdb,churn,6156,19.792,0,0
rocksdb,churn,6157,20.290,0,0
rocksdb,churn,6158,35.809,0,0
rocksdb,churn,6159,16.707,0,0
rocksdb,churn,6160,17.619,268696260,0
rocksdb,churn,6161,19.929,0,0
rocksdb,churn,6162,16.611,0,0
rocksdb,churn,6163,26.936,0,0
rocksdb,churn,6164,27.222,0,0
rocksdb,churn,6165,24.489,0,0
rocksdb,churn,6166,26.903,0,0
rocksdb,churn,6167,18.746,0,0
rocksdb,churn,6168,17.613,0,0
rocksdb,churn,6169,21.156,0,0
rocksdb,churn,6170,50.021,169307287,0
rocksdb,churn,6171,23.935,0,0
rocksdb,churn,6172,34.777,0,0
rocksdb,churn,6173,23.938,0,0
rocksdb,churn,6174,21.625,0,0
rocksdb,churn,6175,27.099,0,0
rocksdb,churn,6176,24.700,0,0
rocksdb,churn,6177,31.175,0,0
rocksdb,churn,6178,19.631,0,0
rocksdb,churn,6179,24.974,0,0
rocksdb,churn,6180,25.000,209598990,0
rocksdb,churn,6181,17.787,0,0
rocksdb,churn,6182,26.602,0,0
rocksdb,churn,6183,15.884,0,0
rocksdb,churn,6184,15.786,0,0
rocksdb,churn,6185,24.304,0,0
rocksdb,churn,6186,20.868,0,0
rocksdb,churn,6187,15.572,0,0
rocksdb,churn,6188,18.832,0,0
rocksdb,churn,6189,17.268,0,0
rocksdb,churn,6190,19.561,162563622,0
rocksdb,churn,6191,19.880,0,0
rocksdb,churn,6192,15.613,0,0
rocksdb,churn,6193,16.564,0,0
rocksdb,churn,6194,19.746,0,0
rocksdb,churn,6195,15.616,0,0
rocksdb,churn,6196,20.777,0,0
rocksdb,churn,6197,17.914,0,0
rocksdb,churn,6198,24.856,0,0
rocksdb,churn,6199,20.336,0,0
rocksdb,churn,6200,17.121,193195044,0
rocksdb,churn,6201,23.207,0,0
rocksdb,churn,6202,18.607,0,0
rocksdb,churn,6203,14.398,0,0
rocksdb,churn,6204,17.224,0,0
rocksdb,churn,6205,25.545,0,0
rocksdb,churn,6206,22.064,0,0
rocksdb,churn,6207,17.840,0,0
rocksdb,churn,6208,20.793,0,0
rocksdb,churn,6209,19.534,0,0
rocksdb,churn,6210,19.951,157957157,0
rocksdb,churn,6211,15.739,0,0
rocksdb,churn,6212,17.866,0,0
rocksdb,churn,6213,23.392,0,0
rocksdb,churn,6214,21.284,0,0
rocksdb,churn,6215,15.756,0,0
rocksdb,churn,6216,22.426,0,0
rocksdb,churn,6217,18.819,0,0
rocksdb,churn,6218,17.815,0,0
rocksdb,churn,6219,23.308,0,0
rocksdb,churn,6220,17.374,184394075,0
rocksdb,churn,6221,22.020,0,0
rocksdb,churn,6222,14.270,0,0
rocksdb,churn,6223,23.178,0,0
rocksdb,churn,6224,16.763,0,0
rocksdb,churn,6225,17.044,0,0
rocksdb,churn,6226,21.341,0,0
rocksdb,churn,6227,22.814,0,0
rocksdb,churn,6228,17.004,0,0
rocksdb,churn,6229,30.249,0,0
rocksdb,churn,6230,16.690,150707561,0
rocksdb,churn,6231,13.616,0,0
rocksdb,churn,6232,16.799,0,0
rocksdb,churn,6233,10.847,0,0
rocksdb,churn,6234,17.744,0,0
rocksdb,churn,6235,16.172,0,0
rocksdb,churn,6236,13.169,0,0
rocksdb,churn,6237,21.904,0,0
rocksdb,churn,6238,20.255,0,0
rocksdb,churn,6239,18.649,0,0
rocksdb,churn,6240,15.795,175314883,0
rocksdb,churn,6241,23.248,0,0
rocksdb,churn,6242,18.322,0,0
rocksdb,churn,6243,21.016,0,0
rocksdb,churn,6244,17.754,0,0
rocksdb,churn,6245,17.134,0,0
rocksdb,churn,6246,19.067,0,0
rocksdb,churn,6247,16.474,0,0
rocksdb,churn,6248,17.763,0,0
rocksdb,churn,6249,18.807,0,0
rocksdb,churn,6250,23.366,282074383,0
rocksdb,churn,6251,21.638,0,0
rocksdb,churn,6252,16.775,0,0
rocksdb,churn,6253,19.485,0,0
rocksdb,churn,6254,15.182,0,0
rocksdb,churn,6255,16.556,0,0
rocksdb,churn,6256,14.294,0,0
rocksdb,churn,6257,18.963,0,0
rocksdb,churn,6258,16.448,0,0
rocksdb,churn,6259,16.395,0,0
rocksdb,churn,6260,15.702,168206366,0
rocksdb,churn,6261,18.839,0,0
rocksdb,churn,6262,19.420,0,0
rocksdb,churn,6263,17.147,0,0
rocksdb,churn,6264,18.381,0,0
rocksdb,churn,6265,17.890,0,0
rocksdb,churn,6266,23.271,0,0
rocksdb,churn,6267,11.169,0,0
rocksdb,churn,6268,20.247,0,0
rocksdb,churn,6269,21.381,0,0
rocksdb,churn,6270,24.499,203191953,0
rocksdb,churn,6271,20.013,0,0
rocksdb,churn,6272,20.076,0,0
rocksdb,churn,6273,14.485,0,0
rocksdb,churn,6274,17.919,0,0
rocksdb,churn,6275,12.722,0,0
rocksdb,churn,6276,14.345,0,0
rocksdb,churn,6277,17.806,0,0
rocksdb,churn,6278,14.214,0,0
rocksdb,churn,6279,18.563,0,0
rocksdb,churn,6280,15.368,163232438,0
rocksdb,churn,6281,15.769,0,0
rocksdb,churn,6282,16.944,0,0
rocksdb,churn,6283,18.303,0,0
rocksdb,churn,6284,20.453,0,0
rocksdb,churn,6285,21.429,0,0
rocksdb,churn,6286,14.456,0,0
rocksdb,churn,6287,31.688,0,0
rocksdb,churn,6288,18.547,0,0
rocksdb,churn,6289,25.149,0,0
rocksdb,churn,6290,16.941,189826351,0
rocksdb,churn,6291,13.977,0,0
rocksdb,churn,6292,18.236,0,0
rocksdb,churn,6293,24.390,0,0
rocksdb,churn,6294,17.720,0,0
rocksdb,churn,6295,18.211,0,0
rocksdb,churn,6296,14.973,0,0
rocksdb,churn,6297,17.522,0,0
rocksdb,churn,6298,15.576,0,0
rocksdb,churn,6299,18.743,0,0
rocksdb,churn,6300,14.522,153465269,0
rocksdb,churn,6301,20.187,0,0
rocksdb,churn,6302,21.818,0,0
rocksdb,churn,6303,17.936,0,0
rocksdb,churn,6304,17.592,0,0
rocksdb,churn,6305,19.896,0,0
rocksdb,churn,6306,11.399,0,0
rocksdb,churn,6307,18.444,0,0
rocksdb,churn,6308,18.633,0,0
rocksdb,churn,6309,16.177,0,0
rocksdb,churn,6310,18.316,180622984,0
rocksdb,churn,6311,16.145,0,0
rocksdb,churn,6312,15.439,0,0
rocksdb,churn,6313,13.765,0,0
rocksdb,churn,6314,17.012,0,0
rocksdb,churn,6315,14.128,0,0
rocksdb,churn,6316,23.192,0,0
rocksdb,churn,6317,30.426,0,0
rocksdb,churn,6318,19.154,0,0
rocksdb,churn,6319,21.633,0,0
rocksdb,churn,6320,19.069,146009102,0
rocksdb,churn,6321,11.896,0,0
rocksdb,churn,6322,24.816,0,0
rocksdb,churn,6323,19.034,0,0
rocksdb,churn,6324,21.020,0,0
rocksdb,churn,6325,17.760,0,0
rocksdb,churn,6326,22.237,0,0
rocksdb,churn,6327,22.782,0,0
rocksdb,churn,6328,18.989,0,0
rocksdb,churn,6329,20.642,0,0
rocksdb,churn,6330,12.276,175406115,0
rocksdb,churn,6331,18.233,0,0
rocksdb,churn,6332,15.005,0,0
rocksdb,churn,6333,15.783,0,0
rocksdb,churn,6334,18.292,0,0
rocksdb,churn,6335,11.934,0,0
rocksdb,churn,6336,15.757,0,0
rocksdb,churn,6337,13.748,0,0
rocksdb,churn,6338,23.067,0,0
rocksdb,churn,6339,19.115,0,0
rocksdb,churn,6340,20.025,213166816,0
rocksdb,churn,6341,14.688,0,0
rocksdb,churn,6342,20.898,0,0
rocksdb,churn,6343,14.887,0,0
rocksdb,churn,6344,20.333,0,0
rocksdb,churn,6345,19.207,0,0
rocksdb,churn,6346,13.137,0,0
rocksdb,churn,6347,15.710,0,0
rocksdb,churn,6348,18.801,0,0
rocksdb,churn,6349,18.189,0,0
rocksdb,churn,6350,22.960,162378113,0
rocksdb,churn,6351,20.915,0,0
rocksdb,churn,6352,29.056,0,0
rocksdb,churn,6353,15.449,0,0
rocksdb,churn,6354,16.102,0,0
rocksdb,churn,6355,19.638,0,0
rocksdb,churn,6356,14.842,0,0
rocksdb,churn,6357,14.682,0,0
rocksdb,churn,6358,18.808,0,0
rocksdb,churn,6359,21.427,0,0
rocksdb,churn,6360,17.516,191948211,0
rocksdb,churn,6361,16.715,0,0
rocksdb,churn,6362,23.872,0,0
rocksdb,churn,6363,22.336,0,0
rocksdb,churn,6364,18.156,0,0
rocksdb,churn,6365,15.063,0,0
rocksdb,churn,6366,25.063,0,0
rocksdb,churn,6367,18.754,0,0
rocksdb,churn,6368,15.726,0,0
rocksdb,churn,6369,16.341,0,0
rocksdb,churn,6370,22.532,161674362,0
rocksdb,churn,6371,25.802,0,0
rocksdb,churn,6372,20.522,0,0
rocksdb,churn,6373,18.868,0,0
rocksdb,churn,6374,17.785,0,0
rocksdb,churn,6375,21.796,0,0
rocksdb,churn,6376,21.124,0,0
rocksdb,churn,6377,17.975,0,0
rocksdb,churn,6378,27.630,0,0
rocksdb,churn,6379,22.299,0,0
rocksdb,churn,6380,24.786,195121788,0
rocksdb,churn,6381,16.496,0,0
rocksdb,churn,6382,31.456,0,0
rocksdb,churn,6383,13.736,0,0
rocksdb,churn,6384,16.874,0,0
rocksdb,churn,6385,15.771,0,0
rocksdb,churn,6386,19.358,0,0
rocksdb,churn,6387,23.214,0,0
rocksdb,churn,6388,21.432,0,0
rocksdb,churn,6389,20.295,0,0
rocksdb,churn,6390,17.336,154587327,0
rocksdb,churn,6391,18.113,0,0
rocksdb,churn,6392,16.000,0,0
rocksdb,churn,6393,20.646,0,0
rocksdb,churn,6394,14.205,0,0
rocksdb,churn,6395,18.422,0,0
rocksdb,churn,6396,16.690,0,0
rocksdb,churn,6397,20.210,0,0
rocksdb,churn,6398,18.091,0,0
rocksdb,churn,6399,15.199,0,0
rocksdb,churn,6400,21.463,180203822,0
rocksdb,churn,6401,14.152,0,0
rocksdb,churn,6402,18.514,0,0
rocksdb,churn,6403,15.670,0,0
rocksdb,churn,6404,16.881,0,0
rocksdb,churn,6405,20.090,0,0
rocksdb,churn,6406,17.489,0,0
rocksdb,churn,6407,23.849,0,0
rocksdb,churn,6408,23.676,0,0
rocksdb,churn,6409,21.707,0,0
rocksdb,churn,6410,23.710,146487796,0
rocksdb,churn,6411,15.035,0,0
rocksdb,churn,6412,14.301,0,0
rocksdb,churn,6413,19.571,0,0
rocksdb,churn,6414,18.005,0,0
rocksdb,churn,6415,13.877,0,0
rocksdb,churn,6416,18.881,0,0
rocksdb,churn,6417,21.165,0,0
rocksdb,churn,6418,18.099,0,0
rocksdb,churn,6419,26.045,0,0
rocksdb,churn,6420,20.048,173016624,0
rocksdb,churn,6421,20.840,0,0
rocksdb,churn,6422,22.635,0,0
rocksdb,churn,6423,20.100,0,0
rocksdb,churn,6424,23.971,0,0
rocksdb,churn,6425,21.731,0,0
rocksdb,churn,6426,20.800,0,0
rocksdb,churn,6427,24.949,0,0
rocksdb,churn,6428,15.219,0,0
rocksdb,churn,6429,17.548,0,0
rocksdb,churn,6430,21.254,200683124,0
rocksdb,churn,6431,19.083,0,0
rocksdb,churn,6432,22.779,0,0
rocksdb,churn,6433,20.375,0,0
rocksdb,churn,6434,14.695,0,0
rocksdb,churn,6435,22.348,0,0
rocksdb,churn,6436,17.071,0,0
rocksdb,churn,6437,15.828,0,0
rocksdb,churn,6438,18.470,0,0
rocksdb,churn,6439,16.665,0,0
rocksdb,churn,6440,15.325,161933783,0
rocksdb,churn,6441,20.690,0,0
rocksdb,churn,6442,40.148,0,0
rocksdb,churn,6443,17.824,0,0
rocksdb,churn,6444,15.446,0,0
rocksdb,churn,6445,20.906,0,0
rocksdb,churn,6446,14.956,0,0
rocksdb,churn,6447,16.182,0,0
rocksdb,churn,6448,16.482,0,0
rocksdb,churn,6449,18.180,0,0
rocksdb,churn,6450,17.752,187442044,0
rocksdb,churn,6451,12.860,0,0
rocksdb,churn,6452,19.134,0,0
rocksdb,churn,6453,20.348,0,0
rocksdb,churn,6454,31.889,0,0
rocksdb,churn,6455,16.059,0,0
rocksdb,churn,6456,18.352,0,0
rocksdb,churn,6457,18.153,0,0
rocksdb,churn,6458,16.530,0,0
rocksdb,churn,6459,16.569,0,0
rocksdb,churn,6460,18.061,156816267,0
rocksdb,churn,6461,22.436,0,0
rocksdb,churn,6462,22.098,0,0
rocksdb,churn,6463,15.792,0,0
rocksdb,churn,6464,17.100,0,0
rocksdb,churn,6465,18.108,0,0
rocksdb,churn,6466,19.854,0,0
rocksdb,churn,6467,22.724,0,0
rocksdb,churn,6468,15.446,0,0
rocksdb,churn,6469,21.824,0,0
rocksdb,churn,6470,15.773,179213134,0
rocksdb,churn,6471,22.766,0,0
rocksdb,churn,6472,15.447,0,0
rocksdb,churn,6473,19.315,0,0
rocksdb,churn,6474,22.009,0,0
rocksdb,churn,6475,21.177,0,0
rocksdb,churn,6476,24.077,0,0
rocksdb,churn,6477,19.888,0,0
rocksdb,churn,6478,24.958,0,0
rocksdb,churn,6479,24.476,0,0
rocksdb,churn,6480,22.276,148037007,0
rocksdb,churn,6481,13.885,0,0
rocksdb,churn,6482,16.447,0,0
rocksdb,churn,6483,11.721,0,0
rocksdb,churn,6484,17.750,0,0
rocksdb,churn,6485,28.025,0,0
rocksdb,churn,6486,17.233,0,0
rocksdb,churn,6487,18.787,0,0
rocksdb,churn,6488,10.863,0,0
rocksdb,churn,6489,15.520,0,0
rocksdb,churn,6490,13.303,173345328,0
rocksdb,churn,6491,15.734,0,0
rocksdb,churn,6492,22.016,0,0
rocksdb,churn,6493,21.086,0,0
rocksdb,churn,6494,26.429,0,0
rocksdb,churn,6495,18.082,0,0
rocksdb,churn,6496,15.513,0,0
rocksdb,churn,6497,21.236,0,0
rocksdb,churn,6498,22.606,0,0
rocksdb,churn,6499,24.470,0,0
rocksdb,churn,6500,26.891,146240936,0
rocksdb,churn,6501,17.317,0,0
rocksdb,churn,6502,18.776,0,0
rocksdb,churn,6503,22.861,0,0
rocksdb,churn,6504,17.008,0,0
rocksdb,churn,6505,22.280,0,0
rocksdb,churn,6506,32.078,0,0
rocksdb,churn,6507,13.093,0,0
rocksdb,churn,6508,15.775,0,0
rocksdb,churn,6509,15.216,0,0
rocksdb,churn,6510,14.300,169726698,0
rocksdb,churn,6511,14.205,0,0
rocksdb,churn,6512,24.229,0,0
rocksdb,churn,6513,15.208,0,0
rocksdb,churn,6514,17.833,0,0
rocksdb,churn,6515,17.674,0,0
rocksdb,churn,6516,17.067,0,0
rocksdb,churn,6517,19.196,0,0
rocksdb,churn,6518,15.903,0,0
rocksdb,churn,6519,12.509,0,0
rocksdb,churn,6520,18.833,196770885,0
rocksdb,churn,6521,17.716,0,0
rocksdb,churn,6522,22.484,0,0
rocksdb,churn,6523,21.009,0,0
rocksdb,churn,6524,19.020,0,0
rocksdb,churn,6525,15.664,0,0
rocksdb,churn,6526,18.090,0,0
rocksdb,churn,6527,14.709,0,0
rocksdb,churn,6528,14.769,0,0
rocksdb,churn,6529,17.141,0,0
rocksdb,churn,6530,20.787,161373311,0
rocksdb,churn,6531,17.946,0,0
rocksdb,churn,6532,20.333,0,0
rocksdb,churn,6533,18.843,0,0
rocksdb,churn,6534,24.943,0,0
rocksdb,churn,6535,14.681,0,0
rocksdb,churn,6536,12.598,0,0
rocksdb,churn,6537,23.062,0,0
rocksdb,churn,6538,22.978,0,0
rocksdb,churn,6539,15.833,0,0
rocksdb,churn,6540,21.542,188901790,0
rocksdb,churn,6541,15.023,0,0
rocksdb,churn,6542,14.612,0,0
rocksdb,churn,6543,21.714,0,0
rocksdb,churn,6544,17.814,0,0
rocksdb,churn,6545,22.862,0,0
rocksdb,churn,6546,23.432,0,0
rocksdb,churn,6547,18.029,0,0
rocksdb,churn,6548,15.973,0,0
rocksdb,churn,6549,14.053,0,0
rocksdb,churn,6550,14.475,157800699,0
rocksdb,churn,6551,19.107,0,0
rocksdb,churn,6552,17.464,0,0
rocksdb,churn,6553,19.432,0,0
rocksdb,churn,6554,20.542,0,0
rocksdb,churn,6555,28.947,0,0
rocksdb,churn,6556,19.944,0,0
rocksdb,churn,6557,22.695,0,0
rocksdb,churn,6558,21.104,0,0
rocksdb,churn,6559,22.539,0,0
rocksdb,churn,6560,16.857,184860221,0
rocksdb,churn,6561,16.205,0,0
rocksdb,churn,6562,20.764,0,0
rocksdb,churn,6563,14.659,0,0
rocksdb,churn,6564,13.897,0,0
rocksdb,churn,6565,21.693,0,0
rocksdb,churn,6566,19.427,0,0
rocksdb,churn,6567,14.392,0,0
rocksdb,churn,6568,13.784,0,0
rocksdb,churn,6569,13.578,0,0
rocksdb,churn,6570,15.705,155839016,0
rocksdb,churn,6571,24.548,0,0
rocksdb,churn,6572,15.727,0,0
rocksdb,churn,6573,18.785,0,0
rocksdb,churn,6574,18.373,0,0
rocksdb,churn,6575,14.460,0,0
rocksdb,churn,6576,14.516,0,0
rocksdb,churn,6577,14.701,0,0
rocksdb,churn,6578,21.466,0,0
rocksdb,churn,6579,17.866,0,0
rocksdb,churn,6580,15.645,180326421,0
rocksdb,churn,6581,18.550,0,0
rocksdb,churn,6582,13.593,0,0
rocksdb,churn,6583,21.022,0,0
rocksdb,churn,6584,16.031,0,0
rocksdb,churn,6585,22.566,0,0
rocksdb,churn,6586,13.950,0,0
rocksdb,churn,6587,23.842,0,0
rocksdb,churn,6588,18.309,0,0
rocksdb,churn,6589,17.237,0,0
rocksdb,churn,6590,17.655,144057342,0
rocksdb,churn,6591,19.990,0,0
rocksdb,churn,6592,12.533,0,0
rocksdb,churn,6593,12.277,0,0
rocksdb,churn,6594,18.980,0,0
rocksdb,churn,6595,13.480,0,0
rocksdb,churn,6596,14.050,0,0
rocksdb,churn,6597,19.717,0,0
rocksdb,churn,6598,13.212,0,0
rocksdb,churn,6599,13.718,0,0
rocksdb,churn,6600,15.080,167152536,0
rocksdb,churn,6601,18.580,0,0
rocksdb,churn,6602,16.625,0,0
rocksdb,churn,6603,14.972,0,0
rocksdb,churn,6604,17.026,0,0
rocksdb,churn,6605,15.650,0,0
rocksdb,churn,6606,11.084,0,0
rocksdb,churn,6607,16.634,0,0
rocksdb,churn,6608,13.618,0,0
rocksdb,churn,6609,17.106,0,0
rocksdb,churn,6610,17.398,201196037,0
rocksdb,churn,6611,16.173,0,0
rocksdb,churn,6612,19.707,0,0
rocksdb,churn,6613,14.915,0,0
rocksdb,churn,6614,16.743,0,0
rocksdb,churn,6615,15.602,0,0
rocksdb,churn,6616,21.663,0,0
rocksdb,churn,6617,21.493,0,0
rocksdb,churn,6618,21.315,0,0
rocksdb,churn,6619,16.438,0,0
rocksdb,churn,6620,21.237,165629489,0
rocksdb,churn,6621,14.655,0,0
rocksdb,churn,6622,24.130,0,0
rocksdb,churn,6623,16.907,0,0
rocksdb,churn,6624,23.296,0,0
rocksdb,churn,6625,15.384,0,0
rocksdb,churn,6626,24.897,0,0
rocksdb,churn,6627,22.272,0,0
rocksdb,churn,6628,15.925,0,0
rocksdb,churn,6629,17.906,0,0
rocksdb,churn,6630,19.660,195058024,0
rocksdb,churn,6631,16.864,0,0
rocksdb,churn,6632,18.313,0,0
rocksdb,churn,6633,25.768,0,0
rocksdb,churn,6634,21.415,0,0
rocksdb,churn,6635,13.679,0,0
rocksdb,churn,6636,22.097,0,0
rocksdb,churn,6637,21.308,0,0
rocksdb,churn,6638,23.515,0,0
rocksdb,churn,6639,17.566,0,0
rocksdb,churn,6640,17.552,158752113,0
rocksdb,churn,6641,16.764,0,0
rocksdb,churn,6642,23.003,0,0
rocksdb,churn,6643,19.057,0,0
rocksdb,churn,6644,19.716,0,0
rocksdb,churn,6645,21.856,0,0
rocksdb,churn,6646,19.208,0,0
rocksdb,churn,6647,19.688,0,0
rocksdb,churn,6648,18.002,0,0
rocksdb,churn,6649,17.259,0,0
rocksdb,churn,6650,14.899,186342832,0
rocksdb,churn,6651,17.005,0,0
rocksdb,churn,6652,18.322,0,0
rocksdb,churn,6653,17.145,0,0
rocksdb,churn,6654,18.834,0,0
rocksdb,churn,6655,18.943,0,0
rocksdb,churn,6656,18.433,0,0
rocksdb,churn,6657,19.358,0,0
rocksdb,churn,6658,18.440,0,0
rocksdb,churn,6659,21.137,0,0
rocksdb,churn,6660,11.002,153765233,0
rocksdb,churn,6661,11.719,0,0
rocksdb,churn,6662,20.048,0,0
rocksdb,churn,6663,14.170,0,0
rocksdb,churn,6664,14.460,0,0
rocksdb,churn,6665,14.118,0,0
rocksdb,churn,6666,14.622,0,0
rocksdb,churn,6667,12.649,0,0
rocksdb,churn,6668,17.541,0,0
rocksdb,churn,6669,15.813,0,0
rocksdb,churn,6670,17.660,175232370,0
rocksdb,churn,6671,16.440,0,0
rocksdb,churn,6672,12.376,0,0
rocksdb,churn,6673,18.947,0,0
rocksdb,churn,6674,20.863,0,0
rocksdb,churn,6675,21.709,0,0
rocksdb,churn,6676,16.846,0,0
rocksdb,churn,6677,21.773,0,0
rocksdb,churn,6678,20.526,0,0
rocksdb,churn,6679,20.131,0,0
rocksdb,churn,6680,19.304,247265941,0
rocksdb,churn,6681,23.724,0,0
rocksdb,churn,6682,13.113,0,0
rocksdb,churn,6683,20.270,0,0
rocksdb,churn,6684,37.168,0,0
rocksdb,churn,6685,26.859,0,0
rocksdb,churn,6686,27.460,0,0
rocksdb,churn,6687,27.822,0,0
rocksdb,churn,6688,32.930,0,0
rocksdb,churn,6689,26.548,0,0
rocksdb,churn,6690,28.559,168945321,0
rocksdb,churn,6691,23.397,0,0
rocksdb,churn,6692,25.183,0,0
rocksdb,churn,6693,26.727,0,0
rocksdb,churn,6694,22.736,0,0
rocksdb,churn,6695,14.114,0,0
rocksdb,churn,6696,18.836,0,0
rocksdb,churn,6697,13.839,0,0
rocksdb,churn,6698,15.383,0,0
rocksdb,churn,6699,16.186,0,0
rocksdb,churn,6700,20.499,190400317,0
rocksdb,churn,6701,24.452,0,0
rocksdb,churn,6702,24.920,0,0
rocksdb,churn,6703,19.323,0,0
rocksdb,churn,6704,15.453,0,0
rocksdb,churn,6705,18.896,0,0
rocksdb,churn,6706,16.994,0,0
rocksdb,churn,6707,14.430,0,0
rocksdb,churn,6708,14.334,0,0
rocksdb,churn,6709,15.458,0,0
rocksdb,churn,6710,17.607,165115465,0
rocksdb,churn,6711,14.680,0,0
rocksdb,churn,6712,12.149,0,0
rocksdb,churn,6713,19.184,0,0
rocksdb,churn,6714,11.437,0,0
rocksdb,churn,6715,17.276,0,0
rocksdb,churn,6716,11.727,0,0
rocksdb,churn,6717,16.802,0,0
rocksdb,churn,6718,24.073,0,0
rocksdb,churn,6719,14.169,0,0
rocksdb,churn,6720,18.013,188556687,0
rocksdb,churn,6721,14.677,0,0
rocksdb,churn,6722,17.397,0,0
rocksdb,churn,6723,16.612,0,0
rocksdb,churn,6724,16.684,0,0
rocksdb,churn,6725,20.258,0,0
rocksdb,churn,6726,17.848,0,0
rocksdb,churn,6727,18.346,0,0
rocksdb,churn,6728,19.577,0,0
rocksdb,churn,6729,12.978,0,0
rocksdb,churn,6730,17.822,153385492,0
rocksdb,churn,6731,28.249,0,0
rocksdb,churn,6732,12.895,0,0
rocksdb,churn,6733,17.697,0,0
rocksdb,churn,6734,22.107,0,0
rocksdb,churn,6735,27.938,0,0
rocksdb,churn,6736,18.562,0,0
rocksdb,churn,6737,20.039,0,0
rocksdb,churn,6738,15.607,0,0
rocksdb,churn,6739,19.166,0,0
rocksdb,churn,6740,32.701,182995628,0
rocksdb,churn,6741,39.932,0,0
rocksdb,churn,6742,29.557,0,0
rocksdb,churn,6743,27.707,0,0
rocksdb,churn,6744,19.032,0,0
rocksdb,churn,6745,21.340,0,0
rocksdb,churn,6746,20.282,0,0
rocksdb,churn,6747,17.337,0,0
rocksdb,churn,6748,18.411,0,0
rocksdb,churn,6749,14.231,0,0
rocksdb,churn,6750,16.552,151608665,0
rocksdb,churn,6751,14.149,0,0
rocksdb,churn,6752,16.740,0,0
rocksdb,churn,6753,20.086,0,0
rocksdb,churn,6754,15.129,0,0
rocksdb,churn,6755,16.028,0,0
rocksdb,churn,6756,15.189,0,0
rocksdb,churn,6757,15.978,0,0
rocksdb,churn,6758,19.623,0,0
rocksdb,churn,6759,17.980,0,0
rocksdb,churn,6760,19.879,175183459,0
rocksdb,churn,6761,19.625,0,0
rocksdb,churn,6762,21.734,0,0
rocksdb,churn,6763,21.045,0,0
rocksdb,churn,6764,21.963,0,0
rocksdb,churn,6765,18.731,0,0
rocksdb,churn,6766,14.524,0,0
rocksdb,churn,6767,15.283,0,0
rocksdb,churn,6768,14.726,0,0
rocksdb,churn,6769,13.145,0,0
rocksdb,churn,6770,22.351,261951553,0
rocksdb,churn,6771,26.646,0,0
rocksdb,churn,6772,20.712,0,0
rocksdb,churn,6773,21.995,0,0
rocksdb,churn,6774,21.621,0,0
rocksdb,churn,6775,20.772,0,0
rocksdb,churn,6776,17.506,0,0
rocksdb,churn,6777,25.167,0,0
rocksdb,churn,6778,19.587,0,0
rocksdb,churn,6779,19.338,0,0
rocksdb,churn,6780,17.689,173613142,0
rocksdb,churn,6781,19.377,0,0
rocksdb,churn,6782,16.224,0,0
rocksdb,churn,6783,17.087,0,0
rocksdb,churn,6784,17.778,0,0
rocksdb,churn,6785,20.026,0,0
rocksdb,churn,6786,15.027,0,0
rocksdb,churn,6787,19.589,0,0
rocksdb,churn,6788,13.744,0,0
rocksdb,churn,6789,23.526,0,0
rocksdb,churn,6790,17.371,197033551,0
rocksdb,churn,6791,21.161,0,0
rocksdb,churn,6792,19.826,0,0
rocksdb,churn,6793,16.929,0,0
rocksdb,churn,6794,21.451,0,0
rocksdb,churn,6795,15.339,0,0
rocksdb,churn,6796,18.346,0,0
rocksdb,churn,6797,18.383,0,0
rocksdb,churn,6798,13.331,0,0
rocksdb,churn,6799,13.713,0,0
rocksdb,churn,6800,12.458,165365122,0
rocksdb,churn,6801,15.454,0,0
rocksdb,churn,6802,17.711,0,0
rocksdb,churn,6803,21.187,0,0
rocksdb,churn,6804,12.212,0,0
rocksdb,churn,6805,21.871,0,0
rocksdb,churn,6806,12.840,0,0
rocksdb,churn,6807,20.575,0,0
rocksdb,churn,6808,13.302,0,0
rocksdb,churn,6809,11.842,0,0
rocksdb,churn,6810,14.041,187968366,0
rocksdb,churn,6811,18.446,0,0
rocksdb,churn,6812,14.620,0,0
rocksdb,churn,6813,14.692,0,0
rocksdb,churn,6814,25.343,0,0
rocksdb,churn,6815,20.960,0,0
rocksdb,churn,6816,19.378,0,0
rocksdb,churn,6817,18.059,0,0
rocksdb,churn,6818,47.105,0,0
rocksdb,churn,6819,31.439,0,0
rocksdb,churn,6820,33.363,155779217,0
rocksdb,churn,6821,25.571,0,0
rocksdb,churn,6822,22.006,0,0
rocksdb,churn,6823,21.188,0,0
rocksdb,churn,6824,12.667,0,0
rocksdb,churn,6825,17.687,0,0
rocksdb,churn,6826,20.829,0,0
rocksdb,churn,6827,15.847,0,0
rocksdb,churn,6828,20.892,0,0
rocksdb,churn,6829,17.831,0,0
rocksdb,churn,6830,14.211,185238889,0
rocksdb,churn,6831,14.433,0,0
rocksdb,churn,6832,22.391,0,0
rocksdb,churn,6833,21.861,0,0
rocksdb,churn,6834,16.052,0,0
rocksdb,churn,6835,19.379,0,0
rocksdb,churn,6836,19.843,0,0
rocksdb,churn,6837,17.671,0,0
rocksdb,churn,6838,14.281,0,0
rocksdb,churn,6839,14.148,0,0
rocksdb,churn,6840,12.979,150817168,0
rocksdb,churn,6841,18.936,0,0
rocksdb,churn,6842,14.822,0,0
rocksdb,churn,6843,16.610,0,0
rocksdb,churn,6844,21.354,0,0
rocksdb,churn,6845,14.841,0,0
rocksdb,churn,6846,18.998,0,0
rocksdb,churn,6847,14.544,0,0
rocksdb,churn,6848,14.314,0,0
rocksdb,churn,6849,21.001,0,0
rocksdb,churn,6850,19.410,180161516,0
rocksdb,churn,6851,21.904,0,0
rocksdb,churn,6852,15.122,0,0
rocksdb,churn,6853,23.379,0,0
rocksdb,churn,6854,19.139,0,0
rocksdb,churn,6855,17.050,0,0
rocksdb,churn,6856,16.833,0,0
rocksdb,churn,6857,13.763,0,0
rocksdb,churn,6858,15.954,0,0
rocksdb,churn,6859,23.321,0,0
rocksdb,churn,6860,24.211,260101116,0
rocksdb,churn,6861,20.830,0,0
rocksdb,churn,6862,12.211,0,0
rocksdb,churn,6863,19.658,0,0
rocksdb,churn,6864,18.367,0,0
rocksdb,churn,6865,16.452,0,0
rocksdb,churn,6866,19.526,0,0
rocksdb,churn,6867,16.538,0,0
rocksdb,churn,6868,19.241,0,0
rocksdb,churn,6869,22.915,0,0
rocksdb,churn,6870,26.233,170558469,0
rocksdb,churn,6871,18.618,0,0
rocksdb,churn,6872,17.075,0,0
rocksdb,churn,6873,16.269,0,0
rocksdb,churn,6874,18.354,0,0
rocksdb,churn,6875,23.161,0,0
rocksdb,churn,6876,19.068,0,0
rocksdb,churn,6877,16.566,0,0
rocksdb,churn,6878,19.519,0,0
rocksdb,churn,6879,22.179,0,0
rocksdb,churn,6880,19.815,201959155,0
rocksdb,churn,6881,28.009,0,0
rocksdb,churn,6882,21.012,0,0
rocksdb,churn,6883,21.383,0,0
rocksdb,churn,6884,13.434,0,0
rocksdb,churn,6885,28.622,0,0
rocksdb,churn,6886,24.143,0,0
rocksdb,churn,6887,19.072,0,0
rocksdb,churn,6888,21.744,0,0
rocksdb,churn,6889,24.120,0,0
rocksdb,churn,6890,31.727,166577156,0
rocksdb,churn,6891,15.813,0,0
rocksdb,churn,6892,12.757,0,0
rocksdb,churn,6893,20.048,0,0
rocksdb,churn,6894,11.484,0,0
rocksdb,churn,6895,16.624,0,0
rocksdb,churn,6896,16.238,0,0
rocksdb,churn,6897,12.038,0,0
rocksdb,churn,6898,18.676,0,0
rocksdb,churn,6899,17.914,0,0
rocksdb,churn,6900,16.452,190049777,0
rocksdb,churn,6901,15.351,0,0
rocksdb,churn,6902,22.508,0,0
rocksdb,churn,6903,14.521,0,0
rocksdb,churn,6904,22.530,0,0
rocksdb,churn,6905,18.946,0,0
rocksdb,churn,6906,15.605,0,0
rocksdb,churn,6907,16.044,0,0
rocksdb,churn,6908,24.578,0,0
rocksdb,churn,6909,14.624,0,0
rocksdb,churn,6910,14.888,156541819,0
rocksdb,churn,6911,21.020,0,0
rocksdb,churn,6912,15.817,0,0
rocksdb,churn,6913,12.571,0,0
rocksdb,churn,6914,17.597,0,0
rocksdb,churn,6915,21.818,0,0
rocksdb,churn,6916,14.102,0,0
rocksdb,churn,6917,12.288,0,0
rocksdb,churn,6918,14.136,0,0
rocksdb,churn,6919,15.558,0,0
rocksdb,churn,6920,17.729,177824676,0
rocksdb,churn,6921,13.245,0,0
rocksdb,churn,6922,14.805,0,0
rocksdb,churn,6923,12.805,0,0
rocksdb,churn,6924,14.617,0,0
rocksdb,churn,6925,15.241,0,0
rocksdb,churn,6926,19.852,0,0
rocksdb,churn,6927,15.099,0,0
rocksdb,churn,6928,22.270,0,0
rocksdb,churn,6929,16.577,0,0
rocksdb,churn,6930,21.112,149873541,0
rocksdb,churn,6931,24.940,0,0
rocksdb,churn,6932,29.633,0,0
rocksdb,churn,6933,18.667,0,0
rocksdb,churn,6934,19.570,0,0
rocksdb,churn,6935,16.712,0,0
rocksdb,churn,6936,20.707,0,0
rocksdb,churn,6937,20.835,0,0
rocksdb,churn,6938,25.648,0,0
rocksdb,churn,6939,21.071,0,0
rocksdb,churn,6940,25.980,183503613,0
rocksdb,churn,6941,25.398,0,0
rocksdb,churn,6942,31.185,0,0
rocksdb,churn,6943,35.028,0,0
rocksdb,churn,6944,34.707,0,0
rocksdb,churn,6945,26.699,0,0
rocksdb,churn,6946,35.789,0,0
rocksdb,churn,6947,27.585,0,0
rocksdb,churn,6948,40.601,0,0
rocksdb,churn,6949,33.560,0,0
rocksdb,churn,6950,36.880,222409358,0
rocksdb,churn,6951,19.243,0,0
rocksdb,churn,6952,17.577,0,0
rocksdb,churn,6953,24.594,0,0
rocksdb,churn,6954,23.278,0,0
rocksdb,churn,6955,15.599,0,0
rocksdb,churn,6956,13.420,0,0
rocksdb,churn,6957,17.945,0,0
rocksdb,churn,6958,24.505,0,0
rocksdb,churn,6959,14.560,0,0
rocksdb,churn,6960,20.317,171493553,0
rocksdb,churn,6961,18.890,0,0
rocksdb,churn,6962,16.362,0,0
rocksdb,churn,6963,15.449,0,0
rocksdb,churn,6964,17.731,0,0
rocksdb,churn,6965,20.615,0,0
rocksdb,churn,6966,18.926,0,0
rocksdb,churn,6967,22.098,0,0
rocksdb,churn,6968,17.828,0,0
rocksdb,churn,6969,13.018,0,0
rocksdb,churn,6970,16.743,194625746,0
rocksdb,churn,6971,17.696,0,0
rocksdb,churn,6972,18.224,0,0
rocksdb,churn,6973,14.242,0,0
rocksdb,churn,6974,12.913,0,0
rocksdb,churn,6975,22.985,0,0
rocksdb,churn,6976,18.208,0,0
rocksdb,churn,6977,24.549,0,0
rocksdb,churn,6978,22.409,0,0
rocksdb,churn,6979,20.214,0,0
rocksdb,churn,6980,14.322,165453399,0
rocksdb,churn,6981,17.029,0,0
rocksdb,churn,6982,16.162,0,0
rocksdb,churn,6983,13.772,0,0
rocksdb,churn,6984,12.864,0,0
rocksdb,churn,6985,19.879,0,0
rocksdb,churn,6986,17.123,0,0
rocksdb,churn,6987,17.206,0,0
rocksdb,churn,6988,27.805,0,0
rocksdb,churn,6989,11.662,0,0
rocksdb,churn,6990,17.557,192597426,0
rocksdb,churn,6991,15.838,0,0
rocksdb,churn,6992,20.686,0,0
rocksdb,churn,6993,13.881,0,0
rocksdb,churn,6994,16.331,0,0
rocksdb,churn,6995,18.342,0,0
rocksdb,churn,6996,11.895,0,0
rocksdb,churn,6997,13.606,0,0
rocksdb,churn,6998,19.965,0,0
rocksdb,churn,6999,19.707,0,0
rocksdb,churn,7000,15.646,155445771,0
rocksdb,churn,7001,18.964,0,0
rocksdb,churn,7002,17.479,0,0
rocksdb,churn,7003,12.955,0,0
rocksdb,churn,7004,14.507,0,0
rocksdb,churn,7005,17.903,0,0
rocksdb,churn,7006,12.069,0,0
rocksdb,churn,7007,19.168,0,0
rocksdb,churn,7008,19.240,0,0
rocksdb,churn,7009,15.800,0,0
rocksdb,churn,7010,13.223,178021943,0
rocksdb,churn,7011,14.945,0,0
rocksdb,churn,7012,17.728,0,0
rocksdb,churn,7013,15.213,0,0
rocksdb,churn,7014,19.670,0,0
rocksdb,churn,7015,14.504,0,0
rocksdb,churn,7016,24.199,0,0
rocksdb,churn,7017,20.933,0,0
rocksdb,churn,7018,17.831,0,0
rocksdb,churn,7019,17.758,0,0
rocksdb,churn,7020,16.201,153494346,0
rocksdb,churn,7021,19.733,0,0
rocksdb,churn,7022,23.311,0,0
rocksdb,churn,7023,14.942,0,0
rocksdb,churn,7024,17.728,0,0
rocksdb,churn,7025,23.249,0,0
rocksdb,churn,7026,23.316,0,0
rocksdb,churn,7027,18.105,0,0
rocksdb,churn,7028,22.502,0,0
rocksdb,churn,7029,17.985,0,0
rocksdb,churn,7030,15.544,181248974,0
rocksdb,churn,7031,21.420,0,0
rocksdb,churn,7032,18.303,0,0
rocksdb,churn,7033,20.185,0,0
rocksdb,churn,7034,25.644,0,0
rocksdb,churn,7035,22.439,0,0
rocksdb,churn,7036,19.063,0,0
rocksdb,churn,7037,15.683,0,0
rocksdb,churn,7038,12.757,0,0
rocksdb,churn,7039,17.967,0,0
rocksdb,churn,7040,18.860,211986381,0
rocksdb,churn,7041,15.516,0,0
rocksdb,churn,7042,15.778,0,0
rocksdb,churn,7043,23.244,0,0
rocksdb,churn,7044,15.829,0,0
rocksdb,churn,7045,24.311,0,0
rocksdb,churn,7046,20.039,0,0
rocksdb,churn,7047,23.360,0,0
rocksdb,churn,7048,22.770,0,0
rocksdb,churn,7049,19.193,0,0
rocksdb,churn,7050,15.883,171333628,0
rocksdb,churn,7051,16.123,0,0
rocksdb,churn,7052,18.788,0,0
rocksdb,churn,7053,26.347,0,0
rocksdb,churn,7054,21.120,0,0
rocksdb,churn,7055,25.157,0,0
rocksdb,churn,7056,23.563,0,0
rocksdb,churn,7057,18.577,0,0
rocksdb,churn,7058,17.377,0,0
rocksdb,churn,7059,22.209,0,0
rocksdb,churn,7060,18.400,199899064,0
rocksdb,churn,7061,21.208,0,0
rocksdb,churn,7062,19.255,0,0
rocksdb,churn,7063,19.904,0,0
rocksdb,churn,7064,20.132,0,0
rocksdb,churn,7065,25.343,0,0
rocksdb,churn,7066,18.940,0,0
rocksdb,churn,7067,14.645,0,0
rocksdb,churn,7068,23.049,0,0
rocksdb,churn,7069,20.057,0,0
rocksdb,churn,7070,16.054,163664218,0
rocksdb,churn,7071,16.100,0,0
rocksdb,churn,7072,19.088,0,0
rocksdb,churn,7073,16.174,0,0
rocksdb,churn,7074,15.318,0,0
rocksdb,churn,7075,19.370,0,0
rocksdb,churn,7076,23.854,0,0
rocksdb,churn,7077,30.200,0,0
rocksdb,churn,7078,15.438,0,0
rocksdb,churn,7079,18.973,0,0
rocksdb,churn,7080,21.567,196052643,0
rocksdb,churn,7081,19.859,0,0
rocksdb,churn,7082,17.764,0,0
rocksdb,churn,7083,18.787,0,0
rocksdb,churn,7084,15.272,0,0
rocksdb,churn,7085,16.655,0,0
rocksdb,churn,7086,17.160,0,0
rocksdb,churn,7087,19.404,0,0
rocksdb,churn,7088,18.760,0,0
rocksdb,churn,7089,18.814,0,0
rocksdb,churn,7090,16.992,157395625,0
rocksdb,churn,7091,20.039,0,0
rocksdb,churn,7092,17.412,0,0
rocksdb,churn,7093,15.659,0,0
rocksdb,churn,7094,12.337,0,0
rocksdb,churn,7095,26.363,0,0
rocksdb,churn,7096,22.044,0,0
rocksdb,churn,7097,13.016,0,0
rocksdb,churn,7098,19.863,0,0
rocksdb,churn,7099,20.580,0,0
rocksdb,churn,7100,19.040,186101718,0
rocksdb,churn,7101,17.589,0,0
rocksdb,churn,7102,21.185,0,0
rocksdb,churn,7103,20.658,0,0
rocksdb,churn,7104,18.571,0,0
rocksdb,churn,7105,22.104,0,0
rocksdb,churn,7106,15.639,0,0
rocksdb,churn,7107,18.672,0,0
rocksdb,churn,7108,17.473,0,0
rocksdb,churn,7109,20.350,0,0
rocksdb,churn,7110,15.293,151569294,0
rocksdb,churn,7111,15.629,0,0
rocksdb,churn,7112,14.887,0,0
rocksdb,churn,7113,14.954,0,0
rocksdb,churn,7114,19.096,0,0
rocksdb,churn,7115,21.994,0,0
rocksdb,churn,7116,17.355,0,0
rocksdb,churn,7117,14.304,0,0
rocksdb,churn,7118,16.690,0,0
rocksdb,churn,7119,14.678,0,0
rocksdb,churn,7120,16.531,172061499,0
rocksdb,churn,7121,12.754,0,0
rocksdb,churn,7122,13.345,0,0
rocksdb,churn,7123,16.982,0,0
rocksdb,churn,7124,14.795,0,0
rocksdb,churn,7125,12.029,0,0
rocksdb,churn,7126,12.283,0,0
rocksdb,churn,7127,22.447,0,0
rocksdb,churn,7128,19.324,0,0
rocksdb,churn,7129,21.158,0,0
rocksdb,churn,7130,19.118,255019807,0
rocksdb,churn,7131,13.643,0,0
rocksdb,churn,7132,15.730,0,0
rocksdb,churn,7133,15.267,0,0
rocksdb,churn,7134,12.546,0,0
rocksdb,churn,7135,16.152,0,0
rocksdb,churn,7136,16.811,0,0
rocksdb,churn,7137,15.432,0,0
rocksdb,churn,7138,11.837,0,0
rocksdb,churn,7139,20.945,0,0
rocksdb,churn,7140,13.407,169268869,0
rocksdb,churn,7141,18.582,0,0
rocksdb,churn,7142,13.985,0,0
rocksdb,churn,7143,16.152,0,0
rocksdb,churn,7144,16.806,0,0
rocksdb,churn,7145,15.018,0,0
rocksdb,churn,7146,11.647,0,0
rocksdb,churn,7147,17.915,0,0
rocksdb,churn,7148,19.560,0,0
rocksdb,churn,7149,17.138,0,0
rocksdb,churn,7150,21.846,194834584,0
rocksdb,churn,7151,20.014,0,0
rocksdb,churn,7152,21.796,0,0
rocksdb,churn,7153,17.914,0,0
rocksdb,churn,7154,20.386,0,0
rocksdb,churn,7155,15.714,0,0
rocksdb,churn,7156,13.341,0,0
rocksdb,churn,7157,11.162,0,0
rocksdb,churn,7158,18.429,0,0
rocksdb,churn,7159,12.526,0,0
rocksdb,churn,7160,15.445,162274574,0
rocksdb,churn,7161,16.475,0,0
rocksdb,churn,7162,13.797,0,0
rocksdb,churn,7163,19.227,0,0
rocksdb,churn,7164,14.757,0,0
rocksdb,churn,7165,15.687,0,0
rocksdb,churn,7166,10.599,0,0
rocksdb,churn,7167,19.463,0,0
rocksdb,churn,7168,13.268,0,0
rocksdb,churn,7169,18.191,0,0
rocksdb,churn,7170,19.913,185661805,0
rocksdb,churn,7171,23.261,0,0
rocksdb,churn,7172,19.533,0,0
rocksdb,churn,7173,13.296,0,0
rocksdb,churn,7174,18.721,0,0
rocksdb,churn,7175,12.378,0,0
rocksdb,churn,7176,35.773,0,0
rocksdb,churn,7177,15.206,0,0
rocksdb,churn,7178,15.102,0,0
rocksdb,churn,7179,14.971,0,0
rocksdb,churn,7180,13.089,156557088,0
rocksdb,churn,7181,15.544,0,0
rocksdb,churn,7182,15.392,0,0
rocksdb,churn,7183,15.500,0,0
rocksdb,churn,7184,18.968,0,0
rocksdb,churn,7185,13.699,0,0
rocksdb,churn,7186,18.445,0,0
rocksdb,churn,7187,19.624,0,0
rocksdb,churn,7188,16.118,0,0
rocksdb,churn,7189,16.855,0,0
rocksdb,churn,7190,28.364,185021752,0
rocksdb,churn,7191,19.151,0,0
rocksdb,churn,7192,15.786,0,0
rocksdb,churn,7193,25.955,0,0
rocksdb,churn,7194,14.046,0,0
rocksdb,churn,7195,24.912,0,0
rocksdb,churn,7196,19.489,0,0
rocksdb,churn,7197,15.864,0,0
rocksdb,churn,7198,24.404,0,0
rocksdb,churn,7199,19.291,0,0
rocksdb,churn,7200,16.240,149862642,0
rocksdb,churn,7201,16.459,0,0
rocksdb,churn,7202,20.950,0,0
rocksdb,churn,7203,19.408,0,0
rocksdb,churn,7204,16.848,0,0
rocksdb,churn,7205,12.091,0,0
rocksdb,churn,7206,19.398,0,0
rocksdb,churn,7207,22.962,0,0
rocksdb,churn,7208,21.141,0,0
rocksdb,churn,7209,14.544,0,0
rocksdb,churn,7210,16.994,171300545,0
rocksdb,churn,7211,17.470,0,0
rocksdb,churn,7212,15.785,0,0
rocksdb,churn,7213,11.390,0,0
rocksdb,churn,7214,17.176,0,0
rocksdb,churn,7215,15.818,0,0
rocksdb,churn,7216,14.378,0,0
rocksdb,churn,7217,18.934,0,0
rocksdb,churn,7218,18.475,0,0
rocksdb,churn,7219,24.167,0,0
rocksdb,churn,7220,19.254,292536131,0
rocksdb,churn,7221,16.389,0,0
rocksdb,churn,7222,23.159,0,0
rocksdb,churn,7223,22.628,0,0
rocksdb,churn,7224,16.588,0,0
rocksdb,churn,7225,24.817,0,0
rocksdb,churn,7226,23.015,0,0
rocksdb,churn,7227,14.803,0,0
rocksdb,churn,7228,19.502,0,0
rocksdb,churn,7229,19.809,0,0
rocksdb,churn,7230,19.959,172508871,0
rocksdb,churn,7231,22.559,0,0
rocksdb,churn,7232,18.882,0,0
rocksdb,churn,7233,17.416,0,0
rocksdb,churn,7234,23.417,0,0
rocksdb,churn,7235,21.976,0,0
rocksdb,churn,7236,26.028,0,0
rocksdb,churn,7237,23.004,0,0
rocksdb,churn,7238,17.657,0,0
rocksdb,churn,7239,18.045,0,0
rocksdb,churn,7240,17.182,200230427,0
rocksdb,churn,7241,21.237,0,0
rocksdb,churn,7242,20.719,0,0
rocksdb,churn,7243,18.017,0,0
rocksdb,churn,7244,16.585,0,0
rocksdb,churn,7245,12.476,0,0
rocksdb,churn,7246,17.767,0,0
rocksdb,churn,7247,17.746,0,0
rocksdb,churn,7248,13.225,0,0
rocksdb,churn,7249,16.243,0,0
rocksdb,churn,7250,17.407,163436188,0
rocksdb,churn,7251,14.509,0,0
rocksdb,churn,7252,14.750,0,0
rocksdb,churn,7253,18.327,0,0
rocksdb,churn,7254,15.039,0,0
rocksdb,churn,7255,17.707,0,0
rocksdb,churn,7256,15.207,0,0
rocksdb,churn,7257,14.983,0,0
rocksdb,churn,7258,12.015,0,0
rocksdb,churn,7259,17.590,0,0
rocksdb,churn,7260,13.443,184827618,0
rocksdb,churn,7261,19.277,0,0
rocksdb,churn,7262,16.293,0,0
rocksdb,churn,7263,25.278,0,0
rocksdb,churn,7264,21.703,0,0
rocksdb,churn,7265,18.553,0,0
rocksdb,churn,7266,18.221,0,0
rocksdb,churn,7267,19.330,0,0
rocksdb,churn,7268,16.174,0,0
rocksdb,churn,7269,13.282,0,0
rocksdb,churn,7270,17.854,154734414,0
rocksdb,churn,7271,13.700,0,0
rocksdb,churn,7272,13.657,0,0
rocksdb,churn,7273,12.553,0,0
rocksdb,churn,7274,17.223,0,0
rocksdb,churn,7275,21.863,0,0
rocksdb,churn,7276,18.615,0,0
rocksdb,churn,7277,19.919,0,0
rocksdb,churn,7278,16.501,0,0
rocksdb,churn,7279,19.367,0,0
rocksdb,churn,7280,17.182,183255151,0
rocksdb,churn,7281,22.098,0,0
rocksdb,churn,7282,21.793,0,0
rocksdb,churn,7283,18.745,0,0
rocksdb,churn,7284,17.384,0,0
rocksdb,churn,7285,21.367,0,0
rocksdb,churn,7286,19.998,0,0
rocksdb,churn,7287,20.221,0,0
rocksdb,churn,7288,15.081,0,0
rocksdb,churn,7289,18.534,0,0
rocksdb,churn,7290,19.009,153044658,0
rocksdb,churn,7291,16.696,0,0
rocksdb,churn,7292,12.828,0,0
rocksdb,churn,7293,15.495,0,0
rocksdb,churn,7294,20.283,0,0
rocksdb,churn,7295,25.431,0,0
rocksdb,churn,7296,20.572,0,0
rocksdb,churn,7297,13.359,0,0
rocksdb,churn,7298,21.483,0,0
rocksdb,churn,7299,12.571,0,0
rocksdb,churn,7300,15.810,178575980,0
rocksdb,churn,7301,19.481,0,0
rocksdb,churn,7302,19.427,0,0
rocksdb,churn,7303,21.588,0,0
rocksdb,churn,7304,21.637,0,0
rocksdb,churn,7305,18.958,0,0
rocksdb,churn,7306,16.850,0,0
rocksdb,churn,7307,14.963,0,0
rocksdb,churn,7308,15.835,0,0
rocksdb,churn,7309,17.901,0,0
rocksdb,churn,7310,24.745,259211685,0
rocksdb,churn,7311,25.241,0,0
rocksdb,churn,7312,18.698,0,0
rocksdb,churn,7313,14.261,0,0
rocksdb,churn,7314,14.540,0,0
rocksdb,churn,7315,16.912,0,0
rocksdb,churn,7316,20.634,0,0
rocksdb,churn,7317,23.523,0,0
rocksdb,churn,7318,22.220,0,0
rocksdb,churn,7319,16.584,0,0
rocksdb,churn,7320,15.778,171805548,0
rocksdb,churn,7321,18.955,0,0
rocksdb,churn,7322,17.736,0,0
rocksdb,churn,7323,16.363,0,0
rocksdb,churn,7324,11.613,0,0
rocksdb,churn,7325,17.284,0,0
rocksdb,churn,7326,19.781,0,0
rocksdb,churn,7327,20.312,0,0
rocksdb,churn,7328,21.701,0,0
rocksdb,churn,7329,16.170,0,0
rocksdb,churn,7330,18.234,196247077,0
rocksdb,churn,7331,19.035,0,0
rocksdb,churn,7332,15.225,0,0
rocksdb,churn,7333,17.020,0,0
rocksdb,churn,7334,17.382,0,0
rocksdb,churn,7335,22.413,0,0
rocksdb,churn,7336,15.342,0,0
rocksdb,churn,7337,13.559,0,0
rocksdb,churn,7338,14.708,0,0
rocksdb,churn,7339,16.176,0,0
rocksdb,churn,7340,15.040,167885349,0
rocksdb,churn,7341,21.952,0,0
rocksdb,churn,7342,17.561,0,0
rocksdb,churn,7343,16.747,0,0
rocksdb,churn,7344,15.299,0,0
rocksdb,churn,7345,15.820,0,0
rocksdb,churn,7346,17.468,0,0
rocksdb,churn,7347,12.735,0,0
rocksdb,churn,7348,12.357,0,0
rocksdb,churn,7349,16.365,0,0
rocksdb,churn,7350,18.204,191375941,0
rocksdb,churn,7351,15.914,0,0
rocksdb,churn,7352,18.971,0,0
rocksdb,churn,7353,18.979,0,0
rocksdb,churn,7354,14.379,0,0
rocksdb,churn,7355,15.653,0,0
rocksdb,churn,7356,21.508,0,0
rocksdb,churn,7357,25.063,0,0
rocksdb,churn,7358,15.540,0,0
rocksdb,churn,7359,18.283,0,0
rocksdb,churn,7360,20.522,154972495,0
rocksdb,churn,7361,14.736,0,0
rocksdb,churn,7362,18.737,0,0
rocksdb,churn,7363,17.630,0,0
rocksdb,churn,7364,13.153,0,0
rocksdb,churn,7365,21.138,0,0
rocksdb,churn,7366,16.231,0,0
rocksdb,churn,7367,12.876,0,0
rocksdb,churn,7368,16.109,0,0
rocksdb,churn,7369,15.116,0,0
rocksdb,churn,7370,13.158,181187568,0
rocksdb,churn,7371,18.723,0,0
rocksdb,churn,7372,14.556,0,0
rocksdb,churn,7373,19.076,0,0
rocksdb,churn,7374,12.446,0,0
rocksdb,churn,7375,14.373,0,0
rocksdb,churn,7376,21.384,0,0
rocksdb,churn,7377,11.969,0,0
rocksdb,churn,7378,23.167,0,0
rocksdb,churn,7379,29.284,0,0
rocksdb,churn,7380,13.957,154181556,0
rocksdb,churn,7381,18.534,0,0
rocksdb,churn,7382,16.504,0,0
rocksdb,churn,7383,17.400,0,0
rocksdb,churn,7384,21.620,0,0
rocksdb,churn,7385,11.958,0,0
rocksdb,churn,7386,15.535,0,0
rocksdb,churn,7387,17.424,0,0
rocksdb,churn,7388,17.975,0,0
rocksdb,churn,7389,14.149,0,0
rocksdb,churn,7390,13.237,182533907,0
rocksdb,churn,7391,19.780,0,0
rocksdb,churn,7392,11.747,0,0
rocksdb,churn,7393,20.660,0,0
rocksdb,churn,7394,15.225,0,0
rocksdb,churn,7395,13.245,0,0
rocksdb,churn,7396,13.871,0,0
rocksdb,churn,7397,14.811,0,0
rocksdb,churn,7398,14.126,0,0
rocksdb,churn,7399,18.048,0,0
rocksdb,churn,7400,15.943,262730161,0
rocksdb,churn,7401,18.662,0,0
rocksdb,churn,7402,15.601,0,0
rocksdb,churn,7403,16.077,0,0
rocksdb,churn,7404,16.683,0,0
rocksdb,churn,7405,14.817,0,0
rocksdb,churn,7406,11.722,0,0
rocksdb,churn,7407,20.001,0,0
rocksdb,churn,7408,15.424,0,0
rocksdb,churn,7409,15.979,0,0
rocksdb,churn,7410,14.376,169905789,0
rocksdb,churn,7411,16.383,0,0
rocksdb,churn,7412,16.442,0,0
rocksdb,churn,7413,15.460,0,0
rocksdb,churn,7414,15.020,0,0
rocksdb,churn,7415,15.849,0,0
rocksdb,churn,7416,13.270,0,0
rocksdb,churn,7417,17.422,0,0
rocksdb,churn,7418,12.039,0,0
rocksdb,churn,7419,16.328,0,0
rocksdb,churn,7420,14.984,198089372,0
rocksdb,churn,7421,24.246,0,0
rocksdb,churn,7422,29.534,0,0
rocksdb,churn,7423,18.948,0,0
rocksdb,churn,7424,16.605,0,0
rocksdb,churn,7425,21.208,0,0
rocksdb,churn,7426,20.956,0,0
rocksdb,churn,7427,20.056,0,0
rocksdb,churn,7428,17.090,0,0
rocksdb,churn,7429,15.806,0,0
rocksdb,churn,7430,21.672,166976493,0
rocksdb,churn,7431,20.262,0,0
rocksdb,churn,7432,22.251,0,0
rocksdb,churn,7433,18.092,0,0
rocksdb,churn,7434,23.208,0,0
rocksdb,churn,7435,10.676,0,0
rocksdb,churn,7436,13.865,0,0
rocksdb,churn,7437,15.356,0,0
rocksdb,churn,7438,16.328,0,0
rocksdb,churn,7439,18.619,0,0
rocksdb,churn,7440,15.151,192712861,0
rocksdb,churn,7441,14.547,0,0
rocksdb,churn,7442,15.766,0,0
rocksdb,churn,7443,14.960,0,0
rocksdb,churn,7444,18.387,0,0
rocksdb,churn,7445,17.949,0,0
rocksdb,churn,7446,19.779,0,0
rocksdb,churn,7447,17.651,0,0
rocksdb,churn,7448,24.757,0,0
rocksdb,churn,7449,19.051,0,0
rocksdb,churn,7450,19.470,161157285,0
rocksdb,churn,7451,20.917,0,0
rocksdb,churn,7452,16.107,0,0
rocksdb,churn,7453,23.113,0,0
rocksdb,churn,7454,25.296,0,0
rocksdb,churn,7455,16.991,0,0
rocksdb,churn,7456,22.500,0,0
rocksdb,churn,7457,24.458,0,0
rocksdb,churn,7458,19.737,0,0
rocksdb,churn,7459,15.603,0,0
rocksdb,churn,7460,21.812,187984679,0
rocksdb,churn,7461,23.880,0,0
rocksdb,churn,7462,16.965,0,0
rocksdb,churn,7463,20.576,0,0
rocksdb,churn,7464,24.213,0,0
rocksdb,churn,7465,20.140,0,0
rocksdb,churn,7466,21.580,0,0
rocksdb,churn,7467,24.476,0,0
rocksdb,churn,7468,20.165,0,0
rocksdb,churn,7469,21.426,0,0
rocksdb,churn,7470,20.262,154889353,0
rocksdb,churn,7471,18.210,0,0
rocksdb,churn,7472,17.178,0,0
rocksdb,churn,7473,21.333,0,0
rocksdb,churn,7474,20.219,0,0
rocksdb,churn,7475,22.369,0,0
rocksdb,churn,7476,20.197,0,0
rocksdb,churn,7477,15.561,0,0
rocksdb,churn,7478,28.114,0,0
rocksdb,churn,7479,15.440,0,0
rocksdb,churn,7480,25.417,181524416,0
rocksdb,churn,7481,24.138,0,0
rocksdb,churn,7482,19.570,0,0
rocksdb,churn,7483,17.752,0,0
rocksdb,churn,7484,27.166,0,0
rocksdb,churn,7485,16.421,0,0
rocksdb,churn,7486,19.588,0,0
rocksdb,churn,7487,22.151,0,0
rocksdb,churn,7488,22.312,0,0
rocksdb,churn,7489,19.096,0,0
rocksdb,churn,7490,19.916,258837111,0
rocksdb,churn,7491,20.736,0,0
rocksdb,churn,7492,20.981,0,0
rocksdb,churn,7493,28.220,0,0
rocksdb,churn,7494,23.241,0,0
rocksdb,churn,7495,18.595,0,0
rocksdb,churn,7496,23.705,0,0
rocksdb,churn,7497,21.031,0,0
rocksdb,churn,7498,18.149,0,0
rocksdb,churn,7499,20.175,0,0
rocksdb,churn,7500,17.671,172391384,0
rocksdb,churn,7501,21.224,0,0
rocksdb,churn,7502,15.987,0,0
rocksdb,churn,7503,17.174,0,0
rocksdb,churn,7504,20.868,0,0
rocksdb,churn,7505,15.101,0,0
rocksdb,churn,7506,23.117,0,0
rocksdb,churn,7507,19.271,0,0
rocksdb,churn,7508,22.319,0,0
rocksdb,churn,7509,21.663,0,0
rocksdb,churn,7510,20.539,203856957,0
rocksdb,churn,7511,19.805,0,0
rocksdb,churn,7512,17.676,0,0
rocksdb,churn,7513,24.845,0,0
rocksdb,churn,7514,24.637,0,0
rocksdb,churn,7515,25.298,0,0
rocksdb,churn,7516,18.076,0,0
rocksdb,churn,7517,24.910,0,0
rocksdb,churn,7518,16.373,0,0
rocksdb,churn,7519,23.671,0,0
rocksdb,churn,7520,22.390,168354392,0
rocksdb,churn,7521,27.963,0,0
rocksdb,churn,7522,23.856,0,0
rocksdb,churn,7523,14.477,0,0
rocksdb,churn,7524,15.041,0,0
rocksdb,churn,7525,22.881,0,0
rocksdb,churn,7526,18.152,0,0
rocksdb,churn,7527,14.797,0,0
rocksdb,churn,7528,17.748,0,0
rocksdb,churn,7529,20.818,0,0
rocksdb,churn,7530,19.968,193950227,0
rocksdb,churn,7531,21.824,0,0
rocksdb,churn,7532,15.310,0,0
rocksdb,churn,7533,16.540,0,0
rocksdb,churn,7534,25.941,0,0
rocksdb,churn,7535,23.325,0,0
rocksdb,churn,7536,17.486,0,0
rocksdb,churn,7537,18.264,0,0
rocksdb,churn,7538,15.039,0,0
rocksdb,churn,7539,18.756,0,0
rocksdb,churn,7540,19.021,159282532,0
rocksdb,churn,7541,21.291,0,0
rocksdb,churn,7542,20.608,0,0
rocksdb,churn,7543,32.059,0,0
rocksdb,churn,7544,19.525,0,0
rocksdb,churn,7545,19.437,0,0
rocksdb,churn,7546,15.557,0,0
rocksdb,churn,7547,20.837,0,0
rocksdb,churn,7548,21.907,0,0
rocksdb,churn,7549,17.986,0,0
rocksdb,churn,7550,22.588,186955444,0
rocksdb,churn,7551,20.529,0,0
rocksdb,churn,7552,18.926,0,0
rocksdb,churn,7553,15.653,0,0
rocksdb,churn,7554,14.184,0,0
rocksdb,churn,7555,17.649,0,0
rocksdb,churn,7556,17.726,0,0
rocksdb,churn,7557,21.727,0,0
rocksdb,churn,7558,19.906,0,0
rocksdb,churn,7559,17.356,0,0
rocksdb,churn,7560,16.884,153464793,0
rocksdb,churn,7561,17.749,0,0
rocksdb,churn,7562,21.869,0,0
rocksdb,churn,7563,20.124,0,0
rocksdb,churn,7564,19.598,0,0
rocksdb,churn,7565,19.268,0,0
rocksdb,churn,7566,17.754,0,0
rocksdb,churn,7567,15.344,0,0
rocksdb,churn,7568,20.081,0,0
rocksdb,churn,7569,20.068,0,0
rocksdb,churn,7570,22.269,184989970,0
rocksdb,churn,7571,20.603,0,0
rocksdb,churn,7572,20.558,0,0
rocksdb,churn,7573,18.262,0,0
rocksdb,churn,7574,19.467,0,0
rocksdb,churn,7575,24.283,0,0
rocksdb,churn,7576,22.111,0,0
rocksdb,churn,7577,17.524,0,0
rocksdb,churn,7578,17.526,0,0
rocksdb,churn,7579,18.030,0,0
rocksdb,churn,7580,18.480,228251117,0
rocksdb,churn,7581,18.682,0,0
rocksdb,churn,7582,20.158,0,0
rocksdb,churn,7583,20.299,0,0
rocksdb,churn,7584,17.310,0,0
rocksdb,churn,7585,21.418,0,0
rocksdb,churn,7586,24.943,0,0
rocksdb,churn,7587,23.730,0,0
rocksdb,churn,7588,20.855,0,0
rocksdb,churn,7589,17.010,0,0
rocksdb,churn,7590,16.058,171168779,0
rocksdb,churn,7591,16.841,0,0
rocksdb,churn,7592,29.113,0,0
rocksdb,churn,7593,17.091,0,0
rocksdb,churn,7594,17.987,0,0
rocksdb,churn,7595,13.622,0,0
rocksdb,churn,7596,13.368,0,0
rocksdb,churn,7597,13.997,0,0
rocksdb,churn,7598,12.596,0,0
rocksdb,churn,7599,16.375,0,0
rocksdb,churn,7600,18.750,200713892,0
rocksdb,churn,7601,16.851,0,0
rocksdb,churn,7602,18.421,0,0
rocksdb,churn,7603,18.138,0,0
rocksdb,churn,7604,18.840,0,0
rocksdb,churn,7605,17.272,0,0
rocksdb,churn,7606,20.708,0,0
rocksdb,churn,7607,19.756,0,0
rocksdb,churn,7608,19.443,0,0
rocksdb,churn,7609,20.910,0,0
rocksdb,churn,7610,16.434,167468193,0
rocksdb,churn,7611,10.857,0,0
rocksdb,churn,7612,15.248,0,0
rocksdb,churn,7613,14.439,0,0
rocksdb,churn,7614,19.157,0,0
rocksdb,churn,7615,16.129,0,0
rocksdb,churn,7616,16.588,0,0
rocksdb,churn,7617,14.414,0,0
rocksdb,churn,7618,21.059,0,0
rocksdb,churn,7619,12.564,0,0
rocksdb,churn,7620,14.569,193638483,0
rocksdb,churn,7621,13.270,0,0
rocksdb,churn,7622,16.405,0,0
rocksdb,churn,7623,23.329,0,0
rocksdb,churn,7624,13.262,0,0
rocksdb,churn,7625,15.868,0,0
rocksdb,churn,7626,14.714,0,0
rocksdb,churn,7627,16.424,0,0
rocksdb,churn,7628,12.543,0,0
rocksdb,churn,7629,21.254,0,0
rocksdb,churn,7630,16.528,161271003,0
rocksdb,churn,7631,23.193,0,0
rocksdb,churn,7632,23.081,0,0
rocksdb,churn,7633,12.051,0,0
rocksdb,churn,7634,13.049,0,0
rocksdb,churn,7635,16.281,0,0
rocksdb,churn,7636,18.174,0,0
rocksdb,churn,7637,17.781,0,0
rocksdb,churn,7638,19.190,0,0
rocksdb,churn,7639,18.731,0,0
rocksdb,churn,7640,18.806,185816569,0
rocksdb,churn,7641,20.637,0,0
rocksdb,churn,7642,14.773,0,0
rocksdb,churn,7643,20.930,0,0
rocksdb,churn,7644,24.627,0,0
rocksdb,churn,7645,16.825,0,0
rocksdb,churn,7646,18.365,0,0
rocksdb,churn,7647,16.546,0,0
rocksdb,churn,7648,12.857,0,0
rocksdb,churn,7649,11.767,0,0
rocksdb,churn,7650,16.235,153159242,0
rocksdb,churn,7651,17.541,0,0
rocksdb,churn,7652,17.665,0,0
rocksdb,churn,7653,16.094,0,0
rocksdb,churn,7654,15.765,0,0
rocksdb,churn,7655,12.611,0,0
rocksdb,churn,7656,17.884,0,0
rocksdb,churn,7657,13.444,0,0
rocksdb,churn,7658,15.651,0,0
rocksdb,churn,7659,13.630,0,0
rocksdb,churn,7660,13.845,175741329,0
rocksdb,churn,7661,17.160,0,0
rocksdb,churn,7662,16.033,0,0
rocksdb,churn,7663,16.553,0,0
rocksdb,churn,7664,17.693,0,0
rocksdb,churn,7665,17.702,0,0
rocksdb,churn,7666,19.907,0,0
rocksdb,churn,7667,20.025,0,0
rocksdb,churn,7668,16.435,0,0
rocksdb,churn,7669,15.803,0,0
rocksdb,churn,7670,19.775,220678904,0
rocksdb,churn,7671,22.327,0,0
rocksdb,churn,7672,13.880,0,0
rocksdb,churn,7673,10.248,0,0
rocksdb,churn,7674,27.888,0,0
rocksdb,churn,7675,12.619,0,0
rocksdb,churn,7676,16.128,0,0
rocksdb,churn,7677,20.251,0,0
rocksdb,churn,7678,15.082,0,0
rocksdb,churn,7679,22.165,0,0
rocksdb,churn,7680,13.242,173726109,0
rocksdb,churn,7681,18.426,0,0
rocksdb,churn,7682,22.693,0,0
rocksdb,churn,7683,15.602,0,0
rocksdb,churn,7684,19.310,0,0
rocksdb,churn,7685,21.349,0,0
rocksdb,churn,7686,14.084,0,0
rocksdb,churn,7687,16.239,0,0
rocksdb,churn,7688,15.073,0,0
rocksdb,churn,7689,13.597,0,0
rocksdb,churn,7690,17.495,198315398,0
rocksdb,churn,7691,16.957,0,0
rocksdb,churn,7692,17.733,0,0
rocksdb,churn,7693,14.736,0,0
rocksdb,churn,7694,17.415,0,0
rocksdb,churn,7695,16.668,0,0
rocksdb,churn,7696,13.989,0,0
rocksdb,churn,7697,17.105,0,0
rocksdb,churn,7698,14.474,0,0
rocksdb,churn,7699,15.537,0,0
rocksdb,churn,7700,12.279,166801965,0
rocksdb,churn,7701,15.336,0,0
rocksdb,churn,7702,12.546,0,0
rocksdb,churn,7703,15.335,0,0
rocksdb,churn,7704,16.172,0,0
rocksdb,churn,7705,16.102,0,0
rocksdb,churn,7706,21.438,0,0
rocksdb,churn,7707,20.579,0,0
rocksdb,churn,7708,21.775,0,0
rocksdb,churn,7709,21.423,0,0
rocksdb,churn,7710,16.288,192377581,0
rocksdb,churn,7711,17.515,0,0
rocksdb,churn,7712,13.422,0,0
rocksdb,churn,7713,15.413,0,0
rocksdb,churn,7714,15.748,0,0
rocksdb,churn,7715,15.571,0,0
rocksdb,churn,7716,14.997,0,0
rocksdb,churn,7717,16.998,0,0
rocksdb,churn,7718,13.172,0,0
rocksdb,churn,7719,11.140,0,0
rocksdb,churn,7720,12.167,159134993,0
rocksdb,churn,7721,14.726,0,0
rocksdb,churn,7722,13.964,0,0
rocksdb,churn,7723,17.193,0,0
rocksdb,churn,7724,14.970,0,0
rocksdb,churn,7725,19.125,0,0
rocksdb,churn,7726,32.537,0,0
rocksdb,churn,7727,31.295,0,0
rocksdb,churn,7728,15.105,0,0
rocksdb,churn,7729,14.909,0,0
rocksdb,churn,7730,17.226,185299276,0
rocksdb,churn,7731,27.680,0,0
rocksdb,churn,7732,21.013,0,0
rocksdb,churn,7733,16.073,0,0
rocksdb,churn,7734,20.027,0,0
rocksdb,churn,7735,25.128,0,0
rocksdb,churn,7736,16.287,0,0
rocksdb,churn,7737,20.180,0,0
rocksdb,churn,7738,14.599,0,0
rocksdb,churn,7739,14.616,0,0
rocksdb,churn,7740,17.380,152181050,0
rocksdb,churn,7741,18.841,0,0
rocksdb,churn,7742,12.580,0,0
rocksdb,churn,7743,15.380,0,0
rocksdb,churn,7744,17.863,0,0
rocksdb,churn,7745,35.367,0,0
rocksdb,churn,7746,26.698,0,0
rocksdb,churn,7747,21.367,0,0
rocksdb,churn,7748,14.365,0,0
rocksdb,churn,7749,19.499,0,0
rocksdb,churn,7750,19.477,174734669,0
rocksdb,churn,7751,34.721,0,0
rocksdb,churn,7752,16.030,0,0
rocksdb,churn,7753,14.166,0,0
rocksdb,churn,7754,13.362,0,0
rocksdb,churn,7755,25.521,0,0
rocksdb,churn,7756,13.080,0,0
rocksdb,churn,7757,14.439,0,0
rocksdb,churn,7758,17.933,0,0
rocksdb,churn,7759,16.334,0,0
rocksdb,churn,7760,15.854,288865854,0
rocksdb,churn,7761,13.555,0,0
rocksdb,churn,7762,12.299,0,0
rocksdb,churn,7763,18.052,0,0
rocksdb,churn,7764,19.816,0,0
rocksdb,churn,7765,16.757,0,0
rocksdb,churn,7766,18.668,0,0
rocksdb,churn,7767,17.626,0,0
rocksdb,churn,7768,16.688,0,0
rocksdb,churn,7769,13.205,0,0
rocksdb,churn,7770,14.920,173873289,0
rocksdb,churn,7771,10.905,0,0
rocksdb,churn,7772,17.439,0,0
rocksdb,churn,7773,17.732,0,0
rocksdb,churn,7774,14.013,0,0
rocksdb,churn,7775,16.513,0,0
rocksdb,churn,7776,17.002,0,0
rocksdb,churn,7777,13.083,0,0
rocksdb,churn,7778,19.043,0,0
rocksdb,churn,7779,18.420,0,0
rocksdb,churn,7780,26.376,196374488,0
rocksdb,churn,7781,17.219,0,0
rocksdb,churn,7782,21.867,0,0
rocksdb,churn,7783,17.427,0,0
rocksdb,churn,7784,16.133,0,0
rocksdb,churn,7785,18.456,0,0
rocksdb,churn,7786,15.101,0,0
rocksdb,churn,7787,26.358,0,0
rocksdb,churn,7788,18.390,0,0
rocksdb,churn,7789,31.783,0,0
rocksdb,churn,7790,16.231,169070030,0
rocksdb,churn,7791,25.149,0,0
rocksdb,churn,7792,17.732,0,0
rocksdb,churn,7793,15.698,0,0
rocksdb,churn,7794,24.911,0,0
rocksdb,churn,7795,13.168,0,0
rocksdb,churn,7796,16.001,0,0
rocksdb,churn,7797,14.985,0,0
rocksdb,churn,7798,15.667,0,0
rocksdb,churn,7799,18.527,0,0
rocksdb,churn,7800,14.670,194566119,0
rocksdb,churn,7801,19.982,0,0
rocksdb,churn,7802,22.111,0,0
rocksdb,churn,7803,19.652,0,0
rocksdb,churn,7804,20.594,0,0
rocksdb,churn,7805,14.181,0,0
rocksdb,churn,7806,15.355,0,0
rocksdb,churn,7807,18.287,0,0
rocksdb,churn,7808,11.099,0,0
rocksdb,churn,7809,13.445,0,0
rocksdb,churn,7810,17.311,159216263,0
rocksdb,churn,7811,14.010,0,0
rocksdb,churn,7812,14.622,0,0
rocksdb,churn,7813,25.010,0,0
rocksdb,churn,7814,18.429,0,0
rocksdb,churn,7815,17.766,0,0
rocksdb,churn,7816,19.608,0,0
rocksdb,churn,7817,13.695,0,0
rocksdb,churn,7818,15.631,0,0
rocksdb,churn,7819,18.538,0,0
rocksdb,churn,7820,14.026,186433227,0
rocksdb,churn,7821,16.453,0,0
rocksdb,churn,7822,11.441,0,0
rocksdb,churn,7823,17.712,0,0
rocksdb,churn,7824,16.679,0,0
rocksdb,churn,7825,18.527,0,0
rocksdb,churn,7826,16.236,0,0
rocksdb,churn,7827,10.735,0,0
rocksdb,churn,7828,19.928,0,0
rocksdb,churn,7829,20.174,0,0
rocksdb,churn,7830,17.792,151204294,0
rocksdb,churn,7831,17.267,0,0
rocksdb,churn,7832,16.165,0,0
rocksdb,churn,7833,18.883,0,0
rocksdb,churn,7834,15.714,0,0
rocksdb,churn,7835,15.112,0,0
rocksdb,churn,7836,13.870,0,0
rocksdb,churn,7837,18.236,0,0
rocksdb,churn,7838,12.984,0,0
rocksdb,churn,7839,15.010,0,0
rocksdb,churn,7840,15.767,176755503,0
rocksdb,churn,7841,19.897,0,0
rocksdb,churn,7842,19.419,0,0
rocksdb,churn,7843,22.662,0,0
rocksdb,churn,7844,18.945,0,0
rocksdb,churn,7845,18.126,0,0
rocksdb,churn,7846,16.192,0,0
rocksdb,churn,7847,16.058,0,0
rocksdb,churn,7848,18.684,0,0
rocksdb,churn,7849,18.750,0,0
rocksdb,churn,7850,19.654,263722994,0
rocksdb,churn,7851,22.103,0,0
rocksdb,churn,7852,16.889,0,0
rocksdb,churn,7853,19.608,0,0
rocksdb,churn,7854,17.670,0,0
rocksdb,churn,7855,17.069,0,0
rocksdb,churn,7856,16.398,0,0
rocksdb,churn,7857,18.229,0,0
rocksdb,churn,7858,16.590,0,0
rocksdb,churn,7859,19.538,0,0
rocksdb,churn,7860,18.974,174883251,0
rocksdb,churn,7861,19.395,0,0
rocksdb,churn,7862,21.178,0,0
rocksdb,churn,7863,17.805,0,0
rocksdb,churn,7864,19.576,0,0
rocksdb,churn,7865,20.925,0,0
rocksdb,churn,7866,19.680,0,0
rocksdb,churn,7867,17.414,0,0
rocksdb,churn,7868,16.240,0,0
rocksdb,churn,7869,15.533,0,0
rocksdb,churn,7870,19.490,205207884,0
rocksdb,churn,7871,19.191,0,0
rocksdb,churn,7872,20.347,0,0
rocksdb,churn,7873,21.809,0,0
rocksdb,churn,7874,19.921,0,0
rocksdb,churn,7875,20.244,0,0
rocksdb,churn,7876,21.792,0,0
rocksdb,churn,7877,15.177,0,0
rocksdb,churn,7878,20.833,0,0
rocksdb,churn,7879,14.146,0,0
rocksdb,churn,7880,22.570,168036967,0
rocksdb,churn,7881,21.583,0,0
rocksdb,churn,7882,14.636,0,0
rocksdb,churn,7883,27.027,0,0
rocksdb,churn,7884,16.557,0,0
rocksdb,churn,7885,28.753,0,0
rocksdb,churn,7886,26.575,0,0
rocksdb,churn,7887,21.320,0,0
rocksdb,churn,7888,19.932,0,0
rocksdb,churn,7889,18.238,0,0
rocksdb,churn,7890,20.354,198801016,0
rocksdb,churn,7891,15.602,0,0
rocksdb,churn,7892,19.583,0,0
rocksdb,churn,7893,19.539,0,0
rocksdb,churn,7894,19.412,0,0
rocksdb,churn,7895,15.586,0,0
rocksdb,churn,7896,21.732,0,0
rocksdb,churn,7897,19.582,0,0
rocksdb,churn,7898,21.258,0,0
rocksdb,churn,7899,16.953,0,0
rocksdb,churn,7900,14.575,160686039,0
rocksdb,churn,7901,20.209,0,0
rocksdb,churn,7902,22.782,0,0
rocksdb,churn,7903,17.225,0,0
rocksdb,churn,7904,18.549,0,0
rocksdb,churn,7905,21.999,0,0
rocksdb,churn,7906,17.732,0,0
rocksdb,churn,7907,20.793,0,0
rocksdb,churn,7908,20.228,0,0
rocksdb,churn,7909,15.556,0,0
rocksdb,churn,7910,20.368,188349671,0
rocksdb,churn,7911,18.176,0,0
rocksdb,churn,7912,16.872,0,0
rocksdb,churn,7913,14.317,0,0
rocksdb,churn,7914,20.135,0,0
rocksdb,churn,7915,16.967,0,0
rocksdb,churn,7916,20.968,0,0
rocksdb,churn,7917,15.225,0,0
rocksdb,churn,7918,19.333,0,0
rocksdb,churn,7919,20.869,0,0
rocksdb,churn,7920,18.905,149916398,0
rocksdb,churn,7921,17.792,0,0
rocksdb,churn,7922,18.995,0,0
rocksdb,churn,7923,14.556,0,0
rocksdb,churn,7924,15.327,0,0
rocksdb,churn,7925,18.036,0,0
rocksdb,churn,7926,15.386,0,0
rocksdb,churn,7927,16.576,0,0
rocksdb,churn,7928,14.377,0,0
rocksdb,churn,7929,16.738,0,0
rocksdb,churn,7930,14.217,178354339,0
rocksdb,churn,7931,12.793,0,0
rocksdb,churn,7932,15.410,0,0
rocksdb,churn,7933,14.096,0,0
rocksdb,churn,7934,15.903,0,0
rocksdb,churn,7935,14.182,0,0
rocksdb,churn,7936,12.738,0,0
rocksdb,churn,7937,20.121,0,0
rocksdb,churn,7938,20.497,0,0
rocksdb,churn,7939,19.681,0,0
rocksdb,churn,7940,17.388,219709002,0
rocksdb,churn,7941,17.042,0,0
rocksdb,churn,7942,20.543,0,0
rocksdb,churn,7943,20.049,0,0
rocksdb,churn,7944,18.247,0,0
rocksdb,churn,7945,15.946,0,0
rocksdb,churn,7946,13.649,0,0
rocksdb,churn,7947,13.767,0,0
rocksdb,churn,7948,18.075,0,0
rocksdb,churn,7949,14.133,0,0
rocksdb,churn,7950,14.750,170581065,0
rocksdb,churn,7951,12.064,0,0
rocksdb,churn,7952,14.848,0,0
rocksdb,churn,7953,17.934,0,0
rocksdb,churn,7954,15.667,0,0
rocksdb,churn,7955,16.108,0,0
rocksdb,churn,7956,19.723,0,0
rocksdb,churn,7957,22.280,0,0
rocksdb,churn,7958,17.570,0,0
rocksdb,churn,7959,16.409,0,0
rocksdb,churn,7960,18.338,196922978,0
rocksdb,churn,7961,15.828,0,0
rocksdb,churn,7962,17.001,0,0
rocksdb,churn,7963,16.723,0,0
rocksdb,churn,7964,17.778,0,0
rocksdb,churn,7965,19.289,0,0
rocksdb,churn,7966,15.314,0,0
rocksdb,churn,7967,13.131,0,0
rocksdb,churn,7968,16.234,0,0
rocksdb,churn,7969,24.069,0,0
rocksdb,churn,7970,20.542,163700528,0
rocksdb,churn,7971,19.364,0,0
rocksdb,churn,7972,20.480,0,0
rocksdb,churn,7973,15.624,0,0
rocksdb,churn,7974,11.415,0,0
rocksdb,churn,7975,19.771,0,0
rocksdb,churn,7976,29.401,0,0
rocksdb,churn,7977,21.155,0,0
rocksdb,churn,7978,24.361,0,0
rocksdb,churn,7979,16.409,0,0
rocksdb,churn,7980,25.561,195056682,0
rocksdb,churn,7981,20.659,0,0
rocksdb,churn,7982,17.498,0,0
rocksdb,churn,7983,16.178,0,0
rocksdb,churn,7984,15.483,0,0
rocksdb,churn,7985,18.450,0,0
rocksdb,churn,7986,20.588,0,0
rocksdb,churn,7987,18.140,0,0
rocksdb,churn,7988,19.927,0,0
rocksdb,churn,7989,16.912,0,0
rocksdb,churn,7990,20.269,158569804,0
rocksdb,churn,7991,16.184,0,0
rocksdb,churn,7992,10.781,0,0
rocksdb,churn,7993,17.888,0,0
rocksdb,churn,7994,17.027,0,0
rocksdb,churn,7995,16.276,0,0
rocksdb,churn,7996,14.895,0,0
rocksdb,churn,7997,17.025,0,0
rocksdb,churn,7998,12.310,0,0
rocksdb,churn,7999,15.717,0,0
rocksdb,churn,8000,17.029,182203282,0
rocksdb,churn,8001,12.936,0,0
rocksdb,churn,8002,15.634,0,0
rocksdb,churn,8003,13.924,0,0
rocksdb,churn,8004,22.097,0,0
rocksdb,churn,8005,15.734,0,0
rocksdb,churn,8006,14.287,0,0
rocksdb,churn,8007,18.808,0,0
rocksdb,churn,8008,13.852,0,0
rocksdb,churn,8009,14.910,0,0
rocksdb,churn,8010,18.708,265838462,0
rocksdb,churn,8011,15.569,0,0
rocksdb,churn,8012,15.639,0,0
rocksdb,churn,8013,12.120,0,0
rocksdb,churn,8014,16.039,0,0
rocksdb,churn,8015,24.434,0,0
rocksdb,churn,8016,15.202,0,0
rocksdb,churn,8017,16.676,0,0
rocksdb,churn,8018,10.672,0,0
rocksdb,churn,8019,24.889,0,0
rocksdb,churn,8020,17.792,173969719,0
rocksdb,churn,8021,19.806,0,0
rocksdb,churn,8022,22.496,0,0
rocksdb,churn,8023,35.623,0,0
rocksdb,churn,8024,24.165,0,0
rocksdb,churn,8025,29.878,0,0
rocksdb,churn,8026,42.887,0,0
rocksdb,churn,8027,30.757,0,0
rocksdb,churn,8028,23.165,0,0
rocksdb,churn,8029,23.601,0,0
rocksdb,churn,8030,18.140,206021654,0
rocksdb,churn,8031,19.349,0,0
rocksdb,churn,8032,17.786,0,0
rocksdb,churn,8033,15.073,0,0
rocksdb,churn,8034,13.851,0,0
rocksdb,churn,8035,14.538,0,0
rocksdb,churn,8036,23.538,0,0
rocksdb,churn,8037,11.966,0,0
rocksdb,churn,8038,12.394,0,0
rocksdb,churn,8039,14.259,0,0
rocksdb,churn,8040,14.465,169984875,0
rocksdb,churn,8041,20.051,0,0
rocksdb,churn,8042,14.602,0,0
rocksdb,churn,8043,11.396,0,0
rocksdb,churn,8044,16.272,0,0
rocksdb,churn,8045,16.548,0,0
rocksdb,churn,8046,18.777,0,0
rocksdb,churn,8047,9.908,0,0
rocksdb,churn,8048,15.903,0,0
rocksdb,churn,8049,12.943,0,0
rocksdb,churn,8050,17.873,191340706,0
rocksdb,churn,8051,16.279,0,0
rocksdb,churn,8052,11.573,0,0
rocksdb,churn,8053,17.688,0,0
rocksdb,churn,8054,15.645,0,0
rocksdb,churn,8055,16.745,0,0
rocksdb,churn,8056,12.562,0,0
rocksdb,churn,8057,15.991,0,0
rocksdb,churn,8058,22.149,0,0
rocksdb,churn,8059,11.468,0,0
rocksdb,churn,8060,15.233,160247581,0
rocksdb,churn,8061,14.291,0,0
rocksdb,churn,8062,20.530,0,0
rocksdb,churn,8063,18.529,0,0
rocksdb,churn,8064,16.214,0,0
rocksdb,churn,8065,22.966,0,0
rocksdb,churn,8066,21.811,0,0
rocksdb,churn,8067,26.240,0,0
rocksdb,churn,8068,16.292,0,0
rocksdb,churn,8069,16.769,0,0
rocksdb,churn,8070,22.782,191926829,0
rocksdb,churn,8071,14.087,0,0
rocksdb,churn,8072,24.389,0,0
rocksdb,churn,8073,30.198,0,0
rocksdb,churn,8074,30.025,0,0
rocksdb,churn,8075,49.958,0,0
rocksdb,churn,8076,16.196,0,0
rocksdb,churn,8077,16.588,0,0
rocksdb,churn,8078,22.960,0,0
rocksdb,churn,8079,14.498,0,0
rocksdb,churn,8080,10.597,156322679,0
rocksdb,churn,8081,19.161,0,0
rocksdb,churn,8082,12.852,0,0
rocksdb,churn,8083,12.502,0,0
rocksdb,churn,8084,12.678,0,0
rocksdb,churn,8085,18.287,0,0
rocksdb,churn,8086,14.587,0,0
rocksdb,churn,8087,16.833,0,0
rocksdb,churn,8088,12.513,0,0
rocksdb,churn,8089,12.545,0,0
rocksdb,churn,8090,15.247,182487229,0
rocksdb,churn,8091,15.234,0,0
rocksdb,churn,8092,12.596,0,0
rocksdb,churn,8093,13.200,0,0
rocksdb,churn,8094,17.786,0,0
rocksdb,churn,8095,12.419,0,0
rocksdb,churn,8096,12.634,0,0
rocksdb,churn,8097,12.407,0,0
rocksdb,churn,8098,19.282,0,0
rocksdb,churn,8099,18.236,0,0
rocksdb,churn,8100,17.894,248634316,0
rocksdb,churn,8101,17.827,0,0
rocksdb,churn,8102,18.474,0,0
rocksdb,churn,8103,19.513,0,0
rocksdb,churn,8104,18.082,0,0
rocksdb,churn,8105,23.379,0,0
rocksdb,churn,8106,21.010,0,0
rocksdb,churn,8107,20.410,0,0
rocksdb,churn,8108,20.060,0,0
rocksdb,churn,8109,22.954,0,0
rocksdb,churn,8110,20.504,174627958,0
rocksdb,churn,8111,22.042,0,0
rocksdb,churn,8112,18.544,0,0
rocksdb,churn,8113,19.634,0,0
rocksdb,churn,8114,18.270,0,0
rocksdb,churn,8115,17.882,0,0
rocksdb,churn,8116,17.177,0,0
rocksdb,churn,8117,22.848,0,0
rocksdb,churn,8118,17.351,0,0
rocksdb,churn,8119,20.246,0,0
rocksdb,churn,8120,19.892,205196021,0
rocksdb,churn,8121,18.375,0,0
rocksdb,churn,8122,17.823,0,0
rocksdb,churn,8123,12.949,0,0
rocksdb,churn,8124,17.286,0,0
rocksdb,churn,8125,16.897,0,0
rocksdb,churn,8126,15.063,0,0
rocksdb,churn,8127,17.167,0,0
rocksdb,churn,8128,12.716,0,0
rocksdb,churn,8129,18.808,0,0
rocksdb,churn,8130,14.960,169717971,0
rocksdb,churn,8131,15.629,0,0
rocksdb,churn,8132,15.060,0,0
rocksdb,churn,8133,15.587,0,0
rocksdb,churn,8134,11.113,0,0
rocksdb,churn,8135,15.642,0,0
rocksdb,churn,8136,20.665,0,0
rocksdb,churn,8137,18.965,0,0
rocksdb,churn,8138,22.284,0,0
rocksdb,churn,8139,16.914,0,0
rocksdb,churn,8140,20.503,197155055,0
rocksdb,churn,8141,19.438,0,0
rocksdb,churn,8142,16.755,0,0
rocksdb,churn,8143,25.001,0,0
rocksdb,churn,8144,14.127,0,0
rocksdb,churn,8145,19.498,0,0
rocksdb,churn,8146,21.808,0,0
rocksdb,churn,8147,17.858,0,0
rocksdb,churn,8148,43.520,0,0
rocksdb,churn,8149,27.854,0,0
rocksdb,churn,8150,20.189,159583598,0
rocksdb,churn,8151,17.572,0,0
rocksdb,churn,8152,15.728,0,0
rocksdb,churn,8153,18.303,0,0
rocksdb,churn,8154,17.310,0,0
rocksdb,churn,8155,16.526,0,0
rocksdb,churn,8156,20.623,0,0
rocksdb,churn,8157,13.916,0,0
rocksdb,churn,8158,28.266,0,0
rocksdb,churn,8159,18.465,0,0
rocksdb,churn,8160,15.911,183195077,0
rocksdb,churn,8161,19.547,0,0
rocksdb,churn,8162,15.909,0,0
rocksdb,churn,8163,11.783,0,0
rocksdb,churn,8164,12.160,0,0
rocksdb,churn,8165,15.110,0,0
rocksdb,churn,8166,17.186,0,0
rocksdb,churn,8167,22.259,0,0
rocksdb,churn,8168,17.815,0,0
rocksdb,churn,8169,11.837,0,0
rocksdb,churn,8170,16.216,157667228,0
rocksdb,churn,8171,15.565,0,0
rocksdb,churn,8172,15.786,0,0
rocksdb,churn,8173,14.838,0,0
rocksdb,churn,8174,14.480,0,0
rocksdb,churn,8175,18.241,0,0
rocksdb,churn,8176,15.816,0,0
rocksdb,churn,8177,19.046,0,0
rocksdb,churn,8178,22.780,0,0
rocksdb,churn,8179,14.825,0,0
rocksdb,churn,8180,11.413,182179465,0
rocksdb,churn,8181,19.592,0,0
rocksdb,churn,8182,13.211,0,0
rocksdb,churn,8183,11.724,0,0
rocksdb,churn,8184,11.812,0,0
rocksdb,churn,8185,14.025,0,0
rocksdb,churn,8186,18.334,0,0
rocksdb,churn,8187,24.075,0,0
rocksdb,churn,8188,12.666,0,0
rocksdb,churn,8189,14.134,0,0
rocksdb,churn,8190,19.133,210996068,0
rocksdb,churn,8191,17.934,0,0
rocksdb,churn,8192,16.398,0,0
rocksdb,churn,8193,17.036,0,0
rocksdb,churn,8194,15.228,0,0
rocksdb,churn,8195,13.963,0,0
rocksdb,churn,8196,15.592,0,0
rocksdb,churn,8197,16.445,0,0
rocksdb,churn,8198,18.792,0,0
rocksdb,churn,8199,15.870,0,0
rocksdb,churn,8200,17.550,174308088,0
rocksdb,churn,8201,16.378,0,0
rocksdb,churn,8202,11.341,0,0
rocksdb,churn,8203,11.194,0,0
rocksdb,churn,8204,15.883,0,0
rocksdb,churn,8205,12.740,0,0
rocksdb,churn,8206,14.635,0,0
rocksdb,churn,8207,17.517,0,0
rocksdb,churn,8208,15.168,0,0
rocksdb,churn,8209,17.447,0,0
rocksdb,churn,8210,16.239,196808394,0
rocksdb,churn,8211,16.114,0,0
rocksdb,churn,8212,13.769,0,0
rocksdb,churn,8213,17.914,0,0
rocksdb,churn,8214,12.831,0,0
rocksdb,churn,8215,18.765,0,0
rocksdb,churn,8216,16.317,0,0
rocksdb,churn,8217,13.127,0,0
rocksdb,churn,8218,13.365,0,0
rocksdb,churn,8219,11.179,0,0
rocksdb,churn,8220,14.172,165568229,0
rocksdb,churn,8221,12.635,0,0
rocksdb,churn,8222,15.907,0,0
rocksdb,churn,8223,22.760,0,0
rocksdb,churn,8224,16.785,0,0
rocksdb,churn,8225,13.108,0,0
rocksdb,churn,8226,14.746,0,0
rocksdb,churn,8227,15.367,0,0
rocksdb,churn,8228,14.712,0,0
rocksdb,churn,8229,14.228,0,0
rocksdb,churn,8230,17.915,194984506,0
rocksdb,churn,8231,11.062,0,0
rocksdb,churn,8232,18.541,0,0
rocksdb,churn,8233,13.892,0,0
rocksdb,churn,8234,13.586,0,0
rocksdb,churn,8235,19.216,0,0
rocksdb,churn,8236,17.749,0,0
rocksdb,churn,8237,16.021,0,0
rocksdb,churn,8238,15.952,0,0
rocksdb,churn,8239,13.566,0,0
rocksdb,churn,8240,13.537,160956715,0
rocksdb,churn,8241,21.623,0,0
rocksdb,churn,8242,25.833,0,0
rocksdb,churn,8243,20.420,0,0
rocksdb,churn,8244,17.813,0,0
rocksdb,churn,8245,19.143,0,0
rocksdb,churn,8246,19.223,0,0
rocksdb,churn,8247,23.343,0,0
rocksdb,churn,8248,21.295,0,0
rocksdb,churn,8249,13.000,0,0
rocksdb,churn,8250,15.809,186651382,0
rocksdb,churn,8251,16.615,0,0
rocksdb,churn,8252,18.205,0,0
rocksdb,churn,8253,18.001,0,0
rocksdb,churn,8254,20.385,0,0
rocksdb,churn,8255,19.689,0,0
rocksdb,churn,8256,16.467,0,0
rocksdb,churn,8257,18.318,0,0
rocksdb,churn,8258,15.042,0,0
rocksdb,churn,8259,16.759,0,0
rocksdb,churn,8260,13.009,157947807,0
rocksdb,churn,8261,15.347,0,0
rocksdb,churn,8262,14.550,0,0
rocksdb,churn,8263,12.485,0,0
rocksdb,churn,8264,15.019,0,0
rocksdb,churn,8265,18.164,0,0
rocksdb,churn,8266,16.782,0,0
rocksdb,churn,8267,16.604,0,0
rocksdb,churn,8268,15.261,0,0
rocksdb,churn,8269,13.006,0,0
rocksdb,churn,8270,16.710,180434987,0
rocksdb,churn,8271,20.418,0,0
rocksdb,churn,8272,14.521,0,0
rocksdb,churn,8273,19.080,0,0
rocksdb,churn,8274,20.403,0,0
rocksdb,churn,8275,19.650,0,0
rocksdb,churn,8276,19.397,0,0
rocksdb,churn,8277,21.468,0,0
rocksdb,churn,8278,17.209,0,0
rocksdb,churn,8279,19.768,0,0
rocksdb,churn,8280,19.236,210139803,0
rocksdb,churn,8281,34.127,0,0
rocksdb,churn,8282,19.060,0,0
rocksdb,churn,8283,25.378,0,0
rocksdb,churn,8284,26.636,0,0
rocksdb,churn,8285,36.454,0,0
rocksdb,churn,8286,40.524,0,0
rocksdb,churn,8287,31.995,0,0
rocksdb,churn,8288,29.213,0,0
rocksdb,churn,8289,34.465,0,0
rocksdb,churn,8290,38.429,176625326,0
rocksdb,churn,8291,25.094,0,0
rocksdb,churn,8292,19.068,0,0
rocksdb,churn,8293,25.284,0,0
rocksdb,churn,8294,12.734,0,0
rocksdb,churn,8295,12.702,0,0
rocksdb,churn,8296,15.161,0,0
rocksdb,churn,8297,12.358,0,0
rocksdb,churn,8298,16.744,0,0
rocksdb,churn,8299,20.875,0,0
rocksdb,churn,8300,18.297,200155042,0
rocksdb,churn,8301,14.774,0,0
rocksdb,churn,8302,19.799,0,0
rocksdb,churn,8303,20.374,0,0
rocksdb,churn,8304,15.221,0,0
rocksdb,churn,8305,16.203,0,0
rocksdb,churn,8306,12.500,0,0
rocksdb,churn,8307,17.566,0,0
rocksdb,churn,8308,14.986,0,0
rocksdb,churn,8309,16.750,0,0
rocksdb,churn,8310,15.157,165660238,0
rocksdb,churn,8311,15.813,0,0
rocksdb,churn,8312,15.343,0,0
rocksdb,churn,8313,17.426,0,0
rocksdb,churn,8314,17.652,0,0
rocksdb,churn,8315,15.533,0,0
rocksdb,churn,8316,13.010,0,0
rocksdb,churn,8317,15.146,0,0
rocksdb,churn,8318,13.969,0,0
rocksdb,churn,8319,12.172,0,0
rocksdb,churn,8320,16.530,194082138,0
rocksdb,churn,8321,15.685,0,0
rocksdb,churn,8322,17.422,0,0
rocksdb,churn,8323,11.443,0,0
rocksdb,churn,8324,15.073,0,0
rocksdb,churn,8325,16.645,0,0
rocksdb,churn,8326,13.913,0,0
rocksdb,churn,8327,16.408,0,0
rocksdb,churn,8328,21.326,0,0
rocksdb,churn,8329,13.237,0,0
rocksdb,churn,8330,18.813,159920591,0
rocksdb,churn,8331,15.778,0,0
rocksdb,churn,8332,12.301,0,0
rocksdb,churn,8333,16.327,0,0
rocksdb,churn,8334,13.823,0,0
rocksdb,churn,8335,12.838,0,0
rocksdb,churn,8336,18.389,0,0
rocksdb,churn,8337,14.634,0,0
rocksdb,churn,8338,19.856,0,0
rocksdb,churn,8339,16.176,0,0
rocksdb,churn,8340,17.002,188010374,0
rocksdb,churn,8341,15.753,0,0
rocksdb,churn,8342,15.945,0,0
rocksdb,churn,8343,16.744,0,0
rocksdb,churn,8344,17.403,0,0
rocksdb,churn,8345,16.522,0,0
rocksdb,churn,8346,23.352,0,0
rocksdb,churn,8347,12.880,0,0
rocksdb,churn,8348,17.227,0,0
rocksdb,churn,8349,16.535,0,0
rocksdb,churn,8350,14.017,154676956,0
rocksdb,churn,8351,16.233,0,0
rocksdb,churn,8352,16.676,0,0
rocksdb,churn,8353,15.513,0,0
rocksdb,churn,8354,18.222,0,0
rocksdb,churn,8355,18.752,0,0
rocksdb,churn,8356,11.088,0,0
rocksdb,churn,8357,15.053,0,0
rocksdb,churn,8358,17.344,0,0
rocksdb,churn,8359,15.196,0,0
rocksdb,churn,8360,16.529,179122858,0
rocksdb,churn,8361,18.556,0,0
rocksdb,churn,8362,13.254,0,0
rocksdb,churn,8363,15.300,0,0
rocksdb,churn,8364,15.271,0,0
rocksdb,churn,8365,15.947,0,0
rocksdb,churn,8366,17.320,0,0
rocksdb,churn,8367,15.231,0,0
rocksdb,churn,8368,16.250,0,0
rocksdb,churn,8369,10.702,0,0
rocksdb,churn,8370,14.718,206623423,0
rocksdb,churn,8371,15.679,0,0
rocksdb,churn,8372,16.134,0,0
rocksdb,churn,8373,18.714,0,0
rocksdb,churn,8374,19.092,0,0
rocksdb,churn,8375,17.084,0,0
rocksdb,churn,8376,13.345,0,0
rocksdb,churn,8377,15.816,0,0
rocksdb,churn,8378,16.259,0,0
rocksdb,churn,8379,15.606,0,0
rocksdb,churn,8380,20.270,171353494,0
rocksdb,churn,8381,10.467,0,0
rocksdb,churn,8382,12.066,0,0
rocksdb,churn,8383,16.322,0,0
rocksdb,churn,8384,17.314,0,0
rocksdb,churn,8385,20.270,0,0
rocksdb,churn,8386,18.092,0,0
rocksdb,churn,8387,16.406,0,0
rocksdb,churn,8388,12.209,0,0
rocksdb,churn,8389,12.107,0,0
rocksdb,churn,8390,15.488,194855825,0
rocksdb,churn,8391,14.212,0,0
rocksdb,churn,8392,17.676,0,0
rocksdb,churn,8393,17.341,0,0
rocksdb,churn,8394,16.628,0,0
rocksdb,churn,8395,17.652,0,0
rocksdb,churn,8396,15.844,0,0
rocksdb,churn,8397,12.501,0,0
rocksdb,churn,8398,15.009,0,0
rocksdb,churn,8399,24.432,0,0
rocksdb,churn,8400,13.190,168457818,0
rocksdb,churn,8401,20.409,0,0
rocksdb,churn,8402,20.395,0,0
rocksdb,churn,8403,15.478,0,0
rocksdb,churn,8404,17.964,0,0
rocksdb,churn,8405,22.051,0,0
rocksdb,churn,8406,19.017,0,0
rocksdb,churn,8407,14.209,0,0
rocksdb,churn,8408,13.530,0,0
rocksdb,churn,8409,13.741,0,0
rocksdb,churn,8410,17.217,197051575,0
rocksdb,churn,8411,15.286,0,0
rocksdb,churn,8412,17.016,0,0
rocksdb,churn,8413,16.068,0,0
rocksdb,churn,8414,18.527,0,0
rocksdb,churn,8415,16.192,0,0
rocksdb,churn,8416,19.350,0,0
rocksdb,churn,8417,20.530,0,0
rocksdb,churn,8418,21.141,0,0
rocksdb,churn,8419,23.330,0,0
rocksdb,churn,8420,19.352,159754482,0
rocksdb,churn,8421,14.960,0,0
rocksdb,churn,8422,16.271,0,0
rocksdb,churn,8423,16.518,0,0
rocksdb,churn,8424,20.821,0,0
rocksdb,churn,8425,22.488,0,0
rocksdb,churn,8426,20.947,0,0
rocksdb,churn,8427,16.113,0,0
rocksdb,churn,8428,16.758,0,0
rocksdb,churn,8429,20.197,0,0
rocksdb,churn,8430,16.447,189155612,0
rocksdb,churn,8431,19.535,0,0
rocksdb,churn,8432,20.118,0,0
rocksdb,churn,8433,21.754,0,0
rocksdb,churn,8434,13.895,0,0
rocksdb,churn,8435,20.641,0,0
rocksdb,churn,8436,17.413,0,0
rocksdb,churn,8437,21.487,0,0
rocksdb,churn,8438,16.442,0,0
rocksdb,churn,8439,13.625,0,0
rocksdb,churn,8440,17.027,153735478,0
rocksdb,churn,8441,14.977,0,0
rocksdb,churn,8442,16.755,0,0
rocksdb,churn,8443,16.774,0,0
rocksdb,churn,8444,11.411,0,0
rocksdb,churn,8445,13.978,0,0
rocksdb,churn,8446,17.874,0,0
rocksdb,churn,8447,16.572,0,0
rocksdb,churn,8448,15.751,0,0
rocksdb,churn,8449,15.954,0,0
rocksdb,churn,8450,16.491,179260979,0
rocksdb,churn,8451,19.545,0,0
rocksdb,churn,8452,15.105,0,0
rocksdb,churn,8453,15.511,0,0
rocksdb,churn,8454,16.404,0,0
rocksdb,churn,8455,17.178,0,0
rocksdb,churn,8456,13.448,0,0
rocksdb,churn,8457,16.850,0,0
rocksdb,churn,8458,17.361,0,0
rocksdb,churn,8459,18.368,0,0
rocksdb,churn,8460,10.582,206620943,0
rocksdb,churn,8461,18.646,0,0
rocksdb,churn,8462,35.965,0,0
rocksdb,churn,8463,16.976,0,0
rocksdb,churn,8464,21.853,0,0
rocksdb,churn,8465,13.495,0,0
rocksdb,churn,8466,17.527,0,0
rocksdb,churn,8467,14.061,0,0
rocksdb,churn,8468,15.913,0,0
rocksdb,churn,8469,16.048,0,0
rocksdb,churn,8470,15.164,168258523,0
rocksdb,churn,8471,11.730,0,0
rocksdb,churn,8472,15.816,0,0
rocksdb,churn,8473,12.481,0,0
rocksdb,churn,8474,23.899,0,0
rocksdb,churn,8475,15.078,0,0
rocksdb,churn,8476,20.222,0,0
rocksdb,churn,8477,16.910,0,0
rocksdb,churn,8478,17.120,0,0
rocksdb,churn,8479,18.397,0,0
rocksdb,churn,8480,14.985,191751915,0
rocksdb,churn,8481,14.648,0,0
rocksdb,churn,8482,10.759,0,0
rocksdb,churn,8483,12.585,0,0
rocksdb,churn,8484,16.494,0,0
rocksdb,churn,8485,16.930,0,0
rocksdb,churn,8486,19.591,0,0
rocksdb,churn,8487,13.263,0,0
rocksdb,churn,8488,20.553,0,0
rocksdb,churn,8489,20.016,0,0
rocksdb,churn,8490,17.163,168613778,0
rocksdb,churn,8491,15.435,0,0
rocksdb,churn,8492,18.521,0,0
rocksdb,churn,8493,22.279,0,0
rocksdb,churn,8494,12.740,0,0
rocksdb,churn,8495,13.267,0,0
rocksdb,churn,8496,14.784,0,0
rocksdb,churn,8497,17.862,0,0
rocksdb,churn,8498,11.243,0,0
rocksdb,churn,8499,17.198,0,0
rocksdb,churn,8500,16.226,192242631,0
rocksdb,churn,8501,14.574,0,0
rocksdb,churn,8502,18.896,0,0
rocksdb,churn,8503,14.292,0,0
rocksdb,churn,8504,15.933,0,0
rocksdb,churn,8505,16.606,0,0
rocksdb,churn,8506,17.737,0,0
rocksdb,churn,8507,17.211,0,0
rocksdb,churn,8508,17.160,0,0
rocksdb,churn,8509,19.244,0,0
rocksdb,churn,8510,14.883,157854060,0
rocksdb,churn,8511,13.470,0,0
rocksdb,churn,8512,15.905,0,0
rocksdb,churn,8513,15.565,0,0
rocksdb,churn,8514,16.256,0,0
rocksdb,churn,8515,17.034,0,0
rocksdb,churn,8516,12.395,0,0
rocksdb,churn,8517,15.461,0,0
rocksdb,churn,8518,17.187,0,0
rocksdb,churn,8519,16.812,0,0
rocksdb,churn,8520,16.473,185266964,0
rocksdb,churn,8521,13.080,0,0
rocksdb,churn,8522,17.530,0,0
rocksdb,churn,8523,15.892,0,0
rocksdb,churn,8524,25.244,0,0
rocksdb,churn,8525,18.644,0,0
rocksdb,churn,8526,14.992,0,0
rocksdb,churn,8527,20.060,0,0
rocksdb,churn,8528,20.697,0,0
rocksdb,churn,8529,21.914,0,0
rocksdb,churn,8530,14.679,301616831,0
rocksdb,churn,8531,22.365,0,0
rocksdb,churn,8532,11.788,0,0
rocksdb,churn,8533,15.966,0,0
rocksdb,churn,8534,17.287,0,0
rocksdb,churn,8535,16.089,0,0
rocksdb,churn,8536,18.204,0,0
rocksdb,churn,8537,17.438,0,0
rocksdb,churn,8538,19.503,0,0
rocksdb,churn,8539,13.916,0,0
rocksdb,churn,8540,17.836,177941159,0
rocksdb,churn,8541,13.351,0,0
rocksdb,churn,8542,12.344,0,0
rocksdb,churn,8543,12.943,0,0
rocksdb,churn,8544,11.827,0,0
rocksdb,churn,8545,15.610,0,0
rocksdb,churn,8546,14.398,0,0
rocksdb,churn,8547,17.354,0,0
rocksdb,churn,8548,15.207,0,0
rocksdb,churn,8549,14.857,0,0
rocksdb,churn,8550,15.303,200688734,0
rocksdb,churn,8551,18.541,0,0
rocksdb,churn,8552,20.378,0,0
rocksdb,churn,8553,13.682,0,0
rocksdb,churn,8554,11.982,0,0
rocksdb,churn,8555,23.550,0,0
rocksdb,churn,8556,12.774,0,0
rocksdb,churn,8557,15.773,0,0
rocksdb,churn,8558,16.348,0,0
rocksdb,churn,8559,12.758,0,0
rocksdb,churn,8560,14.609,168349625,0
rocksdb,churn,8561,17.707,0,0
rocksdb,churn,8562,15.647,0,0
rocksdb,churn,8563,16.957,0,0
rocksdb,churn,8564,18.449,0,0
rocksdb,churn,8565,15.763,0,0
rocksdb,churn,8566,15.826,0,0
rocksdb,churn,8567,19.965,0,0
rocksdb,churn,8568,15.835,0,0
rocksdb,churn,8569,14.293,0,0
rocksdb,churn,8570,20.186,195774864,0
rocksdb,churn,8571,18.413,0,0
rocksdb,churn,8572,11.523,0,0
rocksdb,churn,8573,22.519,0,0
rocksdb,churn,8574,16.155,0,0
rocksdb,churn,8575,15.945,0,0
rocksdb,churn,8576,17.672,0,0
rocksdb,churn,8577,13.962,0,0
rocksdb,churn,8578,13.248,0,0
rocksdb,churn,8579,13.774,0,0
rocksdb,churn,8580,15.881,164516883,0
rocksdb,churn,8581,14.570,0,0
rocksdb,churn,8582,16.923,0,0
rocksdb,churn,8583,12.140,0,0
rocksdb,churn,8584,14.424,0,0
rocksdb,churn,8585,14.839,0,0
rocksdb,churn,8586,13.490,0,0
rocksdb,churn,8587,14.392,0,0
rocksdb,churn,8588,13.005,0,0
rocksdb,churn,8589,15.004,0,0
rocksdb,churn,8590,18.611,187115160,0
rocksdb,churn,8591,14.889,0,0
rocksdb,churn,8592,16.742,0,0
rocksdb,churn,8593,13.489,0,0
rocksdb,churn,8594,15.118,0,0
rocksdb,churn,8595,17.299,0,0
rocksdb,churn,8596,16.582,0,0
rocksdb,churn,8597,15.203,0,0
rocksdb,churn,8598,17.386,0,0
rocksdb,churn,8599,15.562,0,0
rocksdb,churn,8600,12.916,161859481,0
rocksdb,churn,8601,18.627,0,0
rocksdb,churn,8602,20.538,0,0
rocksdb,churn,8603,19.790,0,0
rocksdb,churn,8604,17.573,0,0
rocksdb,churn,8605,14.201,0,0
rocksdb,churn,8606,16.295,0,0
rocksdb,churn,8607,16.302,0,0
rocksdb,churn,8608,17.460,0,0
rocksdb,churn,8609,19.862,0,0
rocksdb,churn,8610,17.387,187537013,0
rocksdb,churn,8611,26.228,0,0
rocksdb,churn,8612,14.422,0,0
rocksdb,churn,8613,13.872,0,0
rocksdb,churn,8614,13.509,0,0
rocksdb,churn,8615,14.788,0,0
rocksdb,churn,8616,16.769,0,0
rocksdb,churn,8617,12.829,0,0
rocksdb,churn,8618,14.513,0,0
rocksdb,churn,8619,13.770,0,0
rocksdb,churn,8620,16.157,297663430,0
rocksdb,churn,8621,16.316,0,0
rocksdb,churn,8622,17.631,0,0
rocksdb,churn,8623,16.714,0,0
rocksdb,churn,8624,19.654,0,0
rocksdb,churn,8625,17.460,0,0
rocksdb,churn,8626,16.472,0,0
rocksdb,churn,8627,25.510,0,0
rocksdb,churn,8628,19.477,0,0
rocksdb,churn,8629,14.174,0,0
rocksdb,churn,8630,19.694,182570166,0
rocksdb,churn,8631,18.977,0,0
rocksdb,churn,8632,19.702,0,0
rocksdb,churn,8633,20.614,0,0
rocksdb,churn,8634,20.639,0,0
rocksdb,churn,8635,20.412,0,0
rocksdb,churn,8636,18.005,0,0
rocksdb,churn,8637,20.691,0,0
rocksdb,churn,8638,14.839,0,0
rocksdb,churn,8639,17.247,0,0
rocksdb,churn,8640,16.498,209252462,0
rocksdb,churn,8641,18.321,0,0
rocksdb,churn,8642,16.007,0,0
rocksdb,churn,8643,17.188,0,0
rocksdb,churn,8644,19.034,0,0
rocksdb,churn,8645,15.601,0,0
rocksdb,churn,8646,14.801,0,0
rocksdb,churn,8647,11.635,0,0
rocksdb,churn,8648,16.808,0,0
rocksdb,churn,8649,14.645,0,0
rocksdb,churn,8650,10.838,168684224,0
rocksdb,churn,8651,18.152,0,0
rocksdb,churn,8652,14.488,0,0
rocksdb,churn,8653,16.652,0,0
rocksdb,churn,8654,12.632,0,0
rocksdb,churn,8655,22.435,0,0
rocksdb,churn,8656,12.977,0,0
rocksdb,churn,8657,16.329,0,0
rocksdb,churn,8658,15.501,0,0
rocksdb,churn,8659,16.688,0,0
rocksdb,churn,8660,19.076,197143505,0
rocksdb,churn,8661,17.723,0,0
rocksdb,churn,8662,14.211,0,0
rocksdb,churn,8663,16.843,0,0
rocksdb,churn,8664,18.171,0,0
rocksdb,churn,8665,14.923,0,0
rocksdb,churn,8666,19.694,0,0
rocksdb,churn,8667,16.601,0,0
rocksdb,churn,8668,14.780,0,0
rocksdb,churn,8669,17.559,0,0
rocksdb,churn,8670,15.562,164657979,0
rocksdb,churn,8671,15.335,0,0
rocksdb,churn,8672,14.660,0,0
rocksdb,churn,8673,15.865,0,0
rocksdb,churn,8674,11.939,0,0
rocksdb,churn,8675,15.172,0,0
rocksdb,churn,8676,16.896,0,0
rocksdb,churn,8677,15.700,0,0
rocksdb,churn,8678,11.229,0,0
rocksdb,churn,8679,11.304,0,0
rocksdb,churn,8680,16.614,186037018,0
rocksdb,churn,8681,12.275,0,0
rocksdb,churn,8682,12.730,0,0
rocksdb,churn,8683,17.365,0,0
rocksdb,churn,8684,12.491,0,0
rocksdb,churn,8685,14.448,0,0
rocksdb,churn,8686,18.092,0,0
rocksdb,churn,8687,15.804,0,0
rocksdb,churn,8688,11.617,0,0
rocksdb,churn,8689,14.392,0,0
rocksdb,churn,8690,11.926,157924022,0
rocksdb,churn,8691,17.917,0,0
rocksdb,churn,8692,15.649,0,0
rocksdb,churn,8693,14.857,0,0
rocksdb,churn,8694,19.517,0,0
rocksdb,churn,8695,14.558,0,0
rocksdb,churn,8696,17.316,0,0
rocksdb,churn,8697,13.794,0,0
rocksdb,churn,8698,16.996,0,0
rocksdb,churn,8699,13.149,0,0
rocksdb,churn,8700,16.333,182439882,0
rocksdb,churn,8701,12.373,0,0
rocksdb,churn,8702,18.988,0,0
rocksdb,churn,8703,14.475,0,0
rocksdb,churn,8704,12.797,0,0
rocksdb,churn,8705,17.372,0,0
rocksdb,churn,8706,14.034,0,0
rocksdb,churn,8707,17.768,0,0
rocksdb,churn,8708,16.775,0,0
rocksdb,churn,8709,16.162,0,0
rocksdb,churn,8710,14.264,153196428,0
rocksdb,churn,8711,14.222,0,0
rocksdb,churn,8712,14.750,0,0
rocksdb,churn,8713,13.233,0,0
rocksdb,churn,8714,18.034,0,0
rocksdb,churn,8715,16.092,0,0
rocksdb,churn,8716,18.281,0,0
rocksdb,churn,8717,16.359,0,0
rocksdb,churn,8718,15.090,0,0
rocksdb,churn,8719,17.697,0,0
rocksdb,churn,8720,17.046,180522904,0
rocksdb,churn,8721,18.230,0,0
rocksdb,churn,8722,14.762,0,0
rocksdb,churn,8723,18.185,0,0
rocksdb,churn,8724,13.252,0,0
rocksdb,churn,8725,18.260,0,0
rocksdb,churn,8726,14.364,0,0
rocksdb,churn,8727,17.223,0,0
rocksdb,churn,8728,14.975,0,0
rocksdb,churn,8729,15.061,0,0
rocksdb,churn,8730,17.955,205162491,0
rocksdb,churn,8731,13.798,0,0
rocksdb,churn,8732,17.553,0,0
rocksdb,churn,8733,19.107,0,0
rocksdb,churn,8734,14.938,0,0
rocksdb,churn,8735,16.379,0,0
rocksdb,churn,8736,16.170,0,0
rocksdb,churn,8737,20.406,0,0
rocksdb,churn,8738,15.429,0,0
rocksdb,churn,8739,12.544,0,0
rocksdb,churn,8740,15.885,169814052,0
rocksdb,churn,8741,15.417,0,0
rocksdb,churn,8742,17.916,0,0
rocksdb,churn,8743,18.738,0,0
rocksdb,churn,8744,19.442,0,0
rocksdb,churn,8745,17.188,0,0
rocksdb,churn,8746,20.612,0,0
rocksdb,churn,8747,12.862,0,0
rocksdb,churn,8748,16.408,0,0
rocksdb,churn,8749,14.832,0,0
rocksdb,churn,8750,17.693,198340678,0
rocksdb,churn,8751,12.312,0,0
rocksdb,churn,8752,14.283,0,0
rocksdb,churn,8753,20.550,0,0
rocksdb,churn,8754,21.340,0,0
rocksdb,churn,8755,18.260,0,0
rocksdb,churn,8756,18.429,0,0
rocksdb,churn,8757,20.768,0,0
rocksdb,churn,8758,19.118,0,0
rocksdb,churn,8759,17.162,0,0
rocksdb,churn,8760,15.285,166876772,0
rocksdb,churn,8761,20.590,0,0
rocksdb,churn,8762,16.147,0,0
rocksdb,churn,8763,16.958,0,0
rocksdb,churn,8764,16.417,0,0
rocksdb,churn,8765,14.998,0,0
rocksdb,churn,8766,16.521,0,0
rocksdb,churn,8767,12.162,0,0
rocksdb,churn,8768,15.332,0,0
rocksdb,churn,8769,16.279,0,0
rocksdb,churn,8770,9.936,194052658,0
rocksdb,churn,8771,17.625,0,0
rocksdb,churn,8772,19.641,0,0
rocksdb,churn,8773,18.880,0,0
rocksdb,churn,8774,16.630,0,0
rocksdb,churn,8775,16.373,0,0
rocksdb,churn,8776,16.793,0,0
rocksdb,churn,8777,13.287,0,0
rocksdb,churn,8778,16.352,0,0
rocksdb,churn,8779,17.528,0,0
rocksdb,churn,8780,21.623,158775342,0
rocksdb,churn,8781,20.479,0,0
rocksdb,churn,8782,17.752,0,0
rocksdb,churn,8783,16.453,0,0
rocksdb,churn,8784,18.679,0,0
rocksdb,churn,8785,17.134,0,0
rocksdb,churn,8786,22.811,0,0
rocksdb,churn,8787,18.760,0,0
rocksdb,churn,8788,18.656,0,0
rocksdb,churn,8789,19.424,0,0
rocksdb,churn,8790,18.827,184449757,0
rocksdb,churn,8791,15.856,0,0
rocksdb,churn,8792,18.110,0,0
rocksdb,churn,8793,20.953,0,0
rocksdb,churn,8794,20.354,0,0
rocksdb,churn,8795,16.566,0,0
rocksdb,churn,8796,21.063,0,0
rocksdb,churn,8797,19.100,0,0
rocksdb,churn,8798,17.836,0,0
rocksdb,churn,8799,17.316,0,0
rocksdb,churn,8800,16.612,259734411,0
rocksdb,churn,8801,16.262,0,0
rocksdb,churn,8802,16.924,0,0
rocksdb,churn,8803,17.118,0,0
rocksdb,churn,8804,12.806,0,0
rocksdb,churn,8805,16.755,0,0
rocksdb,churn,8806,14.325,0,0
rocksdb,churn,8807,16.628,0,0
rocksdb,churn,8808,12.101,0,0
rocksdb,churn,8809,15.134,0,0
rocksdb,churn,8810,13.904,175136075,0
rocksdb,churn,8811,14.713,0,0
rocksdb,churn,8812,17.515,0,0
rocksdb,churn,8813,15.404,0,0
rocksdb,churn,8814,14.985,0,0
rocksdb,churn,8815,15.896,0,0
rocksdb,churn,8816,18.836,0,0
rocksdb,churn,8817,13.557,0,0
rocksdb,churn,8818,13.858,0,0
rocksdb,churn,8819,15.287,0,0
rocksdb,churn,8820,15.946,199570944,0
rocksdb,churn,8821,17.935,0,0
rocksdb,churn,8822,15.168,0,0
rocksdb,churn,8823,18.132,0,0
rocksdb,churn,8824,17.390,0,0
rocksdb,churn,8825,14.889,0,0
rocksdb,churn,8826,16.582,0,0
rocksdb,churn,8827,15.869,0,0
rocksdb,churn,8828,16.910,0,0
rocksdb,churn,8829,19.013,0,0
rocksdb,churn,8830,14.057,168117074,0
rocksdb,churn,8831,19.291,0,0
rocksdb,churn,8832,10.547,0,0
rocksdb,churn,8833,18.718,0,0
rocksdb,churn,8834,14.569,0,0
rocksdb,churn,8835,16.562,0,0
rocksdb,churn,8836,16.646,0,0
rocksdb,churn,8837,16.658,0,0
rocksdb,churn,8838,16.782,0,0
rocksdb,churn,8839,14.346,0,0
rocksdb,churn,8840,15.461,191775151,0
rocksdb,churn,8841,15.269,0,0
rocksdb,churn,8842,17.673,0,0
rocksdb,churn,8843,13.438,0,0
rocksdb,churn,8844,14.557,0,0
rocksdb,churn,8845,16.478,0,0
rocksdb,churn,8846,13.975,0,0
rocksdb,churn,8847,14.498,0,0
rocksdb,churn,8848,16.848,0,0
rocksdb,churn,8849,13.433,0,0
rocksdb,churn,8850,16.607,163483937,0
rocksdb,churn,8851,14.865,0,0
rocksdb,churn,8852,14.401,0,0
rocksdb,churn,8853,14.051,0,0
rocksdb,churn,8854,17.072,0,0
rocksdb,churn,8855,20.936,0,0
rocksdb,churn,8856,14.526,0,0
rocksdb,churn,8857,19.212,0,0
rocksdb,churn,8858,26.084,0,0
rocksdb,churn,8859,18.860,0,0
rocksdb,churn,8860,16.755,192016941,0
rocksdb,churn,8861,18.525,0,0
rocksdb,churn,8862,17.077,0,0
rocksdb,churn,8863,13.322,0,0
rocksdb,churn,8864,15.805,0,0
rocksdb,churn,8865,18.193,0,0
rocksdb,churn,8866,15.950,0,0
rocksdb,churn,8867,11.586,0,0
rocksdb,churn,8868,11.760,0,0
rocksdb,churn,8869,14.600,0,0
rocksdb,churn,8870,18.646,156898305,0
rocksdb,churn,8871,17.330,0,0
rocksdb,churn,8872,15.039,0,0
rocksdb,churn,8873,18.206,0,0
rocksdb,churn,8874,20.243,0,0
rocksdb,churn,8875,16.336,0,0
rocksdb,churn,8876,18.287,0,0
rocksdb,churn,8877,16.200,0,0
rocksdb,churn,8878,17.925,0,0
rocksdb,churn,8879,20.853,0,0
rocksdb,churn,8880,14.561,184434694,0
rocksdb,churn,8881,16.463,0,0
rocksdb,churn,8882,20.774,0,0
rocksdb,churn,8883,16.240,0,0
rocksdb,churn,8884,15.390,0,0
rocksdb,churn,8885,19.154,0,0
rocksdb,churn,8886,17.947,0,0
rocksdb,churn,8887,24.266,0,0
rocksdb,churn,8888,25.564,0,0
rocksdb,churn,8889,21.237,0,0
rocksdb,churn,8890,21.955,252430059,0
rocksdb,churn,8891,20.961,0,0
rocksdb,churn,8892,21.329,0,0
rocksdb,churn,8893,19.275,0,0
rocksdb,churn,8894,20.433,0,0
rocksdb,churn,8895,20.771,0,0
rocksdb,churn,8896,17.019,0,0
rocksdb,churn,8897,16.808,0,0
rocksdb,churn,8898,19.449,0,0
rocksdb,churn,8899,22.062,0,0
rocksdb,churn,8900,21.447,180641483,0
rocksdb,churn,8901,20.877,0,0
rocksdb,churn,8902,16.896,0,0
rocksdb,churn,8903,21.104,0,0
rocksdb,churn,8904,14.610,0,0
rocksdb,churn,8905,15.828,0,0
rocksdb,churn,8906,22.070,0,0
rocksdb,churn,8907,18.918,0,0
rocksdb,churn,8908,20.851,0,0
rocksdb,churn,8909,19.503,0,0
rocksdb,churn,8910,20.073,208982390,0
rocksdb,churn,8911,15.879,0,0
rocksdb,churn,8912,20.636,0,0
rocksdb,churn,8913,17.826,0,0
rocksdb,churn,8914,19.726,0,0
rocksdb,churn,8915,16.888,0,0
rocksdb,churn,8916,20.270,0,0
rocksdb,churn,8917,17.627,0,0
rocksdb,churn,8918,16.610,0,0
rocksdb,churn,8919,18.857,0,0
rocksdb,churn,8920,17.997,174400395,0
rocksdb,churn,8921,23.577,0,0
rocksdb,churn,8922,16.610,0,0
rocksdb,churn,8923,18.612,0,0
rocksdb,churn,8924,24.740,0,0
rocksdb,churn,8925,11.998,0,0
rocksdb,churn,8926,21.305,0,0
rocksdb,churn,8927,13.893,0,0
rocksdb,churn,8928,16.434,0,0
rocksdb,churn,8929,15.394,0,0
rocksdb,churn,8930,22.049,201215118,0
rocksdb,churn,8931,16.692,0,0
rocksdb,churn,8932,19.845,0,0
rocksdb,churn,8933,18.953,0,0
rocksdb,churn,8934,19.159,0,0
rocksdb,churn,8935,16.973,0,0
rocksdb,churn,8936,15.469,0,0
rocksdb,churn,8937,12.565,0,0
rocksdb,churn,8938,12.537,0,0
rocksdb,churn,8939,23.808,0,0
rocksdb,churn,8940,16.722,165453146,0
rocksdb,churn,8941,18.151,0,0
rocksdb,churn,8942,19.874,0,0
rocksdb,churn,8943,18.434,0,0
rocksdb,churn,8944,19.189,0,0
rocksdb,churn,8945,16.006,0,0
rocksdb,churn,8946,19.696,0,0
rocksdb,churn,8947,25.548,0,0
rocksdb,churn,8948,14.342,0,0
rocksdb,churn,8949,17.686,0,0
rocksdb,churn,8950,17.781,193142403,0
rocksdb,churn,8951,17.925,0,0
rocksdb,churn,8952,16.435,0,0
rocksdb,churn,8953,15.864,0,0
rocksdb,churn,8954,22.195,0,0
rocksdb,churn,8955,11.874,0,0
rocksdb,churn,8956,23.138,0,0
rocksdb,churn,8957,19.302,0,0
rocksdb,churn,8958,16.657,0,0
rocksdb,churn,8959,15.994,0,0
rocksdb,churn,8960,11.483,157611910,0
rocksdb,churn,8961,16.263,0,0
rocksdb,churn,8962,16.468,0,0
rocksdb,churn,8963,12.203,0,0
rocksdb,churn,8964,15.720,0,0
rocksdb,churn,8965,14.441,0,0
rocksdb,churn,8966,13.315,0,0
rocksdb,churn,8967,18.319,0,0
rocksdb,churn,8968,18.584,0,0
rocksdb,churn,8969,12.107,0,0
rocksdb,churn,8970,13.538,185986803,0
rocksdb,churn,8971,12.585,0,0
rocksdb,churn,8972,15.809,0,0
rocksdb,churn,8973,16.321,0,0
rocksdb,churn,8974,18.195,0,0
rocksdb,churn,8975,20.597,0,0
rocksdb,churn,8976,14.296,0,0
rocksdb,churn,8977,20.604,0,0
rocksdb,churn,8978,17.629,0,0
rocksdb,churn,8979,20.089,0,0
rocksdb,churn,8980,18.596,218863030,0
rocksdb,churn,8981,16.008,0,0
rocksdb,churn,8982,20.962,0,0
rocksdb,churn,8983,16.187,0,0
rocksdb,churn,8984,19.023,0,0
rocksdb,churn,8985,24.331,0,0
rocksdb,churn,8986,15.968,0,0
rocksdb,churn,8987,15.695,0,0
rocksdb,churn,8988,17.174,0,0
rocksdb,churn,8989,16.144,0,0
rocksdb,churn,8990,18.975,177890100,0
rocksdb,churn,8991,26.891,0,0
rocksdb,churn,8992,18.700,0,0
rocksdb,churn,8993,16.771,0,0
rocksdb,churn,8994,26.933,0,0
rocksdb,churn,8995,22.848,0,0
rocksdb,churn,8996,25.684,0,0
rocksdb,churn,8997,20.275,0,0
rocksdb,churn,8998,21.811,0,0
rocksdb,churn,8999,20.114,0,0
rocksdb,churn,9000,20.038,207000913,0
rocksdb,churn,9001,18.015,0,0
rocksdb,churn,9002,17.433,0,0
rocksdb,churn,9003,22.583,0,0
rocksdb,churn,9004,20.032,0,0
rocksdb,churn,9005,20.521,0,0
rocksdb,churn,9006,21.118,0,0
rocksdb,churn,9007,19.488,0,0
rocksdb,churn,9008,16.160,0,0
rocksdb,churn,9009,18.346,0,0
rocksdb,churn,9010,19.534,173353470,0
rocksdb,churn,9011,17.004,0,0
rocksdb,churn,9012,24.262,0,0
rocksdb,churn,9013,13.862,0,0
rocksdb,churn,9014,23.987,0,0
rocksdb,churn,9015,18.526,0,0
rocksdb,churn,9016,19.731,0,0
rocksdb,churn,9017,19.483,0,0
rocksdb,churn,9018,19.093,0,0
rocksdb,churn,9019,18.066,0,0
rocksdb,churn,9020,22.059,205903161,0
rocksdb,churn,9021,20.375,0,0
rocksdb,churn,9022,19.116,0,0
rocksdb,churn,9023,19.908,0,0
rocksdb,churn,9024,22.735,0,0
rocksdb,churn,9025,19.941,0,0
rocksdb,churn,9026,24.418,0,0
rocksdb,churn,9027,21.467,0,0
rocksdb,churn,9028,25.075,0,0
rocksdb,churn,9029,16.966,0,0
rocksdb,churn,9030,17.050,166405928,0
rocksdb,churn,9031,16.407,0,0
rocksdb,churn,9032,18.831,0,0
rocksdb,churn,9033,26.050,0,0
rocksdb,churn,9034,19.642,0,0
rocksdb,churn,9035,17.487,0,0
rocksdb,churn,9036,19.986,0,0
rocksdb,churn,9037,27.979,0,0
rocksdb,churn,9038,14.203,0,0
rocksdb,churn,9039,17.726,0,0
rocksdb,churn,9040,18.018,196182971,0
rocksdb,churn,9041,20.673,0,0
rocksdb,churn,9042,11.105,0,0
rocksdb,churn,9043,15.260,0,0
rocksdb,churn,9044,15.700,0,0
rocksdb,churn,9045,14.552,0,0
rocksdb,churn,9046,17.719,0,0
rocksdb,churn,9047,20.684,0,0
rocksdb,churn,9048,15.267,0,0
rocksdb,churn,9049,18.293,0,0
rocksdb,churn,9050,12.597,157161738,0
rocksdb,churn,9051,22.928,0,0
rocksdb,churn,9052,19.188,0,0
rocksdb,churn,9053,18.287,0,0
rocksdb,churn,9054,26.177,0,0
rocksdb,churn,9055,16.025,0,0
rocksdb,churn,9056,17.268,0,0
rocksdb,churn,9057,17.913,0,0
rocksdb,churn,9058,21.081,0,0
rocksdb,churn,9059,22.062,0,0
rocksdb,churn,9060,20.186,186840836,0
rocksdb,churn,9061,15.439,0,0
rocksdb,churn,9062,19.781,0,0
rocksdb,churn,9063,18.124,0,0
rocksdb,churn,9064,21.160,0,0
rocksdb,churn,9065,17.109,0,0
rocksdb,churn,9066,19.103,0,0
rocksdb,churn,9067,22.888,0,0
rocksdb,churn,9068,17.803,0,0
rocksdb,churn,9069,17.155,0,0
rocksdb,churn,9070,16.884,220294757,0
rocksdb,churn,9071,16.162,0,0
rocksdb,churn,9072,13.833,0,0
rocksdb,churn,9073,22.106,0,0
rocksdb,churn,9074,17.137,0,0
rocksdb,churn,9075,18.958,0,0
rocksdb,churn,9076,20.253,0,0
rocksdb,churn,9077,18.116,0,0
rocksdb,churn,9078,18.351,0,0
rocksdb,churn,9079,21.112,0,0
rocksdb,churn,9080,17.682,176624862,0
rocksdb,churn,9081,18.853,0,0
rocksdb,churn,9082,19.599,0,0
rocksdb,churn,9083,15.847,0,0
rocksdb,churn,9084,20.205,0,0
rocksdb,churn,9085,20.802,0,0
rocksdb,churn,9086,21.610,0,0
rocksdb,churn,9087,20.020,0,0
rocksdb,churn,9088,22.285,0,0
rocksdb,churn,9089,22.155,0,0
rocksdb,churn,9090,22.664,205160595,0
rocksdb,churn,9091,16.965,0,0
rocksdb,churn,9092,20.400,0,0
rocksdb,churn,9093,16.776,0,0
rocksdb,churn,9094,17.777,0,0
rocksdb,churn,9095,16.633,0,0
rocksdb,churn,9096,19.911,0,0
rocksdb,churn,9097,20.003,0,0
rocksdb,churn,9098,21.738,0,0
rocksdb,churn,9099,20.232,0,0
rocksdb,churn,9100,22.155,172666806,0
rocksdb,churn,9101,22.168,0,0
rocksdb,churn,9102,19.063,0,0
rocksdb,churn,9103,24.571,0,0
rocksdb,churn,9104,21.153,0,0
rocksdb,churn,9105,20.116,0,0
rocksdb,churn,9106,20.483,0,0
rocksdb,churn,9107,19.250,0,0
rocksdb,churn,9108,22.070,0,0
rocksdb,churn,9109,16.140,0,0
rocksdb,churn,9110,20.598,200158532,0
rocksdb,churn,9111,16.492,0,0
rocksdb,churn,9112,19.315,0,0
rocksdb,churn,9113,20.587,0,0
rocksdb,churn,9114,37.990,0,0
rocksdb,churn,9115,29.552,0,0
rocksdb,churn,9116,20.895,0,0
rocksdb,churn,9117,23.232,0,0
rocksdb,churn,9118,28.156,0,0
rocksdb,churn,9119,13.218,0,0
rocksdb,churn,9120,16.254,159676200,0
rocksdb,churn,9121,17.106,0,0
rocksdb,churn,9122,17.138,0,0
rocksdb,churn,9123,21.829,0,0
rocksdb,churn,9124,19.725,0,0
rocksdb,churn,9125,24.539,0,0
rocksdb,churn,9126,22.910,0,0
rocksdb,churn,9127,17.491,0,0
rocksdb,churn,9128,19.861,0,0
rocksdb,churn,9129,19.191,0,0
rocksdb,churn,9130,18.723,189278724,0
rocksdb,churn,9131,16.539,0,0
rocksdb,churn,9132,19.499,0,0
rocksdb,churn,9133,19.444,0,0
rocksdb,churn,9134,17.636,0,0
rocksdb,churn,9135,16.389,0,0
rocksdb,churn,9136,16.681,0,0
rocksdb,churn,9137,19.231,0,0
rocksdb,churn,9138,23.540,0,0
rocksdb,churn,9139,16.032,0,0
rocksdb,churn,9140,21.357,156911737,0
rocksdb,churn,9141,18.474,0,0
rocksdb,churn,9142,21.345,0,0
rocksdb,churn,9143,18.496,0,0
rocksdb,churn,9144,16.044,0,0
rocksdb,churn,9145,19.250,0,0
rocksdb,churn,9146,20.460,0,0
rocksdb,churn,9147,14.194,0,0
rocksdb,churn,9148,16.149,0,0
rocksdb,churn,9149,18.706,0,0
rocksdb,churn,9150,20.025,184464178,0
rocksdb,churn,9151,15.322,0,0
rocksdb,churn,9152,17.329,0,0
rocksdb,churn,9153,20.568,0,0
rocksdb,churn,9154,11.969,0,0
rocksdb,churn,9155,23.219,0,0
rocksdb,churn,9156,14.073,0,0
rocksdb,churn,9157,16.924,0,0
rocksdb,churn,9158,19.740,0,0
rocksdb,churn,9159,17.332,0,0
rocksdb,churn,9160,16.541,213949250,0
rocksdb,churn,9161,19.490,0,0
rocksdb,churn,9162,15.432,0,0
rocksdb,churn,9163,16.436,0,0
rocksdb,churn,9164,18.742,0,0
rocksdb,churn,9165,14.709,0,0
rocksdb,churn,9166,20.018,0,0
rocksdb,churn,9167,19.599,0,0
rocksdb,churn,9168,12.698,0,0
rocksdb,churn,9169,20.184,0,0
rocksdb,churn,9170,11.848,175569736,0
rocksdb,churn,9171,15.828,0,0
rocksdb,churn,9172,26.158,0,0
rocksdb,churn,9173,14.973,0,0
rocksdb,churn,9174,16.790,0,0
rocksdb,churn,9175,17.258,0,0
rocksdb,churn,9176,12.938,0,0
rocksdb,churn,9177,17.056,0,0
rocksdb,churn,9178,17.423,0,0
rocksdb,churn,9179,17.280,0,0
rocksdb,churn,9180,12.217,200102185,0
rocksdb,churn,9181,12.839,0,0
rocksdb,churn,9182,18.700,0,0
rocksdb,churn,9183,19.499,0,0
rocksdb,churn,9184,16.013,0,0
rocksdb,churn,9185,19.293,0,0
rocksdb,churn,9186,15.966,0,0
rocksdb,churn,9187,17.385,0,0
rocksdb,churn,9188,15.936,0,0
rocksdb,churn,9189,19.100,0,0
rocksdb,churn,9190,12.292,170856967,0
rocksdb,churn,9191,14.693,0,0
rocksdb,churn,9192,15.515,0,0
rocksdb,churn,9193,13.584,0,0
rocksdb,churn,9194,12.664,0,0
rocksdb,churn,9195,11.542,0,0
rocksdb,churn,9196,16.502,0,0
rocksdb,churn,9197,20.029,0,0
rocksdb,churn,9198,13.196,0,0
rocksdb,churn,9199,11.965,0,0
rocksdb,churn,9200,18.967,193429857,0
rocksdb,churn,9201,14.579,0,0
rocksdb,churn,9202,15.191,0,0
rocksdb,churn,9203,14.843,0,0
rocksdb,churn,9204,15.201,0,0
rocksdb,churn,9205,15.245,0,0
rocksdb,churn,9206,20.106,0,0
rocksdb,churn,9207,19.263,0,0
rocksdb,churn,9208,18.241,0,0
rocksdb,churn,9209,22.661,0,0
rocksdb,churn,9210,20.018,165084705,0
rocksdb,churn,9211,25.598,0,0
rocksdb,churn,9212,11.570,0,0
rocksdb,churn,9213,17.699,0,0
rocksdb,churn,9214,18.893,0,0
rocksdb,churn,9215,18.483,0,0
rocksdb,churn,9216,13.681,0,0
rocksdb,churn,9217,16.487,0,0
rocksdb,churn,9218,11.023,0,0
rocksdb,churn,9219,16.166,0,0
rocksdb,churn,9220,13.061,192563177,0
rocksdb,churn,9221,17.241,0,0
rocksdb,churn,9222,18.491,0,0
rocksdb,churn,9223,13.261,0,0
rocksdb,churn,9224,15.653,0,0
rocksdb,churn,9225,16.454,0,0
rocksdb,churn,9226,15.079,0,0
rocksdb,churn,9227,14.828,0,0
rocksdb,churn,9228,16.360,0,0
rocksdb,churn,9229,18.333,0,0
rocksdb,churn,9230,19.212,157255026,0
rocksdb,churn,9231,15.897,0,0
rocksdb,churn,9232,21.915,0,0
rocksdb,churn,9233,15.508,0,0
rocksdb,churn,9234,19.957,0,0
rocksdb,churn,9235,13.572,0,0
rocksdb,churn,9236,18.052,0,0
rocksdb,churn,9237,20.848,0,0
rocksdb,churn,9238,18.466,0,0
rocksdb,churn,9239,20.188,0,0
rocksdb,churn,9240,19.476,184997869,0
rocksdb,churn,9241,18.737,0,0
rocksdb,churn,9242,15.494,0,0
rocksdb,churn,9243,19.616,0,0
rocksdb,churn,9244,19.223,0,0
rocksdb,churn,9245,17.887,0,0
rocksdb,churn,9246,16.672,0,0
rocksdb,churn,9247,21.710,0,0
rocksdb,churn,9248,19.982,0,0
rocksdb,churn,9249,17.837,0,0
rocksdb,churn,9250,17.512,254150263,0
rocksdb,churn,9251,13.670,0,0
rocksdb,churn,9252,17.441,0,0
rocksdb,churn,9253,15.106,0,0
rocksdb,churn,9254,15.991,0,0
rocksdb,churn,9255,17.509,0,0
rocksdb,churn,9256,15.887,0,0
rocksdb,churn,9257,14.060,0,0
rocksdb,churn,9258,17.255,0,0
rocksdb,churn,9259,15.395,0,0
rocksdb,churn,9260,17.000,175875516,0
rocksdb,churn,9261,17.130,0,0
rocksdb,churn,9262,14.101,0,0
rocksdb,churn,9263,19.415,0,0
rocksdb,churn,9264,17.165,0,0
rocksdb,churn,9265,17.167,0,0
rocksdb,churn,9266,21.542,0,0
rocksdb,churn,9267,20.982,0,0
rocksdb,churn,9268,15.857,0,0
rocksdb,churn,9269,11.773,0,0
rocksdb,churn,9270,15.087,204194679,0
rocksdb,churn,9271,15.329,0,0
rocksdb,churn,9272,18.444,0,0
rocksdb,churn,9273,15.180,0,0
rocksdb,churn,9274,11.847,0,0
rocksdb,churn,9275,22.428,0,0
rocksdb,churn,9276,11.054,0,0
rocksdb,churn,9277,14.602,0,0
rocksdb,churn,9278,12.802,0,0
rocksdb,churn,9279,20.483,0,0
rocksdb,churn,9280,14.618,165667467,0
rocksdb,churn,9281,13.977,0,0
rocksdb,churn,9282,16.556,0,0
rocksdb,churn,9283,18.697,0,0
rocksdb,churn,9284,14.514,0,0
rocksdb,churn,9285,18.161,0,0
rocksdb,churn,9286,19.839,0,0
rocksdb,churn,9287,17.439,0,0
rocksdb,churn,9288,15.518,0,0
rocksdb,churn,9289,15.552,0,0
rocksdb,churn,9290,15.922,188075669,0
rocksdb,churn,9291,13.590,0,0
rocksdb,churn,9292,14.972,0,0
rocksdb,churn,9293,21.896,0,0
rocksdb,churn,9294,17.217,0,0
rocksdb,churn,9295,20.626,0,0
rocksdb,churn,9296,21.108,0,0
rocksdb,churn,9297,19.503,0,0
rocksdb,churn,9298,14.026,0,0
rocksdb,churn,9299,17.913,0,0
rocksdb,churn,9300,16.781,165887303,0
rocksdb,churn,9301,16.492,0,0
rocksdb,churn,9302,20.699,0,0
rocksdb,churn,9303,19.263,0,0
rocksdb,churn,9304,17.744,0,0
rocksdb,churn,9305,19.406,0,0
rocksdb,churn,9306,18.224,0,0
rocksdb,churn,9307,19.016,0,0
rocksdb,churn,9308,21.073,0,0
rocksdb,churn,9309,20.693,0,0
rocksdb,churn,9310,13.595,194575255,0
rocksdb,churn,9311,19.793,0,0
rocksdb,churn,9312,20.205,0,0
rocksdb,churn,9313,17.654,0,0
rocksdb,churn,9314,22.282,0,0
rocksdb,churn,9315,16.632,0,0
rocksdb,churn,9316,17.936,0,0
rocksdb,churn,9317,19.357,0,0
rocksdb,churn,9318,19.164,0,0
rocksdb,churn,9319,20.042,0,0
rocksdb,churn,9320,20.568,156175231,0
rocksdb,churn,9321,26.601,0,0
rocksdb,churn,9322,17.444,0,0
rocksdb,churn,9323,16.201,0,0
rocksdb,churn,9324,17.237,0,0
rocksdb,churn,9325,21.861,0,0
rocksdb,churn,9326,15.514,0,0
rocksdb,churn,9327,18.489,0,0
rocksdb,churn,9328,15.543,0,0
rocksdb,churn,9329,23.939,0,0
rocksdb,churn,9330,19.839,189820682,0
rocksdb,churn,9331,20.523,0,0
rocksdb,churn,9332,18.510,0,0
rocksdb,churn,9333,16.180,0,0
rocksdb,churn,9334,17.329,0,0
rocksdb,churn,9335,16.287,0,0
rocksdb,churn,9336,18.613,0,0
rocksdb,churn,9337,19.427,0,0
rocksdb,churn,9338,16.300,0,0
rocksdb,churn,9339,15.108,0,0
rocksdb,churn,9340,20.541,238295701,0
rocksdb,churn,9341,13.060,0,0
rocksdb,churn,9342,20.808,0,0
rocksdb,churn,9343,19.305,0,0
rocksdb,churn,9344,15.717,0,0
rocksdb,churn,9345,18.249,0,0
rocksdb,churn,9346,18.463,0,0
rocksdb,churn,9347,19.825,0,0
rocksdb,churn,9348,16.956,0,0
rocksdb,churn,9349,16.709,0,0
rocksdb,churn,9350,20.351,176783498,0
rocksdb,churn,9351,15.422,0,0
rocksdb,churn,9352,19.545,0,0
rocksdb,churn,9353,17.547,0,0
rocksdb,churn,9354,13.958,0,0
rocksdb,churn,9355,18.069,0,0
rocksdb,churn,9356,10.587,0,0
rocksdb,churn,9357,14.629,0,0
rocksdb,churn,9358,15.381,0,0
rocksdb,churn,9359,16.060,0,0
rocksdb,churn,9360,10.866,203024902,0
rocksdb,churn,9361,17.977,0,0
rocksdb,churn,9362,16.014,0,0
rocksdb,churn,9363,14.353,0,0
rocksdb,churn,9364,14.964,0,0
rocksdb,churn,9365,22.216,0,0
rocksdb,churn,9366,17.241,0,0
rocksdb,churn,9367,13.021,0,0
rocksdb,churn,9368,16.381,0,0
rocksdb,churn,9369,15.755,0,0
rocksdb,churn,9370,22.179,166589114,0
rocksdb,churn,9371,15.530,0,0
rocksdb,churn,9372,17.004,0,0
rocksdb,churn,9373,15.236,0,0
rocksdb,churn,9374,11.892,0,0
rocksdb,churn,9375,14.887,0,0
rocksdb,churn,9376,20.115,0,0
rocksdb,churn,9377,15.879,0,0
rocksdb,churn,9378,15.322,0,0
rocksdb,churn,9379,35.235,0,0
rocksdb,churn,9380,30.410,194955441,0
rocksdb,churn,9381,22.839,0,0
rocksdb,churn,9382,17.998,0,0
rocksdb,churn,9383,13.846,0,0
rocksdb,churn,9384,15.391,0,0
rocksdb,churn,9385,17.012,0,0
rocksdb,churn,9386,36.144,0,0
rocksdb,churn,9387,28.270,0,0
rocksdb,churn,9388,15.585,0,0
rocksdb,churn,9389,18.584,0,0
rocksdb,churn,9390,12.662,163429914,0
rocksdb,churn,9391,12.087,0,0
rocksdb,churn,9392,18.012,0,0
rocksdb,churn,9393,12.836,0,0
rocksdb,churn,9394,12.593,0,0
rocksdb,churn,9395,15.453,0,0
rocksdb,churn,9396,15.620,0,0
rocksdb,churn,9397,22.307,0,0
rocksdb,churn,9398,16.089,0,0
rocksdb,churn,9399,27.381,0,0
rocksdb,churn,9400,20.201,186956848,0
rocksdb,churn,9401,12.884,0,0
rocksdb,churn,9402,19.203,0,0
rocksdb,churn,9403,13.238,0,0
rocksdb,churn,9404,20.064,0,0
rocksdb,churn,9405,12.381,0,0
rocksdb,churn,9406,16.281,0,0
rocksdb,churn,9407,11.200,0,0
rocksdb,churn,9408,13.382,0,0
rocksdb,churn,9409,19.231,0,0
rocksdb,churn,9410,17.043,270668259,0
rocksdb,churn,9411,17.995,0,0
rocksdb,churn,9412,19.749,0,0
rocksdb,churn,9413,12.629,0,0
rocksdb,churn,9414,19.051,0,0
rocksdb,churn,9415,18.841,0,0
rocksdb,churn,9416,10.404,0,0
rocksdb,churn,9417,15.422,0,0
rocksdb,churn,9418,12.954,0,0
rocksdb,churn,9419,13.683,0,0
rocksdb,churn,9420,16.645,177959587,0
rocksdb,churn,9421,15.454,0,0
rocksdb,churn,9422,18.400,0,0
rocksdb,churn,9423,19.316,0,0
rocksdb,churn,9424,14.467,0,0
rocksdb,churn,9425,15.260,0,0
rocksdb,churn,9426,18.111,0,0
rocksdb,churn,9427,15.000,0,0
rocksdb,churn,9428,18.390,0,0
rocksdb,churn,9429,21.266,0,0
rocksdb,churn,9430,18.659,202463023,0
rocksdb,churn,9431,19.775,0,0
rocksdb,churn,9432,16.602,0,0
rocksdb,churn,9433,18.508,0,0
rocksdb,churn,9434,14.558,0,0
rocksdb,churn,9435,15.041,0,0
rocksdb,churn,9436,15.087,0,0
rocksdb,churn,9437,16.889,0,0
rocksdb,churn,9438,14.825,0,0
rocksdb,churn,9439,19.285,0,0
rocksdb,churn,9440,15.462,176230129,0
rocksdb,churn,9441,16.165,0,0
rocksdb,churn,9442,18.378,0,0
rocksdb,churn,9443,11.996,0,0
rocksdb,churn,9444,15.533,0,0
rocksdb,churn,9445,16.090,0,0
rocksdb,churn,9446,15.289,0,0
rocksdb,churn,9447,13.471,0,0
rocksdb,churn,9448,16.322,0,0
rocksdb,churn,9449,18.839,0,0
rocksdb,churn,9450,15.807,198642241,0
rocksdb,churn,9451,13.276,0,0
rocksdb,churn,9452,17.922,0,0
rocksdb,churn,9453,10.956,0,0
rocksdb,churn,9454,16.072,0,0
rocksdb,churn,9455,17.479,0,0
rocksdb,churn,9456,17.106,0,0
rocksdb,churn,9457,12.022,0,0
rocksdb,churn,9458,18.881,0,0
rocksdb,churn,9459,15.558,0,0
rocksdb,churn,9460,16.852,168502716,0
rocksdb,churn,9461,26.882,0,0
rocksdb,churn,9462,17.517,0,0
rocksdb,churn,9463,14.877,0,0
rocksdb,churn,9464,24.756,0,0
rocksdb,churn,9465,16.393,0,0
rocksdb,churn,9466,19.093,0,0
rocksdb,churn,9467,18.926,0,0
rocksdb,churn,9468,15.180,0,0
rocksdb,churn,9469,20.898,0,0
rocksdb,churn,9470,14.832,195869191,0
rocksdb,churn,9471,16.888,0,0
rocksdb,churn,9472,13.316,0,0
rocksdb,churn,9473,14.683,0,0
rocksdb,churn,9474,18.334,0,0
rocksdb,churn,9475,16.836,0,0
rocksdb,churn,9476,19.454,0,0
rocksdb,churn,9477,15.574,0,0
rocksdb,churn,9478,12.266,0,0
rocksdb,churn,9479,14.478,0,0
rocksdb,churn,9480,12.932,161395732,0
rocksdb,churn,9481,15.987,0,0
rocksdb,churn,9482,16.090,0,0
rocksdb,churn,9483,16.000,0,0
rocksdb,churn,9484,16.937,0,0
rocksdb,churn,9485,16.525,0,0
rocksdb,churn,9486,25.810,0,0
rocksdb,churn,9487,19.248,0,0
rocksdb,churn,9488,10.840,0,0
rocksdb,churn,9489,19.534,0,0
rocksdb,churn,9490,20.677,188739403,0
rocksdb,churn,9491,15.052,0,0
rocksdb,churn,9492,16.569,0,0
rocksdb,churn,9493,21.723,0,0
rocksdb,churn,9494,20.436,0,0
rocksdb,churn,9495,20.413,0,0
rocksdb,churn,9496,18.132,0,0
rocksdb,churn,9497,17.208,0,0
rocksdb,churn,9498,22.380,0,0
rocksdb,churn,9499,16.240,0,0
rocksdb,churn,9500,16.533,264329702,0
rocksdb,churn,9501,32.366,0,0
rocksdb,churn,9502,24.778,0,0
rocksdb,churn,9503,13.262,0,0
rocksdb,churn,9504,15.118,0,0
rocksdb,churn,9505,16.978,0,0
rocksdb,churn,9506,18.060,0,0
rocksdb,churn,9507,12.853,0,0
rocksdb,churn,9508,33.409,0,0
rocksdb,churn,9509,14.523,0,0
rocksdb,churn,9510,13.698,176938140,0
rocksdb,churn,9511,26.165,0,0
rocksdb,churn,9512,21.624,0,0
rocksdb,churn,9513,19.672,0,0
rocksdb,churn,9514,14.672,0,0
rocksdb,churn,9515,15.804,0,0
rocksdb,churn,9516,15.981,0,0
rocksdb,churn,9517,13.754,0,0
rocksdb,churn,9518,14.996,0,0
rocksdb,churn,9519,17.345,0,0
rocksdb,churn,9520,19.326,206504245,0
rocksdb,churn,9521,22.768,0,0
rocksdb,churn,9522,17.296,0,0
rocksdb,churn,9523,16.864,0,0
rocksdb,churn,9524,16.856,0,0
rocksdb,churn,9525,15.905,0,0
rocksdb,churn,9526,16.121,0,0
rocksdb,churn,9527,23.009,0,0
rocksdb,churn,9528,15.467,0,0
rocksdb,churn,9529,17.739,0,0
rocksdb,churn,9530,21.296,174998158,0
rocksdb,churn,9531,11.470,0,0
rocksdb,churn,9532,13.968,0,0
rocksdb,churn,9533,14.800,0,0
rocksdb,churn,9534,16.972,0,0
rocksdb,churn,9535,19.282,0,0
rocksdb,churn,9536,17.751,0,0
rocksdb,churn,9537,16.918,0,0
rocksdb,churn,9538,19.754,0,0
rocksdb,churn,9539,17.590,0,0
rocksdb,churn,9540,15.837,200600655,0
rocksdb,churn,9541,14.985,0,0
rocksdb,churn,9542,12.497,0,0
rocksdb,churn,9543,17.909,0,0
rocksdb,churn,9544,18.179,0,0
rocksdb,churn,9545,17.724,0,0
rocksdb,churn,9546,20.111,0,0
rocksdb,churn,9547,13.777,0,0
rocksdb,churn,9548,13.407,0,0
rocksdb,churn,9549,16.400,0,0
rocksdb,churn,9550,17.189,169344317,0
rocksdb,churn,9551,16.180,0,0
rocksdb,churn,9552,16.885,0,0
rocksdb,churn,9553,18.148,0,0
rocksdb,churn,9554,15.130,0,0
rocksdb,churn,9555,13.870,0,0
rocksdb,churn,9556,11.762,0,0
rocksdb,churn,9557,13.323,0,0
rocksdb,churn,9558,16.709,0,0
rocksdb,churn,9559,16.173,0,0
rocksdb,churn,9560,16.971,192763913,0
rocksdb,churn,9561,12.115,0,0
rocksdb,churn,9562,13.804,0,0
rocksdb,churn,9563,16.646,0,0
rocksdb,churn,9564,15.399,0,0
rocksdb,churn,9565,14.555,0,0
rocksdb,churn,9566,12.023,0,0
rocksdb,churn,9567,11.325,0,0
rocksdb,churn,9568,17.154,0,0
rocksdb,churn,9569,14.832,0,0
rocksdb,churn,9570,16.079,164278944,0
rocksdb,churn,9571,18.356,0,0
rocksdb,churn,9572,19.905,0,0
rocksdb,churn,9573,23.607,0,0
rocksdb,churn,9574,11.735,0,0
rocksdb,churn,9575,15.428,0,0
rocksdb,churn,9576,19.170,0,0
rocksdb,churn,9577,18.342,0,0
rocksdb,churn,9578,16.904,0,0
rocksdb,churn,9579,16.243,0,0
rocksdb,churn,9580,16.144,187947306,0
rocksdb,churn,9581,14.764,0,0
rocksdb,churn,9582,18.787,0,0
rocksdb,churn,9583,14.698,0,0
rocksdb,churn,9584,12.062,0,0
rocksdb,churn,9585,16.299,0,0
rocksdb,churn,9586,16.578,0,0
rocksdb,churn,9587,14.737,0,0
rocksdb,churn,9588,18.418,0,0
rocksdb,churn,9589,17.646,0,0
rocksdb,churn,9590,17.734,157499412,0
rocksdb,churn,9591,17.299,0,0
rocksdb,churn,9592,16.585,0,0
rocksdb,churn,9593,15.081,0,0
rocksdb,churn,9594,13.992,0,0
rocksdb,churn,9595,11.028,0,0
rocksdb,churn,9596,16.969,0,0
rocksdb,churn,9597,15.333,0,0
rocksdb,churn,9598,15.255,0,0
rocksdb,churn,9599,14.081,0,0
rocksdb,churn,9600,16.347,183840840,0
rocksdb,churn,9601,20.012,0,0
rocksdb,churn,9602,17.530,0,0
rocksdb,churn,9603,18.988,0,0
rocksdb,churn,9604,18.786,0,0
rocksdb,churn,9605,15.989,0,0
rocksdb,churn,9606,20.221,0,0
rocksdb,churn,9607,17.961,0,0
rocksdb,churn,9608,18.946,0,0
rocksdb,churn,9609,23.517,0,0
rocksdb,churn,9610,17.331,210377800,0
rocksdb,churn,9611,13.239,0,0
rocksdb,churn,9612,15.460,0,0
rocksdb,churn,9613,15.327,0,0
rocksdb,churn,9614,17.899,0,0
rocksdb,churn,9615,13.380,0,0
rocksdb,churn,9616,10.581,0,0
rocksdb,churn,9617,16.159,0,0
rocksdb,churn,9618,17.935,0,0
rocksdb,churn,9619,13.001,0,0
rocksdb,churn,9620,12.562,174175743,0
rocksdb,churn,9621,17.968,0,0
rocksdb,churn,9622,16.136,0,0
rocksdb,churn,9623,12.256,0,0
rocksdb,churn,9624,11.122,0,0
rocksdb,churn,9625,19.826,0,0
rocksdb,churn,9626,23.500,0,0
rocksdb,churn,9627,19.945,0,0
rocksdb,churn,9628,14.006,0,0
rocksdb,churn,9629,17.329,0,0
rocksdb,churn,9630,13.231,201502017,0
rocksdb,churn,9631,13.912,0,0
rocksdb,churn,9632,11.591,0,0
rocksdb,churn,9633,19.360,0,0
rocksdb,churn,9634,30.882,0,0
rocksdb,churn,9635,17.246,0,0
rocksdb,churn,9636,29.008,0,0
rocksdb,churn,9637,26.532,0,0
rocksdb,churn,9638,37.869,0,0
rocksdb,churn,9639,28.663,0,0
rocksdb,churn,9640,29.183,173269257,0
rocksdb,churn,9641,44.347,0,0
rocksdb,churn,9642,17.948,0,0
rocksdb,churn,9643,18.239,0,0
rocksdb,churn,9644,24.119,0,0
rocksdb,churn,9645,21.003,0,0
rocksdb,churn,9646,14.704,0,0
rocksdb,churn,9647,19.489,0,0
rocksdb,churn,9648,24.535,0,0
rocksdb,churn,9649,27.412,0,0
rocksdb,churn,9650,15.605,201190584,0
rocksdb,churn,9651,17.688,0,0
rocksdb,churn,9652,19.914,0,0
rocksdb,churn,9653,21.504,0,0
rocksdb,churn,9654,15.392,0,0
rocksdb,churn,9655,20.323,0,0
rocksdb,churn,9656,20.385,0,0
rocksdb,churn,9657,16.101,0,0
rocksdb,churn,9658,19.917,0,0
rocksdb,churn,9659,19.734,0,0
rocksdb,churn,9660,10.001,164571591,0
rocksdb,churn,9661,19.832,0,0
rocksdb,churn,9662,15.229,0,0
rocksdb,churn,9663,20.109,0,0
rocksdb,churn,9664,20.532,0,0
rocksdb,churn,9665,13.953,0,0
rocksdb,churn,9666,17.155,0,0
rocksdb,churn,9667,19.668,0,0
rocksdb,churn,9668,18.469,0,0
rocksdb,churn,9669,20.518,0,0
rocksdb,churn,9670,15.583,191052907,0
rocksdb,churn,9671,18.508,0,0
rocksdb,churn,9672,18.679,0,0
rocksdb,churn,9673,15.172,0,0
rocksdb,churn,9674,16.076,0,0
rocksdb,churn,9675,18.504,0,0
rocksdb,churn,9676,19.133,0,0
rocksdb,churn,9677,20.630,0,0
rocksdb,churn,9678,17.122,0,0
rocksdb,churn,9679,17.396,0,0
rocksdb,churn,9680,25.900,229845746,0
rocksdb,churn,9681,18.717,0,0
rocksdb,churn,9682,22.337,0,0
rocksdb,churn,9683,27.189,0,0
rocksdb,churn,9684,17.529,0,0
rocksdb,churn,9685,16.425,0,0
rocksdb,churn,9686,24.243,0,0
rocksdb,churn,9687,14.855,0,0
rocksdb,churn,9688,16.625,0,0
rocksdb,churn,9689,18.963,0,0
rocksdb,churn,9690,18.075,189097138,0
rocksdb,churn,9691,20.213,0,0
rocksdb,churn,9692,19.516,0,0
rocksdb,churn,9693,14.864,0,0
rocksdb,churn,9694,19.907,0,0
rocksdb,churn,9695,16.961,0,0
rocksdb,churn,9696,14.709,0,0
rocksdb,churn,9697,21.723,0,0
rocksdb,churn,9698,21.828,0,0
rocksdb,churn,9699,20.798,0,0
rocksdb,churn,9700,22.232,214704412,0
rocksdb,churn,9701,17.155,0,0
rocksdb,churn,9702,17.766,0,0
rocksdb,churn,9703,15.212,0,0
rocksdb,churn,9704,15.485,0,0
rocksdb,churn,9705,11.989,0,0
rocksdb,churn,9706,11.272,0,0
rocksdb,churn,9707,19.249,0,0
rocksdb,churn,9708,13.387,0,0
rocksdb,churn,9709,17.983,0,0
rocksdb,churn,9710,16.418,173067715,0
rocksdb,churn,9711,17.087,0,0
rocksdb,churn,9712,14.888,0,0
rocksdb,churn,9713,18.156,0,0
rocksdb,churn,9714,16.698,0,0
rocksdb,churn,9715,14.445,0,0
rocksdb,churn,9716,15.928,0,0
rocksdb,churn,9717,13.281,0,0
rocksdb,churn,9718,14.761,0,0
rocksdb,churn,9719,17.096,0,0
rocksdb,churn,9720,13.406,199517811,0
rocksdb,churn,9721,19.337,0,0
rocksdb,churn,9722,17.891,0,0
rocksdb,churn,9723,17.500,0,0
rocksdb,churn,9724,16.105,0,0
rocksdb,churn,9725,16.372,0,0
rocksdb,churn,9726,16.646,0,0
rocksdb,churn,9727,14.437,0,0
rocksdb,churn,9728,13.628,0,0
rocksdb,churn,9729,12.558,0,0
rocksdb,churn,9730,11.548,168397569,0
rocksdb,churn,9731,17.415,0,0
rocksdb,churn,9732,12.515,0,0
rocksdb,churn,9733,13.672,0,0
rocksdb,churn,9734,14.329,0,0
rocksdb,churn,9735,15.895,0,0
rocksdb,churn,9736,19.258,0,0
rocksdb,churn,9737,20.355,0,0
rocksdb,churn,9738,21.524,0,0
rocksdb,churn,9739,16.889,0,0
rocksdb,churn,9740,14.720,191750218,0
rocksdb,churn,9741,18.370,0,0
rocksdb,churn,9742,20.454,0,0
rocksdb,churn,9743,20.445,0,0
rocksdb,churn,9744,16.835,0,0
rocksdb,churn,9745,15.649,0,0
rocksdb,churn,9746,16.802,0,0
rocksdb,churn,9747,14.798,0,0
rocksdb,churn,9748,14.508,0,0
rocksdb,churn,9749,11.629,0,0
rocksdb,churn,9750,15.925,161248713,0
rocksdb,churn,9751,19.071,0,0
rocksdb,churn,9752,16.213,0,0
rocksdb,churn,9753,13.153,0,0
rocksdb,churn,9754,16.677,0,0
rocksdb,churn,9755,18.809,0,0
rocksdb,churn,9756,22.217,0,0
rocksdb,churn,9757,14.984,0,0
rocksdb,churn,9758,17.309,0,0
rocksdb,churn,9759,13.365,0,0
rocksdb,churn,9760,13.404,183671395,0
rocksdb,churn,9761,17.556,0,0
rocksdb,churn,9762,15.648,0,0
rocksdb,churn,9763,13.377,0,0
rocksdb,churn,9764,11.957,0,0
rocksdb,churn,9765,15.546,0,0
rocksdb,churn,9766,14.377,0,0
rocksdb,churn,9767,13.155,0,0
rocksdb,churn,9768,12.720,0,0
rocksdb,churn,9769,14.484,0,0
rocksdb,churn,9770,15.370,300960833,0
rocksdb,churn,9771,15.633,0,0
rocksdb,churn,9772,16.257,0,0
rocksdb,churn,9773,14.067,0,0
rocksdb,churn,9774,16.641,0,0
rocksdb,churn,9775,17.659,0,0
rocksdb,churn,9776,17.183,0,0
rocksdb,churn,9777,19.205,0,0
rocksdb,churn,9778,16.536,0,0
rocksdb,churn,9779,18.907,0,0
rocksdb,churn,9780,18.378,186139573,0
rocksdb,churn,9781,18.012,0,0
rocksdb,churn,9782,20.334,0,0
rocksdb,churn,9783,23.119,0,0
rocksdb,churn,9784,19.650,0,0
rocksdb,churn,9785,15.863,0,0
rocksdb,churn,9786,21.641,0,0
rocksdb,churn,9787,19.301,0,0
rocksdb,churn,9788,18.062,0,0
rocksdb,churn,9789,19.698,0,0
rocksdb,churn,9790,16.749,212868170,0
rocksdb,churn,9791,19.499,0,0
rocksdb,churn,9792,14.788,0,0
rocksdb,churn,9793,19.511,0,0
rocksdb,churn,9794,15.919,0,0
rocksdb,churn,9795,19.532,0,0
rocksdb,churn,9796,19.260,0,0
rocksdb,churn,9797,15.022,0,0
rocksdb,churn,9798,13.737,0,0
rocksdb,churn,9799,14.518,0,0
rocksdb,churn,9800,17.084,176091056,0
rocksdb,churn,9801,14.440,0,0
rocksdb,churn,9802,14.556,0,0
rocksdb,churn,9803,17.764,0,0
rocksdb,churn,9804,16.544,0,0
rocksdb,churn,9805,14.833,0,0
rocksdb,churn,9806,13.546,0,0
rocksdb,churn,9807,23.382,0,0
rocksdb,churn,9808,17.097,0,0
rocksdb,churn,9809,17.177,0,0
rocksdb,churn,9810,17.265,200947262,0
rocksdb,churn,9811,15.521,0,0
rocksdb,churn,9812,17.257,0,0
rocksdb,churn,9813,14.969,0,0
rocksdb,churn,9814,16.948,0,0
rocksdb,churn,9815,13.512,0,0
rocksdb,churn,9816,15.764,0,0
rocksdb,churn,9817,11.991,0,0
rocksdb,churn,9818,16.648,0,0
rocksdb,churn,9819,26.292,0,0
rocksdb,churn,9820,16.745,168804874,0
rocksdb,churn,9821,13.932,0,0
rocksdb,churn,9822,16.446,0,0
rocksdb,churn,9823,13.524,0,0
rocksdb,churn,9824,16.853,0,0
rocksdb,churn,9825,15.661,0,0
rocksdb,churn,9826,17.925,0,0
rocksdb,churn,9827,17.610,0,0
rocksdb,churn,9828,16.221,0,0
rocksdb,churn,9829,11.488,0,0
rocksdb,churn,9830,12.710,189965459,0
rocksdb,churn,9831,17.595,0,0
rocksdb,churn,9832,17.325,0,0
rocksdb,churn,9833,17.045,0,0
rocksdb,churn,9834,15.384,0,0
rocksdb,churn,9835,17.321,0,0
rocksdb,churn,9836,13.442,0,0
rocksdb,churn,9837,16.363,0,0
rocksdb,churn,9838,19.091,0,0
rocksdb,churn,9839,14.823,0,0
rocksdb,churn,9840,17.237,161837790,0
rocksdb,churn,9841,12.814,0,0
rocksdb,churn,9842,15.429,0,0
rocksdb,churn,9843,17.496,0,0
rocksdb,churn,9844,15.879,0,0
rocksdb,churn,9845,12.086,0,0
rocksdb,churn,9846,17.972,0,0
rocksdb,churn,9847,17.677,0,0
rocksdb,churn,9848,18.085,0,0
rocksdb,churn,9849,16.865,0,0
rocksdb,churn,9850,20.226,187532784,0
rocksdb,churn,9851,18.717,0,0
rocksdb,churn,9852,15.846,0,0
rocksdb,churn,9853,20.096,0,0
rocksdb,churn,9854,21.512,0,0
rocksdb,churn,9855,22.927,0,0
rocksdb,churn,9856,15.466,0,0
rocksdb,churn,9857,18.414,0,0
rocksdb,churn,9858,18.275,0,0
rocksdb,churn,9859,14.209,0,0
rocksdb,churn,9860,18.350,312355870,0
rocksdb,churn,9861,14.047,0,0
rocksdb,churn,9862,11.534,0,0
rocksdb,churn,9863,14.604,0,0
rocksdb,churn,9864,22.173,0,0
rocksdb,churn,9865,15.341,0,0
rocksdb,churn,9866,13.844,0,0
rocksdb,churn,9867,12.285,0,0
rocksdb,churn,9868,13.232,0,0
rocksdb,churn,9869,11.663,0,0
rocksdb,churn,9870,15.726,180464881,0
rocksdb,churn,9871,12.891,0,0
rocksdb,churn,9872,15.213,0,0
rocksdb,churn,9873,11.958,0,0
rocksdb,churn,9874,17.626,0,0
rocksdb,churn,9875,18.353,0,0
rocksdb,churn,9876,16.164,0,0
rocksdb,churn,9877,16.720,0,0
rocksdb,churn,9878,20.324,0,0
rocksdb,churn,9879,12.770,0,0
rocksdb,churn,9880,17.509,202758792,0
rocksdb,churn,9881,12.931,0,0
rocksdb,churn,9882,16.588,0,0
rocksdb,churn,9883,18.118,0,0
rocksdb,churn,9884,32.993,0,0
rocksdb,churn,9885,44.673,0,0
rocksdb,churn,9886,18.924,0,0
rocksdb,churn,9887,24.124,0,0
rocksdb,churn,9888,23.209,0,0
rocksdb,churn,9889,12.241,0,0
rocksdb,churn,9890,14.390,178662049,0
rocksdb,churn,9891,11.350,0,0
rocksdb,churn,9892,16.088,0,0
rocksdb,churn,9893,13.429,0,0
rocksdb,churn,9894,16.978,0,0
rocksdb,churn,9895,15.822,0,0
rocksdb,churn,9896,16.735,0,0
rocksdb,churn,9897,13.440,0,0
rocksdb,churn,9898,15.102,0,0
rocksdb,churn,9899,17.074,0,0
rocksdb,churn,9900,15.364,201167186,0
rocksdb,churn,9901,19.425,0,0
rocksdb,churn,9902,10.066,0,0
rocksdb,churn,9903,13.035,0,0
rocksdb,churn,9904,16.499,0,0
rocksdb,churn,9905,18.276,0,0
rocksdb,churn,9906,15.574,0,0
rocksdb,churn,9907,23.635,0,0
rocksdb,churn,9908,21.653,0,0
rocksdb,churn,9909,17.306,0,0
rocksdb,churn,9910,20.324,166792655,0
rocksdb,churn,9911,18.308,0,0
rocksdb,churn,9912,15.359,0,0
rocksdb,churn,9913,15.584,0,0
rocksdb,churn,9914,16.709,0,0
rocksdb,churn,9915,23.087,0,0
rocksdb,churn,9916,22.307,0,0
rocksdb,churn,9917,12.025,0,0
rocksdb,churn,9918,12.659,0,0
rocksdb,churn,9919,13.107,0,0
rocksdb,churn,9920,17.398,190914994,0
rocksdb,churn,9921,17.694,0,0
rocksdb,churn,9922,17.962,0,0
rocksdb,churn,9923,13.526,0,0
rocksdb,churn,9924,17.834,0,0
rocksdb,churn,9925,14.189,0,0
rocksdb,churn,9926,14.819,0,0
rocksdb,churn,9927,17.578,0,0
rocksdb,churn,9928,13.528,0,0
rocksdb,churn,9929,17.479,0,0
rocksdb,churn,9930,17.330,164002359,0
rocksdb,churn,9931,13.262,0,0
rocksdb,churn,9932,17.410,0,0
rocksdb,churn,9933,13.050,0,0
rocksdb,churn,9934,14.781,0,0
rocksdb,churn,9935,18.238,0,0
rocksdb,churn,9936,13.629,0,0
rocksdb,churn,9937,10.941,0,0
rocksdb,churn,9938,14.557,0,0
rocksdb,churn,9939,15.886,0,0
rocksdb,churn,9940,16.706,187388005,0
rocksdb,churn,9941,17.749,0,0
rocksdb,churn,9942,14.934,0,0
rocksdb,churn,9943,14.445,0,0
rocksdb,churn,9944,16.366,0,0
rocksdb,churn,9945,11.079,0,0
rocksdb,churn,9946,19.370,0,0
rocksdb,churn,9947,15.090,0,0
rocksdb,churn,9948,19.748,0,0
rocksdb,churn,9949,17.460,0,0
rocksdb,churn,9950,17.296,270140748,0
rocksdb,churn,9951,18.579,0,0
rocksdb,churn,9952,17.762,0,0
rocksdb,churn,9953,12.510,0,0
rocksdb,churn,9954,14.766,0,0
rocksdb,churn,9955,15.475,0,0
rocksdb,churn,9956,16.287,0,0
rocksdb,churn,9957,16.626,0,0
rocksdb,churn,9958,22.402,0,0
rocksdb,churn,9959,24.969,0,0
rocksdb,churn,9960,15.393,183678825,0
rocksdb,churn,9961,14.127,0,0
rocksdb,churn,9962,14.145,0,0
rocksdb,churn,9963,13.792,0,0
rocksdb,churn,9964,13.656,0,0
rocksdb,churn,9965,16.872,0,0
rocksdb,churn,9966,18.180,0,0
rocksdb,churn,9967,14.152,0,0
rocksdb,churn,9968,11.906,0,0
rocksdb,churn,9969,15.266,0,0
rocksdb,churn,9970,13.499,205932685,0
rocksdb,churn,9971,17.217,0,0
rocksdb,churn,9972,28.328,0,0
rocksdb,churn,9973,17.341,0,0
rocksdb,churn,9974,15.441,0,0
rocksdb,churn,9975,17.063,0,0
rocksdb,churn,9976,10.412,0,0
rocksdb,churn,9977,12.478,0,0
rocksdb,churn,9978,21.805,0,0
rocksdb,churn,9979,16.093,0,0
rocksdb,churn,9980,16.552,178443381,0
rocksdb,churn,9981,16.698,0,0
rocksdb,churn,9982,15.939,0,0
rocksdb,churn,9983,15.881,0,0
rocksdb,churn,9984,15.266,0,0
rocksdb,churn,9985,16.739,0,0
rocksdb,churn,9986,12.265,0,0
rocksdb,churn,9987,22.519,0,0
rocksdb,churn,9988,16.125,0,0
rocksdb,churn,9989,14.890,0,0
rocksdb,churn,9990,13.460,202059464,0
rocksdb,churn,9991,14.909,0,0
rocksdb,churn,9992,17.935,0,0
rocksdb,churn,9993,16.141,0,0
rocksdb,churn,9994,16.526,0,0
rocksdb,churn,9995,16.692,0,0
rocksdb,churn,9996,14.888,0,0
rocksdb,churn,9997,15.635,0,0
rocksdb,churn,9998,15.697,0,0
rocksdb,churn,9999,18.007,167463865,0
rocksdb,pressure,0,12.137,169754780,0
rocksdb,pressure,1,9.271,0,0
rocksdb,pressure,2,15.922,0,0
rocksdb,pressure,3,14.864,0,0
rocksdb,pressure,4,10.799,0,0
rocksdb,pressure,5,10.915,171381116,0
rocksdb,pressure,6,11.403,0,0
rocksdb,pressure,7,9.460,0,0
rocksdb,pressure,8,8.738,0,0
rocksdb,pressure,9,9.806,0,0
rocksdb,pressure,10,10.865,174986581,0
rocksdb,pressure,11,12.786,0,0
rocksdb,pressure,12,11.274,0,0
rocksdb,pressure,13,13.006,0,0
rocksdb,pressure,14,11.135,0,0
rocksdb,pressure,15,13.574,180608049,0
rocksdb,pressure,16,9.630,0,0
rocksdb,pressure,17,12.511,0,0
rocksdb,pressure,18,10.653,0,0
rocksdb,pressure,19,8.239,0,0
rocksdb,pressure,20,11.853,185240901,0
rocksdb,pressure,21,8.939,0,0
rocksdb,pressure,22,9.761,0,0
rocksdb,pressure,23,9.803,0,0
rocksdb,pressure,24,12.608,0,0
rocksdb,pressure,25,10.881,185179559,0
rocksdb,pressure,26,14.493,0,0
rocksdb,pressure,27,8.160,0,0
rocksdb,pressure,28,12.320,0,0
rocksdb,pressure,29,14.298,0,0
rocksdb,pressure,30,9.666,215463312,0
rocksdb,pressure,31,11.392,0,0
rocksdb,pressure,32,12.465,0,0
rocksdb,pressure,33,13.919,0,0
rocksdb,pressure,34,15.915,0,0
rocksdb,pressure,35,15.260,160724263,0
rocksdb,pressure,36,13.492,0,0
rocksdb,pressure,37,17.838,0,0
rocksdb,pressure,38,15.002,0,0
rocksdb,pressure,39,16.036,0,0
rocksdb,pressure,40,11.482,165308692,0
rocksdb,pressure,41,10.909,0,0
rocksdb,pressure,42,11.702,0,0
rocksdb,pressure,43,12.072,0,0
rocksdb,pressure,44,10.507,0,0
rocksdb,pressure,45,16.604,166324166,0
rocksdb,pressure,46,15.617,0,0
rocksdb,pressure,47,14.496,0,0
rocksdb,pressure,48,13.883,0,0
rocksdb,pressure,49,14.798,0,0
rocksdb,pressure,50,13.281,171947341,0
rocksdb,pressure,51,16.171,0,0
rocksdb,pressure,52,10.573,0,0
rocksdb,pressure,53,12.560,0,0
rocksdb,pressure,54,21.236,0,0
rocksdb,pressure,55,10.486,177595700,0
rocksdb,pressure,56,13.263,0,0
rocksdb,pressure,57,12.990,0,0
rocksdb,pressure,58,11.093,0,0
rocksdb,pressure,59,12.041,0,0
rocksdb,pressure,60,9.013,183298372,0
rocksdb,pressure,61,8.937,0,0
rocksdb,pressure,62,10.603,0,0
rocksdb,pressure,63,11.739,0,0
rocksdb,pressure,64,14.139,0,0
rocksdb,pressure,65,13.112,183207510,0
rocksdb,pressure,66,9.557,0,0
rocksdb,pressure,67,8.958,0,0
rocksdb,pressure,68,11.936,0,0
rocksdb,pressure,69,15.119,0,0
rocksdb,pressure,70,8.188,187898706,0
rocksdb,pressure,71,7.086,0,0
rocksdb,pressure,72,10.114,0,0
rocksdb,pressure,73,13.541,0,0
rocksdb,pressure,74,14.104,0,0
rocksdb,pressure,75,11.900,254130870,0
rocksdb,pressure,76,12.365,0,0
rocksdb,pressure,77,13.117,0,0
rocksdb,pressure,78,12.820,0,0
rocksdb,pressure,79,12.938,0,0
rocksdb,pressure,80,11.908,165147049,0
rocksdb,pressure,81,12.805,0,0
rocksdb,pressure,82,11.509,0,0
rocksdb,pressure,83,12.318,0,0
rocksdb,pressure,84,8.494,0,0
rocksdb,pressure,85,11.748,165065703,0
rocksdb,pressure,86,9.166,0,0
rocksdb,pressure,87,12.339,0,0
rocksdb,pressure,88,9.394,0,0
rocksdb,pressure,89,9.880,0,0
rocksdb,pressure,90,15.671,170750405,0
rocksdb,pressure,91,19.486,0,0
rocksdb,pressure,92,10.109,0,0
rocksdb,pressure,93,7.762,0,0
rocksdb,pressure,94,9.502,0,0
rocksdb,pressure,95,8.545,175329452,0
rocksdb,pressure,96,11.276,0,0
rocksdb,pressure,97,12.808,0,0
rocksdb,pressure,98,8.702,0,0
rocksdb,pressure,99,8.602,177706726,0
