backend,phase,iteration,op_ms,disk_bytes,extra
sqlite,prefill,1000,0.000,0,0
sqlite,prefill,2000,0.000,0,0
sqlite,prefill,3000,0.000,0,0
sqlite,prefill,4000,0.000,0,0
sqlite,prefill,5000,0.000,35618416,0
sqlite,prefill,6000,0.000,0,0
sqlite,prefill,7000,0.000,0,0
sqlite,prefill,8000,0.000,0,0
sqlite,prefill,9000,0.000,0,0
sqlite,prefill,10000,0.000,67477200,0
sqlite,prefill,11000,0.000,0,0
sqlite,prefill,12000,0.000,0,0
sqlite,prefill,13000,0.000,0,0
sqlite,prefill,14000,0.000,0,0
sqlite,prefill,15000,0.000,101015248,0
sqlite,prefill,16000,0.000,0,0
sqlite,prefill,17000,0.000,0,0
sqlite,prefill,18000,0.000,0,0
sqlite,prefill,19000,0.000,0,0
sqlite,prefill,20000,0.000,132955856,0
sqlite,prefill,21000,0.000,0,0
sqlite,prefill,22000,0.000,0,0
sqlite,prefill,23000,0.000,0,0
sqlite,prefill,24000,0.000,0,0
sqlite,prefill,25000,0.000,164945616,0
sqlite,prefill,26000,0.000,0,0
sqlite,prefill,27000,0.000,0,0
sqlite,prefill,28000,0.000,0,0
sqlite,prefill,29000,0.000,0,0
sqlite,prefill,30000,0.000,196820688,0
sqlite,prefill,31000,0.000,0,0
sqlite,prefill,32000,0.000,0,0
sqlite,prefill,33000,0.000,0,0
sqlite,prefill,34000,0.000,0,0
sqlite,prefill,35000,0.000,229949136,0
sqlite,prefill,36000,0.000,0,0
sqlite,prefill,37000,0.000,0,0
sqlite,prefill,38000,0.000,0,0
sqlite,prefill,39000,0.000,0,0
sqlite,prefill,40000,0.000,261738192,0
sqlite,prefill,41000,0.000,0,0
sqlite,prefill,42000,0.000,0,0
sqlite,prefill,43000,0.000,0,0
sqlite,prefill,44000,0.000,0,0
sqlite,prefill,45000,0.000,293613264,0
sqlite,prefill,46000,0.000,0,0
sqlite,prefill,47000,0.000,0,0
sqlite,prefill,48000,0.000,0,0
sqlite,prefill,49000,0.000,0,0
sqlite,prefill,50000,0.000,325455592,0
sqlite,prefill,51000,0.000,0,0
sqlite,prefill,52000,0.000,0,0
sqlite,prefill,53000,0.000,0,0
sqlite,prefill,54000,0.000,0,0
sqlite,prefill,55000,0.000,358661864,0
sqlite,prefill,56000,0.000,0,0
sqlite,prefill,57000,0.000,0,0
sqlite,prefill,58000,0.000,0,0
sqlite,prefill,59000,0.000,0,0
sqlite,prefill,60000,0.000,390668008,0
sqlite,prefill,61000,0.000,0,0
sqlite,prefill,62000,0.000,0,0
sqlite,prefill,63000,0.000,0,0
sqlite,prefill,64000,0.000,0,0
sqlite,prefill,65000,0.000,422678248,0
sqlite,prefill,66000,0.000,0,0
sqlite,prefill,67000,0.000,0,0
sqlite,prefill,68000,0.000,0,0
sqlite,prefill,69000,0.000,0,0
sqlite,prefill,70000,0.000,454430440,0
sqlite,prefill,71000,0.000,0,0
sqlite,prefill,72000,0.000,0,0
sqlite,prefill,73000,0.000,0,0
sqlite,prefill,74000,0.000,0,0
sqlite,prefill,75000,0.000,487825128,0
sqlite,prefill,76000,0.000,0,0
sqlite,prefill,77000,0.000,0,0
sqlite,prefill,78000,0.000,0,0
sqlite,prefill,79000,0.000,0,0
sqlite,prefill,80000,0.000,519810792,0
sqlite,prefill,81000,0.000,0,0
sqlite,prefill,82000,0.000,0,0
sqlite,prefill,83000,0.000,0,0
sqlite,prefill,84000,0.000,0,0
sqlite,prefill,85000,0.000,551673576,0
sqlite,prefill,86000,0.000,0,0
sqlite,prefill,87000,0.000,0,0
sqlite,prefill,88000,0.000,0,0
sqlite,prefill,89000,0.000,0,0
sqlite,prefill,90000,0.000,584945384,0
sqlite,prefill,91000,0.000,0,0
sqlite,prefill,92000,0.000,0,0
sqlite,prefill,93000,0.000,0,0
sqlite,prefill,94000,0.000,0,0
sqlite,prefill,95000,0.000,616730344,0
sqlite,prefill,96000,0.000,0,0
sqlite,prefill,97000,0.000,0,0
sqlite,prefill,98000,0.000,0,0
sqlite,prefill,99000,0.000,0,0
sqlite,prefill,100000,0.000,648503016,0
sqlite,prefill,101000,0.000,0,0
sqlite,prefill,102000,0.000,0,0
sqlite,prefill,103000,0.000,0,0
sqlite,prefill,104000,0.000,0,0
sqlite,prefill,105000,0.000,680312552,0
sqlite,prefill,106000,0.000,0,0
sqlite,prefill,107000,0.000,0,0
sqlite,prefill,108000,0.000,0,0
sqlite,prefill,109000,0.000,0,0
sqlite,prefill,110000,0.000,713527016,0
sqlite,prefill,111000,0.000,0,0
sqlite,prefill,112000,0.000,0,0
sqlite,prefill,113000,0.000,0,0
sqlite,prefill,114000,0.000,0,0
sqlite,prefill,115000,0.000,745172712,0
sqlite,prefill,116000,0.000,0,0
sqlite,prefill,117000,0.000,0,0
sqlite,prefill,118000,0.000,0,0
sqlite,prefill,119000,0.000,0,0
sqlite,prefill,120000,0.000,776969960,0
sqlite,prefill,121000,0.000,0,0
sqlite,prefill,122000,0.000,0,0
sqlite,prefill,123000,0.000,0,0
sqlite,prefill,124000,0.000,0,0
sqlite,prefill,125000,0.000,808775400,0
sqlite,prefill,126000,0.000,0,0
sqlite,prefill,127000,0.000,0,0
sqlite,prefill,128000,0.000,0,0
sqlite,prefill,129000,0.000,0,0
sqlite,prefill,130000,0.000,841993960,0
sqlite,prefill,131000,0.000,0,0
sqlite,prefill,132000,0.000,0,0
sqlite,prefill,133000,0.000,0,0
sqlite,prefill,134000,0.000,0,0
sqlite,prefill,135000,0.000,873807592,0
sqlite,prefill,136000,0.000,0,0
sqlite,prefill,137000,0.000,0,0
sqlite,prefill,138000,0.000,0,0
sqlite,prefill,139000,0.000,0,0
sqlite,prefill,140000,0.000,905608936,0
sqlite,prefill,141000,0.000,0,0
sqlite,prefill,142000,0.000,0,0
sqlite,prefill,143000,0.000,0,0
sqlite,prefill,144000,0.000,0,0
sqlite,prefill,145000,0.000,938655464,0
sqlite,prefill,146000,0.000,0,0
sqlite,prefill,147000,0.000,0,0
sqlite,prefill,148000,0.000,0,0
sqlite,prefill,149000,0.000,0,0
sqlite,prefill,150000,0.000,970342120,0
sqlite,prefill,151000,0.000,0,0
sqlite,prefill,152000,0.000,0,0
sqlite,prefill,153000,0.000,0,0
sqlite,prefill,154000,0.000,0,0
sqlite,prefill,155000,0.000,1002110696,0
sqlite,prefill,156000,0.000,0,0
sqlite,prefill,157000,0.000,0,0
sqlite,prefill,158000,0.000,0,0
sqlite,prefill,159000,0.000,0,0
sqlite,prefill,160000,0.000,1035271912,0
sqlite,prefill,161000,0.000,0,0
sqlite,prefill,162000,0.000,0,0
sqlite,prefill,163000,0.000,0,0
sqlite,prefill,164000,0.000,0,0
sqlite,prefill,165000,0.000,1067081448,0
sqlite,prefill,166000,0.000,0,0
sqlite,prefill,167000,0.000,0,0
sqlite,prefill,168000,0.000,0,0
sqlite,prefill,169000,0.000,0,0
sqlite,prefill,170000,0.000,1098878696,0
sqlite,prefill,171000,0.000,0,0
sqlite,prefill,172000,0.000,0,0
sqlite,prefill,173000,0.000,0,0
sqlite,prefill,174000,0.000,0,0
sqlite,prefill,175000,0.000,1130630888,0
sqlite,prefill,176000,0.000,0,0
sqlite,prefill,177000,0.000,0,0
sqlite,prefill,178000,0.000,0,0
sqlite,prefill,179000,0.000,0,0
sqlite,prefill,180000,0.000,1163857760,0
sqlite,prefill,181000,0.000,0,0
sqlite,prefill,182000,0.000,0,0
sqlite,prefill,183000,0.000,0,0
sqlite,prefill,184000,0.000,0,0
sqlite,prefill,185000,0.000,1195503456,0
sqlite,prefill,186000,0.000,0,0
sqlite,prefill,187000,0.000,0,0
sqlite,prefill,188000,0.000,0,0
sqlite,prefill,189000,0.000,0,0
sqlite,prefill,190000,0.000,1227317088,0
sqlite,prefill,191000,0.000,0,0
sqlite,prefill,192000,0.000,0,0
sqlite,prefill,193000,0.000,0,0
sqlite,prefill,194000,0.000,0,0
sqlite,prefill,195000,0.000,1260543840,0
sqlite,prefill,196000,0.000,0,0
sqlite,prefill,197000,0.000,0,0
sqlite,prefill,198000,0.000,0,0
sqlite,prefill,199000,0.000,0,0
sqlite,prefill,200000,0.000,1292332896,0
sqlite,prefill,201000,0.000,0,0
sqlite,prefill,202000,0.000,0,0
sqlite,prefill,203000,0.000,0,0
sqlite,prefill,204000,0.000,0,0
sqlite,prefill,205000,0.000,1324224352,0
sqlite,prefill,206000,0.000,0,0
sqlite,prefill,207000,0.000,0,0
sqlite,prefill,208000,0.000,0,0
sqlite,prefill,209000,0.000,0,0
sqlite,prefill,210000,0.000,1356304224,0
sqlite,prefill,211000,0.000,0,0
sqlite,prefill,212000,0.000,0,0
sqlite,prefill,213000,0.000,0,0
sqlite,prefill,214000,0.000,0,0
sqlite,prefill,215000,0.000,1389563744,0
sqlite,prefill,216000,0.000,0,0
sqlite,prefill,217000,0.000,0,0
sqlite,prefill,218000,0.000,0,0
sqlite,prefill,219000,0.000,0,0
sqlite,prefill,220000,0.000,1421553504,0
sqlite,prefill,221000,0.000,0,0
sqlite,prefill,222000,0.000,0,0
sqlite,prefill,223000,0.000,0,0
sqlite,prefill,224000,0.000,0,0
sqlite,prefill,225000,0.000,1453498208,0
sqlite,prefill,226000,0.000,0,0
sqlite,prefill,227000,0.000,0,0
sqlite,prefill,228000,0.000,0,0
sqlite,prefill,229000,0.000,0,0
sqlite,prefill,230000,0.000,1486835552,0
sqlite,prefill,231000,0.000,0,0
sqlite,prefill,232000,0.000,0,0
sqlite,prefill,233000,0.000,0,0
sqlite,prefill,234000,0.000,0,0
sqlite,prefill,235000,0.000,1518608224,0
sqlite,prefill,236000,0.000,0,0
sqlite,prefill,237000,0.000,0,0
sqlite,prefill,238000,0.000,0,0
sqlite,prefill,239000,0.000,0,0
sqlite,prefill,240000,0.000,1550466912,0
sqlite,prefill,241000,0.000,0,0
sqlite,prefill,242000,0.000,0,0
sqlite,prefill,243000,0.000,0,0
sqlite,prefill,244000,0.000,0,0
sqlite,prefill,245000,0.000,1582362464,0
sqlite,prefill,246000,0.000,0,0
sqlite,prefill,247000,0.000,0,0
sqlite,prefill,248000,0.000,0,0
sqlite,prefill,249000,0.000,0,0
sqlite,prefill,250000,0.000,1615507296,0
sqlite,prefill,251000,0.000,0,0
sqlite,prefill,252000,0.000,0,0
sqlite,prefill,253000,0.000,0,0
sqlite,prefill,254000,0.000,0,0
sqlite,prefill,255000,0.000,1647406944,0
sqlite,prefill,256000,0.000,0,0
sqlite,prefill,257000,0.000,0,0
sqlite,prefill,258000,0.000,0,0
sqlite,prefill,259000,0.000,0,0
sqlite,prefill,260000,0.000,1679159136,0
sqlite,prefill,261000,0.000,0,0
sqlite,prefill,262000,0.000,0,0
sqlite,prefill,263000,0.000,0,0
sqlite,prefill,264000,0.000,0,0
sqlite,prefill,265000,0.000,1712168800,0
sqlite,prefill,266000,0.000,0,0
sqlite,prefill,267000,0.000,0,0
sqlite,prefill,268000,0.000,0,0
sqlite,prefill,269000,0.000,0,0
sqlite,prefill,270000,0.000,1743966048,0
sqlite,prefill,271000,0.000,0,0
sqlite,prefill,272000,0.000,0,0
sqlite,prefill,273000,0.000,0,0
sqlite,prefill,274000,0.000,0,0
sqlite,prefill,275000,0.000,1775669088,0
sqlite,prefill,276000,0.000,0,0
sqlite,prefill,277000,0.000,0,0
sqlite,prefill,278000,0.000,0,0
sqlite,prefill,279000,0.000,0,0
sqlite,prefill,280000,0.000,1807441760,0
sqlite,prefill,281000,0.000,0,0
sqlite,prefill,282000,0.000,0,0
sqlite,prefill,283000,0.000,0,0
sqlite,prefill,284000,0.000,0,0
sqlite,prefill,285000,0.000,1840615264,0
sqlite,prefill,286000,0.000,0,0
sqlite,prefill,287000,0.000,0,0
sqlite,prefill,288000,0.000,0,0
sqlite,prefill,289000,0.000,0,0
sqlite,prefill,290000,0.000,1872351072,0
sqlite,prefill,291000,0.000,0,0
sqlite,prefill,292000,0.000,0,0
sqlite,prefill,293000,0.000,0,0
sqlite,prefill,294000,0.000,0,0
sqlite,prefill,295000,0.000,1904258912,0
sqlite,prefill,296000,0.000,0,0
sqlite,prefill,297000,0.000,0,0
sqlite,prefill,298000,0.000,0,0
sqlite,prefill,299000,0.000,0,0
sqlite,prefill,300000,0.000,1936445280,0
sqlite,prefill,301000,0.000,0,0
sqlite,prefill,302000,0.000,0,0
sqlite,prefill,303000,0.000,0,0
sqlite,prefill,304000,0.000,0,0
sqlite,prefill,305000,0.000,1969520480,0
sqlite,prefill,306000,0.000,0,0
sqlite,prefill,307000,0.000,0,0
sqlite,prefill,308000,0.000,0,0
sqlite,prefill,309000,0.000,0,0
sqlite,prefill,310000,0.000,2001174368,0
sqlite,prefill,311000,0.000,0,0
sqlite,prefill,312000,0.000,0,0
sqlite,prefill,313000,0.000,0,0
sqlite,prefill,314000,0.000,0,0
sqlite,prefill,315000,0.000,2033045344,0
sqlite,prefill,316000,0.000,0,0
sqlite,prefill,317000,0.000,0,0
sqlite,prefill,318000,0.000,0,0
sqlite,prefill,319000,0.000,0,0
sqlite,prefill,320000,0.000,2066423648,0
sqlite,prefill,321000,0.000,0,0
sqlite,prefill,322000,0.000,0,0
sqlite,prefill,323000,0.000,0,0
sqlite,prefill,324000,0.000,0,0
sqlite,prefill,325000,0.000,2098413408,0
sqlite,prefill,326000,0.000,0,0
sqlite,prefill,327000,0.000,0,0
sqlite,prefill,328000,0.000,0,0
sqlite,prefill,329000,0.000,0,0
sqlite,prefill,330000,0.000,2130128736,0
sqlite,prefill,331000,0.000,0,0
sqlite,prefill,332000,0.000,0,0
sqlite,prefill,333000,0.000,0,0
sqlite,prefill,334000,0.000,0,0
sqlite,prefill,335000,0.000,2161995616,0
sqlite,prefill,336000,0.000,0,0
sqlite,prefill,337000,0.000,0,0
sqlite,prefill,338000,0.000,0,0
sqlite,prefill,339000,0.000,0,0
sqlite,prefill,340000,0.000,2195152736,0
sqlite,prefill,341000,0.000,0,0
sqlite,prefill,342000,0.000,0,0
sqlite,prefill,343000,0.000,0,0
sqlite,prefill,344000,0.000,0,0
sqlite,prefill,345000,0.000,2226970464,0
sqlite,prefill,346000,0.000,0,0
sqlite,prefill,347000,0.000,0,0
sqlite,prefill,348000,0.000,0,0
sqlite,prefill,349000,0.000,0,0
sqlite,prefill,350000,0.000,2258595680,0
sqlite,prefill,351000,0.000,0,0
sqlite,prefill,352000,0.000,0,0
sqlite,prefill,353000,0.000,0,0
sqlite,prefill,354000,0.000,0,0
sqlite,prefill,355000,0.000,2290507616,0
sqlite,prefill,356000,0.000,0,0
sqlite,prefill,357000,0.000,0,0
sqlite,prefill,358000,0.000,0,0
sqlite,prefill,359000,0.000,0,0
sqlite,prefill,360000,0.000,2323861344,0
sqlite,prefill,361000,0.000,0,0
sqlite,prefill,362000,0.000,0,0
sqlite,prefill,363000,0.000,0,0
sqlite,prefill,364000,0.000,0,0
sqlite,prefill,365000,0.000,2355863392,0
sqlite,prefill,366000,0.000,0,0
sqlite,prefill,367000,0.000,0,0
sqlite,prefill,368000,0.000,0,0
sqlite,prefill,369000,0.000,0,0
sqlite,prefill,370000,0.000,2387500896,0
sqlite,prefill,371000,0.000,0,0
sqlite,prefill,372000,0.000,0,0
sqlite,prefill,373000,0.000,0,0
sqlite,prefill,374000,0.000,0,0
sqlite,prefill,375000,0.000,2420727648,0
sqlite,prefill,376000,0.000,0,0
sqlite,prefill,377000,0.000,0,0
sqlite,prefill,378000,0.000,0,0
sqlite,prefill,379000,0.000,0,0
sqlite,prefill,380000,0.000,2452524896,0
sqlite,prefill,381000,0.000,0,0
sqlite,prefill,382000,0.000,0,0
sqlite,prefill,383000,0.000,0,0
sqlite,prefill,384000,0.000,0,0
sqlite,prefill,385000,0.000,2484461408,0
sqlite,prefill,386000,0.000,0,0
sqlite,prefill,387000,0.000,0,0
sqlite,prefill,388000,0.000,0,0
sqlite,prefill,389000,0.000,0,0
sqlite,prefill,390000,0.000,2516442976,0
sqlite,prefill,391000,0.000,0,0
sqlite,prefill,392000,0.000,0,0
sqlite,prefill,393000,0.000,0,0
sqlite,prefill,394000,0.000,0,0
sqlite,prefill,395000,0.000,2549460832,0
sqlite,prefill,396000,0.000,0,0
sqlite,prefill,397000,0.000,0,0
sqlite,prefill,398000,0.000,0,0
sqlite,prefill,399000,0.000,0,0
sqlite,prefill,400000,0.000,2581315424,0
sqlite,prefill,400008,0.000,2581315424,0
sqlite,churn,0,25.052,2583322752,73
sqlite,churn,1,11.329,0,0
sqlite,churn,2,25.112,0,0
sqlite,churn,3,11.595,0,0
sqlite,churn,4,12.959,0,0
sqlite,churn,5,11.380,0,0
sqlite,churn,6,13.453,0,0
sqlite,churn,7,11.120,0,0
sqlite,churn,8,11.107,0,0
sqlite,churn,9,13.752,0,0
sqlite,churn,10,11.878,2594955392,5
sqlite,churn,11,10.964,0,0
sqlite,churn,12,10.375,0,0
sqlite,churn,13,11.194,0,0
sqlite,churn,14,13.076,0,0
sqlite,churn,15,12.281,0,0
sqlite,churn,16,11.382,0,0
sqlite,churn,17,12.322,0,0
sqlite,churn,18,11.411,0,0
sqlite,churn,19,27.800,0,0
sqlite,churn,20,11.606,2608555416,84
sqlite,churn,21,25.505,0,0
sqlite,churn,22,12.753,0,0
sqlite,churn,23,14.385,0,0
sqlite,churn,24,12.961,0,0
sqlite,churn,25,12.485,0,0
sqlite,churn,26,12.638,0,0
sqlite,churn,27,31.162,0,0
sqlite,churn,28,33.713,0,0
sqlite,churn,29,18.493,0,0
sqlite,churn,30,11.115,2614044056,239
sqlite,churn,31,12.365,0,0
sqlite,churn,32,21.802,0,0
sqlite,churn,33,12.930,0,0
sqlite,churn,34,11.306,0,0
sqlite,churn,35,14.284,0,0
sqlite,churn,36,12.317,0,0
sqlite,churn,37,12.717,0,0
sqlite,churn,38,15.153,0,0
sqlite,churn,39,22.911,0,0
sqlite,churn,40,12.783,2616075672,340
sqlite,churn,41,13.557,0,0
sqlite,churn,42,15.963,0,0
sqlite,churn,43,12.024,0,0
sqlite,churn,44,13.459,0,0
sqlite,churn,45,12.338,0,0
sqlite,churn,46,15.041,0,0
sqlite,churn,47,17.473,0,0
sqlite,churn,48,12.761,0,0
sqlite,churn,49,13.095,0,0
sqlite,churn,50,11.359,2617283992,250
sqlite,churn,51,12.999,0,0
sqlite,churn,52,17.911,0,0
sqlite,churn,53,13.169,0,0
sqlite,churn,54,12.905,0,0
sqlite,churn,55,14.562,0,0
sqlite,churn,56,15.137,0,0
sqlite,churn,57,13.331,0,0
sqlite,churn,58,11.608,0,0
sqlite,churn,59,12.846,0,0
sqlite,churn,60,15.421,2618996120,342
sqlite,churn,61,16.081,0,0
sqlite,churn,62,13.005,0,0
sqlite,churn,63,13.675,0,0
sqlite,churn,64,12.634,0,0
sqlite,churn,65,13.651,0,0
sqlite,churn,66,12.009,0,0
sqlite,churn,67,12.121,0,0
sqlite,churn,68,20.520,0,0
sqlite,churn,69,12.377,0,0
sqlite,churn,70,13.175,2620642712,246
sqlite,churn,71,15.590,0,0
sqlite,churn,72,14.113,0,0
sqlite,churn,73,14.849,0,0
sqlite,churn,74,14.296,0,0
sqlite,churn,75,12.196,0,0
sqlite,churn,76,13.488,0,0
sqlite,churn,77,11.859,0,0
sqlite,churn,78,15.250,0,0
sqlite,churn,79,13.680,0,0
sqlite,churn,80,15.190,2622666136,342
sqlite,churn,81,13.750,0,0
sqlite,churn,82,12.681,0,0
sqlite,churn,83,11.665,0,0
sqlite,churn,84,11.275,0,0
sqlite,churn,85,12.452,0,0
sqlite,churn,86,12.223,0,0
sqlite,churn,87,14.479,0,0
sqlite,churn,88,14.794,0,0
sqlite,churn,89,14.583,0,0
sqlite,churn,90,37.947,2624034200,235
sqlite,churn,91,19.886,0,0
sqlite,churn,92,13.749,0,0
sqlite,churn,93,13.458,0,0
sqlite,churn,94,12.833,0,0
sqlite,churn,95,12.468,0,0
sqlite,churn,96,11.238,0,0
sqlite,churn,97,13.401,0,0
sqlite,churn,98,15.382,0,0
sqlite,churn,99,15.084,0,0
sqlite,churn,100,19.197,2625672600,326
sqlite,churn,101,32.619,0,0
sqlite,churn,102,15.232,0,0
sqlite,churn,103,19.293,0,0
sqlite,churn,104,12.839,0,0
sqlite,churn,105,12.619,0,0
sqlite,churn,106,13.501,0,0
sqlite,churn,107,12.065,0,0
sqlite,churn,108,12.150,0,0
sqlite,churn,109,12.508,0,0
sqlite,churn,110,14.453,2627339672,241
sqlite,churn,111,14.587,0,0
sqlite,churn,112,12.878,0,0
sqlite,churn,113,15.522,0,0
sqlite,churn,114,11.554,0,0
sqlite,churn,115,17.926,0,0
sqlite,churn,116,12.643,0,0
sqlite,churn,117,17.584,0,0
sqlite,churn,118,17.802,0,0
sqlite,churn,119,13.605,0,0
sqlite,churn,120,11.902,2628769176,336
sqlite,churn,121,13.571,0,0
sqlite,churn,122,13.311,0,0
sqlite,churn,123,13.697,0,0
sqlite,churn,124,15.039,0,0
sqlite,churn,125,15.010,0,0
sqlite,churn,126,11.715,0,0
sqlite,churn,127,14.526,0,0
sqlite,churn,128,11.048,0,0
sqlite,churn,129,16.527,0,0
sqlite,churn,130,16.065,2630276504,248
sqlite,churn,131,12.765,0,0
sqlite,churn,132,18.538,0,0
sqlite,churn,133,12.314,0,0
sqlite,churn,134,12.916,0,0
sqlite,churn,135,13.180,0,0
sqlite,churn,136,14.662,0,0
sqlite,churn,137,16.085,0,0
sqlite,churn,138,12.788,0,0
sqlite,churn,139,11.852,0,0
sqlite,churn,140,13.939,2632209816,350
sqlite,churn,141,14.597,0,0
sqlite,churn,142,14.355,0,0
sqlite,churn,143,13.225,0,0
sqlite,churn,144,12.440,0,0
sqlite,churn,145,18.705,0,0
sqlite,churn,146,18.092,0,0
sqlite,churn,147,13.862,0,0
sqlite,churn,148,17.107,0,0
sqlite,churn,149,14.788,0,0
sqlite,churn,150,13.456,2633754008,249
sqlite,churn,151,20.052,0,0
sqlite,churn,152,14.270,0,0
sqlite,churn,153,12.440,0,0
sqlite,churn,154,12.256,0,0
sqlite,churn,155,11.904,0,0
sqlite,churn,156,14.249,0,0
sqlite,churn,157,13.038,0,0
sqlite,churn,158,12.516,0,0
sqlite,churn,159,12.228,0,0
sqlite,churn,160,11.580,2635195800,333
sqlite,churn,161,13.308,0,0
sqlite,churn,162,12.103,0,0
sqlite,churn,163,13.703,0,0
sqlite,churn,164,13.520,0,0
sqlite,churn,165,12.929,0,0
sqlite,churn,166,13.887,0,0
sqlite,churn,167,11.803,0,0
sqlite,churn,168,12.502,0,0
sqlite,churn,169,12.439,0,0
sqlite,churn,170,13.900,2636649880,245
sqlite,churn,171,13.390,0,0
sqlite,churn,172,12.639,0,0
sqlite,churn,173,14.623,0,0
sqlite,churn,174,11.862,0,0
sqlite,churn,175,12.430,0,0
sqlite,churn,176,16.867,0,0
sqlite,churn,177,11.362,0,0
sqlite,churn,178,11.099,0,0
sqlite,churn,179,12.061,0,0
sqlite,churn,180,13.033,2638218648,350
sqlite,churn,181,16.974,0,0
sqlite,churn,182,11.988,0,0
sqlite,churn,183,12.830,0,0
sqlite,churn,184,13.981,0,0
sqlite,churn,185,15.182,0,0
sqlite,churn,186,13.375,0,0
sqlite,churn,187,13.066,0,0
sqlite,churn,188,12.891,0,0
sqlite,churn,189,12.352,0,0
sqlite,churn,190,12.423,2639685016,229
sqlite,churn,191,21.915,0,0
sqlite,churn,192,13.944,0,0
sqlite,churn,193,16.281,0,0
sqlite,churn,194,14.341,0,0
sqlite,churn,195,14.576,0,0
sqlite,churn,196,14.100,0,0
sqlite,churn,197,15.923,0,0
sqlite,churn,198,12.056,0,0
sqlite,churn,199,13.559,0,0
sqlite,churn,200,18.375,2641286552,324
sqlite,churn,201,14.680,0,0
sqlite,churn,202,13.910,0,0
sqlite,churn,203,18.704,0,0
sqlite,churn,204,14.034,0,0
sqlite,churn,205,18.295,0,0
sqlite,churn,206,14.814,0,0
sqlite,churn,207,12.589,0,0
sqlite,churn,208,15.132,0,0
sqlite,churn,209,12.974,0,0
sqlite,churn,210,12.949,2642732440,240
sqlite,churn,211,11.014,0,0
sqlite,churn,212,24.653,0,0
sqlite,churn,213,14.163,0,0
sqlite,churn,214,13.044,0,0
sqlite,churn,215,11.486,0,0
sqlite,churn,216,12.956,0,0
sqlite,churn,217,12.399,0,0
sqlite,churn,218,11.539,0,0
sqlite,churn,219,13.175,0,0
sqlite,churn,220,13.141,2644112792,342
sqlite,churn,221,12.189,0,0
sqlite,churn,222,12.480,0,0
sqlite,churn,223,13.449,0,0
sqlite,churn,224,13.320,0,0
sqlite,churn,225,13.299,0,0
sqlite,churn,226,18.218,0,0
sqlite,churn,227,14.029,0,0
sqlite,churn,228,18.589,0,0
sqlite,churn,229,13.832,0,0
sqlite,churn,230,12.420,2645411224,240
sqlite,churn,231,12.347,0,0
sqlite,churn,232,13.071,0,0
sqlite,churn,233,17.833,0,0
sqlite,churn,234,17.087,0,0
sqlite,churn,235,14.086,0,0
sqlite,churn,236,21.560,0,0
sqlite,churn,237,22.011,0,0
sqlite,churn,238,32.073,0,0
sqlite,churn,239,13.685,0,0
sqlite,churn,240,12.688,2647123352,331
sqlite,churn,241,14.371,0,0
sqlite,churn,242,25.736,0,0
sqlite,churn,243,23.268,0,0
sqlite,churn,244,15.835,0,0
sqlite,churn,245,13.271,0,0
sqlite,churn,246,20.350,0,0
sqlite,churn,247,20.371,0,0
sqlite,churn,248,15.225,0,0
sqlite,churn,249,16.388,0,0
sqlite,churn,250,13.811,2648647064,241
sqlite,churn,251,14.810,0,0
sqlite,churn,252,16.310,0,0
sqlite,churn,253,20.200,0,0
sqlite,churn,254,14.478,0,0
sqlite,churn,255,14.875,0,0
sqlite,churn,256,35.460,0,0
sqlite,churn,257,12.665,0,0
sqlite,churn,258,13.619,0,0
sqlite,churn,259,12.154,0,0
sqlite,churn,260,16.943,2650338712,347
sqlite,churn,261,15.309,0,0
sqlite,churn,262,16.114,0,0
sqlite,churn,263,12.523,0,0
sqlite,churn,264,14.759,0,0
sqlite,churn,265,14.903,0,0
sqlite,churn,266,20.749,0,0
sqlite,churn,267,12.453,0,0
sqlite,churn,268,11.894,0,0
sqlite,churn,269,13.617,0,0
sqlite,churn,270,11.828,2651444632,239
sqlite,churn,271,17.937,0,0
sqlite,churn,272,13.500,0,0
sqlite,churn,273,16.162,0,0
sqlite,churn,274,15.070,0,0
sqlite,churn,275,12.379,0,0
sqlite,churn,276,11.835,0,0
sqlite,churn,277,13.379,0,0
sqlite,churn,278,11.900,0,0
sqlite,churn,279,15.499,0,0
sqlite,churn,280,13.093,2652992920,324
sqlite,churn,281,12.612,0,0
sqlite,churn,282,13.088,0,0
sqlite,churn,283,13.321,0,0
sqlite,churn,284,14.268,0,0
sqlite,churn,285,13.299,0,0
sqlite,churn,286,15.645,0,0
sqlite,churn,287,15.970,0,0
sqlite,churn,288,13.680,0,0
sqlite,churn,289,11.807,0,0
sqlite,churn,290,13.639,2654680472,238
sqlite,churn,291,12.587,0,0
sqlite,churn,292,13.556,0,0
sqlite,churn,293,14.499,0,0
sqlite,churn,294,12.987,0,0
sqlite,churn,295,15.542,0,0
sqlite,churn,296,11.716,0,0
sqlite,churn,297,13.589,0,0
sqlite,churn,298,13.021,0,0
sqlite,churn,299,14.305,0,0
sqlite,churn,300,13.237,2656601496,328
sqlite,churn,301,14.971,0,0
sqlite,churn,302,12.118,0,0
sqlite,churn,303,13.345,0,0
sqlite,churn,304,13.600,0,0
sqlite,churn,305,15.648,0,0
sqlite,churn,306,14.646,0,0
sqlite,churn,307,14.036,0,0
sqlite,churn,308,15.738,0,0
sqlite,churn,309,13.149,0,0
sqlite,churn,310,11.557,2658067864,236
sqlite,churn,311,13.505,0,0
sqlite,churn,312,13.635,0,0
sqlite,churn,313,14.146,0,0
sqlite,churn,314,15.180,0,0
sqlite,churn,315,12.714,0,0
sqlite,churn,316,13.811,0,0
sqlite,churn,317,13.268,0,0
sqlite,churn,318,12.689,0,0
sqlite,churn,319,11.974,0,0
sqlite,churn,320,23.843,2659665304,334
sqlite,churn,321,12.421,0,0
sqlite,churn,322,13.894,0,0
sqlite,churn,323,12.903,0,0
sqlite,churn,324,14.067,0,0
sqlite,churn,325,13.984,0,0
sqlite,churn,326,14.624,0,0
sqlite,churn,327,12.613,0,0
sqlite,churn,328,13.006,0,0
sqlite,churn,329,13.094,0,0
sqlite,churn,330,12.624,2661021080,234
sqlite,churn,331,17.735,0,0
sqlite,churn,332,13.384,0,0
sqlite,churn,333,13.945,0,0
sqlite,churn,334,13.083,0,0
sqlite,churn,335,12.051,0,0
sqlite,churn,336,14.190,0,0
sqlite,churn,337,13.196,0,0
sqlite,churn,338,14.724,0,0
sqlite,churn,339,13.248,0,0
sqlite,churn,340,22.698,2662671768,343
sqlite,churn,341,12.626,0,0
sqlite,churn,342,14.036,0,0
sqlite,churn,343,15.716,0,0
sqlite,churn,344,12.899,0,0
sqlite,churn,345,14.735,0,0
sqlite,churn,346,12.248,0,0
sqlite,churn,347,11.893,0,0
sqlite,churn,348,14.299,0,0
sqlite,churn,349,11.905,0,0
sqlite,churn,350,15.142,2664158616,227
sqlite,churn,351,15.340,0,0
sqlite,churn,352,18.566,0,0
sqlite,churn,353,13.272,0,0
sqlite,churn,354,13.015,0,0
sqlite,churn,355,15.807,0,0
sqlite,churn,356,12.599,0,0
sqlite,churn,357,13.226,0,0
sqlite,churn,358,12.348,0,0
sqlite,churn,359,13.070,0,0
sqlite,churn,360,14.258,2666325400,347
sqlite,churn,361,19.575,0,0
sqlite,churn,362,12.833,0,0
sqlite,churn,363,12.043,0,0
sqlite,churn,364,12.074,0,0
sqlite,churn,365,15.667,0,0
sqlite,churn,366,13.228,0,0
sqlite,churn,367,13.281,0,0
sqlite,churn,368,14.597,0,0
sqlite,churn,369,15.650,0,0
sqlite,churn,370,12.486,2667468184,241
sqlite,churn,371,14.001,0,0
sqlite,churn,372,14.299,0,0
sqlite,churn,373,11.939,0,0
sqlite,churn,374,13.411,0,0
sqlite,churn,375,12.239,0,0
sqlite,churn,376,13.145,0,0
sqlite,churn,377,15.132,0,0
sqlite,churn,378,15.757,0,0
sqlite,churn,379,13.392,0,0
sqlite,churn,380,13.251,2669163928,335
sqlite,churn,381,14.198,0,0
sqlite,churn,382,18.070,0,0
sqlite,churn,383,12.428,0,0
sqlite,churn,384,20.289,0,0
sqlite,churn,385,22.724,0,0
sqlite,churn,386,34.959,0,0
sqlite,churn,387,43.789,0,0
sqlite,churn,388,30.321,0,0
sqlite,churn,389,19.064,0,0
sqlite,churn,390,19.739,2670691736,238
sqlite,churn,391,23.790,0,0
sqlite,churn,392,27.271,0,0
sqlite,churn,393,14.515,0,0
sqlite,churn,394,15.519,0,0
sqlite,churn,395,11.527,0,0
sqlite,churn,396,19.762,0,0
sqlite,churn,397,15.639,0,0
sqlite,churn,398,14.294,0,0
sqlite,churn,399,14.930,0,0
sqlite,churn,400,15.310,2672670104,346
sqlite,churn,401,13.528,0,0
sqlite,churn,402,12.344,0,0
sqlite,churn,403,12.878,0,0
sqlite,churn,404,15.472,0,0
sqlite,churn,405,11.356,0,0
sqlite,churn,406,13.141,0,0
sqlite,churn,407,14.015,0,0
sqlite,churn,408,16.362,0,0
sqlite,churn,409,12.797,0,0
sqlite,churn,410,13.923,2674034072,246
sqlite,churn,411,18.040,0,0
sqlite,churn,412,12.681,0,0
sqlite,churn,413,18.116,0,0
sqlite,churn,414,14.389,0,0
sqlite,churn,415,13.317,0,0
sqlite,churn,416,11.617,0,0
sqlite,churn,417,12.181,0,0
sqlite,churn,418,17.533,0,0
sqlite,churn,419,13.208,0,0
sqlite,churn,420,12.319,2675541400,334
sqlite,churn,421,13.836,0,0
sqlite,churn,422,13.581,0,0
sqlite,churn,423,12.831,0,0
sqlite,churn,424,12.354,0,0
sqlite,churn,425,15.806,0,0
sqlite,churn,426,12.283,0,0
sqlite,churn,427,12.260,0,0
sqlite,churn,428,17.976,0,0
sqlite,churn,429,17.103,0,0
sqlite,churn,430,14.828,2676942232,241
sqlite,churn,431,14.101,0,0
sqlite,churn,432,22.003,0,0
sqlite,churn,433,15.377,0,0
sqlite,churn,434,19.470,0,0
sqlite,churn,435,29.222,0,0
sqlite,churn,436,11.959,0,0
sqlite,churn,437,11.798,0,0
sqlite,churn,438,13.506,0,0
sqlite,churn,439,18.113,0,0
sqlite,churn,440,16.572,2678797720,342
sqlite,churn,441,13.932,0,0
sqlite,churn,442,14.287,0,0
sqlite,churn,443,13.052,0,0
sqlite,churn,444,11.666,0,0
sqlite,churn,445,13.442,0,0
sqlite,churn,446,15.214,0,0
sqlite,churn,447,14.752,0,0
sqlite,churn,448,14.265,0,0
sqlite,churn,449,14.476,0,0
sqlite,churn,450,29.224,2680317336,244
sqlite,churn,451,14.303,0,0
sqlite,churn,452,12.626,0,0
sqlite,churn,453,21.009,0,0
sqlite,churn,454,16.632,0,0
sqlite,churn,455,11.637,0,0
sqlite,churn,456,12.899,0,0
sqlite,churn,457,11.675,0,0
sqlite,churn,458,14.154,0,0
sqlite,churn,459,12.217,0,0
sqlite,churn,460,16.502,2682033560,323
sqlite,churn,461,18.039,0,0
sqlite,churn,462,13.166,0,0
sqlite,churn,463,11.874,0,0
sqlite,churn,464,12.232,0,0
sqlite,churn,465,17.128,0,0
sqlite,churn,466,15.646,0,0
sqlite,churn,467,16.323,0,0
sqlite,churn,468,13.714,0,0
sqlite,churn,469,12.566,0,0
sqlite,churn,470,13.365,2683495832,239
sqlite,churn,471,17.368,0,0
sqlite,churn,472,16.089,0,0
sqlite,churn,473,12.722,0,0
sqlite,churn,474,15.427,0,0
sqlite,churn,475,12.682,0,0
sqlite,churn,476,13.286,0,0
sqlite,churn,477,14.873,0,0
sqlite,churn,478,12.235,0,0
sqlite,churn,479,12.638,0,0
sqlite,churn,480,15.086,2685216152,323
sqlite,churn,481,14.501,0,0
sqlite,churn,482,12.340,0,0
sqlite,churn,483,13.547,0,0
sqlite,churn,484,12.702,0,0
sqlite,churn,485,13.395,0,0
sqlite,churn,486,12.389,0,0
sqlite,churn,487,12.502,0,0
sqlite,churn,488,12.288,0,0
sqlite,churn,489,12.880,0,0
sqlite,churn,490,13.630,2686965144,240
sqlite,churn,491,13.391,0,0
sqlite,churn,492,12.497,0,0
sqlite,churn,493,11.862,0,0
sqlite,churn,494,13.238,0,0
sqlite,churn,495,15.128,0,0
sqlite,churn,496,13.709,0,0
sqlite,churn,497,13.521,0,0
sqlite,churn,498,15.129,0,0
sqlite,churn,499,13.468,0,0
sqlite,churn,500,13.116,2688968088,334
sqlite,churn,501,13.768,0,0
sqlite,churn,502,13.416,0,0
sqlite,churn,503,13.819,0,0
sqlite,churn,504,11.092,0,0
sqlite,churn,505,12.072,0,0
sqlite,churn,506,12.734,0,0
sqlite,churn,507,15.750,0,0
sqlite,churn,508,21.150,0,0
sqlite,churn,509,19.346,0,0
sqlite,churn,510,10.886,2690258328,229
sqlite,churn,511,11.702,0,0
sqlite,churn,512,16.473,0,0
sqlite,churn,513,13.347,0,0
sqlite,churn,514,12.433,0,0
sqlite,churn,515,11.477,0,0
sqlite,churn,516,12.292,0,0
sqlite,churn,517,11.890,0,0
sqlite,churn,518,16.853,0,0
sqlite,churn,519,12.577,0,0
sqlite,churn,520,15.917,2691622296,329
sqlite,churn,521,13.142,0,0
sqlite,churn,522,13.454,0,0
sqlite,churn,523,15.846,0,0
sqlite,churn,524,12.996,0,0
sqlite,churn,525,11.614,0,0
sqlite,churn,526,13.313,0,0
sqlite,churn,527,18.981,0,0
sqlite,churn,528,13.906,0,0
sqlite,churn,529,11.913,0,0
sqlite,churn,530,16.228,2693199256,240
sqlite,churn,531,24.474,0,0
sqlite,churn,532,21.902,0,0
sqlite,churn,533,15.579,0,0
sqlite,churn,534,12.198,0,0
sqlite,churn,535,13.186,0,0
sqlite,churn,536,15.897,0,0
sqlite,churn,537,14.440,0,0
sqlite,churn,538,13.186,0,0
sqlite,churn,539,19.794,0,0
sqlite,churn,540,12.977,2694825368,338
sqlite,churn,541,15.495,0,0
sqlite,churn,542,13.402,0,0
sqlite,churn,543,13.836,0,0
sqlite,churn,544,12.889,0,0
sqlite,churn,545,12.748,0,0
sqlite,churn,546,13.250,0,0
sqlite,churn,547,11.677,0,0
sqlite,churn,548,13.858,0,0
sqlite,churn,549,12.230,0,0
sqlite,churn,550,15.581,2696324504,241
sqlite,churn,551,13.092,0,0
sqlite,churn,552,13.554,0,0
sqlite,churn,553,16.803,0,0
sqlite,churn,554,11.974,0,0
sqlite,churn,555,12.400,0,0
sqlite,churn,556,12.643,0,0
sqlite,churn,557,15.449,0,0
sqlite,churn,558,11.321,0,0
sqlite,churn,559,10.747,0,0
sqlite,churn,560,14.154,2698266008,333
sqlite,churn,561,22.161,0,0
sqlite,churn,562,13.412,0,0
sqlite,churn,563,13.495,0,0
sqlite,churn,564,13.231,0,0
sqlite,churn,565,16.058,0,0
sqlite,churn,566,12.511,0,0
sqlite,churn,567,12.170,0,0
sqlite,churn,568,13.927,0,0
sqlite,churn,569,13.398,0,0
sqlite,churn,570,13.997,2699724184,238
sqlite,churn,571,16.202,0,0
sqlite,churn,572,12.865,0,0
sqlite,churn,573,13.477,0,0
sqlite,churn,574,19.160,0,0
sqlite,churn,575,14.329,0,0
sqlite,churn,576,17.489,0,0
sqlite,churn,577,13.628,0,0
sqlite,churn,578,13.772,0,0
sqlite,churn,579,11.895,0,0
sqlite,churn,580,12.702,2701268376,347
sqlite,churn,581,12.813,0,0
sqlite,churn,582,12.952,0,0
sqlite,churn,583,12.345,0,0
sqlite,churn,584,17.447,0,0
sqlite,churn,585,13.784,0,0
sqlite,churn,586,14.006,0,0
sqlite,churn,587,13.909,0,0
sqlite,churn,588,13.691,0,0
sqlite,churn,589,12.725,0,0
sqlite,churn,590,11.981,2702775704,246
sqlite,churn,591,11.952,0,0
sqlite,churn,592,12.295,0,0
sqlite,churn,593,12.061,0,0
sqlite,churn,594,12.960,0,0
sqlite,churn,595,13.615,0,0
sqlite,churn,596,15.390,0,0
sqlite,churn,597,13.604,0,0
sqlite,churn,598,13.159,0,0
sqlite,churn,599,12.658,0,0
sqlite,churn,600,11.716,2704442776,329
sqlite,churn,601,12.808,0,0
sqlite,churn,602,11.831,0,0
sqlite,churn,603,12.593,0,0
sqlite,churn,604,19.350,0,0
sqlite,churn,605,12.030,0,0
sqlite,churn,606,11.639,0,0
sqlite,churn,607,25.038,0,0
sqlite,churn,608,12.504,0,0
sqlite,churn,609,13.269,0,0
sqlite,churn,610,12.833,2705532312,261
sqlite,churn,611,16.549,0,0
sqlite,churn,612,14.986,0,0
sqlite,churn,613,13.009,0,0
sqlite,churn,614,14.020,0,0
sqlite,churn,615,12.446,0,0
sqlite,churn,616,11.504,0,0
sqlite,churn,617,15.156,0,0
sqlite,churn,618,11.850,0,0
sqlite,churn,619,11.781,0,0
sqlite,churn,620,11.845,2706957720,338
sqlite,churn,621,14.623,0,0
sqlite,churn,622,13.628,0,0
sqlite,churn,623,15.578,0,0
sqlite,churn,624,15.017,0,0
sqlite,churn,625,16.577,0,0
sqlite,churn,626,12.559,0,0
sqlite,churn,627,13.110,0,0
sqlite,churn,628,13.352,0,0
sqlite,churn,629,13.961,0,0
sqlite,churn,630,11.947,2708297112,245
sqlite,churn,631,12.877,0,0
sqlite,churn,632,12.496,0,0
sqlite,churn,633,12.459,0,0
sqlite,churn,634,13.559,0,0
sqlite,churn,635,14.242,0,0
sqlite,churn,636,16.800,0,0
sqlite,churn,637,13.664,0,0
sqlite,churn,638,11.369,0,0
sqlite,churn,639,15.490,0,0
sqlite,churn,640,10.625,2709869976,346
sqlite,churn,641,11.819,0,0
sqlite,churn,642,11.952,0,0
sqlite,churn,643,12.229,0,0
sqlite,churn,644,11.492,0,0
sqlite,churn,645,11.586,0,0
sqlite,churn,646,11.248,0,0
sqlite,churn,647,11.980,0,0
sqlite,churn,648,13.479,0,0
sqlite,churn,649,12.025,0,0
sqlite,churn,650,12.644,2711356824,233
sqlite,churn,651,12.783,0,0
sqlite,churn,652,13.220,0,0
sqlite,churn,653,12.316,0,0
sqlite,churn,654,13.297,0,0
sqlite,churn,655,12.019,0,0
sqlite,churn,656,12.228,0,0
sqlite,churn,657,13.594,0,0
sqlite,churn,658,13.501,0,0
sqlite,churn,659,11.959,0,0
sqlite,churn,660,13.352,2712929688,346
sqlite,churn,661,12.550,0,0
sqlite,churn,662,11.875,0,0
sqlite,churn,663,15.361,0,0
sqlite,churn,664,11.626,0,0
sqlite,churn,665,12.465,0,0
sqlite,churn,666,15.950,0,0
sqlite,churn,667,12.081,0,0
sqlite,churn,668,11.757,0,0
sqlite,churn,669,11.896,0,0
sqlite,churn,670,11.455,2714170776,236
sqlite,churn,671,14.312,0,0
sqlite,churn,672,19.760,0,0
sqlite,churn,673,12.938,0,0
sqlite,churn,674,14.417,0,0
sqlite,churn,675,24.190,0,0
sqlite,churn,676,13.654,0,0
sqlite,churn,677,15.096,0,0
sqlite,churn,678,42.824,0,0
sqlite,churn,679,38.509,0,0
sqlite,churn,680,15.864,2715592088,346
sqlite,churn,681,22.057,0,0
sqlite,churn,682,16.696,0,0
sqlite,churn,683,21.494,0,0
sqlite,churn,684,33.217,0,0
sqlite,churn,685,41.970,0,0
sqlite,churn,686,32.168,0,0
sqlite,churn,687,29.828,0,0
sqlite,churn,688,17.816,0,0
sqlite,churn,689,14.809,0,0
sqlite,churn,690,15.753,2717283736,252
sqlite,churn,691,25.271,0,0
sqlite,churn,692,14.110,0,0
sqlite,churn,693,15.072,0,0
sqlite,churn,694,15.791,0,0
sqlite,churn,695,13.549,0,0
sqlite,churn,696,25.466,0,0
sqlite,churn,697,24.043,0,0
sqlite,churn,698,22.280,0,0
sqlite,churn,699,14.046,0,0
sqlite,churn,700,13.848,2719077784,338
sqlite,churn,701,23.271,0,0
sqlite,churn,702,15.311,0,0
sqlite,churn,703,15.580,0,0
sqlite,churn,704,14.290,0,0
sqlite,churn,705,18.960,0,0
sqlite,churn,706,20.060,0,0
sqlite,churn,707,14.978,0,0
sqlite,churn,708,22.434,0,0
sqlite,churn,709,14.099,0,0
sqlite,churn,710,12.569,2720486808,224
sqlite,churn,711,14.786,0,0
sqlite,churn,712,14.188,0,0
sqlite,churn,713,12.716,0,0
sqlite,churn,714,14.027,0,0
sqlite,churn,715,13.450,0,0
sqlite,churn,716,18.058,0,0
sqlite,churn,717,29.892,0,0
sqlite,churn,718,16.990,0,0
sqlite,churn,719,27.139,0,0
sqlite,churn,720,16.028,2722080152,345
sqlite,churn,721,15.128,0,0
sqlite,churn,722,14.616,0,0
sqlite,churn,723,12.757,0,0
sqlite,churn,724,24.714,0,0
sqlite,churn,725,18.080,0,0
sqlite,churn,726,32.377,0,0
sqlite,churn,727,13.311,0,0
sqlite,churn,728,14.285,0,0
sqlite,churn,729,12.997,0,0
sqlite,churn,730,20.561,2723161496,233
sqlite,churn,731,20.426,0,0
sqlite,churn,732,15.806,0,0
sqlite,churn,733,13.787,0,0
sqlite,churn,734,16.121,0,0
sqlite,churn,735,23.417,0,0
sqlite,churn,736,12.397,0,0
sqlite,churn,737,16.845,0,0
sqlite,churn,738,13.405,0,0
sqlite,churn,739,16.179,0,0
sqlite,churn,740,14.296,2724517272,354
sqlite,churn,741,17.422,0,0
sqlite,churn,742,12.804,0,0
sqlite,churn,743,15.885,0,0
sqlite,churn,744,13.455,0,0
sqlite,churn,745,17.621,0,0
sqlite,churn,746,16.969,0,0
sqlite,churn,747,20.397,0,0
sqlite,churn,748,14.026,0,0
sqlite,churn,749,16.242,0,0
sqlite,churn,750,14.411,2726020504,231
sqlite,churn,751,13.728,0,0
sqlite,churn,752,12.263,0,0
sqlite,churn,753,18.708,0,0
sqlite,churn,754,13.789,0,0
sqlite,churn,755,12.665,0,0
sqlite,churn,756,13.596,0,0
sqlite,churn,757,11.875,0,0
sqlite,churn,758,11.941,0,0
sqlite,churn,759,18.518,0,0
sqlite,churn,760,13.446,2727646616,336
sqlite,churn,761,12.754,0,0
sqlite,churn,762,15.492,0,0
sqlite,churn,763,14.365,0,0
sqlite,churn,764,13.841,0,0
sqlite,churn,765,13.218,0,0
sqlite,churn,766,17.840,0,0
sqlite,churn,767,12.020,0,0
sqlite,churn,768,14.627,0,0
sqlite,churn,769,11.386,0,0
sqlite,churn,770,13.755,2729178520,234
sqlite,churn,771,12.983,0,0
sqlite,churn,772,13.126,0,0
sqlite,churn,773,14.776,0,0
sqlite,churn,774,11.448,0,0
sqlite,churn,775,13.663,0,0
sqlite,churn,776,16.351,0,0
sqlite,churn,777,12.086,0,0
sqlite,churn,778,10.942,0,0
sqlite,churn,779,14.942,0,0
sqlite,churn,780,15.876,2730988952,347
sqlite,churn,781,14.858,0,0
sqlite,churn,782,11.595,0,0
sqlite,churn,783,11.642,0,0
sqlite,churn,784,11.718,0,0
sqlite,churn,785,11.960,0,0
sqlite,churn,786,15.319,0,0
sqlite,churn,787,13.616,0,0
sqlite,churn,788,11.860,0,0
sqlite,churn,789,12.086,0,0
sqlite,churn,790,13.575,2732348824,241
sqlite,churn,791,13.159,0,0
sqlite,churn,792,16.815,0,0
sqlite,churn,793,13.581,0,0
sqlite,churn,794,11.545,0,0
sqlite,churn,795,12.821,0,0
sqlite,churn,796,11.681,0,0
sqlite,churn,797,13.185,0,0
sqlite,churn,798,11.736,0,0
sqlite,churn,799,16.751,0,0
sqlite,churn,800,12.131,2734011800,339
sqlite,churn,801,12.464,0,0
sqlite,churn,802,15.530,0,0
sqlite,churn,803,15.739,0,0
sqlite,churn,804,13.714,0,0
sqlite,churn,805,12.367,0,0
sqlite,churn,806,13.659,0,0
sqlite,churn,807,12.399,0,0
sqlite,churn,808,16.196,0,0
sqlite,churn,809,13.235,0,0
sqlite,churn,810,16.696,2734994840,251
sqlite,churn,811,15.904,0,0
sqlite,churn,812,16.747,0,0
sqlite,churn,813,15.982,0,0
sqlite,churn,814,14.475,0,0
sqlite,churn,815,12.078,0,0
sqlite,churn,816,14.667,0,0
sqlite,churn,817,11.410,0,0
sqlite,churn,818,16.747,0,0
sqlite,churn,819,15.370,0,0
sqlite,churn,820,14.811,2736432536,328
sqlite,churn,821,14.203,0,0
sqlite,churn,822,14.855,0,0
sqlite,churn,823,11.372,0,0
sqlite,churn,824,28.195,0,0
sqlite,churn,825,14.403,0,0
sqlite,churn,826,12.622,0,0
sqlite,churn,827,12.151,0,0
sqlite,churn,828,14.580,0,0
sqlite,churn,829,15.532,0,0
sqlite,churn,830,21.423,2737874328,235
sqlite,churn,831,13.650,0,0
sqlite,churn,832,15.908,0,0
sqlite,churn,833,13.553,0,0
sqlite,churn,834,13.693,0,0
sqlite,churn,835,13.045,0,0
sqlite,churn,836,12.191,0,0
sqlite,churn,837,11.887,0,0
sqlite,churn,838,13.252,0,0
sqlite,churn,839,13.368,0,0
sqlite,churn,840,14.097,2739680664,356
sqlite,churn,841,14.044,0,0
sqlite,churn,842,12.551,0,0
sqlite,churn,843,13.814,0,0
sqlite,churn,844,14.171,0,0
sqlite,churn,845,13.622,0,0
sqlite,churn,846,11.926,0,0
sqlite,churn,847,12.536,0,0
sqlite,churn,848,12.532,0,0
sqlite,churn,849,13.302,0,0
sqlite,churn,850,14.516,2740925848,226
sqlite,churn,851,13.439,0,0
sqlite,churn,852,11.581,0,0
sqlite,churn,853,12.355,0,0
sqlite,churn,854,13.478,0,0
sqlite,churn,855,15.964,0,0
sqlite,churn,856,11.317,0,0
sqlite,churn,857,12.738,0,0
sqlite,churn,858,14.307,0,0
sqlite,churn,859,12.599,0,0
sqlite,churn,860,13.732,2742461848,335
sqlite,churn,861,13.167,0,0
sqlite,churn,862,12.238,0,0
sqlite,churn,863,14.621,0,0
sqlite,churn,864,17.035,0,0
sqlite,churn,865,13.757,0,0
sqlite,churn,866,13.618,0,0
sqlite,churn,867,15.324,0,0
sqlite,churn,868,13.044,0,0
sqlite,churn,869,14.867,0,0
sqlite,churn,870,13.305,2743727512,246
sqlite,churn,871,17.766,0,0
sqlite,churn,872,12.171,0,0
sqlite,churn,873,12.293,0,0
sqlite,churn,874,12.829,0,0
sqlite,churn,875,13.193,0,0
sqlite,churn,876,18.421,0,0
sqlite,churn,877,12.532,0,0
sqlite,churn,878,11.774,0,0
sqlite,churn,879,13.381,0,0
sqlite,churn,880,12.747,2745230744,349
sqlite,churn,881,33.225,0,0
sqlite,churn,882,15.772,0,0
sqlite,churn,883,13.042,0,0
sqlite,churn,884,13.336,0,0
sqlite,churn,885,14.393,0,0
sqlite,churn,886,12.511,0,0
sqlite,churn,887,14.941,0,0
sqlite,churn,888,14.349,0,0
sqlite,churn,889,14.574,0,0
sqlite,churn,890,13.208,2746672536,237
sqlite,churn,891,13.309,0,0
sqlite,churn,892,14.277,0,0
sqlite,churn,893,40.492,0,0
sqlite,churn,894,11.683,0,0
sqlite,churn,895,13.592,0,0
sqlite,churn,896,14.741,0,0
sqlite,churn,897,13.378,0,0
sqlite,churn,898,14.341,0,0
sqlite,churn,899,15.022,0,0
sqlite,churn,900,11.858,2748220824,342
sqlite,churn,901,14.387,0,0
sqlite,churn,902,16.678,0,0
sqlite,churn,903,14.547,0,0
sqlite,churn,904,15.401,0,0
sqlite,churn,905,14.707,0,0
sqlite,churn,906,12.440,0,0
sqlite,churn,907,18.157,0,0
sqlite,churn,908,13.845,0,0
sqlite,churn,909,14.193,0,0
sqlite,churn,910,18.247,2749408664,237
sqlite,churn,911,12.527,0,0
sqlite,churn,912,12.711,0,0
sqlite,churn,913,12.913,0,0
sqlite,churn,914,15.419,0,0
sqlite,churn,915,14.591,0,0
sqlite,churn,916,12.912,0,0
sqlite,churn,917,12.662,0,0
sqlite,churn,918,15.871,0,0
sqlite,churn,919,15.865,0,0
sqlite,churn,920,13.374,2751215000,349
sqlite,churn,921,14.067,0,0
sqlite,churn,922,13.287,0,0
sqlite,churn,923,18.293,0,0
sqlite,churn,924,13.145,0,0
sqlite,churn,925,13.168,0,0
sqlite,churn,926,13.382,0,0
sqlite,churn,927,16.359,0,0
sqlite,churn,928,14.849,0,0
sqlite,churn,929,11.931,0,0
sqlite,churn,930,14.412,2752538008,232
sqlite,churn,931,15.707,0,0
sqlite,churn,932,13.923,0,0
sqlite,churn,933,24.780,0,0
sqlite,churn,934,17.512,0,0
sqlite,churn,935,19.946,0,0
sqlite,churn,936,12.747,0,0
sqlite,churn,937,14.184,0,0
sqlite,churn,938,15.113,0,0
sqlite,churn,939,13.782,0,0
sqlite,churn,940,12.452,2753975704,339
sqlite,churn,941,15.986,0,0
sqlite,churn,942,12.659,0,0
sqlite,churn,943,21.988,0,0
sqlite,churn,944,20.274,0,0
sqlite,churn,945,13.223,0,0
sqlite,churn,946,14.241,0,0
sqlite,churn,947,15.170,0,0
sqlite,churn,948,15.653,0,0
sqlite,churn,949,19.005,0,0
sqlite,churn,950,13.621,2755302808,239
sqlite,churn,951,17.053,0,0
sqlite,churn,952,14.199,0,0
sqlite,churn,953,15.644,0,0
sqlite,churn,954,52.538,0,0
sqlite,churn,955,27.997,0,0
sqlite,churn,956,20.842,0,0
sqlite,churn,957,24.674,0,0
sqlite,churn,958,13.051,0,0
sqlite,churn,959,13.514,0,0
sqlite,churn,960,34.133,2756920728,345
sqlite,churn,961,16.018,0,0
sqlite,churn,962,17.170,0,0
sqlite,churn,963,13.773,0,0
sqlite,churn,964,14.159,0,0
sqlite,churn,965,17.546,0,0
sqlite,churn,966,12.863,0,0
sqlite,churn,967,15.111,0,0
sqlite,churn,968,12.223,0,0
sqlite,churn,969,12.849,0,0
sqlite,churn,970,18.618,2758215064,254
sqlite,churn,971,27.251,0,0
sqlite,churn,972,12.970,0,0
sqlite,churn,973,15.004,0,0
sqlite,churn,974,11.893,0,0
sqlite,churn,975,20.575,0,0
sqlite,churn,976,14.708,0,0
sqlite,churn,977,14.527,0,0
sqlite,churn,978,14.323,0,0
sqlite,churn,979,14.028,0,0
sqlite,churn,980,12.835,2759722392,347
sqlite,churn,981,15.015,0,0
sqlite,churn,982,15.735,0,0
sqlite,churn,983,12.058,0,0
sqlite,churn,984,15.083,0,0
sqlite,churn,985,17.453,0,0
sqlite,churn,986,14.398,0,0
sqlite,churn,987,11.753,0,0
sqlite,churn,988,15.160,0,0
sqlite,churn,989,15.738,0,0
sqlite,churn,990,12.510,2760902040,241
sqlite,churn,991,13.194,0,0
sqlite,churn,992,14.146,0,0
sqlite,churn,993,14.794,0,0
sqlite,churn,994,15.516,0,0
sqlite,churn,995,12.134,0,0
sqlite,churn,996,14.958,0,0
sqlite,churn,997,16.063,0,0
sqlite,churn,998,14.962,0,0
sqlite,churn,999,13.196,0,0
sqlite,churn,1000,12.414,2762614168,354
sqlite,churn,1001,14.873,0,0
sqlite,churn,1002,12.057,0,0
sqlite,churn,1003,11.648,0,0
sqlite,churn,1004,13.248,0,0
sqlite,churn,1005,14.113,0,0
sqlite,churn,1006,15.858,0,0
sqlite,churn,1007,12.703,0,0
sqlite,churn,1008,17.842,0,0
sqlite,churn,1009,13.592,0,0
sqlite,churn,1010,14.984,2763589016,242
sqlite,churn,1011,28.390,0,0
sqlite,churn,1012,23.791,0,0
sqlite,churn,1013,12.285,0,0
sqlite,churn,1014,13.660,0,0
sqlite,churn,1015,11.459,0,0
sqlite,churn,1016,11.459,0,0
sqlite,churn,1017,12.310,0,0
sqlite,churn,1018,19.217,0,0
sqlite,churn,1019,14.199,0,0
sqlite,churn,1020,13.905,2765251992,333
sqlite,churn,1021,15.244,0,0
sqlite,churn,1022,12.413,0,0
sqlite,churn,1023,14.100,0,0
sqlite,churn,1024,13.118,0,0
sqlite,churn,1025,13.963,0,0
sqlite,churn,1026,15.280,0,0
sqlite,churn,1027,14.584,0,0
sqlite,churn,1028,12.718,0,0
sqlite,churn,1029,14.834,0,0
sqlite,churn,1030,12.424,2766636440,245
sqlite,churn,1031,13.420,0,0
sqlite,churn,1032,13.990,0,0
sqlite,churn,1033,14.661,0,0
sqlite,churn,1034,18.270,0,0
sqlite,churn,1035,16.971,0,0
sqlite,churn,1036,15.055,0,0
sqlite,churn,1037,19.138,0,0
sqlite,churn,1038,11.098,0,0
sqlite,churn,1039,13.210,0,0
sqlite,churn,1040,12.569,2768184728,345
sqlite,churn,1041,14.981,0,0
sqlite,churn,1042,14.372,0,0
sqlite,churn,1043,16.212,0,0
sqlite,churn,1044,13.315,0,0
sqlite,churn,1045,12.604,0,0
sqlite,churn,1046,16.353,0,0
sqlite,churn,1047,12.595,0,0
sqlite,churn,1048,12.219,0,0
sqlite,churn,1049,14.481,0,0
sqlite,churn,1050,15.382,2769614232,249
sqlite,churn,1051,18.482,0,0
sqlite,churn,1052,11.890,0,0
sqlite,churn,1053,14.684,0,0
sqlite,churn,1054,14.654,0,0
sqlite,churn,1055,16.182,0,0
sqlite,churn,1056,11.987,0,0
sqlite,churn,1057,13.041,0,0
sqlite,churn,1058,13.018,0,0
sqlite,churn,1059,14.310,0,0
sqlite,churn,1060,17.153,2771346840,339
sqlite,churn,1061,12.171,0,0
sqlite,churn,1062,15.053,0,0
sqlite,churn,1063,12.408,0,0
sqlite,churn,1064,13.558,0,0
sqlite,churn,1065,13.870,0,0
sqlite,churn,1066,13.086,0,0
sqlite,churn,1067,12.627,0,0
sqlite,churn,1068,13.273,0,0
sqlite,churn,1069,15.022,0,0
sqlite,churn,1070,12.931,2772329880,247
sqlite,churn,1071,12.689,0,0
sqlite,churn,1072,13.701,0,0
sqlite,churn,1073,13.376,0,0
sqlite,churn,1074,13.172,0,0
sqlite,churn,1075,16.519,0,0
sqlite,churn,1076,12.188,0,0
sqlite,churn,1077,14.667,0,0
sqlite,churn,1078,14.484,0,0
sqlite,churn,1079,15.399,0,0
sqlite,churn,1080,15.768,2773722520,339
sqlite,churn,1081,11.776,0,0
sqlite,churn,1082,16.428,0,0
sqlite,churn,1083,11.861,0,0
sqlite,churn,1084,13.415,0,0
sqlite,churn,1085,15.969,0,0
sqlite,churn,1086,13.848,0,0
sqlite,churn,1087,12.493,0,0
sqlite,churn,1088,12.152,0,0
sqlite,churn,1089,13.200,0,0
sqlite,churn,1090,11.040,2774869400,249
sqlite,churn,1091,12.098,0,0
sqlite,churn,1092,11.581,0,0
sqlite,churn,1093,16.464,0,0
sqlite,churn,1094,13.787,0,0
sqlite,churn,1095,12.888,0,0
sqlite,churn,1096,15.222,0,0
sqlite,churn,1097,20.056,0,0
sqlite,churn,1098,13.063,0,0
sqlite,churn,1099,12.393,0,0
sqlite,churn,1100,13.816,2776094104,352
sqlite,churn,1101,12.304,0,0
sqlite,churn,1102,13.981,0,0
sqlite,churn,1103,14.959,0,0
sqlite,churn,1104,12.824,0,0
sqlite,churn,1105,11.786,0,0
sqlite,churn,1106,11.571,0,0
sqlite,churn,1107,16.643,0,0
sqlite,churn,1108,15.688,0,0
sqlite,churn,1109,13.543,0,0
sqlite,churn,1110,13.734,2777507224,241
sqlite,churn,1111,13.036,0,0
sqlite,churn,1112,12.308,0,0
sqlite,churn,1113,16.843,0,0
sqlite,churn,1114,13.231,0,0
sqlite,churn,1115,12.787,0,0
sqlite,churn,1116,11.722,0,0
sqlite,churn,1117,12.680,0,0
sqlite,churn,1118,15.675,0,0
sqlite,churn,1119,12.703,0,0
sqlite,churn,1120,11.810,2778809752,346
sqlite,churn,1121,11.554,0,0
sqlite,churn,1122,15.389,0,0
sqlite,churn,1123,12.443,0,0
sqlite,churn,1124,13.749,0,0
sqlite,churn,1125,14.860,0,0
sqlite,churn,1126,31.177,0,0
sqlite,churn,1127,22.830,0,0
sqlite,churn,1128,13.122,0,0
sqlite,churn,1129,15.560,0,0
sqlite,churn,1130,19.615,2780181912,236
sqlite,churn,1131,16.419,0,0
sqlite,churn,1132,13.789,0,0
sqlite,churn,1133,14.505,0,0
sqlite,churn,1134,13.862,0,0
sqlite,churn,1135,16.626,0,0
sqlite,churn,1136,13.239,0,0
sqlite,churn,1137,12.347,0,0
sqlite,churn,1138,13.239,0,0
sqlite,churn,1139,16.274,0,0
sqlite,churn,1140,19.469,2781734296,350
sqlite,churn,1141,12.680,0,0
sqlite,churn,1142,13.397,0,0
sqlite,churn,1143,13.401,0,0
sqlite,churn,1144,11.959,0,0
sqlite,churn,1145,12.419,0,0
sqlite,churn,1146,12.977,0,0
sqlite,churn,1147,12.640,0,0
sqlite,churn,1148,12.824,0,0
sqlite,churn,1149,12.979,0,0
sqlite,churn,1150,16.345,2782922136,232
sqlite,churn,1151,14.926,0,0
sqlite,churn,1152,11.743,0,0
sqlite,churn,1153,13.682,0,0
sqlite,churn,1154,12.052,0,0
sqlite,churn,1155,13.134,0,0
sqlite,churn,1156,12.479,0,0
sqlite,churn,1157,13.709,0,0
sqlite,churn,1158,11.606,0,0
sqlite,churn,1159,14.604,0,0
sqlite,churn,1160,11.665,2784748952,341
sqlite,churn,1161,13.197,0,0
sqlite,churn,1162,11.990,0,0
sqlite,churn,1163,12.595,0,0
sqlite,churn,1164,16.347,0,0
sqlite,churn,1165,12.938,0,0
sqlite,churn,1166,15.731,0,0
sqlite,churn,1167,12.701,0,0
sqlite,churn,1168,11.356,0,0
sqlite,churn,1169,16.923,0,0
sqlite,churn,1170,20.720,2785850776,250
sqlite,churn,1171,13.595,0,0
sqlite,churn,1172,12.225,0,0
sqlite,churn,1173,13.977,0,0
sqlite,churn,1174,15.423,0,0
sqlite,churn,1175,14.534,0,0
sqlite,churn,1176,13.775,0,0
sqlite,churn,1177,17.824,0,0
sqlite,churn,1178,13.602,0,0
sqlite,churn,1179,11.119,0,0
sqlite,churn,1180,19.023,2787243416,363
sqlite,churn,1181,14.845,0,0
sqlite,churn,1182,12.953,0,0
sqlite,churn,1183,16.943,0,0
sqlite,churn,1184,12.315,0,0
sqlite,churn,1185,16.505,0,0
sqlite,churn,1186,12.587,0,0
sqlite,churn,1187,14.627,0,0
sqlite,churn,1188,19.123,0,0
sqlite,churn,1189,13.004,0,0
sqlite,churn,1190,12.920,2788636056,233
sqlite,churn,1191,16.064,0,0
sqlite,churn,1192,15.975,0,0
sqlite,churn,1193,12.616,0,0
sqlite,churn,1194,11.933,0,0
sqlite,churn,1195,15.471,0,0
sqlite,churn,1196,12.857,0,0
sqlite,churn,1197,13.246,0,0
sqlite,churn,1198,13.229,0,0
sqlite,churn,1199,11.621,0,0
sqlite,churn,1200,12.298,2790217112,350
sqlite,churn,1201,13.878,0,0
sqlite,churn,1202,13.755,0,0
sqlite,churn,1203,11.791,0,0
sqlite,churn,1204,13.586,0,0
sqlite,churn,1205,13.407,0,0
sqlite,churn,1206,12.541,0,0
sqlite,churn,1207,12.481,0,0
sqlite,churn,1208,14.133,0,0
sqlite,churn,1209,12.004,0,0
sqlite,churn,1210,12.865,2791708056,250
sqlite,churn,1211,19.958,0,0
sqlite,churn,1212,15.658,0,0
sqlite,churn,1213,16.615,0,0
sqlite,churn,1214,32.305,0,0
sqlite,churn,1215,12.489,0,0
sqlite,churn,1216,12.122,0,0
sqlite,churn,1217,12.109,0,0
sqlite,churn,1218,12.075,0,0
sqlite,churn,1219,12.037,0,0
sqlite,churn,1220,12.938,2792994200,339
sqlite,churn,1221,15.628,0,0
sqlite,churn,1222,13.345,0,0
sqlite,churn,1223,16.635,0,0
sqlite,churn,1224,13.164,0,0
sqlite,churn,1225,11.315,0,0
sqlite,churn,1226,12.384,0,0
sqlite,churn,1227,13.196,0,0
sqlite,churn,1228,14.580,0,0
sqlite,churn,1229,15.175,0,0
sqlite,churn,1230,14.774,2794431896,236
sqlite,churn,1231,16.230,0,0
sqlite,churn,1232,13.697,0,0
sqlite,churn,1233,14.165,0,0
sqlite,churn,1234,11.683,0,0
sqlite,churn,1235,12.353,0,0
sqlite,churn,1236,31.567,0,0
sqlite,churn,1237,34.882,0,0
sqlite,churn,1238,17.755,0,0
sqlite,churn,1239,11.725,0,0
sqlite,churn,1240,12.490,2796131736,345
sqlite,churn,1241,15.376,0,0
sqlite,churn,1242,49.328,0,0
sqlite,churn,1243,23.869,0,0
sqlite,churn,1244,12.861,0,0
sqlite,churn,1245,14.446,0,0
sqlite,churn,1246,16.720,0,0
sqlite,churn,1247,13.496,0,0
sqlite,churn,1248,11.787,0,0
sqlite,churn,1249,13.244,0,0
sqlite,churn,1250,12.694,2797303192,240
sqlite,churn,1251,16.699,0,0
sqlite,churn,1252,12.988,0,0
sqlite,churn,1253,22.400,0,0
sqlite,churn,1254,13.013,0,0
sqlite,churn,1255,13.855,0,0
sqlite,churn,1256,16.480,0,0
sqlite,churn,1257,15.812,0,0
sqlite,churn,1258,17.237,0,0
sqlite,churn,1259,14.004,0,0
sqlite,churn,1260,19.829,2799064472,345
sqlite,churn,1261,19.079,0,0
sqlite,churn,1262,15.246,0,0
sqlite,churn,1263,13.037,0,0
sqlite,churn,1264,12.483,0,0
sqlite,churn,1265,12.302,0,0
sqlite,churn,1266,14.105,0,0
sqlite,churn,1267,19.886,0,0
sqlite,churn,1268,13.148,0,0
sqlite,churn,1269,13.022,0,0
sqlite,churn,1270,13.086,2800137624,238
sqlite,churn,1271,14.007,0,0
sqlite,churn,1272,17.055,0,0
sqlite,churn,1273,13.132,0,0
sqlite,churn,1274,13.690,0,0
sqlite,churn,1275,21.238,0,0
sqlite,churn,1276,15.881,0,0
sqlite,churn,1277,13.358,0,0
sqlite,churn,1278,15.311,0,0
sqlite,churn,1279,15.019,0,0
sqlite,churn,1280,13.430,2801690008,344
sqlite,churn,1281,13.691,0,0
sqlite,churn,1282,15.405,0,0
sqlite,churn,1283,12.638,0,0
sqlite,churn,1284,12.782,0,0
sqlite,churn,1285,12.917,0,0
sqlite,churn,1286,16.601,0,0
sqlite,churn,1287,13.848,0,0
sqlite,churn,1288,13.232,0,0
sqlite,churn,1289,12.919,0,0
sqlite,churn,1290,12.737,2803086744,256
sqlite,churn,1291,12.272,0,0
sqlite,churn,1292,13.249,0,0
sqlite,churn,1293,13.787,0,0
sqlite,churn,1294,12.391,0,0
sqlite,churn,1295,14.393,0,0
sqlite,churn,1296,14.006,0,0
sqlite,churn,1297,12.538,0,0
sqlite,churn,1298,12.236,0,0
sqlite,churn,1299,14.223,0,0
sqlite,churn,1300,14.201,2804290968,344
sqlite,churn,1301,12.879,0,0
sqlite,churn,1302,13.934,0,0
sqlite,churn,1303,21.885,0,0
sqlite,churn,1304,14.027,0,0
sqlite,churn,1305,17.704,0,0
sqlite,churn,1306,14.265,0,0
sqlite,churn,1307,12.910,0,0
sqlite,churn,1308,13.053,0,0
sqlite,churn,1309,23.873,0,0
sqlite,churn,1310,18.555,2805523864,242
sqlite,churn,1311,19.285,0,0
sqlite,churn,1312,12.603,0,0
sqlite,churn,1313,11.776,0,0
sqlite,churn,1314,19.694,0,0
sqlite,churn,1315,13.925,0,0
sqlite,churn,1316,15.167,0,0
sqlite,churn,1317,16.403,0,0
sqlite,churn,1318,11.733,0,0
sqlite,churn,1319,14.478,0,0
sqlite,churn,1320,12.560,2806773144,342
sqlite,churn,1321,19.094,0,0
sqlite,churn,1322,12.112,0,0
sqlite,churn,1323,15.375,0,0
sqlite,churn,1324,15.340,0,0
sqlite,churn,1325,12.467,0,0
sqlite,churn,1326,13.629,0,0
sqlite,churn,1327,12.173,0,0
sqlite,churn,1328,18.945,0,0
sqlite,churn,1329,17.565,0,0
sqlite,churn,1330,13.255,2807780760,242
sqlite,churn,1331,11.814,0,0
sqlite,churn,1332,13.665,0,0
sqlite,churn,1333,12.233,0,0
sqlite,churn,1334,15.792,0,0
sqlite,churn,1335,17.169,0,0
sqlite,churn,1336,14.166,0,0
sqlite,churn,1337,14.712,0,0
sqlite,churn,1338,12.319,0,0
sqlite,churn,1339,13.168,0,0
sqlite,churn,1340,14.249,2809443736,356
sqlite,churn,1341,15.468,0,0
sqlite,churn,1342,13.746,0,0
sqlite,churn,1343,11.711,0,0
sqlite,churn,1344,16.562,0,0
sqlite,churn,1345,12.325,0,0
sqlite,churn,1346,17.546,0,0
sqlite,churn,1347,12.554,0,0
sqlite,churn,1348,13.060,0,0
sqlite,churn,1349,12.410,0,0
sqlite,churn,1350,19.476,2810471832,244
sqlite,churn,1351,14.345,0,0
sqlite,churn,1352,19.237,0,0
sqlite,churn,1353,13.826,0,0
sqlite,churn,1354,15.156,0,0
sqlite,churn,1355,13.564,0,0
sqlite,churn,1356,15.707,0,0
sqlite,churn,1357,15.207,0,0
sqlite,churn,1358,14.828,0,0
sqlite,churn,1359,22.612,0,0
sqlite,churn,1360,12.780,2812044696,339
sqlite,churn,1361,18.398,0,0
sqlite,churn,1362,14.010,0,0
sqlite,churn,1363,16.880,0,0
sqlite,churn,1364,11.875,0,0
sqlite,churn,1365,12.769,0,0
sqlite,churn,1366,13.853,0,0
sqlite,churn,1367,17.051,0,0
sqlite,churn,1368,13.983,0,0
sqlite,churn,1369,12.380,0,0
sqlite,churn,1370,12.935,2813064600,242
sqlite,churn,1371,13.037,0,0
sqlite,churn,1372,13.430,0,0
sqlite,churn,1373,12.807,0,0
sqlite,churn,1374,13.565,0,0
sqlite,churn,1375,23.099,0,0
sqlite,churn,1376,13.113,0,0
sqlite,churn,1377,20.339,0,0
sqlite,churn,1378,13.003,0,0
sqlite,churn,1379,15.401,0,0
sqlite,churn,1380,13.201,2814317976,331
sqlite,churn,1381,12.799,0,0
sqlite,churn,1382,12.490,0,0
sqlite,churn,1383,17.763,0,0
sqlite,churn,1384,12.525,0,0
sqlite,churn,1385,12.020,0,0
sqlite,churn,1386,13.568,0,0
sqlite,churn,1387,14.913,0,0
sqlite,churn,1388,17.628,0,0
sqlite,churn,1389,13.269,0,0
sqlite,churn,1390,12.576,2815616408,242
sqlite,churn,1391,13.214,0,0
sqlite,churn,1392,12.585,0,0
sqlite,churn,1393,15.356,0,0
sqlite,churn,1394,13.168,0,0
sqlite,churn,1395,19.491,0,0
sqlite,churn,1396,13.131,0,0
sqlite,churn,1397,14.129,0,0
sqlite,churn,1398,12.232,0,0
sqlite,churn,1399,14.080,0,0
sqlite,churn,1400,14.377,2817086872,353
sqlite,churn,1401,16.254,0,0
sqlite,churn,1402,12.289,0,0
sqlite,churn,1403,15.114,0,0
sqlite,churn,1404,14.218,0,0
sqlite,churn,1405,12.172,0,0
sqlite,churn,1406,16.792,0,0
sqlite,churn,1407,14.898,0,0
sqlite,churn,1408,14.924,0,0
sqlite,churn,1409,13.621,0,0
sqlite,churn,1410,16.276,2818446744,255
sqlite,churn,1411,17.674,0,0
sqlite,churn,1412,12.300,0,0
sqlite,churn,1413,13.280,0,0
sqlite,churn,1414,13.931,0,0
sqlite,churn,1415,14.803,0,0
sqlite,churn,1416,14.467,0,0
sqlite,churn,1417,12.059,0,0
sqlite,churn,1418,13.162,0,0
sqlite,churn,1419,17.700,0,0
sqlite,churn,1420,18.143,2819650968,336
sqlite,churn,1421,11.679,0,0
sqlite,churn,1422,12.066,0,0
sqlite,churn,1423,12.879,0,0
sqlite,churn,1424,13.324,0,0
sqlite,churn,1425,14.381,0,0
sqlite,churn,1426,12.569,0,0
sqlite,churn,1427,11.822,0,0
sqlite,churn,1428,12.545,0,0
sqlite,churn,1429,17.720,0,0
sqlite,churn,1430,16.134,2820916632,242
sqlite,churn,1431,13.997,0,0
sqlite,churn,1432,14.411,0,0
sqlite,churn,1433,12.333,0,0
sqlite,churn,1434,12.236,0,0
sqlite,churn,1435,12.202,0,0
sqlite,churn,1436,16.145,0,0
sqlite,churn,1437,15.509,0,0
sqlite,churn,1438,11.478,0,0
sqlite,churn,1439,14.018,0,0
sqlite,churn,1440,16.002,2822706584,346
sqlite,churn,1441,12.932,0,0
sqlite,churn,1442,13.247,0,0
sqlite,churn,1443,13.899,0,0
sqlite,churn,1444,14.252,0,0
sqlite,churn,1445,14.758,0,0
sqlite,churn,1446,17.439,0,0
sqlite,churn,1447,17.996,0,0
sqlite,churn,1448,14.981,0,0
sqlite,churn,1449,12.217,0,0
sqlite,churn,1450,14.021,2823939480,243
sqlite,churn,1451,13.810,0,0
sqlite,churn,1452,27.674,0,0
sqlite,churn,1453,28.150,0,0
sqlite,churn,1454,20.826,0,0
sqlite,churn,1455,16.734,0,0
sqlite,churn,1456,18.773,0,0
sqlite,churn,1457,18.570,0,0
sqlite,churn,1458,16.460,0,0
sqlite,churn,1459,12.897,0,0
sqlite,churn,1460,15.125,2825446808,351
sqlite,churn,1461,13.211,0,0
sqlite,churn,1462,13.867,0,0
sqlite,churn,1463,19.874,0,0
sqlite,churn,1464,13.092,0,0
sqlite,churn,1465,16.649,0,0
sqlite,churn,1466,14.908,0,0
sqlite,churn,1467,12.082,0,0
sqlite,churn,1468,12.448,0,0
sqlite,churn,1469,13.571,0,0
sqlite,churn,1470,15.376,2826618264,236
sqlite,churn,1471,15.214,0,0
sqlite,churn,1472,13.144,0,0
sqlite,churn,1473,16.006,0,0
sqlite,churn,1474,15.674,0,0
sqlite,churn,1475,14.639,0,0
sqlite,churn,1476,14.874,0,0
sqlite,churn,1477,13.769,0,0
sqlite,churn,1478,18.382,0,0
sqlite,churn,1479,14.560,0,0
sqlite,churn,1480,15.580,2827969944,341
sqlite,churn,1481,12.119,0,0
sqlite,churn,1482,11.846,0,0
sqlite,churn,1483,14.530,0,0
sqlite,churn,1484,13.302,0,0
sqlite,churn,1485,13.021,0,0
sqlite,churn,1486,14.357,0,0
sqlite,churn,1487,12.995,0,0
sqlite,churn,1488,13.847,0,0
sqlite,churn,1489,15.509,0,0
sqlite,churn,1490,13.836,2829346200,259
sqlite,churn,1491,14.776,0,0
sqlite,churn,1492,12.743,0,0
sqlite,churn,1493,14.913,0,0
sqlite,churn,1494,14.114,0,0
sqlite,churn,1495,12.482,0,0
sqlite,churn,1496,13.971,0,0
sqlite,churn,1497,13.921,0,0
sqlite,churn,1498,13.642,0,0
sqlite,churn,1499,13.419,0,0
sqlite,churn,1500,15.224,2830402968,358
sqlite,churn,1501,14.902,0,0
sqlite,churn,1502,12.229,0,0
sqlite,churn,1503,14.441,0,0
sqlite,churn,1504,15.835,0,0
sqlite,churn,1505,13.341,0,0
sqlite,churn,1506,13.213,0,0
sqlite,churn,1507,41.409,0,0
sqlite,churn,1508,18.459,0,0
sqlite,churn,1509,12.021,0,0
sqlite,churn,1510,12.699,2831619480,253
sqlite,churn,1511,15.857,0,0
sqlite,churn,1512,11.085,0,0
sqlite,churn,1513,10.745,0,0
sqlite,churn,1514,15.498,0,0
sqlite,churn,1515,12.527,0,0
sqlite,churn,1516,13.516,0,0
sqlite,churn,1517,14.125,0,0
sqlite,churn,1518,28.526,0,0
sqlite,churn,1519,14.212,0,0
sqlite,churn,1520,15.499,2832799128,340
sqlite,churn,1521,14.606,0,0
sqlite,churn,1522,15.857,0,0
sqlite,churn,1523,16.814,0,0
sqlite,churn,1524,11.500,0,0
sqlite,churn,1525,11.778,0,0
sqlite,churn,1526,19.749,0,0
sqlite,churn,1527,17.069,0,0
sqlite,churn,1528,12.703,0,0
sqlite,churn,1529,12.778,0,0
sqlite,churn,1530,11.281,2833999256,249
sqlite,churn,1531,11.261,0,0
sqlite,churn,1532,12.237,0,0
sqlite,churn,1533,24.154,0,0
sqlite,churn,1534,20.556,0,0
sqlite,churn,1535,27.672,0,0
sqlite,churn,1536,17.410,0,0
sqlite,churn,1537,12.155,0,0
sqlite,churn,1538,12.490,0,0
sqlite,churn,1539,16.659,0,0
sqlite,churn,1540,12.721,2835469720,361
sqlite,churn,1541,12.908,0,0
sqlite,churn,1542,15.807,0,0
sqlite,churn,1543,13.756,0,0
sqlite,churn,1544,13.237,0,0
sqlite,churn,1545,12.232,0,0
sqlite,churn,1546,16.563,0,0
sqlite,churn,1547,12.351,0,0
sqlite,churn,1548,13.236,0,0
sqlite,churn,1549,13.166,0,0
sqlite,churn,1550,13.103,2836436376,270
sqlite,churn,1551,13.166,0,0
sqlite,churn,1552,13.716,0,0
sqlite,churn,1553,16.962,0,0
sqlite,churn,1554,13.767,0,0
sqlite,churn,1555,13.262,0,0
sqlite,churn,1556,24.512,0,0
sqlite,churn,1557,19.253,0,0
sqlite,churn,1558,13.114,0,0
sqlite,churn,1559,13.808,0,0
sqlite,churn,1560,16.970,2837714328,361
sqlite,churn,1561,21.253,0,0
sqlite,churn,1562,13.612,0,0
sqlite,churn,1563,18.828,0,0
sqlite,churn,1564,14.301,0,0
sqlite,churn,1565,16.093,0,0
sqlite,churn,1566,13.080,0,0
sqlite,churn,1567,17.211,0,0
sqlite,churn,1568,12.889,0,0
sqlite,churn,1569,12.004,0,0
sqlite,churn,1570,13.953,2838709656,244
sqlite,churn,1571,12.061,0,0
sqlite,churn,1572,12.201,0,0
sqlite,churn,1573,13.541,0,0
sqlite,churn,1574,11.822,0,0
sqlite,churn,1575,13.184,0,0
sqlite,churn,1576,13.830,0,0
sqlite,churn,1577,12.997,0,0
sqlite,churn,1578,12.703,0,0
sqlite,churn,1579,14.182,0,0
sqlite,churn,1580,17.959,2840384920,345
sqlite,churn,1581,13.867,0,0
sqlite,churn,1582,14.717,0,0
sqlite,churn,1583,14.425,0,0
sqlite,churn,1584,17.371,0,0
sqlite,churn,1585,11.978,0,0
sqlite,churn,1586,12.535,0,0
sqlite,churn,1587,21.980,0,0
sqlite,churn,1588,18.331,0,0
sqlite,churn,1589,14.314,0,0
sqlite,churn,1590,12.690,2841576856,256
sqlite,churn,1591,16.620,0,0
sqlite,churn,1592,13.828,0,0
sqlite,churn,1593,21.410,0,0
sqlite,churn,1594,29.732,0,0
sqlite,churn,1595,16.181,0,0
sqlite,churn,1596,20.133,0,0
sqlite,churn,1597,17.965,0,0
sqlite,churn,1598,13.509,0,0
sqlite,churn,1599,16.172,0,0
sqlite,churn,1600,14.251,2842936728,350
sqlite,churn,1601,12.695,0,0
sqlite,churn,1602,14.632,0,0
sqlite,churn,1603,14.354,0,0
sqlite,churn,1604,11.812,0,0
sqlite,churn,1605,13.553,0,0
sqlite,churn,1606,15.267,0,0
sqlite,churn,1607,11.932,0,0
sqlite,churn,1608,14.365,0,0
sqlite,churn,1609,12.200,0,0
sqlite,churn,1610,11.586,2843846040,263
sqlite,churn,1611,16.496,0,0
sqlite,churn,1612,12.991,0,0
sqlite,churn,1613,11.999,0,0
sqlite,churn,1614,14.828,0,0
sqlite,churn,1615,11.722,0,0
sqlite,churn,1616,13.047,0,0
sqlite,churn,1617,17.065,0,0
sqlite,churn,1618,15.239,0,0
sqlite,churn,1619,13.600,0,0
sqlite,churn,1620,15.940,2845001112,341
sqlite,churn,1621,14.055,0,0
sqlite,churn,1622,13.628,0,0
sqlite,churn,1623,11.425,0,0
sqlite,churn,1624,17.836,0,0
sqlite,churn,1625,24.215,0,0
sqlite,churn,1626,13.968,0,0
sqlite,churn,1627,15.461,0,0
sqlite,churn,1628,13.782,0,0
sqlite,churn,1629,14.374,0,0
sqlite,churn,1630,15.610,2846512536,257
sqlite,churn,1631,15.243,0,0
sqlite,churn,1632,14.721,0,0
sqlite,churn,1633,20.204,0,0
sqlite,churn,1634,25.292,0,0
sqlite,churn,1635,30.151,0,0
sqlite,churn,1636,21.263,0,0
sqlite,churn,1637,19.167,0,0
sqlite,churn,1638,32.978,0,0
sqlite,churn,1639,24.856,0,0
sqlite,churn,1640,17.060,2847778200,339
sqlite,churn,1641,13.489,0,0
sqlite,churn,1642,15.399,0,0
sqlite,churn,1643,15.361,0,0
sqlite,churn,1644,17.272,0,0
sqlite,churn,1645,15.265,0,0
sqlite,churn,1646,22.901,0,0
sqlite,churn,1647,16.457,0,0
sqlite,churn,1648,35.743,0,0
sqlite,churn,1649,13.926,0,0
sqlite,churn,1650,14.368,2849105304,243
sqlite,churn,1651,12.654,0,0
sqlite,churn,1652,37.753,0,0
sqlite,churn,1653,14.037,0,0
sqlite,churn,1654,14.263,0,0
sqlite,churn,1655,15.341,0,0
sqlite,churn,1656,11.871,0,0
sqlite,churn,1657,14.232,0,0
sqlite,churn,1658,15.989,0,0
sqlite,churn,1659,15.973,0,0
sqlite,churn,1660,20.303,2850260376,350
sqlite,churn,1661,12.844,0,0
sqlite,churn,1662,12.572,0,0
sqlite,churn,1663,16.495,0,0
sqlite,churn,1664,17.900,0,0
sqlite,churn,1665,13.459,0,0
sqlite,churn,1666,11.464,0,0
sqlite,churn,1667,16.738,0,0
sqlite,churn,1668,12.679,0,0
sqlite,churn,1669,14.980,0,0
sqlite,churn,1670,15.872,2851620248,253
sqlite,churn,1671,15.166,0,0
sqlite,churn,1672,19.033,0,0
sqlite,churn,1673,19.176,0,0
sqlite,churn,1674,13.507,0,0
sqlite,churn,1675,25.998,0,0
sqlite,churn,1676,15.718,0,0
sqlite,churn,1677,17.904,0,0
sqlite,churn,1678,17.283,0,0
sqlite,churn,1679,13.406,0,0
sqlite,churn,1680,14.714,2853115288,360
sqlite,churn,1681,14.179,0,0
sqlite,churn,1682,12.792,0,0
sqlite,churn,1683,14.083,0,0
sqlite,churn,1684,15.428,0,0
sqlite,churn,1685,15.331,0,0
sqlite,churn,1686,12.649,0,0
sqlite,churn,1687,13.926,0,0
sqlite,churn,1688,13.869,0,0
sqlite,churn,1689,14.909,0,0
sqlite,churn,1690,14.564,2854163864,255
sqlite,churn,1691,13.487,0,0
sqlite,churn,1692,18.007,0,0
sqlite,churn,1693,14.074,0,0
sqlite,churn,1694,13.067,0,0
sqlite,churn,1695,12.941,0,0
sqlite,churn,1696,21.603,0,0
sqlite,churn,1697,17.483,0,0
sqlite,churn,1698,13.005,0,0
sqlite,churn,1699,14.595,0,0
sqlite,churn,1700,15.323,2855589272,351
sqlite,churn,1701,12.649,0,0
sqlite,churn,1702,26.560,0,0
sqlite,churn,1703,14.937,0,0
sqlite,churn,1704,14.617,0,0
sqlite,churn,1705,15.757,0,0
sqlite,churn,1706,16.072,0,0
sqlite,churn,1707,17.785,0,0
sqlite,churn,1708,15.950,0,0
sqlite,churn,1709,13.109,0,0
sqlite,churn,1710,13.597,2856744344,254
sqlite,churn,1711,13.773,0,0
sqlite,churn,1712,15.709,0,0
sqlite,churn,1713,13.673,0,0
sqlite,churn,1714,14.360,0,0
sqlite,churn,1715,13.329,0,0
sqlite,churn,1716,18.830,0,0
sqlite,churn,1717,13.455,0,0
sqlite,churn,1718,12.074,0,0
sqlite,churn,1719,12.908,0,0
sqlite,churn,1720,11.984,2857932184,350
sqlite,churn,1721,12.540,0,0
sqlite,churn,1722,13.690,0,0
sqlite,churn,1723,19.901,0,0
sqlite,churn,1724,13.170,0,0
sqlite,churn,1725,11.942,0,0
sqlite,churn,1726,18.839,0,0
sqlite,churn,1727,16.830,0,0
sqlite,churn,1728,18.274,0,0
sqlite,churn,1729,15.672,0,0
sqlite,churn,1730,13.519,2859115928,248
sqlite,churn,1731,13.618,0,0
sqlite,churn,1732,15.567,0,0
sqlite,churn,1733,14.074,0,0
sqlite,churn,1734,13.645,0,0
sqlite,churn,1735,12.410,0,0
sqlite,churn,1736,13.622,0,0
sqlite,churn,1737,17.334,0,0
sqlite,churn,1738,12.333,0,0
sqlite,churn,1739,17.014,0,0
sqlite,churn,1740,12.818,2860696984,356
sqlite,churn,1741,26.860,0,0
sqlite,churn,1742,14.038,0,0
sqlite,churn,1743,13.025,0,0
sqlite,churn,1744,12.957,0,0
sqlite,churn,1745,14.023,0,0
sqlite,churn,1746,13.562,0,0
sqlite,churn,1747,13.288,0,0
sqlite,churn,1748,13.064,0,0
sqlite,churn,1749,15.336,0,0
sqlite,churn,1750,11.539,2861860248,233
sqlite,churn,1751,14.356,0,0
sqlite,churn,1752,12.863,0,0
sqlite,churn,1753,11.506,0,0
sqlite,churn,1754,11.679,0,0
sqlite,churn,1755,14.391,0,0
sqlite,churn,1756,12.140,0,0
sqlite,churn,1757,12.616,0,0
sqlite,churn,1758,12.491,0,0
sqlite,churn,1759,12.766,0,0
sqlite,churn,1760,11.868,2863297944,357
sqlite,churn,1761,11.868,0,0
sqlite,churn,1762,59.352,0,0
sqlite,churn,1763,15.449,0,0
sqlite,churn,1764,16.831,0,0
sqlite,churn,1765,28.890,0,0
sqlite,churn,1766,11.368,0,0
sqlite,churn,1767,12.167,0,0
sqlite,churn,1768,12.675,0,0
sqlite,churn,1769,19.022,0,0
sqlite,churn,1770,28.360,2864305560,257
sqlite,churn,1771,31.009,0,0
sqlite,churn,1772,19.775,0,0
sqlite,churn,1773,31.511,0,0
sqlite,churn,1774,41.251,0,0
sqlite,churn,1775,15.375,0,0
sqlite,churn,1776,12.455,0,0
sqlite,churn,1777,18.723,0,0
sqlite,churn,1778,13.108,0,0
sqlite,churn,1779,13.234,0,0
sqlite,churn,1780,13.871,2865501592,355
sqlite,churn,1781,12.531,0,0
sqlite,churn,1782,13.440,0,0
sqlite,churn,1783,15.371,0,0
sqlite,churn,1784,16.811,0,0
sqlite,churn,1785,14.315,0,0
sqlite,churn,1786,14.383,0,0
sqlite,churn,1787,27.410,0,0
sqlite,churn,1788,15.077,0,0
sqlite,churn,1789,22.695,0,0
sqlite,churn,1790,14.319,2866451864,267
sqlite,churn,1791,16.903,0,0
sqlite,churn,1792,12.990,0,0
sqlite,churn,1793,13.160,0,0
sqlite,churn,1794,12.993,0,0
sqlite,churn,1795,12.550,0,0
sqlite,churn,1796,14.157,0,0
sqlite,churn,1797,13.621,0,0
sqlite,churn,1798,11.910,0,0
sqlite,churn,1799,14.213,0,0
sqlite,churn,1800,11.647,2867606936,358
sqlite,churn,1801,17.867,0,0
sqlite,churn,1802,13.620,0,0
sqlite,churn,1803,12.858,0,0
sqlite,churn,1804,13.368,0,0
sqlite,churn,1805,16.218,0,0
sqlite,churn,1806,14.096,0,0
sqlite,churn,1807,13.376,0,0
sqlite,churn,1808,14.487,0,0
sqlite,churn,1809,14.595,0,0
sqlite,churn,1810,13.531,2868643224,262
sqlite,churn,1811,13.521,0,0
sqlite,churn,1812,12.286,0,0
sqlite,churn,1813,11.916,0,0
sqlite,churn,1814,13.097,0,0
sqlite,churn,1815,12.357,0,0
sqlite,churn,1816,16.331,0,0
sqlite,churn,1817,14.195,0,0
sqlite,churn,1818,12.168,0,0
sqlite,churn,1819,16.477,0,0
sqlite,churn,1820,15.200,2869876120,347
sqlite,churn,1821,26.283,0,0
sqlite,churn,1822,15.573,0,0
sqlite,churn,1823,22.919,0,0
sqlite,churn,1824,12.120,0,0
sqlite,churn,1825,14.976,0,0
sqlite,churn,1826,14.538,0,0
sqlite,churn,1827,21.966,0,0
sqlite,churn,1828,16.462,0,0
sqlite,churn,1829,25.392,0,0
sqlite,churn,1830,15.697,2871010712,243
sqlite,churn,1831,13.373,0,0
sqlite,churn,1832,11.595,0,0
sqlite,churn,1833,14.006,0,0
sqlite,churn,1834,13.363,0,0
sqlite,churn,1835,13.032,0,0
sqlite,churn,1836,13.361,0,0
sqlite,churn,1837,14.709,0,0
sqlite,churn,1838,11.366,0,0
sqlite,churn,1839,14.440,0,0
sqlite,churn,1840,14.521,2872346008,343
sqlite,churn,1841,11.928,0,0
sqlite,churn,1842,13.071,0,0
sqlite,churn,1843,12.139,0,0
sqlite,churn,1844,13.295,0,0
sqlite,churn,1845,14.247,0,0
sqlite,churn,1846,14.944,0,0
sqlite,churn,1847,12.320,0,0
sqlite,churn,1848,12.244,0,0
sqlite,churn,1849,14.185,0,0
sqlite,churn,1850,16.994,2873410968,243
sqlite,churn,1851,13.191,0,0
sqlite,churn,1852,12.435,0,0
sqlite,churn,1853,15.173,0,0
sqlite,churn,1854,13.955,0,0
sqlite,churn,1855,14.619,0,0
sqlite,churn,1856,15.603,0,0
sqlite,churn,1857,12.845,0,0
sqlite,churn,1858,23.546,0,0
sqlite,churn,1859,14.032,0,0
sqlite,churn,1860,11.524,2874631576,343
sqlite,churn,1861,14.941,0,0
sqlite,churn,1862,15.609,0,0
sqlite,churn,1863,14.945,0,0
sqlite,churn,1864,13.905,0,0
sqlite,churn,1865,13.103,0,0
sqlite,churn,1866,19.160,0,0
sqlite,churn,1867,13.328,0,0
sqlite,churn,1868,12.222,0,0
sqlite,churn,1869,13.312,0,0
sqlite,churn,1870,15.618,2875749784,250
sqlite,churn,1871,21.213,0,0
sqlite,churn,1872,11.860,0,0
sqlite,churn,1873,13.616,0,0
sqlite,churn,1874,13.213,0,0
sqlite,churn,1875,13.782,0,0
sqlite,churn,1876,12.058,0,0
sqlite,churn,1877,17.380,0,0
sqlite,churn,1878,13.047,0,0
sqlite,churn,1879,12.869,0,0
sqlite,churn,1880,13.630,2877105560,368
sqlite,churn,1881,14.733,0,0
sqlite,churn,1882,11.946,0,0
sqlite,churn,1883,14.320,0,0
sqlite,churn,1884,13.629,0,0
sqlite,churn,1885,13.307,0,0
sqlite,churn,1886,13.145,0,0
sqlite,churn,1887,14.203,0,0
sqlite,churn,1888,13.429,0,0
sqlite,churn,1889,15.028,0,0
sqlite,churn,1890,14.382,2878211480,240
sqlite,churn,1891,12.124,0,0
sqlite,churn,1892,13.138,0,0
sqlite,churn,1893,14.154,0,0
sqlite,churn,1894,13.923,0,0
sqlite,churn,1895,14.633,0,0
sqlite,churn,1896,13.160,0,0
sqlite,churn,1897,13.018,0,0
sqlite,churn,1898,13.578,0,0
sqlite,churn,1899,29.414,0,0
sqlite,churn,1900,22.589,2879505816,344
sqlite,churn,1901,16.074,0,0
sqlite,churn,1902,16.181,0,0
sqlite,churn,1903,14.857,0,0
sqlite,churn,1904,11.096,0,0
sqlite,churn,1905,13.786,0,0
sqlite,churn,1906,13.378,0,0
sqlite,churn,1907,14.376,0,0
sqlite,churn,1908,15.895,0,0
sqlite,churn,1909,20.856,0,0
sqlite,churn,1910,14.197,2880714136,262
sqlite,churn,1911,13.049,0,0
sqlite,churn,1912,12.004,0,0
sqlite,churn,1913,12.583,0,0
sqlite,churn,1914,12.326,0,0
sqlite,churn,1915,15.127,0,0
sqlite,churn,1916,13.900,0,0
sqlite,churn,1917,12.573,0,0
sqlite,churn,1918,15.174,0,0
sqlite,churn,1919,17.003,0,0
sqlite,churn,1920,11.486,2881889688,336
sqlite,churn,1921,13.003,0,0
sqlite,churn,1922,11.972,0,0
sqlite,churn,1923,12.985,0,0
sqlite,churn,1924,13.535,0,0
sqlite,churn,1925,13.592,0,0
sqlite,churn,1926,15.877,0,0
sqlite,churn,1927,15.081,0,0
sqlite,churn,1928,15.219,0,0
sqlite,churn,1929,18.514,0,0
sqlite,churn,1930,12.733,2883036568,266
sqlite,churn,1931,14.791,0,0
sqlite,churn,1932,14.051,0,0
sqlite,churn,1933,14.581,0,0
sqlite,churn,1934,13.185,0,0
sqlite,churn,1935,13.884,0,0
sqlite,churn,1936,15.017,0,0
sqlite,churn,1937,15.064,0,0
sqlite,churn,1938,26.725,0,0
sqlite,churn,1939,16.346,0,0
sqlite,churn,1940,17.588,2884187544,343
sqlite,churn,1941,13.654,0,0
sqlite,churn,1942,12.484,0,0
sqlite,churn,1943,12.037,0,0
sqlite,churn,1944,17.309,0,0
sqlite,churn,1945,15.096,0,0
sqlite,churn,1946,13.154,0,0
sqlite,churn,1947,11.747,0,0
sqlite,churn,1948,12.169,0,0
sqlite,churn,1949,13.377,0,0
sqlite,churn,1950,12.734,2885399960,250
sqlite,churn,1951,14.522,0,0
sqlite,churn,1952,13.474,0,0
sqlite,churn,1953,24.682,0,0
sqlite,churn,1954,14.990,0,0
sqlite,churn,1955,13.227,0,0
sqlite,churn,1956,12.384,0,0
sqlite,churn,1957,13.742,0,0
sqlite,churn,1958,13.794,0,0
sqlite,churn,1959,15.652,0,0
sqlite,churn,1960,12.801,2886698392,363
sqlite,churn,1961,12.251,0,0
sqlite,churn,1962,11.620,0,0
sqlite,churn,1963,13.970,0,0
sqlite,churn,1964,13.555,0,0
sqlite,churn,1965,16.240,0,0
sqlite,churn,1966,19.269,0,0
sqlite,churn,1967,15.920,0,0
sqlite,churn,1968,15.383,0,0
sqlite,churn,1969,12.793,0,0
sqlite,churn,1970,13.019,2887828888,251
sqlite,churn,1971,11.360,0,0
sqlite,churn,1972,13.647,0,0
sqlite,churn,1973,17.480,0,0
sqlite,churn,1974,13.184,0,0
sqlite,churn,1975,12.639,0,0
sqlite,churn,1976,13.770,0,0
sqlite,churn,1977,15.883,0,0
sqlite,churn,1978,14.218,0,0
sqlite,churn,1979,12.390,0,0
sqlite,churn,1980,12.800,2888975768,354
sqlite,churn,1981,18.376,0,0
sqlite,churn,1982,20.245,0,0
sqlite,churn,1983,16.195,0,0
sqlite,churn,1984,27.463,0,0
sqlite,churn,1985,19.089,0,0
sqlite,churn,1986,17.775,0,0
sqlite,churn,1987,16.436,0,0
sqlite,churn,1988,14.163,0,0
sqlite,churn,1989,12.441,0,0
sqlite,churn,1990,12.287,2889930136,276
sqlite,churn,1991,13.898,0,0
sqlite,churn,1992,12.781,0,0
sqlite,churn,1993,13.252,0,0
sqlite,churn,1994,13.947,0,0
sqlite,churn,1995,12.977,0,0
sqlite,churn,1996,12.042,0,0
sqlite,churn,1997,13.993,0,0
sqlite,churn,1998,13.771,0,0
sqlite,churn,1999,11.828,0,0
sqlite,churn,2000,13.491,2891027864,357
sqlite,churn,2001,14.763,0,0
sqlite,churn,2002,14.851,0,0
sqlite,churn,2003,12.914,0,0
sqlite,churn,2004,14.273,0,0
sqlite,churn,2005,14.123,0,0
sqlite,churn,2006,13.233,0,0
sqlite,churn,2007,12.569,0,0
sqlite,churn,2008,13.362,0,0
sqlite,churn,2009,13.711,0,0
sqlite,churn,2010,15.758,2892121496,256
sqlite,churn,2011,12.756,0,0
sqlite,churn,2012,11.040,0,0
sqlite,churn,2013,13.142,0,0
sqlite,churn,2014,16.826,0,0
sqlite,churn,2015,19.169,0,0
sqlite,churn,2016,15.885,0,0
sqlite,churn,2017,13.463,0,0
sqlite,churn,2018,16.420,0,0
sqlite,churn,2019,14.475,0,0
sqlite,churn,2020,13.563,2893440408,351
sqlite,churn,2021,14.031,0,0
sqlite,churn,2022,12.579,0,0
sqlite,churn,2023,12.392,0,0
sqlite,churn,2024,21.872,0,0
sqlite,churn,2025,14.720,0,0
sqlite,churn,2026,12.399,0,0
sqlite,churn,2027,13.659,0,0
sqlite,churn,2028,15.516,0,0
sqlite,churn,2029,14.218,0,0
sqlite,churn,2030,11.947,2894615960,250
sqlite,churn,2031,12.571,0,0
sqlite,churn,2032,13.948,0,0
sqlite,churn,2033,11.959,0,0
sqlite,churn,2034,22.263,0,0
sqlite,churn,2035,22.849,0,0
sqlite,churn,2036,33.300,0,0
sqlite,churn,2037,19.942,0,0
sqlite,churn,2038,17.420,0,0
sqlite,churn,2039,24.985,0,0
sqlite,churn,2040,15.178,2895803800,374
sqlite,churn,2041,33.342,0,0
sqlite,churn,2042,32.984,0,0
sqlite,churn,2043,41.036,0,0
sqlite,churn,2044,26.807,0,0
sqlite,churn,2045,39.657,0,0
sqlite,churn,2046,15.330,0,0
sqlite,churn,2047,14.005,0,0
sqlite,churn,2048,13.211,0,0
sqlite,churn,2049,15.100,0,0
sqlite,churn,2050,13.399,2896725400,276
sqlite,churn,2051,13.880,0,0
sqlite,churn,2052,17.983,0,0
sqlite,churn,2053,15.676,0,0
sqlite,churn,2054,27.180,0,0
sqlite,churn,2055,12.760,0,0
sqlite,churn,2056,12.009,0,0
sqlite,churn,2057,13.343,0,0
sqlite,churn,2058,21.592,0,0
sqlite,churn,2059,17.326,0,0
sqlite,churn,2060,13.696,2897905048,354
sqlite,churn,2061,13.169,0,0
sqlite,churn,2062,16.929,0,0
sqlite,churn,2063,14.303,0,0
sqlite,churn,2064,12.591,0,0
sqlite,churn,2065,13.106,0,0
sqlite,churn,2066,12.425,0,0
sqlite,churn,2067,15.902,0,0
sqlite,churn,2068,16.541,0,0
sqlite,churn,2069,14.265,0,0
sqlite,churn,2070,30.879,2899019160,251
sqlite,churn,2071,39.657,0,0
sqlite,churn,2072,13.760,0,0
sqlite,churn,2073,17.899,0,0
sqlite,churn,2074,12.781,0,0
sqlite,churn,2075,15.300,0,0
sqlite,churn,2076,14.969,0,0
sqlite,churn,2077,14.202,0,0
sqlite,churn,2078,14.842,0,0
sqlite,churn,2079,23.825,0,0
sqlite,churn,2080,13.815,2900186520,345
sqlite,churn,2081,13.507,0,0
sqlite,churn,2082,12.920,0,0
sqlite,churn,2083,13.457,0,0
sqlite,churn,2084,13.201,0,0
sqlite,churn,2085,17.525,0,0
sqlite,churn,2086,15.185,0,0
sqlite,churn,2087,13.734,0,0
sqlite,churn,2088,13.799,0,0
sqlite,churn,2089,15.764,0,0
sqlite,churn,2090,31.987,2901398936,261
sqlite,churn,2091,13.093,0,0
sqlite,churn,2092,15.623,0,0
sqlite,churn,2093,13.402,0,0
sqlite,churn,2094,11.531,0,0
sqlite,churn,2095,15.944,0,0
sqlite,churn,2096,13.534,0,0
sqlite,churn,2097,13.326,0,0
sqlite,churn,2098,15.483,0,0
sqlite,churn,2099,12.218,0,0
sqlite,churn,2100,12.958,2902537624,359
sqlite,churn,2101,13.887,0,0
sqlite,churn,2102,13.570,0,0
sqlite,churn,2103,17.438,0,0
sqlite,churn,2104,13.728,0,0
sqlite,churn,2105,16.632,0,0
sqlite,churn,2106,12.979,0,0
sqlite,churn,2107,14.139,0,0
sqlite,churn,2108,12.705,0,0
sqlite,churn,2109,12.862,0,0
sqlite,churn,2110,13.673,2903541144,244
sqlite,churn,2111,17.538,0,0
sqlite,churn,2112,18.703,0,0
sqlite,churn,2113,14.955,0,0
sqlite,churn,2114,13.198,0,0
sqlite,churn,2115,16.732,0,0
sqlite,churn,2116,13.498,0,0
sqlite,churn,2117,24.108,0,0
sqlite,churn,2118,19.378,0,0
sqlite,churn,2119,16.395,0,0
sqlite,churn,2120,17.335,2904790424,349
sqlite,churn,2121,13.284,0,0
sqlite,churn,2122,14.480,0,0
sqlite,churn,2123,14.926,0,0
sqlite,churn,2124,14.220,0,0
sqlite,churn,2125,12.775,0,0
sqlite,churn,2126,13.671,0,0
sqlite,churn,2127,14.338,0,0
sqlite,churn,2128,31.990,0,0
sqlite,churn,2129,19.422,0,0
sqlite,churn,2130,17.312,2905998744,249
sqlite,churn,2131,18.195,0,0
sqlite,churn,2132,11.354,0,0
sqlite,churn,2133,12.920,0,0
sqlite,churn,2134,12.643,0,0
sqlite,churn,2135,13.679,0,0
sqlite,churn,2136,13.449,0,0
sqlite,churn,2137,13.101,0,0
sqlite,churn,2138,18.014,0,0
sqlite,churn,2139,14.582,0,0
sqlite,churn,2140,12.672,2906981784,340
sqlite,churn,2141,17.058,0,0
sqlite,churn,2142,12.095,0,0
sqlite,churn,2143,19.980,0,0
sqlite,churn,2144,13.570,0,0
sqlite,churn,2145,12.508,0,0
sqlite,churn,2146,12.910,0,0
sqlite,churn,2147,14.100,0,0
sqlite,churn,2148,13.273,0,0
sqlite,churn,2149,13.470,0,0
sqlite,churn,2150,14.197,2908059032,267
sqlite,churn,2151,18.204,0,0
sqlite,churn,2152,16.132,0,0
sqlite,churn,2153,13.831,0,0
sqlite,churn,2154,14.410,0,0
sqlite,churn,2155,12.730,0,0
sqlite,churn,2156,15.653,0,0
sqlite,churn,2157,23.708,0,0
sqlite,churn,2158,18.150,0,0
sqlite,churn,2159,12.426,0,0
sqlite,churn,2160,19.218,2909316504,345
sqlite,churn,2161,12.154,0,0
sqlite,churn,2162,15.289,0,0
sqlite,churn,2163,15.031,0,0
sqlite,churn,2164,14.545,0,0
sqlite,churn,2165,12.888,0,0
sqlite,churn,2166,36.786,0,0
sqlite,churn,2167,13.194,0,0
sqlite,churn,2168,12.446,0,0
sqlite,churn,2169,13.293,0,0
sqlite,churn,2170,14.746,2910066072,248
sqlite,churn,2171,21.182,0,0
sqlite,churn,2172,24.281,0,0
sqlite,churn,2173,12.571,0,0
sqlite,churn,2174,14.039,0,0
sqlite,churn,2175,13.775,0,0
sqlite,churn,2176,11.971,0,0
sqlite,churn,2177,11.465,0,0
sqlite,churn,2178,14.683,0,0
sqlite,churn,2179,15.298,0,0
sqlite,churn,2180,13.308,2911487384,332
sqlite,churn,2181,15.347,0,0
sqlite,churn,2182,12.274,0,0
sqlite,churn,2183,12.787,0,0
sqlite,churn,2184,12.214,0,0
sqlite,churn,2185,13.151,0,0
sqlite,churn,2186,18.607,0,0
sqlite,churn,2187,13.103,0,0
sqlite,churn,2188,12.403,0,0
sqlite,churn,2189,14.316,0,0
sqlite,churn,2190,15.052,2912503192,271
sqlite,churn,2191,16.278,0,0
sqlite,churn,2192,13.851,0,0
sqlite,churn,2193,12.905,0,0
sqlite,churn,2194,11.897,0,0
sqlite,churn,2195,28.295,0,0
sqlite,churn,2196,13.584,0,0
sqlite,churn,2197,12.466,0,0
sqlite,churn,2198,12.838,0,0
sqlite,churn,2199,14.764,0,0
sqlite,churn,2200,16.283,2913731992,352
sqlite,churn,2201,13.771,0,0
sqlite,churn,2202,16.566,0,0
sqlite,churn,2203,16.557,0,0
sqlite,churn,2204,18.390,0,0
sqlite,churn,2205,13.324,0,0
sqlite,churn,2206,15.176,0,0
sqlite,churn,2207,18.534,0,0
sqlite,churn,2208,14.149,0,0
sqlite,churn,2209,15.632,0,0
sqlite,churn,2210,16.263,2914702744,262
sqlite,churn,2211,13.122,0,0
sqlite,churn,2212,13.646,0,0
sqlite,churn,2213,13.299,0,0
sqlite,churn,2214,15.026,0,0
sqlite,churn,2215,13.276,0,0
sqlite,churn,2216,12.309,0,0
sqlite,churn,2217,17.190,0,0
sqlite,churn,2218,13.201,0,0
sqlite,churn,2219,13.082,0,0
sqlite,churn,2220,14.587,2915964312,344
sqlite,churn,2221,13.676,0,0
sqlite,churn,2222,12.784,0,0
sqlite,churn,2223,13.384,0,0
sqlite,churn,2224,13.821,0,0
sqlite,churn,2225,12.792,0,0
sqlite,churn,2226,13.863,0,0
sqlite,churn,2227,13.411,0,0
sqlite,churn,2228,12.301,0,0
sqlite,churn,2229,12.168,0,0
sqlite,churn,2230,14.079,2917057944,246
sqlite,churn,2231,12.439,0,0
sqlite,churn,2232,12.446,0,0
sqlite,churn,2233,14.198,0,0
sqlite,churn,2234,12.317,0,0
sqlite,churn,2235,12.381,0,0
sqlite,churn,2236,13.010,0,0
sqlite,churn,2237,15.621,0,0
sqlite,churn,2238,13.041,0,0
sqlite,churn,2239,12.886,0,0
sqlite,churn,2240,16.508,2918593944,350
sqlite,churn,2241,13.531,0,0
sqlite,churn,2242,13.433,0,0
sqlite,churn,2243,13.176,0,0
sqlite,churn,2244,14.511,0,0
sqlite,churn,2245,12.316,0,0
sqlite,churn,2246,13.550,0,0
sqlite,churn,2247,14.264,0,0
sqlite,churn,2248,13.908,0,0
sqlite,churn,2249,17.298,0,0
sqlite,churn,2250,35.704,2919675288,261
sqlite,churn,2251,25.197,0,0
sqlite,churn,2252,49.045,0,0
sqlite,churn,2253,30.760,0,0
sqlite,churn,2254,27.319,0,0
sqlite,churn,2255,20.193,0,0
sqlite,churn,2256,15.142,0,0
sqlite,churn,2257,13.518,0,0
sqlite,churn,2258,13.659,0,0
sqlite,churn,2259,15.613,0,0
sqlite,churn,2260,13.319,2920949144,356
sqlite,churn,2261,12.028,0,0
sqlite,churn,2262,14.199,0,0
sqlite,churn,2263,14.286,0,0
sqlite,churn,2264,14.777,0,0
sqlite,churn,2265,13.854,0,0
sqlite,churn,2266,14.874,0,0
sqlite,churn,2267,12.405,0,0
sqlite,churn,2268,12.977,0,0
sqlite,churn,2269,14.594,0,0
sqlite,churn,2270,14.010,2921903512,244
sqlite,churn,2271,16.141,0,0
sqlite,churn,2272,12.555,0,0
sqlite,churn,2273,14.002,0,0
sqlite,churn,2274,13.126,0,0
sqlite,churn,2275,13.982,0,0
sqlite,churn,2276,21.657,0,0
sqlite,churn,2277,14.331,0,0
sqlite,churn,2278,17.970,0,0
sqlite,churn,2279,19.500,0,0
sqlite,churn,2280,14.531,2923382168,344
sqlite,churn,2281,12.781,0,0
sqlite,churn,2282,10.622,0,0
sqlite,churn,2283,13.137,0,0
sqlite,churn,2284,11.780,0,0
sqlite,churn,2285,11.163,0,0
sqlite,churn,2286,11.998,0,0
sqlite,churn,2287,11.022,0,0
sqlite,churn,2288,11.687,0,0
sqlite,churn,2289,14.301,0,0
sqlite,churn,2290,16.930,2924492184,252
sqlite,churn,2291,16.943,0,0
sqlite,churn,2292,13.254,0,0
sqlite,churn,2293,12.814,0,0
sqlite,churn,2294,12.156,0,0
sqlite,churn,2295,12.193,0,0
sqlite,churn,2296,10.849,0,0
sqlite,churn,2297,11.773,0,0
sqlite,churn,2298,13.300,0,0
sqlite,churn,2299,12.352,0,0
sqlite,churn,2300,13.235,2925884824,344
sqlite,churn,2301,21.915,0,0
sqlite,churn,2302,21.221,0,0
sqlite,churn,2303,22.001,0,0
sqlite,churn,2304,34.726,0,0
sqlite,churn,2305,20.323,0,0
sqlite,churn,2306,18.814,0,0
sqlite,churn,2307,13.098,0,0
sqlite,churn,2308,14.795,0,0
sqlite,churn,2309,13.344,0,0
sqlite,churn,2310,13.015,2926843288,249
sqlite,churn,2311,11.269,0,0
sqlite,churn,2312,10.944,0,0
sqlite,churn,2313,13.479,0,0
sqlite,churn,2314,12.996,0,0
sqlite,churn,2315,15.780,0,0
sqlite,churn,2316,37.927,0,0
sqlite,churn,2317,30.937,0,0
sqlite,churn,2318,19.793,0,0
sqlite,churn,2319,17.094,0,0
sqlite,churn,2320,11.714,2927850904,350
sqlite,churn,2321,12.005,0,0
sqlite,churn,2322,14.385,0,0
sqlite,churn,2323,19.551,0,0
sqlite,churn,2324,14.086,0,0
sqlite,churn,2325,12.022,0,0
sqlite,churn,2326,14.599,0,0
sqlite,churn,2327,12.190,0,0
sqlite,churn,2328,28.110,0,0
sqlite,churn,2329,13.826,0,0
sqlite,churn,2330,13.615,2929165720,262
sqlite,churn,2331,11.898,0,0
sqlite,churn,2332,14.526,0,0
sqlite,churn,2333,13.221,0,0
sqlite,churn,2334,13.059,0,0
sqlite,churn,2335,15.543,0,0
sqlite,churn,2336,11.878,0,0
sqlite,churn,2337,12.434,0,0
sqlite,churn,2338,11.237,0,0
sqlite,churn,2339,13.027,0,0
sqlite,churn,2340,13.249,2930234776,355
sqlite,churn,2341,10.958,0,0
sqlite,churn,2342,14.502,0,0
sqlite,churn,2343,19.210,0,0
sqlite,churn,2344,15.290,0,0
sqlite,churn,2345,15.848,0,0
sqlite,churn,2346,16.153,0,0
sqlite,churn,2347,13.395,0,0
sqlite,churn,2348,12.204,0,0
sqlite,churn,2349,11.542,0,0
sqlite,churn,2350,12.224,2931369368,249
sqlite,churn,2351,11.665,0,0
sqlite,churn,2352,13.657,0,0
sqlite,churn,2353,12.955,0,0
sqlite,churn,2354,10.863,0,0
sqlite,churn,2355,12.911,0,0
sqlite,churn,2356,14.070,0,0
sqlite,churn,2357,14.897,0,0
sqlite,churn,2358,16.735,0,0
sqlite,churn,2359,14.890,0,0
sqlite,churn,2360,13.611,2932446616,346
sqlite,churn,2361,11.458,0,0
sqlite,churn,2362,13.349,0,0
sqlite,churn,2363,34.414,0,0
sqlite,churn,2364,12.006,0,0
sqlite,churn,2365,11.763,0,0
sqlite,churn,2366,12.762,0,0
sqlite,churn,2367,11.359,0,0
sqlite,churn,2368,14.561,0,0
sqlite,churn,2369,12.687,0,0
sqlite,churn,2370,13.898,2933319064,257
sqlite,churn,2371,12.798,0,0
sqlite,churn,2372,11.330,0,0
sqlite,churn,2373,17.652,0,0
sqlite,churn,2374,13.128,0,0
sqlite,churn,2375,11.328,0,0
sqlite,churn,2376,14.507,0,0
sqlite,churn,2377,11.658,0,0
sqlite,churn,2378,11.980,0,0
sqlite,churn,2379,11.512,0,0
sqlite,churn,2380,11.356,2934359448,350
sqlite,churn,2381,11.146,0,0
sqlite,churn,2382,13.070,0,0
sqlite,churn,2383,11.582,0,0
sqlite,churn,2384,11.099,0,0
sqlite,churn,2385,14.106,0,0
sqlite,churn,2386,18.642,0,0
sqlite,churn,2387,16.548,0,0
sqlite,churn,2388,12.165,0,0
sqlite,churn,2389,12.037,0,0
sqlite,churn,2390,11.543,2935535000,277
sqlite,churn,2391,11.290,0,0
sqlite,churn,2392,12.734,0,0
sqlite,churn,2393,15.101,0,0
sqlite,churn,2394,13.365,0,0
sqlite,churn,2395,11.129,0,0
sqlite,churn,2396,11.784,0,0
sqlite,churn,2397,14.792,0,0
sqlite,churn,2398,19.241,0,0
sqlite,churn,2399,12.375,0,0
sqlite,churn,2400,10.994,2936452504,366
sqlite,churn,2401,13.688,0,0
sqlite,churn,2402,12.920,0,0
sqlite,churn,2403,12.809,0,0
sqlite,churn,2404,13.519,0,0
sqlite,churn,2405,11.499,0,0
sqlite,churn,2406,13.556,0,0
sqlite,churn,2407,13.728,0,0
sqlite,churn,2408,13.839,0,0
sqlite,churn,2409,11.995,0,0
sqlite,churn,2410,14.354,2937296280,273
sqlite,churn,2411,21.906,0,0
sqlite,churn,2412,12.772,0,0
sqlite,churn,2413,12.341,0,0
sqlite,churn,2414,12.277,0,0
sqlite,churn,2415,12.015,0,0
sqlite,churn,2416,13.326,0,0
sqlite,churn,2417,12.294,0,0
sqlite,churn,2418,12.482,0,0
sqlite,churn,2419,14.465,0,0
sqlite,churn,2420,11.866,2938422680,357
sqlite,churn,2421,22.744,0,0
sqlite,churn,2422,12.297,0,0
sqlite,churn,2423,12.526,0,0
sqlite,churn,2424,13.415,0,0
sqlite,churn,2425,12.047,0,0
sqlite,churn,2426,11.709,0,0
sqlite,churn,2427,11.058,0,0
sqlite,churn,2428,11.793,0,0
sqlite,churn,2429,10.881,0,0
sqlite,churn,2430,11.376,2939028888,268
sqlite,churn,2431,12.268,0,0
sqlite,churn,2432,12.917,0,0
sqlite,churn,2433,14.487,0,0
sqlite,churn,2434,18.391,0,0
sqlite,churn,2435,13.227,0,0
sqlite,churn,2436,13.298,0,0
sqlite,churn,2437,11.035,0,0
sqlite,churn,2438,13.189,0,0
sqlite,churn,2439,12.289,0,0
sqlite,churn,2440,15.218,2940036504,339
sqlite,churn,2441,13.126,0,0
sqlite,churn,2442,13.866,0,0
sqlite,churn,2443,12.141,0,0
sqlite,churn,2444,27.435,0,0
sqlite,churn,2445,11.363,0,0
sqlite,churn,2446,14.521,0,0
sqlite,churn,2447,16.546,0,0
sqlite,churn,2448,10.990,0,0
sqlite,churn,2449,19.856,0,0
sqlite,churn,2450,18.184,2941281688,251
sqlite,churn,2451,11.770,0,0
sqlite,churn,2452,12.649,0,0
sqlite,churn,2453,12.696,0,0
sqlite,churn,2454,12.183,0,0
sqlite,churn,2455,13.028,0,0
sqlite,churn,2456,16.547,0,0
sqlite,churn,2457,11.225,0,0
sqlite,churn,2458,16.896,0,0
sqlite,churn,2459,12.771,0,0
sqlite,churn,2460,21.438,2942604696,352
sqlite,churn,2461,14.604,0,0
sqlite,churn,2462,13.818,0,0
sqlite,churn,2463,11.277,0,0
sqlite,churn,2464,11.533,0,0
sqlite,churn,2465,17.136,0,0
sqlite,churn,2466,12.123,0,0
sqlite,churn,2467,11.492,0,0
sqlite,churn,2468,12.741,0,0
sqlite,churn,2469,11.355,0,0
sqlite,churn,2470,12.139,2943432088,256
sqlite,churn,2471,12.098,0,0
sqlite,churn,2472,11.961,0,0
sqlite,churn,2473,12.003,0,0
sqlite,churn,2474,12.620,0,0
sqlite,churn,2475,15.787,0,0
sqlite,churn,2476,12.293,0,0
sqlite,churn,2477,13.233,0,0
sqlite,churn,2478,14.049,0,0
sqlite,churn,2479,12.868,0,0
sqlite,churn,2480,12.734,2944419224,348
sqlite,churn,2481,12.426,0,0
sqlite,churn,2482,12.348,0,0
sqlite,churn,2483,14.976,0,0
sqlite,churn,2484,11.962,0,0
sqlite,churn,2485,11.204,0,0
sqlite,churn,2486,11.795,0,0
sqlite,churn,2487,12.542,0,0
sqlite,churn,2488,11.576,0,0
sqlite,churn,2489,15.778,0,0
sqlite,churn,2490,11.605,2945623448,270
sqlite,churn,2491,11.704,0,0
sqlite,churn,2492,13.161,0,0
sqlite,churn,2493,23.817,0,0
sqlite,churn,2494,16.837,0,0
sqlite,churn,2495,15.251,0,0
sqlite,churn,2496,14.568,0,0
sqlite,churn,2497,12.852,0,0
sqlite,churn,2498,12.717,0,0
sqlite,churn,2499,14.970,0,0
sqlite,churn,2500,11.310,2946938264,354
sqlite,churn,2501,11.935,0,0
sqlite,churn,2502,15.019,0,0
sqlite,churn,2503,12.860,0,0
sqlite,churn,2504,11.187,0,0
sqlite,churn,2505,12.833,0,0
sqlite,churn,2506,16.261,0,0
sqlite,churn,2507,15.031,0,0
sqlite,churn,2508,12.388,0,0
sqlite,churn,2509,13.089,0,0
sqlite,churn,2510,14.008,2947847576,236
sqlite,churn,2511,12.105,0,0
sqlite,churn,2512,16.175,0,0
sqlite,churn,2513,12.472,0,0
sqlite,churn,2514,11.401,0,0
sqlite,churn,2515,11.314,0,0
sqlite,churn,2516,13.386,0,0
sqlite,churn,2517,14.196,0,0
sqlite,churn,2518,13.267,0,0
sqlite,churn,2519,12.836,0,0
sqlite,churn,2520,14.001,2949105048,341
sqlite,churn,2521,12.490,0,0
sqlite,churn,2522,14.666,0,0
sqlite,churn,2523,12.681,0,0
sqlite,churn,2524,15.041,0,0
sqlite,churn,2525,12.306,0,0
sqlite,churn,2526,12.374,0,0
sqlite,churn,2527,12.410,0,0
sqlite,churn,2528,12.424,0,0
sqlite,churn,2529,11.677,0,0
sqlite,churn,2530,12.441,2949948824,256
sqlite,churn,2531,13.495,0,0
sqlite,churn,2532,14.969,0,0
sqlite,churn,2533,11.747,0,0
sqlite,churn,2534,13.728,0,0
sqlite,churn,2535,13.265,0,0
sqlite,churn,2536,11.702,0,0
sqlite,churn,2537,12.615,0,0
sqlite,churn,2538,11.909,0,0
sqlite,churn,2539,10.826,0,0
sqlite,churn,2540,12.368,2951120280,356
sqlite,churn,2541,13.197,0,0
sqlite,churn,2542,11.022,0,0
sqlite,churn,2543,13.135,0,0
sqlite,churn,2544,10.878,0,0
sqlite,churn,2545,12.011,0,0
sqlite,churn,2546,12.324,0,0
sqlite,churn,2547,11.803,0,0
sqlite,churn,2548,13.580,0,0
sqlite,churn,2549,13.761,0,0
sqlite,churn,2550,17.247,2951894424,247
sqlite,churn,2551,13.507,0,0
sqlite,churn,2552,11.763,0,0
sqlite,churn,2553,11.594,0,0
sqlite,churn,2554,15.617,0,0
sqlite,churn,2555,14.763,0,0
sqlite,churn,2556,32.830,0,0
sqlite,churn,2557,12.635,0,0
sqlite,churn,2558,11.409,0,0
sqlite,churn,2559,11.120,0,0
sqlite,churn,2560,12.633,2952877464,346
sqlite,churn,2561,15.132,0,0
sqlite,churn,2562,17.407,0,0
sqlite,churn,2563,13.294,0,0
sqlite,churn,2564,13.237,0,0
sqlite,churn,2565,11.860,0,0
sqlite,churn,2566,12.498,0,0
sqlite,churn,2567,11.896,0,0
sqlite,churn,2568,10.527,0,0
sqlite,churn,2569,11.658,0,0
sqlite,churn,2570,13.184,2954249624,257
sqlite,churn,2571,12.786,0,0
sqlite,churn,2572,12.867,0,0
sqlite,churn,2573,21.320,0,0
sqlite,churn,2574,10.905,0,0
sqlite,churn,2575,12.626,0,0
sqlite,churn,2576,12.645,0,0
sqlite,churn,2577,11.731,0,0
sqlite,churn,2578,10.967,0,0
sqlite,churn,2579,12.944,0,0
sqlite,churn,2580,14.540,2955290008,354
sqlite,churn,2581,12.328,0,0
sqlite,churn,2582,12.291,0,0
sqlite,churn,2583,14.391,0,0
sqlite,churn,2584,13.974,0,0
sqlite,churn,2585,13.363,0,0
sqlite,churn,2586,13.218,0,0
sqlite,churn,2587,14.414,0,0
sqlite,churn,2588,13.664,0,0
sqlite,churn,2589,22.695,0,0
sqlite,churn,2590,12.300,2956400024,250
sqlite,churn,2591,17.391,0,0
sqlite,churn,2592,12.351,0,0
sqlite,churn,2593,16.149,0,0
sqlite,churn,2594,12.619,0,0
sqlite,churn,2595,12.589,0,0
sqlite,churn,2596,15.135,0,0
sqlite,churn,2597,27.935,0,0
sqlite,churn,2598,12.761,0,0
sqlite,churn,2599,12.347,0,0
sqlite,churn,2600,15.365,2957297048,365
sqlite,churn,2601,14.621,0,0
sqlite,churn,2602,14.921,0,0
sqlite,churn,2603,11.897,0,0
sqlite,churn,2604,11.471,0,0
sqlite,churn,2605,12.132,0,0
sqlite,churn,2606,12.944,0,0
sqlite,churn,2607,12.509,0,0
sqlite,churn,2608,12.379,0,0
sqlite,churn,2609,12.106,0,0
sqlite,churn,2610,13.958,2958280088,266
sqlite,churn,2611,12.331,0,0
sqlite,churn,2612,14.482,0,0
sqlite,churn,2613,12.544,0,0
sqlite,churn,2614,11.581,0,0
sqlite,churn,2615,14.091,0,0
sqlite,churn,2616,11.738,0,0
sqlite,churn,2617,10.726,0,0
sqlite,churn,2618,12.037,0,0
sqlite,churn,2619,14.980,0,0
sqlite,churn,2620,12.187,2959361432,341
sqlite,churn,2621,16.112,0,0
sqlite,churn,2622,14.341,0,0
sqlite,churn,2623,19.128,0,0
sqlite,churn,2624,12.470,0,0
sqlite,churn,2625,20.901,0,0
sqlite,churn,2626,17.921,0,0
sqlite,churn,2627,21.628,0,0
sqlite,churn,2628,13.346,0,0
sqlite,churn,2629,12.160,0,0
sqlite,churn,2630,11.836,2960692632,247
sqlite,churn,2631,19.498,0,0
sqlite,churn,2632,12.878,0,0
sqlite,churn,2633,16.481,0,0
sqlite,churn,2634,10.561,0,0
sqlite,churn,2635,17.490,0,0
sqlite,churn,2636,11.889,0,0
sqlite,churn,2637,12.407,0,0
sqlite,churn,2638,15.526,0,0
sqlite,churn,2639,11.590,0,0
sqlite,churn,2640,11.073,2962105752,352
sqlite,churn,2641,12.365,0,0
sqlite,churn,2642,20.385,0,0
sqlite,churn,2643,20.656,0,0
sqlite,churn,2644,16.435,0,0
sqlite,churn,2645,25.009,0,0
sqlite,churn,2646,20.193,0,0
sqlite,churn,2647,16.885,0,0
sqlite,churn,2648,17.617,0,0
sqlite,churn,2649,18.494,0,0
sqlite,churn,2650,12.113,2963408280,268
sqlite,churn,2651,20.279,0,0
sqlite,churn,2652,12.260,0,0
sqlite,churn,2653,12.366,0,0
sqlite,churn,2654,19.586,0,0
sqlite,churn,2655,12.031,0,0
sqlite,churn,2656,12.894,0,0
sqlite,churn,2657,13.120,0,0
sqlite,churn,2658,11.481,0,0
sqlite,churn,2659,14.948,0,0
sqlite,churn,2660,12.822,2964506008,338
sqlite,churn,2661,13.189,0,0
sqlite,churn,2662,12.432,0,0
sqlite,churn,2663,12.468,0,0
sqlite,churn,2664,13.823,0,0
sqlite,churn,2665,12.327,0,0
sqlite,churn,2666,12.154,0,0
sqlite,churn,2667,13.850,0,0
sqlite,churn,2668,11.456,0,0
sqlite,churn,2669,12.563,0,0
sqlite,churn,2670,18.305,2965448088,262
sqlite,churn,2671,13.448,0,0
sqlite,churn,2672,15.640,0,0
sqlite,churn,2673,11.911,0,0
sqlite,churn,2674,12.919,0,0
sqlite,churn,2675,12.108,0,0
sqlite,churn,2676,16.729,0,0
sqlite,churn,2677,11.366,0,0
sqlite,churn,2678,13.523,0,0
sqlite,churn,2679,13.604,0,0
sqlite,churn,2680,12.542,2966467992,347
sqlite,churn,2681,12.548,0,0
sqlite,churn,2682,14.102,0,0
sqlite,churn,2683,14.142,0,0
sqlite,churn,2684,12.350,0,0
sqlite,churn,2685,11.891,0,0
sqlite,churn,2686,18.013,0,0
sqlite,churn,2687,14.242,0,0
sqlite,churn,2688,10.302,0,0
sqlite,churn,2689,11.700,0,0
sqlite,churn,2690,11.336,2967307672,257
sqlite,churn,2691,11.653,0,0
sqlite,churn,2692,11.289,0,0
sqlite,churn,2693,11.529,0,0
sqlite,churn,2694,11.506,0,0
sqlite,churn,2695,13.270,0,0
sqlite,churn,2696,18.836,0,0
sqlite,churn,2697,14.045,0,0
sqlite,churn,2698,13.143,0,0
sqlite,churn,2699,12.427,0,0
sqlite,churn,2700,12.709,2968458648,338
sqlite,churn,2701,12.842,0,0
sqlite,churn,2702,18.707,0,0
sqlite,churn,2703,13.286,0,0
sqlite,churn,2704,15.703,0,0
sqlite,churn,2705,12.047,0,0
sqlite,churn,2706,14.267,0,0
sqlite,churn,2707,15.415,0,0
sqlite,churn,2708,13.909,0,0
sqlite,churn,2709,11.757,0,0
sqlite,churn,2710,12.731,2969351576,248
sqlite,churn,2711,12.998,0,0
sqlite,churn,2712,11.362,0,0
sqlite,churn,2713,12.010,0,0
sqlite,churn,2714,14.087,0,0
sqlite,churn,2715,14.328,0,0
sqlite,churn,2716,15.854,0,0
sqlite,churn,2717,12.986,0,0
sqlite,churn,2718,13.193,0,0
sqlite,churn,2719,34.013,0,0
sqlite,churn,2720,16.418,2970723736,354
sqlite,churn,2721,20.781,0,0
sqlite,churn,2722,17.038,0,0
sqlite,churn,2723,13.545,0,0
sqlite,churn,2724,13.065,0,0
sqlite,churn,2725,13.142,0,0
sqlite,churn,2726,12.225,0,0
sqlite,churn,2727,22.987,0,0
sqlite,churn,2728,19.282,0,0
sqlite,churn,2729,21.244,0,0
sqlite,churn,2730,17.524,2971592088,267
sqlite,churn,2731,17.230,0,0
sqlite,churn,2732,12.591,0,0
sqlite,churn,2733,24.269,0,0
sqlite,churn,2734,16.222,0,0
sqlite,churn,2735,14.516,0,0
sqlite,churn,2736,13.265,0,0
sqlite,churn,2737,12.230,0,0
sqlite,churn,2738,14.316,0,0
sqlite,churn,2739,13.353,0,0
sqlite,churn,2740,18.009,2972829080,354
sqlite,churn,2741,11.749,0,0
sqlite,churn,2742,13.511,0,0
sqlite,churn,2743,13.691,0,0
sqlite,churn,2744,14.596,0,0
sqlite,churn,2745,20.364,0,0
sqlite,churn,2746,14.752,0,0
sqlite,churn,2747,12.153,0,0
sqlite,churn,2748,16.644,0,0
sqlite,churn,2749,14.020,0,0
sqlite,churn,2750,17.130,2973631896,255
sqlite,churn,2751,12.982,0,0
sqlite,churn,2752,13.280,0,0
sqlite,churn,2753,12.955,0,0
sqlite,churn,2754,12.411,0,0
sqlite,churn,2755,15.143,0,0
sqlite,churn,2756,18.521,0,0
sqlite,churn,2757,11.814,0,0
sqlite,churn,2758,12.100,0,0
sqlite,churn,2759,15.876,0,0
sqlite,churn,2760,12.214,2974926232,356
sqlite,churn,2761,15.534,0,0
sqlite,churn,2762,12.352,0,0
sqlite,churn,2763,14.571,0,0
sqlite,churn,2764,28.496,0,0
sqlite,churn,2765,20.117,0,0
sqlite,churn,2766,15.049,0,0
sqlite,churn,2767,17.786,0,0
sqlite,churn,2768,15.052,0,0
sqlite,churn,2769,14.511,0,0
sqlite,churn,2770,13.944,2975868312,248
sqlite,churn,2771,14.816,0,0
sqlite,churn,2772,11.553,0,0
sqlite,churn,2773,17.516,0,0
sqlite,churn,2774,13.987,0,0
sqlite,churn,2775,19.661,0,0
sqlite,churn,2776,16.266,0,0
sqlite,churn,2777,19.565,0,0
sqlite,churn,2778,21.979,0,0
sqlite,churn,2779,16.691,0,0
sqlite,churn,2780,13.638,2977039768,345
sqlite,churn,2781,17.455,0,0
sqlite,churn,2782,11.478,0,0
sqlite,churn,2783,12.498,0,0
sqlite,churn,2784,14.357,0,0
sqlite,churn,2785,12.719,0,0
sqlite,churn,2786,21.562,0,0
sqlite,churn,2787,17.569,0,0
sqlite,churn,2788,22.022,0,0
sqlite,churn,2789,18.030,0,0
sqlite,churn,2790,12.714,2978002328,257
sqlite,churn,2791,13.659,0,0
sqlite,churn,2792,12.241,0,0
sqlite,churn,2793,14.896,0,0
sqlite,churn,2794,15.657,0,0
sqlite,churn,2795,12.475,0,0
sqlite,churn,2796,15.230,0,0
sqlite,churn,2797,20.559,0,0
sqlite,churn,2798,12.293,0,0
sqlite,churn,2799,14.123,0,0
sqlite,churn,2800,14.117,2979030424,351
sqlite,churn,2801,12.966,0,0
sqlite,churn,2802,13.417,0,0
sqlite,churn,2803,13.886,0,0
sqlite,churn,2804,15.122,0,0
sqlite,churn,2805,13.074,0,0
sqlite,churn,2806,14.389,0,0
sqlite,churn,2807,12.715,0,0
sqlite,churn,2808,13.799,0,0
sqlite,churn,2809,19.741,0,0
sqlite,churn,2810,13.416,2980328856,251
sqlite,churn,2811,30.533,0,0
sqlite,churn,2812,14.261,0,0
sqlite,churn,2813,24.257,0,0
sqlite,churn,2814,12.039,0,0
sqlite,churn,2815,11.374,0,0
sqlite,churn,2816,20.690,0,0
sqlite,churn,2817,15.669,0,0
sqlite,churn,2818,11.895,0,0
sqlite,churn,2819,13.445,0,0
sqlite,churn,2820,11.582,2981488024,355
sqlite,churn,2821,12.542,0,0
sqlite,churn,2822,15.697,0,0
sqlite,churn,2823,12.741,0,0
sqlite,churn,2824,12.367,0,0
sqlite,churn,2825,12.838,0,0
sqlite,churn,2826,13.243,0,0
sqlite,churn,2827,12.230,0,0
sqlite,churn,2828,13.769,0,0
sqlite,churn,2829,14.207,0,0
sqlite,churn,2830,13.525,2982487448,264
sqlite,churn,2831,13.460,0,0
sqlite,churn,2832,12.840,0,0
sqlite,churn,2833,12.561,0,0
sqlite,churn,2834,16.515,0,0
sqlite,churn,2835,13.957,0,0
sqlite,churn,2836,11.481,0,0
sqlite,churn,2837,13.987,0,0
sqlite,churn,2838,16.224,0,0
sqlite,churn,2839,14.795,0,0
sqlite,churn,2840,13.615,2983605656,373
sqlite,churn,2841,14.871,0,0
sqlite,churn,2842,15.755,0,0
sqlite,churn,2843,13.513,0,0
sqlite,churn,2844,15.616,0,0
sqlite,churn,2845,14.188,0,0
sqlite,churn,2846,15.175,0,0
sqlite,churn,2847,21.811,0,0
sqlite,churn,2848,19.938,0,0
sqlite,churn,2849,15.645,0,0
sqlite,churn,2850,25.283,2984736152,243
sqlite,churn,2851,14.542,0,0
sqlite,churn,2852,15.382,0,0
sqlite,churn,2853,14.512,0,0
sqlite,churn,2854,16.739,0,0
sqlite,churn,2855,16.799,0,0
sqlite,churn,2856,15.887,0,0
sqlite,churn,2857,17.823,0,0
sqlite,churn,2858,13.378,0,0
sqlite,churn,2859,16.533,0,0
sqlite,churn,2860,14.274,2986096024,347
sqlite,churn,2861,15.643,0,0
sqlite,churn,2862,12.934,0,0
sqlite,churn,2863,13.460,0,0
sqlite,churn,2864,15.033,0,0
sqlite,churn,2865,14.557,0,0
sqlite,churn,2866,12.370,0,0
sqlite,churn,2867,14.493,0,0
sqlite,churn,2868,15.289,0,0
sqlite,churn,2869,13.959,0,0
sqlite,churn,2870,19.247,2987238808,272
sqlite,churn,2871,14.055,0,0
sqlite,churn,2872,13.362,0,0
sqlite,churn,2873,13.218,0,0
sqlite,churn,2874,14.475,0,0
sqlite,churn,2875,18.888,0,0
sqlite,churn,2876,11.452,0,0
sqlite,churn,2877,11.041,0,0
sqlite,churn,2878,25.270,0,0
sqlite,churn,2879,15.548,0,0
sqlite,churn,2880,27.715,2988123544,344
sqlite,churn,2881,12.942,0,0
sqlite,churn,2882,13.968,0,0
sqlite,churn,2883,19.358,0,0
sqlite,churn,2884,12.714,0,0
sqlite,churn,2885,20.823,0,0
sqlite,churn,2886,13.494,0,0
sqlite,churn,2887,14.106,0,0
sqlite,churn,2888,15.651,0,0
sqlite,churn,2889,16.936,0,0
sqlite,churn,2890,11.665,2989168024,253
sqlite,churn,2891,15.441,0,0
sqlite,churn,2892,12.602,0,0
sqlite,churn,2893,16.836,0,0
sqlite,churn,2894,11.820,0,0
sqlite,churn,2895,13.856,0,0
sqlite,churn,2896,13.622,0,0
sqlite,churn,2897,17.632,0,0
sqlite,churn,2898,33.608,0,0
sqlite,churn,2899,81.471,0,0
sqlite,churn,2900,30.527,2990388632,351
sqlite,churn,2901,18.356,0,0
sqlite,churn,2902,17.255,0,0
sqlite,churn,2903,19.628,0,0
sqlite,churn,2904,11.584,0,0
sqlite,churn,2905,13.909,0,0
sqlite,churn,2906,23.610,0,0
sqlite,churn,2907,30.847,0,0
sqlite,churn,2908,36.492,0,0
sqlite,churn,2909,12.184,0,0
sqlite,churn,2910,18.051,2991424920,272
sqlite,churn,2911,12.700,0,0
sqlite,churn,2912,16.558,0,0
sqlite,churn,2913,12.560,0,0
sqlite,churn,2914,19.205,0,0
sqlite,churn,2915,15.766,0,0
sqlite,churn,2916,16.873,0,0
sqlite,churn,2917,23.771,0,0
sqlite,churn,2918,32.247,0,0
sqlite,churn,2919,29.183,0,0
sqlite,churn,2920,26.435,2992670104,347
sqlite,churn,2921,21.600,0,0
sqlite,churn,2922,11.179,0,0
sqlite,churn,2923,14.925,0,0
sqlite,churn,2924,13.624,0,0
sqlite,churn,2925,11.425,0,0
sqlite,churn,2926,16.263,0,0
sqlite,churn,2927,12.858,0,0
sqlite,churn,2928,11.108,0,0
sqlite,churn,2929,12.169,0,0
sqlite,churn,2930,29.664,2993669528,267
sqlite,churn,2931,12.160,0,0
sqlite,churn,2932,14.698,0,0
sqlite,churn,2933,14.591,0,0
sqlite,churn,2934,11.417,0,0
sqlite,churn,2935,11.415,0,0
sqlite,churn,2936,12.457,0,0
sqlite,churn,2937,11.378,0,0
sqlite,churn,2938,13.095,0,0
sqlite,churn,2939,13.326,0,0
sqlite,churn,2940,19.052,2994910616,352
sqlite,churn,2941,11.986,0,0
sqlite,churn,2942,13.067,0,0
sqlite,churn,2943,11.124,0,0
sqlite,churn,2944,13.325,0,0
sqlite,churn,2945,20.321,0,0
sqlite,churn,2946,11.025,0,0
sqlite,churn,2947,10.951,0,0
sqlite,churn,2948,15.749,0,0
sqlite,churn,2949,11.760,0,0
sqlite,churn,2950,12.664,2995787160,253
sqlite,churn,2951,11.915,0,0
sqlite,churn,2952,14.281,0,0
sqlite,churn,2953,12.594,0,0
sqlite,churn,2954,12.893,0,0
sqlite,churn,2955,12.245,0,0
sqlite,churn,2956,14.628,0,0
sqlite,churn,2957,10.779,0,0
sqlite,churn,2958,11.136,0,0
sqlite,churn,2959,10.985,0,0
sqlite,churn,2960,14.704,2996888984,356
sqlite,churn,2961,11.134,0,0
sqlite,churn,2962,12.058,0,0
sqlite,churn,2963,11.555,0,0
sqlite,churn,2964,15.457,0,0
sqlite,churn,2965,10.065,0,0
sqlite,churn,2966,10.912,0,0
sqlite,churn,2967,13.732,0,0
sqlite,churn,2968,10.633,0,0
sqlite,churn,2969,12.692,0,0
sqlite,churn,2970,19.180,2997736856,270
sqlite,churn,2971,15.032,0,0
sqlite,churn,2972,13.324,0,0
sqlite,churn,2973,16.323,0,0
sqlite,churn,2974,14.011,0,0
sqlite,churn,2975,19.019,0,0
sqlite,churn,2976,19.771,0,0
sqlite,churn,2977,12.097,0,0
sqlite,churn,2978,13.228,0,0
sqlite,churn,2979,10.880,0,0
sqlite,churn,2980,13.509,2998810008,365
sqlite,churn,2981,25.382,0,0
sqlite,churn,2982,27.463,0,0
sqlite,churn,2983,11.109,0,0
sqlite,churn,2984,11.289,0,0
sqlite,churn,2985,12.441,0,0
sqlite,churn,2986,12.525,0,0
sqlite,churn,2987,13.417,0,0
sqlite,churn,2988,10.625,0,0
sqlite,churn,2989,12.433,0,0
sqlite,churn,2990,13.428,2999694744,254
sqlite,churn,2991,11.183,0,0
sqlite,churn,2992,11.643,0,0
sqlite,churn,2993,10.932,0,0
sqlite,churn,2994,10.801,0,0
sqlite,churn,2995,12.506,0,0
sqlite,churn,2996,11.519,0,0
sqlite,churn,2997,11.462,0,0
sqlite,churn,2998,12.539,0,0
sqlite,churn,2999,10.553,0,0
sqlite,churn,3000,13.027,3000866200,354
sqlite,churn,3001,11.814,0,0
sqlite,churn,3002,10.983,0,0
sqlite,churn,3003,16.029,0,0
sqlite,churn,3004,11.836,0,0
sqlite,churn,3005,11.628,0,0
sqlite,churn,3006,12.425,0,0
sqlite,churn,3007,14.424,0,0
sqlite,churn,3008,12.632,0,0
sqlite,churn,3009,12.207,0,0
sqlite,churn,3010,11.624,3001599384,244
sqlite,churn,3011,11.128,0,0
sqlite,churn,3012,14.706,0,0
sqlite,churn,3013,11.470,0,0
sqlite,churn,3014,11.969,0,0
sqlite,churn,3015,10.138,0,0
sqlite,churn,3016,10.679,0,0
sqlite,churn,3017,10.833,0,0
sqlite,churn,3018,11.133,0,0
sqlite,churn,3019,11.794,0,0
sqlite,churn,3020,19.024,3003012504,348
sqlite,churn,3021,16.340,0,0
sqlite,churn,3022,13.259,0,0
sqlite,churn,3023,11.498,0,0
sqlite,churn,3024,12.014,0,0
sqlite,churn,3025,13.448,0,0
sqlite,churn,3026,15.236,0,0
sqlite,churn,3027,13.719,0,0
sqlite,churn,3028,15.633,0,0
sqlite,churn,3029,28.023,0,0
sqlite,churn,3030,34.932,3003819416,248
sqlite,churn,3031,19.048,0,0
sqlite,churn,3032,20.041,0,0
sqlite,churn,3033,30.888,0,0
sqlite,churn,3034,28.665,0,0
sqlite,churn,3035,23.292,0,0
sqlite,churn,3036,20.707,0,0
sqlite,churn,3037,15.454,0,0
sqlite,churn,3038,15.827,0,0
sqlite,churn,3039,13.280,0,0
sqlite,churn,3040,11.881,3005265304,350
sqlite,churn,3041,22.566,0,0
sqlite,churn,3042,22.922,0,0
sqlite,churn,3043,15.859,0,0
sqlite,churn,3044,19.409,0,0
sqlite,churn,3045,13.474,0,0
sqlite,churn,3046,19.705,0,0
sqlite,churn,3047,19.579,0,0
sqlite,churn,3048,14.301,0,0
sqlite,churn,3049,12.875,0,0
sqlite,churn,3050,13.543,3005957528,255
sqlite,churn,3051,13.013,0,0
sqlite,churn,3052,13.531,0,0
sqlite,churn,3053,13.520,0,0
sqlite,churn,3054,13.813,0,0
sqlite,churn,3055,12.458,0,0
sqlite,churn,3056,11.149,0,0
sqlite,churn,3057,15.663,0,0
sqlite,churn,3058,12.301,0,0
sqlite,churn,3059,11.268,0,0
sqlite,churn,3060,10.752,3007382936,348
sqlite,churn,3061,12.279,0,0
sqlite,churn,3062,13.535,0,0
sqlite,churn,3063,12.039,0,0
sqlite,churn,3064,11.388,0,0
sqlite,churn,3065,11.712,0,0
sqlite,churn,3066,11.049,0,0
sqlite,churn,3067,11.785,0,0
sqlite,churn,3068,11.690,0,0
sqlite,churn,3069,13.866,0,0
sqlite,churn,3070,12.240,3008304536,263
sqlite,churn,3071,14.854,0,0
sqlite,churn,3072,13.411,0,0
sqlite,churn,3073,15.121,0,0
sqlite,churn,3074,13.695,0,0
sqlite,churn,3075,11.698,0,0
sqlite,churn,3076,12.270,0,0
sqlite,churn,3077,12.393,0,0
sqlite,churn,3078,13.194,0,0
sqlite,churn,3079,11.557,0,0
sqlite,churn,3080,11.783,3009324440,362
sqlite,churn,3081,14.692,0,0
sqlite,churn,3082,14.681,0,0
sqlite,churn,3083,12.011,0,0
sqlite,churn,3084,11.499,0,0
sqlite,churn,3085,12.259,0,0
sqlite,churn,3086,12.716,0,0
sqlite,churn,3087,11.657,0,0
sqlite,churn,3088,11.386,0,0
sqlite,churn,3089,12.351,0,0
sqlite,churn,3090,11.945,3010102680,256
sqlite,churn,3091,13.328,0,0
sqlite,churn,3092,18.450,0,0
sqlite,churn,3093,10.320,0,0
sqlite,churn,3094,10.889,0,0
sqlite,churn,3095,12.169,0,0
sqlite,churn,3096,11.129,0,0
sqlite,churn,3097,12.377,0,0
sqlite,churn,3098,11.932,0,0
sqlite,churn,3099,11.189,0,0
sqlite,churn,3100,18.044,3011302808,350
sqlite,churn,3101,14.845,0,0
sqlite,churn,3102,11.519,0,0
sqlite,churn,3103,10.922,0,0
sqlite,churn,3104,12.070,0,0
sqlite,churn,3105,11.494,0,0
sqlite,churn,3106,11.023,0,0
sqlite,churn,3107,11.396,0,0
sqlite,churn,3108,10.615,0,0
sqlite,churn,3109,12.025,0,0
sqlite,churn,3110,11.620,3012212120,274
sqlite,churn,3111,12.124,0,0
sqlite,churn,3112,11.891,0,0
sqlite,churn,3113,11.828,0,0
sqlite,churn,3114,11.882,0,0
sqlite,churn,3115,11.945,0,0
sqlite,churn,3116,11.727,0,0
sqlite,churn,3117,16.533,0,0
sqlite,churn,3118,21.549,0,0
sqlite,churn,3119,12.928,0,0
sqlite,churn,3120,13.215,3013232024,351
sqlite,churn,3121,12.059,0,0
sqlite,churn,3122,13.116,0,0
sqlite,churn,3123,11.960,0,0
sqlite,churn,3124,12.874,0,0
sqlite,churn,3125,13.576,0,0
sqlite,churn,3126,13.437,0,0
sqlite,churn,3127,12.621,0,0
sqlite,churn,3128,13.236,0,0
sqlite,churn,3129,19.949,0,0
sqlite,churn,3130,15.565,3014194584,282
sqlite,churn,3131,13.661,0,0
sqlite,churn,3132,24.230,0,0
sqlite,churn,3133,14.225,0,0
sqlite,churn,3134,14.375,0,0
sqlite,churn,3135,14.141,0,0
sqlite,churn,3136,13.702,0,0
sqlite,churn,3137,11.505,0,0
sqlite,churn,3138,16.071,0,0
sqlite,churn,3139,16.691,0,0
sqlite,churn,3140,12.416,3015300504,338
sqlite,churn,3141,11.586,0,0
sqlite,churn,3142,11.747,0,0
sqlite,churn,3143,15.241,0,0
sqlite,churn,3144,19.928,0,0
sqlite,churn,3145,14.752,0,0
sqlite,churn,3146,14.619,0,0
sqlite,churn,3147,13.562,0,0
sqlite,churn,3148,14.388,0,0
sqlite,churn,3149,13.725,0,0
sqlite,churn,3150,24.577,3016226200,252
sqlite,churn,3151,16.771,0,0
sqlite,churn,3152,37.063,0,0
sqlite,churn,3153,17.247,0,0
sqlite,churn,3154,41.975,0,0
sqlite,churn,3155,13.895,0,0
sqlite,churn,3156,12.605,0,0
sqlite,churn,3157,18.392,0,0
sqlite,churn,3158,16.505,0,0
sqlite,churn,3159,17.701,0,0
sqlite,churn,3160,32.234,3017610648,349
sqlite,churn,3161,13.563,0,0
sqlite,churn,3162,11.980,0,0
sqlite,churn,3163,14.405,0,0
sqlite,churn,3164,12.594,0,0
sqlite,churn,3165,11.067,0,0
sqlite,churn,3166,14.591,0,0
sqlite,churn,3167,12.285,0,0
sqlite,churn,3168,13.635,0,0
sqlite,churn,3169,14.187,0,0
sqlite,churn,3170,11.347,3018638744,251
sqlite,churn,3171,13.101,0,0
sqlite,churn,3172,26.813,0,0
sqlite,churn,3173,14.485,0,0
sqlite,churn,3174,11.807,0,0
sqlite,churn,3175,14.478,0,0
sqlite,churn,3176,20.930,0,0
sqlite,churn,3177,42.104,0,0
sqlite,churn,3178,39.049,0,0
sqlite,churn,3179,25.877,0,0
sqlite,churn,3180,26.575,3019949464,344
sqlite,churn,3181,15.751,0,0
sqlite,churn,3182,43.707,0,0
sqlite,churn,3183,12.899,0,0
sqlite,churn,3184,12.411,0,0
sqlite,churn,3185,23.051,0,0
sqlite,churn,3186,12.935,0,0
sqlite,churn,3187,13.583,0,0
sqlite,churn,3188,19.895,0,0
sqlite,churn,3189,13.845,0,0
sqlite,churn,3190,19.209,3020858776,256
sqlite,churn,3191,16.729,0,0
sqlite,churn,3192,13.698,0,0
sqlite,churn,3193,15.447,0,0
sqlite,churn,3194,13.171,0,0
sqlite,churn,3195,13.711,0,0
sqlite,churn,3196,14.690,0,0
sqlite,churn,3197,12.915,0,0
sqlite,churn,3198,10.778,0,0
sqlite,churn,3199,15.747,0,0
sqlite,churn,3200,12.850,3021993368,361
sqlite,churn,3201,16.570,0,0
sqlite,churn,3202,17.665,0,0
sqlite,churn,3203,21.242,0,0
sqlite,churn,3204,17.690,0,0
sqlite,churn,3205,10.958,0,0
sqlite,churn,3206,13.110,0,0
sqlite,churn,3207,12.287,0,0
sqlite,churn,3208,12.014,0,0
sqlite,churn,3209,11.707,0,0
sqlite,churn,3210,16.889,3022898584,265
sqlite,churn,3211,14.955,0,0
sqlite,churn,3212,16.964,0,0
sqlite,churn,3213,13.188,0,0
sqlite,churn,3214,11.770,0,0
sqlite,churn,3215,12.351,0,0
sqlite,churn,3216,14.006,0,0
sqlite,churn,3217,13.655,0,0
sqlite,churn,3218,11.845,0,0
sqlite,churn,3219,11.478,0,0
sqlite,churn,3220,13.708,3024151960,347
sqlite,churn,3221,13.052,0,0
sqlite,churn,3222,13.015,0,0
sqlite,churn,3223,12.240,0,0
sqlite,churn,3224,23.681,0,0
sqlite,churn,3225,17.143,0,0
sqlite,churn,3226,14.667,0,0
sqlite,churn,3227,24.623,0,0
sqlite,churn,3228,17.364,0,0
sqlite,churn,3229,26.281,0,0
sqlite,churn,3230,16.345,3025118616,246
sqlite,churn,3231,36.804,0,0
sqlite,churn,3232,18.252,0,0
sqlite,churn,3233,11.753,0,0
sqlite,churn,3234,13.100,0,0
sqlite,churn,3235,14.564,0,0
sqlite,churn,3236,12.584,0,0
sqlite,churn,3237,12.478,0,0
sqlite,churn,3238,18.186,0,0
sqlite,churn,3239,14.056,0,0
sqlite,churn,3240,11.651,3026400664,357
sqlite,churn,3241,12.887,0,0
sqlite,churn,3242,12.801,0,0
sqlite,churn,3243,14.039,0,0
sqlite,churn,3244,17.045,0,0
sqlite,churn,3245,12.526,0,0
sqlite,churn,3246,12.330,0,0
sqlite,churn,3247,18.058,0,0
sqlite,churn,3248,11.870,0,0
sqlite,churn,3249,20.396,0,0
sqlite,churn,3250,12.562,3027363224,251
sqlite,churn,3251,12.044,0,0
sqlite,churn,3252,20.596,0,0
sqlite,churn,3253,28.971,0,0
sqlite,churn,3254,18.928,0,0
sqlite,churn,3255,15.153,0,0
sqlite,churn,3256,12.345,0,0
sqlite,churn,3257,13.535,0,0
sqlite,churn,3258,16.001,0,0
sqlite,churn,3259,11.958,0,0
sqlite,churn,3260,12.530,3028780440,351
sqlite,churn,3261,14.074,0,0
sqlite,churn,3262,20.456,0,0
sqlite,churn,3263,14.105,0,0
sqlite,churn,3264,14.932,0,0
sqlite,churn,3265,27.863,0,0
sqlite,churn,3266,14.141,0,0
sqlite,churn,3267,30.517,0,0
sqlite,churn,3268,17.452,0,0
sqlite,churn,3269,15.599,0,0
sqlite,churn,3270,14.993,3029579160,252
sqlite,churn,3271,16.053,0,0
sqlite,churn,3272,15.544,0,0
sqlite,churn,3273,13.187,0,0
sqlite,churn,3274,14.965,0,0
sqlite,churn,3275,15.881,0,0
sqlite,churn,3276,23.842,0,0
sqlite,churn,3277,27.986,0,0
sqlite,churn,3278,11.274,0,0
sqlite,churn,3279,12.335,0,0
sqlite,churn,3280,12.026,3030996376,357
sqlite,churn,3281,13.207,0,0
sqlite,churn,3282,11.594,0,0
sqlite,churn,3283,14.210,0,0
sqlite,churn,3284,11.910,0,0
sqlite,churn,3285,13.904,0,0
sqlite,churn,3286,11.483,0,0
sqlite,churn,3287,12.983,0,0
sqlite,churn,3288,15.686,0,0
sqlite,churn,3289,13.073,0,0
sqlite,churn,3290,14.596,3032024472,257
sqlite,churn,3291,13.026,0,0
sqlite,churn,3292,11.666,0,0
sqlite,churn,3293,14.711,0,0
sqlite,churn,3294,17.951,0,0
sqlite,churn,3295,13.961,0,0
sqlite,churn,3296,13.089,0,0
sqlite,churn,3297,13.706,0,0
sqlite,churn,3298,11.902,0,0
sqlite,churn,3299,18.282,0,0
sqlite,churn,3300,10.899,3033470360,363
sqlite,churn,3301,12.109,0,0
sqlite,churn,3302,13.216,0,0
sqlite,churn,3303,11.796,0,0
sqlite,churn,3304,14.754,0,0
sqlite,churn,3305,11.052,0,0
sqlite,churn,3306,11.158,0,0
sqlite,churn,3307,12.800,0,0
sqlite,churn,3308,13.198,0,0
sqlite,churn,3309,21.029,0,0
sqlite,churn,3310,14.564,3034297752,260
sqlite,churn,3311,15.030,0,0
sqlite,churn,3312,13.301,0,0
sqlite,churn,3313,16.943,0,0
sqlite,churn,3314,15.239,0,0
sqlite,churn,3315,12.156,0,0
sqlite,churn,3316,13.595,0,0
sqlite,churn,3317,11.919,0,0
sqlite,churn,3318,19.243,0,0
sqlite,churn,3319,11.211,0,0
sqlite,churn,3320,11.049,3035538840,346
sqlite,churn,3321,11.880,0,0
sqlite,churn,3322,13.239,0,0
sqlite,churn,3323,13.601,0,0
sqlite,churn,3324,14.709,0,0
sqlite,churn,3325,12.200,0,0
sqlite,churn,3326,11.004,0,0
sqlite,churn,3327,11.972,0,0
sqlite,churn,3328,12.169,0,0
sqlite,churn,3329,11.318,0,0
sqlite,churn,3330,12.571,3036386712,245
sqlite,churn,3331,13.213,0,0
sqlite,churn,3332,14.461,0,0
sqlite,churn,3333,16.923,0,0
sqlite,churn,3334,12.215,0,0
sqlite,churn,3335,12.861,0,0
sqlite,churn,3336,12.179,0,0
sqlite,churn,3337,12.094,0,0
sqlite,churn,3338,11.467,0,0
sqlite,churn,3339,13.240,0,0
sqlite,churn,3340,11.191,3037668760,357
sqlite,churn,3341,17.617,0,0
sqlite,churn,3342,12.763,0,0
sqlite,churn,3343,13.012,0,0
sqlite,churn,3344,12.202,0,0
sqlite,churn,3345,25.918,0,0
sqlite,churn,3346,12.310,0,0
sqlite,churn,3347,13.811,0,0
sqlite,churn,3348,13.947,0,0
sqlite,churn,3349,13.694,0,0
sqlite,churn,3350,12.744,3038680472,247
sqlite,churn,3351,11.180,0,0
sqlite,churn,3352,12.252,0,0
sqlite,churn,3353,12.469,0,0
sqlite,churn,3354,10.877,0,0
sqlite,churn,3355,13.859,0,0
sqlite,churn,3356,12.411,0,0
sqlite,churn,3357,11.718,0,0
sqlite,churn,3358,13.523,0,0
sqlite,churn,3359,15.929,0,0
sqlite,churn,3360,13.664,3040060824,336
sqlite,churn,3361,10.924,0,0
sqlite,churn,3362,12.130,0,0
sqlite,churn,3363,13.213,0,0
sqlite,churn,3364,13.699,0,0
sqlite,churn,3365,14.799,0,0
sqlite,churn,3366,22.051,0,0
sqlite,churn,3367,16.139,0,0
sqlite,churn,3368,16.124,0,0
sqlite,churn,3369,23.033,0,0
sqlite,churn,3370,12.255,3040945560,268
sqlite,churn,3371,12.346,0,0
sqlite,churn,3372,12.631,0,0
sqlite,churn,3373,12.616,0,0
sqlite,churn,3374,11.237,0,0
sqlite,churn,3375,17.035,0,0
sqlite,churn,3376,16.155,0,0
sqlite,churn,3377,11.747,0,0
sqlite,churn,3378,12.450,0,0
sqlite,churn,3379,11.831,0,0
sqlite,churn,3380,10.814,3041990040,352
sqlite,churn,3381,12.709,0,0
sqlite,churn,3382,14.362,0,0
sqlite,churn,3383,11.969,0,0
sqlite,churn,3384,11.519,0,0
sqlite,churn,3385,14.108,0,0
sqlite,churn,3386,12.405,0,0
sqlite,churn,3387,13.105,0,0
sqlite,churn,3388,12.397,0,0
sqlite,churn,3389,17.962,0,0
sqlite,churn,3390,11.898,3042739608,244
sqlite,churn,3391,13.512,0,0
sqlite,churn,3392,14.163,0,0
sqlite,churn,3393,13.292,0,0
sqlite,churn,3394,12.761,0,0
sqlite,churn,3395,14.722,0,0
sqlite,churn,3396,11.503,0,0
sqlite,churn,3397,12.107,0,0
sqlite,churn,3398,13.173,0,0
sqlite,churn,3399,12.204,0,0
sqlite,churn,3400,11.081,3043943832,341
sqlite,churn,3401,12.981,0,0
sqlite,churn,3402,11.332,0,0
sqlite,churn,3403,12.315,0,0
sqlite,churn,3404,13.370,0,0
sqlite,churn,3405,10.776,0,0
sqlite,churn,3406,14.687,0,0
sqlite,churn,3407,12.708,0,0
sqlite,churn,3408,12.410,0,0
sqlite,churn,3409,13.432,0,0
sqlite,churn,3410,12.041,3044734360,249
sqlite,churn,3411,14.110,0,0
sqlite,churn,3412,32.550,0,0
sqlite,churn,3413,16.190,0,0
sqlite,churn,3414,13.458,0,0
sqlite,churn,3415,14.908,0,0
sqlite,churn,3416,11.446,0,0
sqlite,churn,3417,12.637,0,0
sqlite,churn,3418,14.577,0,0
sqlite,churn,3419,11.623,0,0
sqlite,churn,3420,14.368,3046040984,349
sqlite,churn,3421,14.553,0,0
sqlite,churn,3422,11.779,0,0
sqlite,churn,3423,11.718,0,0
sqlite,churn,3424,11.092,0,0
sqlite,churn,3425,12.109,0,0
sqlite,churn,3426,12.710,0,0
sqlite,churn,3427,12.957,0,0
sqlite,churn,3428,13.374,0,0
sqlite,churn,3429,12.825,0,0
sqlite,churn,3430,10.984,3046802840,256
sqlite,churn,3431,11.538,0,0
sqlite,churn,3432,12.104,0,0
sqlite,churn,3433,12.930,0,0
sqlite,churn,3434,15.340,0,0
sqlite,churn,3435,11.371,0,0
sqlite,churn,3436,12.014,0,0
sqlite,churn,3437,18.641,0,0
sqlite,churn,3438,11.032,0,0
sqlite,churn,3439,14.577,0,0
sqlite,churn,3440,11.727,3047855512,345
sqlite,churn,3441,11.376,0,0
sqlite,churn,3442,11.952,0,0
sqlite,churn,3443,12.179,0,0
sqlite,churn,3444,12.582,0,0
sqlite,churn,3445,12.018,0,0
sqlite,churn,3446,12.197,0,0
sqlite,churn,3447,12.220,0,0
sqlite,churn,3448,15.316,0,0
sqlite,churn,3449,14.450,0,0
sqlite,churn,3450,12.952,3048568216,254
sqlite,churn,3451,13.369,0,0
sqlite,churn,3452,11.904,0,0
sqlite,churn,3453,11.915,0,0
sqlite,churn,3454,11.431,0,0
sqlite,churn,3455,12.160,0,0
sqlite,churn,3456,11.466,0,0
sqlite,churn,3457,11.235,0,0
sqlite,churn,3458,13.784,0,0
sqlite,churn,3459,12.066,0,0
sqlite,churn,3460,12.657,3049760152,356
sqlite,churn,3461,12.197,0,0
sqlite,churn,3462,12.691,0,0
sqlite,churn,3463,13.558,0,0
sqlite,churn,3464,12.390,0,0
sqlite,churn,3465,11.279,0,0
sqlite,churn,3466,11.825,0,0
sqlite,churn,3467,12.228,0,0
sqlite,churn,3468,12.077,0,0
sqlite,churn,3469,11.383,0,0
sqlite,churn,3470,12.089,3050714520,269
sqlite,churn,3471,12.579,0,0
sqlite,churn,3472,12.301,0,0
sqlite,churn,3473,10.509,0,0
sqlite,churn,3474,13.147,0,0
sqlite,churn,3475,17.032,0,0
sqlite,churn,3476,12.420,0,0
sqlite,churn,3477,11.681,0,0
sqlite,churn,3478,11.253,0,0
sqlite,churn,3479,11.155,0,0
sqlite,churn,3480,12.599,3051939224,353
sqlite,churn,3481,12.590,0,0
sqlite,churn,3482,47.226,0,0
sqlite,churn,3483,16.522,0,0
sqlite,churn,3484,11.848,0,0
sqlite,churn,3485,11.479,0,0
sqlite,churn,3486,14.956,0,0
sqlite,churn,3487,14.050,0,0
sqlite,churn,3488,14.801,0,0
sqlite,churn,3489,11.691,0,0
sqlite,churn,3490,11.670,3052647832,266
sqlite,churn,3491,28.091,0,0
sqlite,churn,3492,16.220,0,0
sqlite,churn,3493,16.943,0,0
sqlite,churn,3494,39.526,0,0
sqlite,churn,3495,34.316,0,0
sqlite,churn,3496,37.214,0,0
sqlite,churn,3497,32.665,0,0
sqlite,churn,3498,24.472,0,0
sqlite,churn,3499,36.184,0,0
sqlite,churn,3500,10.964,3053700504,352
sqlite,churn,3501,12.832,0,0
sqlite,churn,3502,18.698,0,0
sqlite,churn,3503,14.732,0,0
sqlite,churn,3504,17.132,0,0
sqlite,churn,3505,14.704,0,0
sqlite,churn,3506,26.721,0,0
sqlite,churn,3507,12.791,0,0
sqlite,churn,3508,16.378,0,0
sqlite,churn,3509,14.491,0,0
sqlite,churn,3510,14.328,3054605720,276
sqlite,churn,3511,11.580,0,0
sqlite,churn,3512,12.023,0,0
sqlite,churn,3513,15.705,0,0
sqlite,churn,3514,13.851,0,0
sqlite,churn,3515,20.752,0,0
sqlite,churn,3516,16.983,0,0
sqlite,churn,3517,13.027,0,0
sqlite,churn,3518,12.839,0,0
sqlite,churn,3519,12.289,0,0
sqlite,churn,3520,20.759,3055531416,346
sqlite,churn,3521,13.019,0,0
sqlite,churn,3522,12.366,0,0
sqlite,churn,3523,12.539,0,0
sqlite,churn,3524,11.112,0,0
sqlite,churn,3525,13.339,0,0
sqlite,churn,3526,12.476,0,0
sqlite,churn,3527,11.512,0,0
sqlite,churn,3528,14.146,0,0
sqlite,churn,3529,13.898,0,0
sqlite,churn,3530,13.971,3056706968,252
sqlite,churn,3531,13.320,0,0
sqlite,churn,3532,18.972,0,0
sqlite,churn,3533,14.150,0,0
sqlite,churn,3534,11.054,0,0
sqlite,churn,3535,12.583,0,0
sqlite,churn,3536,12.695,0,0
sqlite,churn,3537,12.869,0,0
sqlite,churn,3538,11.955,0,0
sqlite,churn,3539,12.973,0,0
sqlite,churn,3540,23.039,3058103704,347
sqlite,churn,3541,23.390,0,0
sqlite,churn,3542,46.669,0,0
sqlite,churn,3543,16.195,0,0
sqlite,churn,3544,33.240,0,0
sqlite,churn,3545,18.545,0,0
sqlite,churn,3546,15.293,0,0
sqlite,churn,3547,15.357,0,0
sqlite,churn,3548,11.901,0,0
sqlite,churn,3549,18.492,0,0
sqlite,churn,3550,12.109,3059025304,256
sqlite,churn,3551,12.174,0,0
sqlite,churn,3552,11.259,0,0
sqlite,churn,3553,13.005,0,0
sqlite,churn,3554,12.529,0,0
sqlite,churn,3555,15.474,0,0
sqlite,churn,3556,13.610,0,0
sqlite,churn,3557,12.657,0,0
sqlite,churn,3558,12.399,0,0
sqlite,churn,3559,11.505,0,0
sqlite,churn,3560,10.427,3060327832,346
sqlite,churn,3561,11.794,0,0
sqlite,churn,3562,10.831,0,0
sqlite,churn,3563,12.011,0,0
sqlite,churn,3564,15.908,0,0
sqlite,churn,3565,16.151,0,0
sqlite,churn,3566,16.326,0,0
sqlite,churn,3567,22.692,0,0
sqlite,churn,3568,14.678,0,0
sqlite,churn,3569,13.407,0,0
sqlite,churn,3570,13.650,3061220760,254
sqlite,churn,3571,13.448,0,0
sqlite,churn,3572,13.473,0,0
sqlite,churn,3573,11.654,0,0
sqlite,churn,3574,15.534,0,0
sqlite,churn,3575,15.443,0,0
sqlite,churn,3576,22.334,0,0
sqlite,churn,3577,14.044,0,0
sqlite,churn,3578,13.298,0,0
sqlite,churn,3579,40.487,0,0
sqlite,churn,3580,13.476,3062392216,365
sqlite,churn,3581,13.788,0,0
sqlite,churn,3582,17.478,0,0
sqlite,churn,3583,10.850,0,0
sqlite,churn,3584,11.395,0,0
sqlite,churn,3585,11.080,0,0
sqlite,churn,3586,11.606,0,0
sqlite,churn,3587,12.106,0,0
sqlite,churn,3588,19.140,0,0
sqlite,churn,3589,12.469,0,0
sqlite,churn,3590,12.055,3063027096,257
sqlite,churn,3591,12.601,0,0
sqlite,churn,3592,11.198,0,0
sqlite,churn,3593,15.050,0,0
sqlite,churn,3594,12.359,0,0
sqlite,churn,3595,11.234,0,0
sqlite,churn,3596,10.841,0,0
sqlite,churn,3597,10.982,0,0
sqlite,churn,3598,16.753,0,0
sqlite,churn,3599,11.455,0,0
sqlite,churn,3600,11.346,3064153496,360
sqlite,churn,3601,18.209,0,0
sqlite,churn,3602,17.611,0,0
sqlite,churn,3603,12.510,0,0
sqlite,churn,3604,14.085,0,0
sqlite,churn,3605,14.904,0,0
sqlite,churn,3606,14.184,0,0
sqlite,churn,3607,15.928,0,0
sqlite,churn,3608,13.433,0,0
sqlite,churn,3609,11.389,0,0
sqlite,churn,3610,13.673,3064980888,233
sqlite,churn,3611,13.278,0,0
sqlite,churn,3612,16.316,0,0
sqlite,churn,3613,14.443,0,0
sqlite,churn,3614,12.752,0,0
sqlite,churn,3615,15.758,0,0
sqlite,churn,3616,13.508,0,0
sqlite,churn,3617,18.306,0,0
sqlite,churn,3618,11.779,0,0
sqlite,churn,3619,12.153,0,0
sqlite,churn,3620,13.099,3066213784,335
sqlite,churn,3621,15.208,0,0
sqlite,churn,3622,20.069,0,0
sqlite,churn,3623,38.077,0,0
sqlite,churn,3624,13.494,0,0
sqlite,churn,3625,18.315,0,0
sqlite,churn,3626,13.521,0,0
sqlite,churn,3627,12.915,0,0
sqlite,churn,3628,12.321,0,0
sqlite,churn,3629,14.170,0,0
sqlite,churn,3630,21.483,3067377048,262
sqlite,churn,3631,16.294,0,0
sqlite,churn,3632,21.294,0,0
sqlite,churn,3633,15.155,0,0
sqlite,churn,3634,12.164,0,0
sqlite,churn,3635,19.561,0,0
sqlite,churn,3636,15.730,0,0
sqlite,churn,3637,15.540,0,0
sqlite,churn,3638,11.809,0,0
sqlite,churn,3639,13.278,0,0
sqlite,churn,3640,12.676,3068462488,348
sqlite,churn,3641,11.597,0,0
sqlite,churn,3642,14.695,0,0
sqlite,churn,3643,14.516,0,0
sqlite,churn,3644,20.518,0,0
sqlite,churn,3645,13.097,0,0
sqlite,churn,3646,12.446,0,0
sqlite,churn,3647,12.832,0,0
sqlite,churn,3648,13.525,0,0
sqlite,churn,3649,13.408,0,0
sqlite,churn,3650,12.655,3069343128,268
sqlite,churn,3651,14.796,0,0
sqlite,churn,3652,12.907,0,0
sqlite,churn,3653,12.590,0,0
sqlite,churn,3654,18.173,0,0
sqlite,churn,3655,20.193,0,0
sqlite,churn,3656,12.585,0,0
sqlite,churn,3657,11.838,0,0
sqlite,churn,3658,14.265,0,0
sqlite,churn,3659,11.913,0,0
sqlite,churn,3660,11.152,3070412184,357
sqlite,churn,3661,12.138,0,0
sqlite,churn,3662,12.099,0,0
sqlite,churn,3663,14.022,0,0
sqlite,churn,3664,12.274,0,0
sqlite,churn,3665,11.784,0,0
sqlite,churn,3666,13.256,0,0
sqlite,churn,3667,19.639,0,0
sqlite,churn,3668,13.783,0,0
sqlite,churn,3669,24.656,0,0
sqlite,churn,3670,29.454,3071456664,248
sqlite,churn,3671,14.485,0,0
sqlite,churn,3672,11.232,0,0
sqlite,churn,3673,11.115,0,0
sqlite,churn,3674,15.629,0,0
sqlite,churn,3675,13.383,0,0
sqlite,churn,3676,11.329,0,0
sqlite,churn,3677,24.340,0,0
sqlite,churn,3678,11.002,0,0
sqlite,churn,3679,12.879,0,0
sqlite,churn,3680,15.227,3072751000,345
sqlite,churn,3681,13.328,0,0
sqlite,churn,3682,12.475,0,0
sqlite,churn,3683,12.301,0,0
sqlite,churn,3684,11.962,0,0
sqlite,churn,3685,18.802,0,0
sqlite,churn,3686,11.322,0,0
sqlite,churn,3687,13.448,0,0
sqlite,churn,3688,13.548,0,0
sqlite,churn,3689,12.070,0,0
sqlite,churn,3690,11.177,3073832344,250
sqlite,churn,3691,15.202,0,0
sqlite,churn,3692,13.731,0,0
sqlite,churn,3693,16.180,0,0
sqlite,churn,3694,12.610,0,0
sqlite,churn,3695,13.500,0,0
sqlite,churn,3696,12.691,0,0
sqlite,churn,3697,12.546,0,0
sqlite,churn,3698,14.795,0,0
sqlite,churn,3699,13.446,0,0
sqlite,churn,3700,19.938,3074987416,349
sqlite,churn,3701,16.713,0,0
sqlite,churn,3702,15.145,0,0
sqlite,churn,3703,11.346,0,0
sqlite,churn,3704,12.202,0,0
sqlite,churn,3705,13.226,0,0
sqlite,churn,3706,14.533,0,0
sqlite,churn,3707,13.135,0,0
sqlite,churn,3708,14.448,0,0
sqlite,churn,3709,13.851,0,0
sqlite,churn,3710,13.995,3076134296,250
sqlite,churn,3711,14.766,0,0
sqlite,churn,3712,13.549,0,0
sqlite,churn,3713,15.111,0,0
sqlite,churn,3714,15.307,0,0
sqlite,churn,3715,17.931,0,0
sqlite,churn,3716,14.307,0,0
sqlite,churn,3717,11.931,0,0
sqlite,churn,3718,15.738,0,0
sqlite,churn,3719,18.003,0,0
sqlite,churn,3720,13.100,3077457304,348
sqlite,churn,3721,15.887,0,0
sqlite,churn,3722,17.512,0,0
sqlite,churn,3723,12.387,0,0
sqlite,churn,3724,23.074,0,0
sqlite,churn,3725,13.310,0,0
sqlite,churn,3726,17.941,0,0
sqlite,churn,3727,12.353,0,0
sqlite,churn,3728,25.638,0,0
sqlite,churn,3729,20.722,0,0
sqlite,churn,3730,12.749,3078407576,268
sqlite,churn,3731,10.748,0,0
sqlite,churn,3732,11.680,0,0
sqlite,churn,3733,16.625,0,0
sqlite,churn,3734,14.698,0,0
sqlite,churn,3735,13.345,0,0
sqlite,churn,3736,12.885,0,0
sqlite,churn,3737,17.290,0,0
sqlite,churn,3738,14.357,0,0
sqlite,churn,3739,25.454,0,0
sqlite,churn,3740,13.755,3079558552,369
sqlite,churn,3741,18.081,0,0
sqlite,churn,3742,16.040,0,0
sqlite,churn,3743,13.261,0,0
sqlite,churn,3744,12.478,0,0
sqlite,churn,3745,13.665,0,0
sqlite,churn,3746,15.653,0,0
sqlite,churn,3747,13.807,0,0
sqlite,churn,3748,10.987,0,0
sqlite,churn,3749,21.867,0,0
sqlite,churn,3750,12.251,3080455576,243
sqlite,churn,3751,16.641,0,0
sqlite,churn,3752,20.760,0,0
sqlite,churn,3753,17.950,0,0
sqlite,churn,3754,14.567,0,0
sqlite,churn,3755,17.976,0,0
sqlite,churn,3756,14.811,0,0
sqlite,churn,3757,14.625,0,0
sqlite,churn,3758,16.252,0,0
sqlite,churn,3759,17.433,0,0
sqlite,churn,3760,13.617,3081766296,351
sqlite,churn,3761,12.498,0,0
sqlite,churn,3762,14.505,0,0
sqlite,churn,3763,11.017,0,0
sqlite,churn,3764,15.233,0,0
sqlite,churn,3765,10.965,0,0
sqlite,churn,3766,48.482,0,0
sqlite,churn,3767,14.957,0,0
sqlite,churn,3768,19.729,0,0
sqlite,churn,3769,15.340,0,0
sqlite,churn,3770,15.694,3082786200,253
sqlite,churn,3771,12.760,0,0
sqlite,churn,3772,15.220,0,0
sqlite,churn,3773,13.641,0,0
sqlite,churn,3774,14.753,0,0
sqlite,churn,3775,11.650,0,0
sqlite,churn,3776,12.556,0,0
sqlite,churn,3777,11.659,0,0
sqlite,churn,3778,11.910,0,0
sqlite,churn,3779,15.476,0,0
sqlite,churn,3780,18.960,3083969944,356
sqlite,churn,3781,32.702,0,0
sqlite,churn,3782,38.795,0,0
sqlite,churn,3783,41.179,0,0
sqlite,churn,3784,33.179,0,0
sqlite,churn,3785,23.177,0,0
sqlite,churn,3786,34.495,0,0
sqlite,churn,3787,36.522,0,0
sqlite,churn,3788,38.998,0,0
sqlite,churn,3789,19.392,0,0
sqlite,churn,3790,14.135,3084940696,249
sqlite,churn,3791,14.543,0,0
sqlite,churn,3792,17.833,0,0
sqlite,churn,3793,15.403,0,0
sqlite,churn,3794,14.168,0,0
sqlite,churn,3795,12.532,0,0
sqlite,churn,3796,12.891,0,0
sqlite,churn,3797,16.099,0,0
sqlite,churn,3798,13.054,0,0
sqlite,churn,3799,15.084,0,0
sqlite,churn,3800,12.845,3085936024,353
sqlite,churn,3801,12.000,0,0
sqlite,churn,3802,18.954,0,0
sqlite,churn,3803,11.367,0,0
sqlite,churn,3804,24.992,0,0
sqlite,churn,3805,18.183,0,0
sqlite,churn,3806,16.738,0,0
sqlite,churn,3807,15.087,0,0
sqlite,churn,3808,12.592,0,0
sqlite,churn,3809,18.616,0,0
sqlite,churn,3810,11.547,3087111576,252
sqlite,churn,3811,13.078,0,0
sqlite,churn,3812,13.466,0,0
sqlite,churn,3813,14.577,0,0
sqlite,churn,3814,28.059,0,0
sqlite,churn,3815,16.353,0,0
sqlite,churn,3816,14.147,0,0
sqlite,churn,3817,12.166,0,0
sqlite,churn,3818,15.425,0,0
sqlite,churn,3819,11.709,0,0
sqlite,churn,3820,12.113,3088131480,351
sqlite,churn,3821,17.138,0,0
sqlite,churn,3822,15.661,0,0
sqlite,churn,3823,14.247,0,0
sqlite,churn,3824,18.176,0,0
sqlite,churn,3825,18.624,0,0
sqlite,churn,3826,19.143,0,0
sqlite,churn,3827,13.579,0,0
sqlite,churn,3828,14.725,0,0
sqlite,churn,3829,15.419,0,0
sqlite,churn,3830,18.080,3089151384,251
sqlite,churn,3831,17.171,0,0
sqlite,churn,3832,16.330,0,0
sqlite,churn,3833,15.985,0,0
sqlite,churn,3834,16.582,0,0
sqlite,churn,3835,17.763,0,0
sqlite,churn,3836,12.116,0,0
sqlite,churn,3837,13.685,0,0
sqlite,churn,3838,15.520,0,0
sqlite,churn,3839,12.297,0,0
sqlite,churn,3840,13.452,3090118040,345
sqlite,churn,3841,16.784,0,0
sqlite,churn,3842,16.752,0,0
sqlite,churn,3843,15.439,0,0
sqlite,churn,3844,18.666,0,0
sqlite,churn,3845,15.358,0,0
sqlite,churn,3846,15.258,0,0
sqlite,churn,3847,23.390,0,0
sqlite,churn,3848,15.116,0,0
sqlite,churn,3849,13.952,0,0
sqlite,churn,3850,15.578,3091068312,267
sqlite,churn,3851,15.285,0,0
sqlite,churn,3852,14.633,0,0
sqlite,churn,3853,16.226,0,0
sqlite,churn,3854,16.870,0,0
sqlite,churn,3855,15.569,0,0
sqlite,churn,3856,20.177,0,0
sqlite,churn,3857,14.502,0,0
sqlite,churn,3858,18.590,0,0
sqlite,churn,3859,17.294,0,0
sqlite,churn,3860,14.477,3091965336,339
sqlite,churn,3861,16.340,0,0
sqlite,churn,3862,18.093,0,0
sqlite,churn,3863,21.104,0,0
sqlite,churn,3864,26.651,0,0
sqlite,churn,3865,15.469,0,0
sqlite,churn,3866,20.806,0,0
sqlite,churn,3867,15.964,0,0
sqlite,churn,3868,15.594,0,0
sqlite,churn,3869,18.961,0,0
sqlite,churn,3870,20.895,3093243288,254
sqlite,churn,3871,18.324,0,0
sqlite,churn,3872,14.889,0,0
sqlite,churn,3873,13.386,0,0
sqlite,churn,3874,12.883,0,0
sqlite,churn,3875,11.481,0,0
sqlite,churn,3876,12.897,0,0
sqlite,churn,3877,12.758,0,0
sqlite,churn,3878,14.323,0,0
sqlite,churn,3879,17.380,0,0
sqlite,churn,3880,13.682,3094345112,352
sqlite,churn,3881,13.902,0,0
sqlite,churn,3882,13.092,0,0
sqlite,churn,3883,17.568,0,0
sqlite,churn,3884,13.390,0,0
sqlite,churn,3885,11.486,0,0
sqlite,churn,3886,13.872,0,0
sqlite,churn,3887,15.279,0,0
sqlite,churn,3888,12.371,0,0
sqlite,churn,3889,14.500,0,0
sqlite,churn,3890,19.839,3095229848,275
sqlite,churn,3891,12.888,0,0
sqlite,churn,3892,22.687,0,0
sqlite,churn,3893,13.611,0,0
sqlite,churn,3894,14.367,0,0
sqlite,churn,3895,12.417,0,0
sqlite,churn,3896,12.841,0,0
sqlite,churn,3897,12.254,0,0
sqlite,churn,3898,12.479,0,0
sqlite,churn,3899,20.655,0,0
sqlite,churn,3900,12.814,3096171928,346
sqlite,churn,3901,11.974,0,0
sqlite,churn,3902,14.256,0,0
sqlite,churn,3903,27.007,0,0
sqlite,churn,3904,16.082,0,0
sqlite,churn,3905,11.801,0,0
sqlite,churn,3906,15.465,0,0
sqlite,churn,3907,19.675,0,0
sqlite,churn,3908,11.202,0,0
sqlite,churn,3909,12.384,0,0
sqlite,churn,3910,15.618,3097433496,267
sqlite,churn,3911,15.259,0,0
sqlite,churn,3912,17.107,0,0
sqlite,churn,3913,12.032,0,0
sqlite,churn,3914,14.274,0,0
sqlite,churn,3915,11.860,0,0
sqlite,churn,3916,17.085,0,0
sqlite,churn,3917,11.010,0,0
sqlite,churn,3918,12.736,0,0
sqlite,churn,3919,11.827,0,0
sqlite,churn,3920,12.022,3098486168,340
sqlite,churn,3921,14.651,0,0
sqlite,churn,3922,17.936,0,0
sqlite,churn,3923,13.218,0,0
sqlite,churn,3924,13.654,0,0
sqlite,churn,3925,12.180,0,0
sqlite,churn,3926,22.737,0,0
sqlite,churn,3927,19.032,0,0
sqlite,churn,3928,11.814,0,0
sqlite,churn,3929,13.319,0,0
sqlite,churn,3930,12.951,3099665816,250
sqlite,churn,3931,14.513,0,0
sqlite,churn,3932,13.753,0,0
sqlite,churn,3933,15.016,0,0
sqlite,churn,3934,12.187,0,0
sqlite,churn,3935,13.449,0,0
sqlite,churn,3936,13.324,0,0
sqlite,churn,3937,11.743,0,0
sqlite,churn,3938,13.828,0,0
sqlite,churn,3939,11.811,0,0
sqlite,churn,3940,13.424,3100845464,372
sqlite,churn,3941,12.489,0,0
sqlite,churn,3942,13.409,0,0
sqlite,churn,3943,15.106,0,0
sqlite,churn,3944,14.419,0,0
sqlite,churn,3945,12.273,0,0
sqlite,churn,3946,13.580,0,0
sqlite,churn,3947,12.420,0,0
sqlite,churn,3948,11.692,0,0
sqlite,churn,3949,11.813,0,0
sqlite,churn,3950,10.978,3101820312,265
sqlite,churn,3951,11.379,0,0
sqlite,churn,3952,12.044,0,0
sqlite,churn,3953,11.743,0,0
sqlite,churn,3954,12.588,0,0
sqlite,churn,3955,14.411,0,0
sqlite,churn,3956,13.759,0,0
sqlite,churn,3957,16.981,0,0
sqlite,churn,3958,15.192,0,0
sqlite,churn,3959,12.084,0,0
sqlite,churn,3960,12.469,3102684568,365
sqlite,churn,3961,12.853,0,0
sqlite,churn,3962,13.885,0,0
sqlite,churn,3963,12.213,0,0
sqlite,churn,3964,13.931,0,0
sqlite,churn,3965,13.317,0,0
sqlite,churn,3966,11.675,0,0
sqlite,churn,3967,15.662,0,0
sqlite,churn,3968,17.931,0,0
sqlite,churn,3969,15.531,0,0
sqlite,churn,3970,15.947,3103569304,260
sqlite,churn,3971,13.678,0,0
sqlite,churn,3972,11.363,0,0
sqlite,churn,3973,12.011,0,0
sqlite,churn,3974,18.838,0,0
sqlite,churn,3975,15.212,0,0
sqlite,churn,3976,17.560,0,0
sqlite,churn,3977,24.813,0,0
sqlite,churn,3978,13.307,0,0
sqlite,churn,3979,13.811,0,0
sqlite,churn,3980,14.955,3104601496,354
sqlite,churn,3981,13.545,0,0
sqlite,churn,3982,14.320,0,0
sqlite,churn,3983,13.127,0,0
sqlite,churn,3984,11.488,0,0
sqlite,churn,3985,11.061,0,0
sqlite,churn,3986,12.002,0,0
sqlite,churn,3987,15.939,0,0
sqlite,churn,3988,15.060,0,0
sqlite,churn,3989,14.014,0,0
sqlite,churn,3990,12.609,3105547672,241
sqlite,churn,3991,12.352,0,0
sqlite,churn,3992,12.792,0,0
sqlite,churn,3993,11.916,0,0
sqlite,churn,3994,12.134,0,0
sqlite,churn,3995,17.353,0,0
sqlite,churn,3996,14.642,0,0
sqlite,churn,3997,14.779,0,0
sqlite,churn,3998,20.387,0,0
sqlite,churn,3999,11.457,0,0
sqlite,churn,4000,14.129,3106977176,351
sqlite,churn,4001,12.938,0,0
sqlite,churn,4002,11.308,0,0
sqlite,churn,4003,11.507,0,0
sqlite,churn,4004,16.136,0,0
sqlite,churn,4005,16.873,0,0
sqlite,churn,4006,13.458,0,0
sqlite,churn,4007,13.116,0,0
sqlite,churn,4008,12.879,0,0
sqlite,churn,4009,11.618,0,0
sqlite,churn,4010,12.075,3108017560,264
sqlite,churn,4011,16.522,0,0
sqlite,churn,4012,14.141,0,0
sqlite,churn,4013,10.918,0,0
sqlite,churn,4014,12.520,0,0
sqlite,churn,4015,12.558,0,0
sqlite,churn,4016,12.801,0,0
sqlite,churn,4017,12.145,0,0
sqlite,churn,4018,13.054,0,0
sqlite,churn,4019,12.640,0,0
sqlite,churn,4020,12.162,3109094808,351
sqlite,churn,4021,12.390,0,0
sqlite,churn,4022,12.157,0,0
sqlite,churn,4023,12.545,0,0
sqlite,churn,4024,13.158,0,0
sqlite,churn,4025,11.622,0,0
sqlite,churn,4026,15.721,0,0
sqlite,churn,4027,11.124,0,0
sqlite,churn,4028,12.290,0,0
sqlite,churn,4029,13.311,0,0
sqlite,churn,4030,12.853,3109942680,249
sqlite,churn,4031,12.850,0,0
sqlite,churn,4032,12.718,0,0
sqlite,churn,4033,11.240,0,0
sqlite,churn,4034,21.723,0,0
sqlite,churn,4035,11.259,0,0
sqlite,churn,4036,12.030,0,0
sqlite,churn,4037,24.003,0,0
sqlite,churn,4038,12.799,0,0
sqlite,churn,4039,19.542,0,0
sqlite,churn,4040,16.013,3111118232,344
sqlite,churn,4041,16.015,0,0
sqlite,churn,4042,22.507,0,0
sqlite,churn,4043,15.521,0,0
sqlite,churn,4044,15.258,0,0
sqlite,churn,4045,16.838,0,0
sqlite,churn,4046,13.698,0,0
sqlite,churn,4047,16.299,0,0
sqlite,churn,4048,30.927,0,0
sqlite,churn,4049,28.328,0,0
sqlite,churn,4050,22.040,3112101272,255
sqlite,churn,4051,17.513,0,0
sqlite,churn,4052,15.030,0,0
sqlite,churn,4053,14.933,0,0
sqlite,churn,4054,13.286,0,0
sqlite,churn,4055,11.134,0,0
sqlite,churn,4056,16.751,0,0
sqlite,churn,4057,14.632,0,0
sqlite,churn,4058,22.990,0,0
sqlite,churn,4059,14.179,0,0
sqlite,churn,4060,26.138,3113039256,355
sqlite,churn,4061,26.558,0,0
sqlite,churn,4062,17.828,0,0
sqlite,churn,4063,29.618,0,0
sqlite,churn,4064,14.412,0,0
sqlite,churn,4065,16.376,0,0
sqlite,churn,4066,15.579,0,0
sqlite,churn,4067,14.741,0,0
sqlite,churn,4068,15.275,0,0
sqlite,churn,4069,12.649,0,0
sqlite,churn,4070,14.779,3114075544,257
sqlite,churn,4071,11.615,0,0
sqlite,churn,4072,10.644,0,0
sqlite,churn,4073,11.941,0,0
sqlite,churn,4074,11.360,0,0
sqlite,churn,4075,12.555,0,0
sqlite,churn,4076,13.235,0,0
sqlite,churn,4077,12.819,0,0
sqlite,churn,4078,20.257,0,0
sqlite,churn,4079,13.829,0,0
sqlite,churn,4080,12.641,3115259288,337
sqlite,churn,4081,11.036,0,0
sqlite,churn,4082,12.217,0,0
sqlite,churn,4083,15.652,0,0
sqlite,churn,4084,19.010,0,0
sqlite,churn,4085,11.029,0,0
sqlite,churn,4086,11.164,0,0
sqlite,churn,4087,15.351,0,0
sqlite,churn,4088,13.065,0,0
sqlite,churn,4089,22.600,0,0
sqlite,churn,4090,17.529,3116434840,250
sqlite,churn,4091,16.166,0,0
sqlite,churn,4092,16.297,0,0
sqlite,churn,4093,12.426,0,0
sqlite,churn,4094,11.911,0,0
sqlite,churn,4095,15.227,0,0
sqlite,churn,4096,11.079,0,0
sqlite,churn,4097,10.306,0,0
sqlite,churn,4098,15.200,0,0
sqlite,churn,4099,11.969,0,0
sqlite,churn,4100,12.764,3117737368,360
sqlite,churn,4101,12.993,0,0
sqlite,churn,4102,19.253,0,0
sqlite,churn,4103,14.219,0,0
sqlite,churn,4104,10.789,0,0
sqlite,churn,4105,13.279,0,0
sqlite,churn,4106,12.557,0,0
sqlite,churn,4107,11.225,0,0
sqlite,churn,4108,10.521,0,0
sqlite,churn,4109,12.100,0,0
sqlite,churn,4110,13.301,3118601624,263
sqlite,churn,4111,18.920,0,0
sqlite,churn,4112,12.918,0,0
sqlite,churn,4113,10.748,0,0
sqlite,churn,4114,22.753,0,0
sqlite,churn,4115,11.428,0,0
sqlite,churn,4116,14.416,0,0
sqlite,churn,4117,12.338,0,0
sqlite,churn,4118,14.817,0,0
sqlite,churn,4119,12.306,0,0
sqlite,churn,4120,17.446,3119478168,355
sqlite,churn,4121,10.597,0,0
sqlite,churn,4122,18.381,0,0
sqlite,churn,4123,17.987,0,0
sqlite,churn,4124,11.806,0,0
sqlite,churn,4125,15.091,0,0
sqlite,churn,4126,16.255,0,0
sqlite,churn,4127,15.818,0,0
sqlite,churn,4128,14.156,0,0
sqlite,churn,4129,17.682,0,0
sqlite,churn,4130,10.840,3120645528,273
sqlite,churn,4131,12.516,0,0
sqlite,churn,4132,12.252,0,0
sqlite,churn,4133,11.779,0,0
sqlite,churn,4134,14.457,0,0
sqlite,churn,4135,12.415,0,0
sqlite,churn,4136,11.653,0,0
sqlite,churn,4137,15.007,0,0
sqlite,churn,4138,35.948,0,0
sqlite,churn,4139,15.418,0,0
sqlite,churn,4140,15.247,3121653144,356
sqlite,churn,4141,14.897,0,0
sqlite,churn,4142,15.562,0,0
sqlite,churn,4143,15.553,0,0
sqlite,churn,4144,16.262,0,0
sqlite,churn,4145,12.388,0,0
sqlite,churn,4146,22.169,0,0
sqlite,churn,4147,17.440,0,0
sqlite,churn,4148,18.658,0,0
sqlite,churn,4149,12.942,0,0
sqlite,churn,4150,13.547,3122734488,259
sqlite,churn,4151,16.047,0,0
sqlite,churn,4152,11.996,0,0
sqlite,churn,4153,11.440,0,0
sqlite,churn,4154,11.738,0,0
sqlite,churn,4155,12.948,0,0
sqlite,churn,4156,12.716,0,0
sqlite,churn,4157,13.424,0,0
sqlite,churn,4158,20.992,0,0
sqlite,churn,4159,14.018,0,0
sqlite,churn,4160,13.858,3123922328,346
sqlite,churn,4161,12.534,0,0
sqlite,churn,4162,11.583,0,0
sqlite,churn,4163,13.329,0,0
sqlite,churn,4164,11.648,0,0
sqlite,churn,4165,14.312,0,0
sqlite,churn,4166,12.645,0,0
sqlite,churn,4167,13.107,0,0
sqlite,churn,4168,11.881,0,0
sqlite,churn,4169,19.145,0,0
sqlite,churn,4170,11.800,3125015960,253
sqlite,churn,4171,12.894,0,0
sqlite,churn,4172,12.006,0,0
sqlite,churn,4173,11.661,0,0
sqlite,churn,4174,12.830,0,0
sqlite,churn,4175,11.409,0,0
sqlite,churn,4176,13.473,0,0
sqlite,churn,4177,24.833,0,0
sqlite,churn,4178,12.261,0,0
sqlite,churn,4179,14.161,0,0
sqlite,churn,4180,15.251,3126154648,347
sqlite,churn,4181,13.615,0,0
sqlite,churn,4182,15.140,0,0
sqlite,churn,4183,14.436,0,0
sqlite,churn,4184,10.817,0,0
sqlite,churn,4185,11.763,0,0
sqlite,churn,4186,11.977,0,0
sqlite,churn,4187,14.912,0,0
sqlite,churn,4188,13.164,0,0
sqlite,churn,4189,13.482,0,0
sqlite,churn,4190,30.501,3127051672,250
sqlite,churn,4191,13.277,0,0
sqlite,churn,4192,11.154,0,0
sqlite,churn,4193,12.666,0,0
sqlite,churn,4194,12.143,0,0
sqlite,churn,4195,14.678,0,0
sqlite,churn,4196,11.255,0,0
sqlite,churn,4197,11.343,0,0
sqlite,churn,4198,14.007,0,0
sqlite,churn,4199,12.802,0,0
sqlite,churn,4200,10.826,3128481176,368
sqlite,churn,4201,13.089,0,0
sqlite,churn,4202,11.311,0,0
sqlite,churn,4203,11.529,0,0
sqlite,churn,4204,14.171,0,0
sqlite,churn,4205,24.931,0,0
sqlite,churn,4206,11.747,0,0
sqlite,churn,4207,16.990,0,0
sqlite,churn,4208,13.971,0,0
sqlite,churn,4209,13.315,0,0
sqlite,churn,4210,14.523,3129496984,245
sqlite,churn,4211,11.430,0,0
sqlite,churn,4212,16.479,0,0
sqlite,churn,4213,11.967,0,0
sqlite,churn,4214,11.590,0,0
sqlite,churn,4215,12.644,0,0
sqlite,churn,4216,12.264,0,0
sqlite,churn,4217,12.887,0,0
sqlite,churn,4218,12.717,0,0
sqlite,churn,4219,12.591,0,0
sqlite,churn,4220,12.542,3130693016,351
sqlite,churn,4221,15.974,0,0
sqlite,churn,4222,11.113,0,0
sqlite,churn,4223,14.683,0,0
sqlite,churn,4224,14.498,0,0
sqlite,churn,4225,11.621,0,0
sqlite,churn,4226,12.584,0,0
sqlite,churn,4227,13.199,0,0
sqlite,churn,4228,12.401,0,0
sqlite,churn,4229,12.036,0,0
sqlite,churn,4230,12.869,3131598232,248
sqlite,churn,4231,12.806,0,0
sqlite,churn,4232,13.704,0,0
sqlite,churn,4233,16.512,0,0
sqlite,churn,4234,12.730,0,0
sqlite,churn,4235,13.493,0,0
sqlite,churn,4236,15.364,0,0
sqlite,churn,4237,13.491,0,0
sqlite,churn,4238,14.121,0,0
sqlite,churn,4239,19.981,0,0
sqlite,churn,4240,12.837,3132888472,350
sqlite,churn,4241,16.639,0,0
sqlite,churn,4242,12.478,0,0
sqlite,churn,4243,11.509,0,0
sqlite,churn,4244,17.820,0,0
sqlite,churn,4245,12.329,0,0
sqlite,churn,4246,10.630,0,0
sqlite,churn,4247,12.218,0,0
sqlite,churn,4248,13.935,0,0
sqlite,churn,4249,10.628,0,0
sqlite,churn,4250,11.504,3133859224,245
sqlite,churn,4251,12.239,0,0
sqlite,churn,4252,12.902,0,0
sqlite,churn,4253,12.472,0,0
sqlite,churn,4254,19.579,0,0
sqlite,churn,4255,26.368,0,0
sqlite,churn,4256,10.546,0,0
sqlite,churn,4257,12.189,0,0
sqlite,churn,4258,11.552,0,0
sqlite,churn,4259,11.958,0,0
sqlite,churn,4260,12.465,3135063448,332
sqlite,churn,4261,15.531,0,0
sqlite,churn,4262,12.736,0,0
sqlite,churn,4263,15.196,0,0
sqlite,churn,4264,11.829,0,0
sqlite,churn,4265,13.848,0,0
sqlite,churn,4266,12.044,0,0
sqlite,churn,4267,11.888,0,0
sqlite,churn,4268,11.284,0,0
sqlite,churn,4269,13.075,0,0
sqlite,churn,4270,26.888,3136050584,257
sqlite,churn,4271,11.888,0,0
sqlite,churn,4272,16.207,0,0
sqlite,churn,4273,15.571,0,0
sqlite,churn,4274,11.858,0,0
sqlite,churn,4275,14.031,0,0
sqlite,churn,4276,11.985,0,0
sqlite,churn,4277,13.154,0,0
sqlite,churn,4278,11.721,0,0
sqlite,churn,4279,14.351,0,0
sqlite,churn,4280,11.208,3137201560,352
sqlite,churn,4281,13.372,0,0
sqlite,churn,4282,12.694,0,0
sqlite,churn,4283,13.104,0,0
sqlite,churn,4284,11.800,0,0
sqlite,churn,4285,11.962,0,0
sqlite,churn,4286,11.360,0,0
sqlite,churn,4287,12.320,0,0
sqlite,churn,4288,11.035,0,0
sqlite,churn,4289,12.384,0,0
sqlite,churn,4290,37.680,3138000280,271
sqlite,churn,4291,17.332,0,0
sqlite,churn,4292,12.103,0,0
sqlite,churn,4293,14.026,0,0
sqlite,churn,4294,13.022,0,0
sqlite,churn,4295,12.442,0,0
sqlite,churn,4296,11.075,0,0
sqlite,churn,4297,15.370,0,0
sqlite,churn,4298,21.175,0,0
sqlite,churn,4299,11.150,0,0
sqlite,churn,4300,12.001,3139212696,349
sqlite,churn,4301,13.041,0,0
sqlite,churn,4302,15.608,0,0
sqlite,churn,4303,13.058,0,0
sqlite,churn,4304,11.898,0,0
sqlite,churn,4305,11.766,0,0
sqlite,churn,4306,14.267,0,0
sqlite,churn,4307,12.101,0,0
sqlite,churn,4308,11.268,0,0
sqlite,churn,4309,14.654,0,0
sqlite,churn,4310,15.976,3140314520,268
sqlite,churn,4311,11.263,0,0
sqlite,churn,4312,13.489,0,0
sqlite,churn,4313,14.984,0,0
sqlite,churn,4314,13.760,0,0
sqlite,churn,4315,11.025,0,0
sqlite,churn,4316,14.689,0,0
sqlite,churn,4317,12.558,0,0
sqlite,churn,4318,11.231,0,0
sqlite,churn,4319,13.330,0,0
sqlite,churn,4320,12.987,3141576088,349
sqlite,churn,4321,11.573,0,0
sqlite,churn,4322,12.070,0,0
sqlite,churn,4323,14.870,0,0
sqlite,churn,4324,15.474,0,0
sqlite,churn,4325,12.629,0,0
sqlite,churn,4326,11.959,0,0
sqlite,churn,4327,12.015,0,0
sqlite,churn,4328,15.830,0,0
sqlite,churn,4329,10.783,0,0
sqlite,churn,4330,11.012,3142522264,260
sqlite,churn,4331,14.670,0,0
sqlite,churn,4332,17.818,0,0
sqlite,churn,4333,17.772,0,0
sqlite,churn,4334,15.312,0,0
sqlite,churn,4335,11.362,0,0
sqlite,churn,4336,13.406,0,0
sqlite,churn,4337,11.312,0,0
sqlite,churn,4338,13.806,0,0
sqlite,churn,4339,14.791,0,0
sqlite,churn,4340,11.220,3143435672,357
sqlite,churn,4341,12.851,0,0
sqlite,churn,4342,16.842,0,0
sqlite,churn,4343,26.784,0,0
sqlite,churn,4344,14.162,0,0
sqlite,churn,4345,11.796,0,0
sqlite,churn,4346,16.306,0,0
sqlite,churn,4347,10.749,0,0
sqlite,churn,4348,11.428,0,0
sqlite,churn,4349,14.834,0,0
sqlite,churn,4350,11.957,3144267160,250
sqlite,churn,4351,11.648,0,0
sqlite,churn,4352,11.236,0,0
sqlite,churn,4353,12.069,0,0
sqlite,churn,4354,12.749,0,0
sqlite,churn,4355,13.903,0,0
sqlite,churn,4356,42.294,0,0
sqlite,churn,4357,21.218,0,0
sqlite,churn,4358,28.351,0,0
sqlite,churn,4359,25.939,0,0
sqlite,churn,4360,21.135,3145635224,344
sqlite,churn,4361,12.332,0,0
sqlite,churn,4362,13.768,0,0
sqlite,churn,4363,12.843,0,0
sqlite,churn,4364,13.690,0,0
sqlite,churn,4365,18.197,0,0
sqlite,churn,4366,16.887,0,0
sqlite,churn,4367,38.648,0,0
sqlite,churn,4368,22.980,0,0
sqlite,churn,4369,18.488,0,0
sqlite,churn,4370,13.504,3146642840,265
sqlite,churn,4371,13.966,0,0
sqlite,churn,4372,15.100,0,0
sqlite,churn,4373,18.966,0,0
sqlite,churn,4374,15.457,0,0
sqlite,churn,4375,15.623,0,0
sqlite,churn,4376,14.885,0,0
sqlite,churn,4377,15.023,0,0
sqlite,churn,4378,16.662,0,0
sqlite,churn,4379,29.741,0,0
sqlite,churn,4380,17.905,3147715992,348
sqlite,churn,4381,19.485,0,0
sqlite,churn,4382,17.022,0,0
sqlite,churn,4383,15.547,0,0
sqlite,churn,4384,16.062,0,0
sqlite,churn,4385,13.936,0,0
sqlite,churn,4386,22.986,0,0
sqlite,churn,4387,13.147,0,0
sqlite,churn,4388,13.228,0,0
sqlite,churn,4389,17.916,0,0
sqlite,churn,4390,12.882,3148576152,270
sqlite,churn,4391,12.360,0,0
sqlite,churn,4392,12.005,0,0
sqlite,churn,4393,15.965,0,0
sqlite,churn,4394,14.276,0,0
sqlite,churn,4395,16.605,0,0
sqlite,churn,4396,15.427,0,0
sqlite,churn,4397,16.009,0,0
sqlite,churn,4398,16.273,0,0
sqlite,churn,4399,12.100,0,0
sqlite,churn,4400,17.483,3149850008,356
sqlite,churn,4401,11.545,0,0
sqlite,churn,4402,20.752,0,0
sqlite,churn,4403,11.668,0,0
sqlite,churn,4404,11.128,0,0
sqlite,churn,4405,16.573,0,0
sqlite,churn,4406,15.644,0,0
sqlite,churn,4407,13.468,0,0
sqlite,churn,4408,33.085,0,0
sqlite,churn,4409,15.078,0,0
sqlite,churn,4410,36.951,3150808472,249
sqlite,churn,4411,22.321,0,0
sqlite,churn,4412,16.480,0,0
sqlite,churn,4413,31.777,0,0
sqlite,churn,4414,15.229,0,0
sqlite,churn,4415,34.689,0,0
sqlite,churn,4416,13.013,0,0
sqlite,churn,4417,12.389,0,0
sqlite,churn,4418,14.563,0,0
sqlite,churn,4419,11.369,0,0
sqlite,churn,4420,12.523,3152074136,359
sqlite,churn,4421,11.075,0,0
sqlite,churn,4422,14.793,0,0
sqlite,churn,4423,12.611,0,0
sqlite,churn,4424,13.057,0,0
sqlite,churn,4425,12.054,0,0
sqlite,churn,4426,12.859,0,0
sqlite,churn,4427,12.070,0,0
sqlite,churn,4428,13.090,0,0
sqlite,churn,4429,11.128,0,0
sqlite,churn,4430,11.402,3152930200,271
sqlite,churn,4431,14.089,0,0
sqlite,churn,4432,13.247,0,0
sqlite,churn,4433,13.409,0,0
sqlite,churn,4434,12.837,0,0
sqlite,churn,4435,12.094,0,0
sqlite,churn,4436,14.304,0,0
sqlite,churn,4437,18.648,0,0
sqlite,churn,4438,12.179,0,0
sqlite,churn,4439,11.848,0,0
sqlite,churn,4440,17.945,3154339224,348
sqlite,churn,4441,12.483,0,0
sqlite,churn,4442,22.105,0,0
sqlite,churn,4443,12.485,0,0
sqlite,churn,4444,11.742,0,0
sqlite,churn,4445,21.831,0,0
sqlite,churn,4446,26.308,0,0
sqlite,churn,4447,18.677,0,0
sqlite,churn,4448,16.215,0,0
sqlite,churn,4449,14.542,0,0
sqlite,churn,4450,11.871,3155428760,249
sqlite,churn,4451,11.294,0,0
sqlite,churn,4452,14.940,0,0
sqlite,churn,4453,14.310,0,0
sqlite,churn,4454,13.241,0,0
sqlite,churn,4455,17.578,0,0
sqlite,churn,4456,12.601,0,0
sqlite,churn,4457,14.742,0,0
sqlite,churn,4458,13.206,0,0
sqlite,churn,4459,12.473,0,0
sqlite,churn,4460,19.238,3156768152,353
sqlite,churn,4461,13.749,0,0
sqlite,churn,4462,12.497,0,0
sqlite,churn,4463,11.564,0,0
sqlite,churn,4464,12.254,0,0
sqlite,churn,4465,13.354,0,0
sqlite,churn,4466,12.582,0,0
sqlite,churn,4467,15.373,0,0
sqlite,churn,4468,14.241,0,0
sqlite,churn,4469,17.446,0,0
sqlite,churn,4470,11.670,3157509528,285
sqlite,churn,4471,14.107,0,0
sqlite,churn,4472,14.227,0,0
sqlite,churn,4473,12.450,0,0
sqlite,churn,4474,15.067,0,0
sqlite,churn,4475,12.179,0,0
sqlite,churn,4476,16.475,0,0
sqlite,churn,4477,15.787,0,0
sqlite,churn,4478,13.262,0,0
sqlite,churn,4479,16.889,0,0
sqlite,churn,4480,16.937,3158390168,356
sqlite,churn,4481,13.997,0,0
sqlite,churn,4482,18.873,0,0
sqlite,churn,4483,12.892,0,0
sqlite,churn,4484,20.139,0,0
sqlite,churn,4485,13.895,0,0
sqlite,churn,4486,18.645,0,0
sqlite,churn,4487,19.116,0,0
sqlite,churn,4488,38.238,0,0
sqlite,churn,4489,40.508,0,0
sqlite,churn,4490,57.748,3159106968,243
sqlite,churn,4491,13.319,0,0
sqlite,churn,4492,49.427,0,0
sqlite,churn,4493,37.231,0,0
sqlite,churn,4494,19.678,0,0
sqlite,churn,4495,15.000,0,0
sqlite,churn,4496,18.179,0,0
sqlite,churn,4497,19.485,0,0
sqlite,churn,4498,12.788,0,0
sqlite,churn,4499,12.306,0,0
sqlite,churn,4500,14.224,3160515992,346
sqlite,churn,4501,30.608,0,0
sqlite,churn,4502,22.218,0,0
sqlite,churn,4503,16.151,0,0
sqlite,churn,4504,13.951,0,0
sqlite,churn,4505,13.831,0,0
sqlite,churn,4506,19.519,0,0
sqlite,churn,4507,24.306,0,0
sqlite,churn,4508,15.304,0,0
sqlite,churn,4509,19.249,0,0
sqlite,churn,4510,20.875,3161462168,253
sqlite,churn,4511,17.318,0,0
sqlite,churn,4512,15.291,0,0
sqlite,churn,4513,11.980,0,0
sqlite,churn,4514,12.452,0,0
sqlite,churn,4515,11.435,0,0
sqlite,churn,4516,11.269,0,0
sqlite,churn,4517,18.428,0,0
sqlite,churn,4518,20.246,0,0
sqlite,churn,4519,21.431,0,0
sqlite,churn,4520,10.916,3162432920,339
sqlite,churn,4521,13.182,0,0
sqlite,churn,4522,16.504,0,0
sqlite,churn,4523,17.064,0,0
sqlite,churn,4524,14.611,0,0
sqlite,churn,4525,15.234,0,0
sqlite,churn,4526,15.022,0,0
sqlite,churn,4527,17.151,0,0
sqlite,churn,4528,11.831,0,0
sqlite,churn,4529,15.745,0,0
sqlite,churn,4530,16.194,3163084184,253
sqlite,churn,4531,15.471,0,0
sqlite,churn,4532,10.799,0,0
sqlite,churn,4533,24.415,0,0
sqlite,churn,4534,11.290,0,0
sqlite,churn,4535,12.244,0,0
sqlite,churn,4536,12.087,0,0
sqlite,churn,4537,13.440,0,0
sqlite,churn,4538,13.137,0,0
sqlite,churn,4539,13.069,0,0
sqlite,churn,4540,12.191,3164292504,344
sqlite,churn,4541,12.314,0,0
sqlite,churn,4542,13.709,0,0
sqlite,churn,4543,14.139,0,0
sqlite,churn,4544,16.025,0,0
sqlite,churn,4545,13.234,0,0
sqlite,churn,4546,14.962,0,0
sqlite,churn,4547,12.538,0,0
sqlite,churn,4548,11.813,0,0
sqlite,churn,4549,16.175,0,0
sqlite,churn,4550,15.310,3165214104,257
sqlite,churn,4551,15.467,0,0
sqlite,churn,4552,18.228,0,0
sqlite,churn,4553,13.320,0,0
sqlite,churn,4554,14.539,0,0
sqlite,churn,4555,18.300,0,0
sqlite,churn,4556,17.847,0,0
sqlite,churn,4557,16.300,0,0
sqlite,churn,4558,10.950,0,0
sqlite,churn,4559,14.347,0,0
sqlite,churn,4560,19.938,3166643608,360
sqlite,churn,4561,16.872,0,0
sqlite,churn,4562,20.795,0,0
sqlite,churn,4563,35.103,0,0
sqlite,churn,4564,11.561,0,0
sqlite,churn,4565,13.007,0,0
sqlite,churn,4566,13.335,0,0
sqlite,churn,4567,11.746,0,0
sqlite,churn,4568,13.201,0,0
sqlite,churn,4569,11.464,0,0
sqlite,churn,4570,15.374,3167225240,263
sqlite,churn,4571,16.390,0,0
sqlite,churn,4572,13.121,0,0
sqlite,churn,4573,13.273,0,0
sqlite,churn,4574,13.546,0,0
sqlite,churn,4575,12.801,0,0
sqlite,churn,4576,16.915,0,0
sqlite,churn,4577,12.148,0,0
sqlite,churn,4578,15.645,0,0
sqlite,churn,4579,12.811,0,0
sqlite,churn,4580,12.526,3168413080,352
sqlite,churn,4581,13.749,0,0
sqlite,churn,4582,11.967,0,0
sqlite,churn,4583,14.307,0,0
sqlite,churn,4584,14.243,0,0
sqlite,churn,4585,11.102,0,0
sqlite,churn,4586,13.261,0,0
sqlite,churn,4587,12.421,0,0
sqlite,churn,4588,11.698,0,0
sqlite,churn,4589,14.961,0,0
sqlite,churn,4590,16.334,3169015192,257
sqlite,churn,4591,11.794,0,0
sqlite,churn,4592,11.879,0,0
sqlite,churn,4593,12.030,0,0
sqlite,churn,4594,10.968,0,0
sqlite,churn,4595,14.438,0,0
sqlite,churn,4596,13.546,0,0
sqlite,churn,4597,12.574,0,0
sqlite,churn,4598,15.891,0,0
sqlite,churn,4599,17.174,0,0
sqlite,churn,4600,13.145,3170145688,359
sqlite,churn,4601,12.362,0,0
sqlite,churn,4602,12.410,0,0
sqlite,churn,4603,11.964,0,0
sqlite,churn,4604,13.847,0,0
sqlite,churn,4605,13.750,0,0
sqlite,churn,4606,13.379,0,0
sqlite,churn,4607,9.319,0,0
sqlite,churn,4608,12.852,0,0
sqlite,churn,4609,11.003,0,0
sqlite,churn,4610,12.514,3170768280,260
sqlite,churn,4611,12.678,0,0
sqlite,churn,4612,11.192,0,0
sqlite,churn,4613,12.300,0,0
sqlite,churn,4614,13.597,0,0
sqlite,churn,4615,10.537,0,0
sqlite,churn,4616,11.704,0,0
sqlite,churn,4617,11.826,0,0
sqlite,churn,4618,10.094,0,0
sqlite,churn,4619,10.047,0,0
sqlite,churn,4620,11.339,3172132248,357
sqlite,churn,4621,10.289,0,0
sqlite,churn,4622,11.944,0,0
sqlite,churn,4623,38.243,0,0
sqlite,churn,4624,16.261,0,0
sqlite,churn,4625,15.719,0,0
sqlite,churn,4626,18.159,0,0
sqlite,churn,4627,18.608,0,0
sqlite,churn,4628,10.031,0,0
sqlite,churn,4629,11.885,0,0
sqlite,churn,4630,23.838,3173045656,260
sqlite,churn,4631,17.600,0,0
sqlite,churn,4632,39.742,0,0
sqlite,churn,4633,29.823,0,0
sqlite,churn,4634,24.716,0,0
sqlite,churn,4635,22.094,0,0
sqlite,churn,4636,21.368,0,0
sqlite,churn,4637,19.352,0,0
sqlite,churn,4638,17.844,0,0
sqlite,churn,4639,14.233,0,0
sqlite,churn,4640,19.318,3174589848,349
sqlite,churn,4641,17.161,0,0
sqlite,churn,4642,16.694,0,0
sqlite,churn,4643,25.064,0,0
sqlite,churn,4644,13.165,0,0
sqlite,churn,4645,11.176,0,0
sqlite,churn,4646,12.706,0,0
sqlite,churn,4647,17.973,0,0
sqlite,churn,4648,10.424,0,0
sqlite,churn,4649,13.320,0,0
sqlite,churn,4650,13.078,3175454104,266
sqlite,churn,4651,13.632,0,0
sqlite,churn,4652,11.421,0,0
sqlite,churn,4653,13.363,0,0
sqlite,churn,4654,12.431,0,0
sqlite,churn,4655,10.907,0,0
sqlite,churn,4656,10.988,0,0
sqlite,churn,4657,14.292,0,0
sqlite,churn,4658,12.050,0,0
sqlite,churn,4659,11.989,0,0
sqlite,churn,4660,10.992,3176502680,352
sqlite,churn,4661,10.957,0,0
sqlite,churn,4662,13.630,0,0
sqlite,churn,4663,14.033,0,0
sqlite,churn,4664,16.378,0,0
sqlite,churn,4665,12.046,0,0
sqlite,churn,4666,10.338,0,0
sqlite,churn,4667,15.099,0,0
sqlite,churn,4668,12.708,0,0
sqlite,churn,4669,9.855,0,0
sqlite,churn,4670,11.813,3177641368,253
sqlite,churn,4671,10.203,0,0
sqlite,churn,4672,10.726,0,0
sqlite,churn,4673,12.312,0,0
sqlite,churn,4674,14.215,0,0
sqlite,churn,4675,11.646,0,0
sqlite,churn,4676,17.244,0,0
sqlite,churn,4677,13.702,0,0
sqlite,churn,4678,10.111,0,0
sqlite,churn,4679,10.620,0,0
sqlite,churn,4680,21.194,3179029912,357
sqlite,churn,4681,14.329,0,0
sqlite,churn,4682,9.827,0,0
sqlite,churn,4683,10.565,0,0
sqlite,churn,4684,9.646,0,0
sqlite,churn,4685,17.052,0,0
sqlite,churn,4686,12.891,0,0
sqlite,churn,4687,11.472,0,0
sqlite,churn,4688,11.520,0,0
sqlite,churn,4689,10.520,0,0
sqlite,churn,4690,10.254,3179738520,277
sqlite,churn,4691,12.368,0,0
sqlite,churn,4692,14.019,0,0
sqlite,churn,4693,15.198,0,0
sqlite,churn,4694,13.186,0,0
sqlite,churn,4695,16.591,0,0
sqlite,churn,4696,11.143,0,0
sqlite,churn,4697,14.905,0,0
sqlite,churn,4698,12.115,0,0
sqlite,churn,4699,14.050,0,0
sqlite,churn,4700,13.387,3180885400,352
sqlite,churn,4701,11.227,0,0
sqlite,churn,4702,12.901,0,0
sqlite,churn,4703,14.045,0,0
sqlite,churn,4704,12.911,0,0
sqlite,churn,4705,11.917,0,0
sqlite,churn,4706,19.033,0,0
sqlite,churn,4707,11.894,0,0
sqlite,churn,4708,12.046,0,0
sqlite,churn,4709,13.819,0,0
sqlite,churn,4710,12.507,3181708696,250
sqlite,churn,4711,14.006,0,0
sqlite,churn,4712,13.591,0,0
sqlite,churn,4713,26.902,0,0
sqlite,churn,4714,12.960,0,0
sqlite,churn,4715,13.762,0,0
sqlite,churn,4716,19.610,0,0
sqlite,churn,4717,12.407,0,0
sqlite,churn,4718,18.985,0,0
sqlite,churn,4719,12.300,0,0
sqlite,churn,4720,13.858,3182990744,329
sqlite,churn,4721,24.029,0,0
sqlite,churn,4722,31.123,0,0
sqlite,churn,4723,12.317,0,0
sqlite,churn,4724,18.346,0,0
sqlite,churn,4725,13.981,0,0
sqlite,churn,4726,19.930,0,0
sqlite,churn,4727,11.699,0,0
sqlite,churn,4728,13.764,0,0
sqlite,churn,4729,13.805,0,0
sqlite,churn,4730,13.062,3183883672,259
sqlite,churn,4731,13.742,0,0
sqlite,churn,4732,11.988,0,0
sqlite,churn,4733,13.633,0,0
sqlite,churn,4734,12.733,0,0
sqlite,churn,4735,15.349,0,0
sqlite,churn,4736,16.507,0,0
sqlite,churn,4737,13.391,0,0
sqlite,churn,4738,13.087,0,0
sqlite,churn,4739,16.158,0,0
sqlite,churn,4740,17.419,3185247640,350
sqlite,churn,4741,14.375,0,0
sqlite,churn,4742,18.017,0,0
sqlite,churn,4743,17.698,0,0
sqlite,churn,4744,15.922,0,0
sqlite,churn,4745,11.273,0,0
sqlite,churn,4746,15.191,0,0
sqlite,churn,4747,11.130,0,0
sqlite,churn,4748,13.341,0,0
sqlite,churn,4749,11.827,0,0
sqlite,churn,4750,12.416,3186255256,258
sqlite,churn,4751,13.626,0,0
sqlite,churn,4752,13.443,0,0
sqlite,churn,4753,33.146,0,0
sqlite,churn,4754,18.804,0,0
sqlite,churn,4755,14.587,0,0
sqlite,churn,4756,11.842,0,0
sqlite,churn,4757,11.747,0,0
sqlite,churn,4758,20.081,0,0
sqlite,churn,4759,14.579,0,0
sqlite,churn,4760,13.586,3187209624,350
sqlite,churn,4761,11.941,0,0
sqlite,churn,4762,10.961,0,0
sqlite,churn,4763,15.318,0,0
sqlite,churn,4764,25.356,0,0
sqlite,churn,4765,15.591,0,0
sqlite,churn,4766,21.760,0,0
sqlite,churn,4767,15.312,0,0
sqlite,churn,4768,15.317,0,0
sqlite,churn,4769,19.571,0,0
sqlite,churn,4770,16.168,3188094360,252
sqlite,churn,4771,11.854,0,0
sqlite,churn,4772,10.950,0,0
sqlite,churn,4773,10.822,0,0
sqlite,churn,4774,14.301,0,0
sqlite,churn,4775,17.788,0,0
sqlite,churn,4776,11.814,0,0
sqlite,churn,4777,11.975,0,0
sqlite,churn,4778,11.957,0,0
sqlite,churn,4779,10.991,0,0
sqlite,churn,4780,11.225,3189433752,339
sqlite,churn,4781,12.301,0,0
sqlite,churn,4782,12.470,0,0
sqlite,churn,4783,13.517,0,0
sqlite,churn,4784,10.750,0,0
sqlite,churn,4785,14.455,0,0
sqlite,churn,4786,13.695,0,0
sqlite,churn,4787,11.633,0,0
sqlite,churn,4788,16.605,0,0
sqlite,churn,4789,12.331,0,0
sqlite,churn,4790,13.404,3190179224,252
sqlite,churn,4791,11.981,0,0
sqlite,churn,4792,11.659,0,0
sqlite,churn,4793,13.653,0,0
sqlite,churn,4794,12.491,0,0
sqlite,churn,4795,11.487,0,0
sqlite,churn,4796,10.836,0,0
sqlite,churn,4797,15.035,0,0
sqlite,churn,4798,12.996,0,0
sqlite,churn,4799,15.566,0,0
sqlite,churn,4800,11.416,3191289240,369
sqlite,churn,4801,12.649,0,0
sqlite,churn,4802,13.300,0,0
sqlite,churn,4803,12.569,0,0
sqlite,churn,4804,12.805,0,0
sqlite,churn,4805,13.049,0,0
sqlite,churn,4806,11.421,0,0
sqlite,churn,4807,15.794,0,0
sqlite,churn,4808,10.846,0,0
sqlite,churn,4809,12.909,0,0
sqlite,churn,4810,12.812,3192206744,249
sqlite,churn,4811,11.157,0,0
sqlite,churn,4812,11.670,0,0
sqlite,churn,4813,12.238,0,0
sqlite,churn,4814,14.673,0,0
sqlite,churn,4815,15.132,0,0
sqlite,churn,4816,11.418,0,0
sqlite,churn,4817,15.925,0,0
sqlite,churn,4818,25.852,0,0
sqlite,churn,4819,12.531,0,0
sqlite,churn,4820,11.825,3193767320,365
sqlite,churn,4821,13.015,0,0
sqlite,churn,4822,12.291,0,0
sqlite,churn,4823,12.485,0,0
sqlite,churn,4824,12.867,0,0
sqlite,churn,4825,12.559,0,0
sqlite,churn,4826,13.314,0,0
sqlite,churn,4827,14.831,0,0
sqlite,churn,4828,16.853,0,0
sqlite,churn,4829,12.605,0,0
sqlite,churn,4830,12.436,3194406296,260
sqlite,churn,4831,12.865,0,0
sqlite,churn,4832,10.831,0,0
sqlite,churn,4833,11.368,0,0
sqlite,churn,4834,13.363,0,0
sqlite,churn,4835,11.995,0,0
sqlite,churn,4836,10.920,0,0
sqlite,churn,4837,12.675,0,0
sqlite,churn,4838,12.817,0,0
sqlite,churn,4839,15.053,0,0
sqlite,churn,4840,15.181,3195659672,344
sqlite,churn,4841,12.342,0,0
sqlite,churn,4842,11.852,0,0
sqlite,churn,4843,12.111,0,0
sqlite,churn,4844,13.529,0,0
sqlite,churn,4845,12.805,0,0
sqlite,churn,4846,11.741,0,0
sqlite,churn,4847,15.326,0,0
sqlite,churn,4848,12.868,0,0
sqlite,churn,4849,12.010,0,0
sqlite,churn,4850,11.576,3196675480,251
sqlite,churn,4851,13.413,0,0
sqlite,churn,4852,14.300,0,0
sqlite,churn,4853,12.531,0,0
sqlite,churn,4854,13.372,0,0
sqlite,churn,4855,13.790,0,0
sqlite,churn,4856,11.341,0,0
sqlite,churn,4857,11.054,0,0
sqlite,churn,4858,12.308,0,0
sqlite,churn,4859,10.940,0,0
sqlite,churn,4860,11.374,3197937048,366
sqlite,churn,4861,13.597,0,0
sqlite,churn,4862,16.144,0,0
sqlite,churn,4863,15.669,0,0
sqlite,churn,4864,17.566,0,0
sqlite,churn,4865,13.605,0,0
sqlite,churn,4866,14.454,0,0
sqlite,churn,4867,26.923,0,0
sqlite,churn,4868,15.523,0,0
sqlite,churn,4869,16.807,0,0
sqlite,churn,4870,18.650,3198838168,258
sqlite,churn,4871,14.481,0,0
sqlite,churn,4872,12.082,0,0
sqlite,churn,4873,16.756,0,0
sqlite,churn,4874,21.894,0,0
sqlite,churn,4875,26.630,0,0
sqlite,churn,4876,17.897,0,0
sqlite,churn,4877,22.496,0,0
sqlite,churn,4878,15.724,0,0
sqlite,churn,4879,17.581,0,0
sqlite,churn,4880,19.768,3200083352,359
sqlite,churn,4881,22.493,0,0
sqlite,churn,4882,15.352,0,0
sqlite,churn,4883,13.040,0,0
sqlite,churn,4884,19.547,0,0
sqlite,churn,4885,13.587,0,0
sqlite,churn,4886,12.831,0,0
sqlite,churn,4887,13.354,0,0
sqlite,churn,4888,11.151,0,0
sqlite,churn,4889,11.769,0,0
sqlite,churn,4890,12.673,3200877976,261
sqlite,churn,4891,11.200,0,0
sqlite,churn,4892,11.725,0,0
sqlite,churn,4893,13.233,0,0
sqlite,churn,4894,11.265,0,0
sqlite,churn,4895,12.534,0,0
sqlite,churn,4896,15.508,0,0
sqlite,churn,4897,12.857,0,0
sqlite,churn,4898,11.984,0,0
sqlite,churn,4899,11.823,0,0
sqlite,churn,4900,11.391,3202299288,333
sqlite,churn,4901,13.060,0,0
sqlite,churn,4902,11.387,0,0
sqlite,churn,4903,12.604,0,0
sqlite,churn,4904,11.291,0,0
sqlite,churn,4905,10.989,0,0
sqlite,churn,4906,11.624,0,0
sqlite,churn,4907,11.627,0,0
sqlite,churn,4908,13.743,0,0
sqlite,churn,4909,12.138,0,0
sqlite,churn,4910,16.734,3203294616,285
sqlite,churn,4911,15.759,0,0
sqlite,churn,4912,13.214,0,0
sqlite,churn,4913,12.684,0,0
sqlite,churn,4914,14.525,0,0
sqlite,churn,4915,11.531,0,0
sqlite,churn,4916,12.746,0,0
sqlite,churn,4917,19.840,0,0
sqlite,churn,4918,15.919,0,0
sqlite,churn,4919,17.698,0,0
sqlite,churn,4920,12.959,3204400536,367
sqlite,churn,4921,13.124,0,0
sqlite,churn,4922,15.938,0,0
sqlite,churn,4923,13.855,0,0
sqlite,churn,4924,13.034,0,0
sqlite,churn,4925,25.003,0,0
sqlite,churn,4926,33.957,0,0
sqlite,churn,4927,48.022,0,0
sqlite,churn,4928,12.617,0,0
sqlite,churn,4929,15.352,0,0
sqlite,churn,4930,16.677,3205223832,250
sqlite,churn,4931,14.449,0,0
sqlite,churn,4932,14.151,0,0
sqlite,churn,4933,11.870,0,0
sqlite,churn,4934,14.250,0,0
sqlite,churn,4935,17.663,0,0
sqlite,churn,4936,14.771,0,0
sqlite,churn,4937,12.339,0,0
sqlite,churn,4938,13.843,0,0
sqlite,churn,4939,14.590,0,0
sqlite,churn,4940,34.044,3206350232,355
sqlite,churn,4941,28.555,0,0
sqlite,churn,4942,14.070,0,0
sqlite,churn,4943,36.890,0,0
sqlite,churn,4944,24.058,0,0
sqlite,churn,4945,13.635,0,0
sqlite,churn,4946,11.448,0,0
sqlite,churn,4947,14.764,0,0
sqlite,churn,4948,15.411,0,0
sqlite,churn,4949,16.294,0,0
sqlite,churn,4950,12.514,3206964632,256
sqlite,churn,4951,13.371,0,0
sqlite,churn,4952,15.844,0,0
sqlite,churn,4953,15.607,0,0
sqlite,churn,4954,15.934,0,0
sqlite,churn,4955,15.175,0,0
sqlite,churn,4956,16.498,0,0
sqlite,churn,4957,12.109,0,0
sqlite,churn,4958,15.447,0,0
sqlite,churn,4959,16.690,0,0
sqlite,churn,4960,12.210,3208205720,361
sqlite,churn,4961,15.056,0,0
sqlite,churn,4962,11.590,0,0
sqlite,churn,4963,13.635,0,0
sqlite,churn,4964,16.781,0,0
sqlite,churn,4965,16.199,0,0
sqlite,churn,4966,11.240,0,0
sqlite,churn,4967,29.876,0,0
sqlite,churn,4968,15.348,0,0
sqlite,churn,4969,18.130,0,0
sqlite,churn,4970,14.662,3208840600,267
sqlite,churn,4971,15.937,0,0
sqlite,churn,4972,14.866,0,0
sqlite,churn,4973,12.352,0,0
sqlite,churn,4974,11.079,0,0
sqlite,churn,4975,17.409,0,0
sqlite,churn,4976,11.638,0,0
sqlite,churn,4977,12.016,0,0
sqlite,churn,4978,12.375,0,0
sqlite,churn,4979,14.946,0,0
sqlite,churn,4980,10.804,3209995672,347
sqlite,churn,4981,11.559,0,0
sqlite,churn,4982,13.228,0,0
sqlite,churn,4983,11.375,0,0
sqlite,churn,4984,13.993,0,0
sqlite,churn,4985,11.804,0,0
sqlite,churn,4986,15.348,0,0
sqlite,churn,4987,13.176,0,0
sqlite,churn,4988,14.932,0,0
sqlite,churn,4989,23.013,0,0
sqlite,churn,4990,14.119,3210831256,254
sqlite,churn,4991,19.220,0,0
sqlite,churn,4992,14.387,0,0
sqlite,churn,4993,11.926,0,0
sqlite,churn,4994,12.940,0,0
sqlite,churn,4995,15.048,0,0
sqlite,churn,4996,11.877,0,0
sqlite,churn,4997,12.147,0,0
sqlite,churn,4998,15.067,0,0
sqlite,churn,4999,11.676,0,0
sqlite,churn,5000,13.919,3212150168,349
sqlite,churn,5001,14.321,0,0
sqlite,churn,5002,16.103,0,0
sqlite,churn,5003,14.404,0,0
sqlite,churn,5004,11.695,0,0
sqlite,churn,5005,12.578,0,0
sqlite,churn,5006,16.779,0,0
sqlite,churn,5007,18.935,0,0
sqlite,churn,5008,14.955,0,0
sqlite,churn,5009,14.867,0,0
sqlite,churn,5010,11.744,3213170072,256
sqlite,churn,5011,15.396,0,0
sqlite,churn,5012,25.673,0,0
sqlite,churn,5013,19.918,0,0
sqlite,churn,5014,18.285,0,0
sqlite,churn,5015,22.065,0,0
sqlite,churn,5016,14.220,0,0
sqlite,churn,5017,17.113,0,0
sqlite,churn,5018,13.617,0,0
sqlite,churn,5019,14.124,0,0
sqlite,churn,5020,12.137,3214620056,347
sqlite,churn,5021,12.326,0,0
sqlite,churn,5022,18.651,0,0
sqlite,churn,5023,12.137,0,0
sqlite,churn,5024,11.454,0,0
sqlite,churn,5025,20.584,0,0
sqlite,churn,5026,12.328,0,0
sqlite,churn,5027,24.788,0,0
sqlite,churn,5028,14.451,0,0
sqlite,churn,5029,13.371,0,0
sqlite,churn,5030,14.573,3215639960,251
sqlite,churn,5031,14.373,0,0
sqlite,churn,5032,13.387,0,0
sqlite,churn,5033,11.276,0,0
sqlite,churn,5034,16.683,0,0
sqlite,churn,5035,18.920,0,0
sqlite,churn,5036,12.729,0,0
sqlite,churn,5037,14.157,0,0
sqlite,churn,5038,15.993,0,0
sqlite,churn,5039,15.535,0,0
sqlite,churn,5040,11.929,3216975256,361
sqlite,churn,5041,17.410,0,0
sqlite,churn,5042,11.440,0,0
sqlite,churn,5043,12.706,0,0
sqlite,churn,5044,13.876,0,0
sqlite,churn,5045,20.089,0,0
sqlite,churn,5046,17.847,0,0
sqlite,churn,5047,13.534,0,0
sqlite,churn,5048,14.413,0,0
sqlite,churn,5049,11.437,0,0
sqlite,churn,5050,12.885,3217913240,274
sqlite,churn,5051,13.251,0,0
sqlite,churn,5052,14.035,0,0
sqlite,churn,5053,13.437,0,0
sqlite,churn,5054,16.886,0,0
sqlite,churn,5055,21.256,0,0
sqlite,churn,5056,16.199,0,0
sqlite,churn,5057,14.157,0,0
sqlite,churn,5058,16.527,0,0
sqlite,churn,5059,12.952,0,0
sqlite,churn,5060,12.677,3218904472,364
sqlite,churn,5061,13.657,0,0
sqlite,churn,5062,13.076,0,0
sqlite,churn,5063,13.601,0,0
sqlite,churn,5064,12.428,0,0
sqlite,churn,5065,17.118,0,0
sqlite,churn,5066,14.689,0,0
sqlite,churn,5067,15.833,0,0
sqlite,churn,5068,17.007,0,0
sqlite,churn,5069,15.280,0,0
sqlite,churn,5070,13.006,3219711384,257
sqlite,churn,5071,19.948,0,0
sqlite,churn,5072,14.038,0,0
sqlite,churn,5073,16.010,0,0
sqlite,churn,5074,12.505,0,0
sqlite,churn,5075,12.786,0,0
sqlite,churn,5076,13.587,0,0
sqlite,churn,5077,12.687,0,0
sqlite,churn,5078,14.468,0,0
sqlite,churn,5079,12.502,0,0
sqlite,churn,5080,13.250,3220800920,341
sqlite,churn,5081,18.056,0,0
sqlite,churn,5082,17.285,0,0
sqlite,churn,5083,13.891,0,0
sqlite,churn,5084,18.305,0,0
sqlite,churn,5085,11.976,0,0
sqlite,churn,5086,14.811,0,0
sqlite,churn,5087,13.455,0,0
sqlite,churn,5088,12.841,0,0
sqlite,churn,5089,12.698,0,0
sqlite,churn,5090,11.380,3221644696,268
sqlite,churn,5091,13.948,0,0
sqlite,churn,5092,12.440,0,0
sqlite,churn,5093,20.691,0,0
sqlite,churn,5094,17.826,0,0
sqlite,churn,5095,25.724,0,0
sqlite,churn,5096,13.217,0,0
sqlite,churn,5097,11.319,0,0
sqlite,churn,5098,13.817,0,0
sqlite,churn,5099,13.745,0,0
sqlite,churn,5100,16.716,3222902168,350
sqlite,churn,5101,15.944,0,0
sqlite,churn,5102,14.024,0,0
sqlite,churn,5103,14.597,0,0
sqlite,churn,5104,14.183,0,0
sqlite,churn,5105,12.680,0,0
sqlite,churn,5106,13.298,0,0
sqlite,churn,5107,14.035,0,0
sqlite,churn,5108,10.851,0,0
sqlite,churn,5109,13.213,0,0
sqlite,churn,5110,15.957,3223733656,237
sqlite,churn,5111,13.602,0,0
sqlite,churn,5112,35.140,0,0
sqlite,churn,5113,17.980,0,0
sqlite,churn,5114,16.375,0,0
sqlite,churn,5115,15.604,0,0
sqlite,churn,5116,14.665,0,0
sqlite,churn,5117,13.512,0,0
sqlite,churn,5118,13.274,0,0
sqlite,churn,5119,16.847,0,0
sqlite,churn,5120,12.607,3225142680,359
sqlite,churn,5121,19.403,0,0
sqlite,churn,5122,15.775,0,0
sqlite,churn,5123,15.898,0,0
sqlite,churn,5124,12.069,0,0
sqlite,churn,5125,19.097,0,0
sqlite,churn,5126,18.151,0,0
sqlite,churn,5127,12.887,0,0
sqlite,churn,5128,14.494,0,0
sqlite,churn,5129,15.710,0,0
sqlite,churn,5130,13.924,3225941400,249
sqlite,churn,5131,12.778,0,0
sqlite,churn,5132,21.578,0,0
sqlite,churn,5133,13.812,0,0
sqlite,churn,5134,19.023,0,0
sqlite,churn,5135,14.049,0,0
sqlite,churn,5136,12.041,0,0
sqlite,churn,5137,13.071,0,0
sqlite,churn,5138,12.184,0,0
sqlite,churn,5139,12.105,0,0
sqlite,churn,5140,13.679,3227116952,353
sqlite,churn,5141,20.039,0,0
sqlite,churn,5142,15.445,0,0
sqlite,churn,5143,16.911,0,0
sqlite,churn,5144,18.229,0,0
sqlite,churn,5145,12.291,0,0
sqlite,churn,5146,12.043,0,0
sqlite,churn,5147,12.729,0,0
sqlite,churn,5148,11.775,0,0
sqlite,churn,5149,11.980,0,0
sqlite,churn,5150,12.578,3227870616,244
sqlite,churn,5151,11.509,0,0
sqlite,churn,5152,15.014,0,0
sqlite,churn,5153,17.296,0,0
sqlite,churn,5154,15.731,0,0
sqlite,churn,5155,13.205,0,0
sqlite,churn,5156,16.589,0,0
sqlite,churn,5157,13.772,0,0
sqlite,churn,5158,14.524,0,0
sqlite,churn,5159,11.439,0,0
sqlite,churn,5160,14.577,3229210008,353
sqlite,churn,5161,11.721,0,0
sqlite,churn,5162,12.323,0,0
sqlite,churn,5163,12.632,0,0
sqlite,churn,5164,16.200,0,0
sqlite,churn,5165,14.749,0,0
sqlite,churn,5166,12.774,0,0
sqlite,churn,5167,13.173,0,0
sqlite,churn,5168,16.052,0,0
sqlite,churn,5169,16.683,0,0
sqlite,churn,5170,14.702,3230066072,244
sqlite,churn,5171,12.257,0,0
sqlite,churn,5172,14.462,0,0
sqlite,churn,5173,13.820,0,0
sqlite,churn,5174,14.488,0,0
sqlite,churn,5175,17.182,0,0
sqlite,churn,5176,12.362,0,0
sqlite,churn,5177,13.857,0,0
sqlite,churn,5178,11.712,0,0
sqlite,churn,5179,12.945,0,0
sqlite,churn,5180,12.974,3231315352,362
sqlite,churn,5181,12.292,0,0
sqlite,churn,5182,15.854,0,0
sqlite,churn,5183,21.833,0,0
sqlite,churn,5184,15.838,0,0
sqlite,churn,5185,12.523,0,0
sqlite,churn,5186,17.293,0,0
sqlite,churn,5187,30.143,0,0
sqlite,churn,5188,14.719,0,0
sqlite,churn,5189,12.913,0,0
sqlite,churn,5190,13.263,3231991192,242
sqlite,churn,5191,13.888,0,0
sqlite,churn,5192,12.029,0,0
sqlite,churn,5193,13.210,0,0
sqlite,churn,5194,15.107,0,0
sqlite,churn,5195,14.486,0,0
sqlite,churn,5196,13.327,0,0
sqlite,churn,5197,14.311,0,0
sqlite,churn,5198,14.618,0,0
sqlite,churn,5199,12.904,0,0
sqlite,churn,5200,33.560,3233371544,346
sqlite,churn,5201,21.834,0,0
sqlite,churn,5202,15.285,0,0
sqlite,churn,5203,14.525,0,0
sqlite,churn,5204,13.029,0,0
sqlite,churn,5205,13.812,0,0
sqlite,churn,5206,11.426,0,0
sqlite,churn,5207,16.100,0,0
sqlite,churn,5208,12.475,0,0
sqlite,churn,5209,20.925,0,0
sqlite,churn,5210,13.324,3234461080,253
sqlite,churn,5211,14.635,0,0
sqlite,churn,5212,15.762,0,0
sqlite,churn,5213,14.255,0,0
sqlite,churn,5214,46.981,0,0
sqlite,churn,5215,22.487,0,0
sqlite,churn,5216,13.629,0,0
sqlite,churn,5217,23.357,0,0
sqlite,churn,5218,19.212,0,0
sqlite,churn,5219,17.627,0,0
sqlite,churn,5220,14.959,3235673496,374
sqlite,churn,5221,15.452,0,0
sqlite,churn,5222,14.383,0,0
sqlite,churn,5223,27.801,0,0
sqlite,churn,5224,23.758,0,0
sqlite,churn,5225,24.488,0,0
sqlite,churn,5226,29.202,0,0
sqlite,churn,5227,21.161,0,0
sqlite,churn,5228,11.868,0,0
sqlite,churn,5229,36.924,0,0
sqlite,churn,5230,15.085,3236754840,259
sqlite,churn,5231,12.638,0,0
sqlite,churn,5232,11.032,0,0
sqlite,churn,5233,12.727,0,0
sqlite,churn,5234,11.607,0,0
sqlite,churn,5235,13.746,0,0
sqlite,churn,5236,14.941,0,0
sqlite,churn,5237,15.280,0,0
sqlite,churn,5238,18.093,0,0
sqlite,churn,5239,12.666,0,0
sqlite,churn,5240,12.012,3238069656,347
sqlite,churn,5241,13.791,0,0
sqlite,churn,5242,14.716,0,0
sqlite,churn,5243,13.880,0,0
sqlite,churn,5244,18.329,0,0
sqlite,churn,5245,11.132,0,0
sqlite,churn,5246,11.094,0,0
sqlite,churn,5247,13.766,0,0
sqlite,churn,5248,11.926,0,0
sqlite,churn,5249,12.280,0,0
sqlite,churn,5250,16.349,3238847896,251
sqlite,churn,5251,10.673,0,0
sqlite,churn,5252,11.773,0,0
sqlite,churn,5253,11.962,0,0
sqlite,churn,5254,11.340,0,0
sqlite,churn,5255,11.351,0,0
sqlite,churn,5256,12.644,0,0
sqlite,churn,5257,11.016,0,0
sqlite,churn,5258,12.690,0,0
sqlite,churn,5259,11.642,0,0
sqlite,churn,5260,17.278,3239789976,355
sqlite,churn,5261,11.618,0,0
sqlite,churn,5262,14.493,0,0
sqlite,churn,5263,12.762,0,0
sqlite,churn,5264,16.490,0,0
sqlite,churn,5265,13.300,0,0
sqlite,churn,5266,13.344,0,0
sqlite,churn,5267,13.120,0,0
sqlite,churn,5268,13.635,0,0
sqlite,churn,5269,11.841,0,0
sqlite,churn,5270,12.584,3240736152,256
sqlite,churn,5271,13.287,0,0
sqlite,churn,5272,12.458,0,0
sqlite,churn,5273,13.079,0,0
sqlite,churn,5274,13.477,0,0
sqlite,churn,5275,11.721,0,0
sqlite,churn,5276,10.640,0,0
sqlite,churn,5277,11.067,0,0
sqlite,churn,5278,11.549,0,0
sqlite,churn,5279,10.889,0,0
sqlite,churn,5280,13.529,3242157464,353
sqlite,churn,5281,11.355,0,0
sqlite,churn,5282,11.461,0,0
sqlite,churn,5283,16.817,0,0
sqlite,churn,5284,14.668,0,0
sqlite,churn,5285,12.533,0,0
sqlite,churn,5286,18.823,0,0
sqlite,churn,5287,11.776,0,0
sqlite,churn,5288,11.132,0,0
sqlite,churn,5289,11.832,0,0
sqlite,churn,5290,12.479,3243128216,261
sqlite,churn,5291,12.835,0,0
sqlite,churn,5292,12.093,0,0
sqlite,churn,5293,11.041,0,0
sqlite,churn,5294,12.206,0,0
sqlite,churn,5295,11.528,0,0
sqlite,churn,5296,17.630,0,0
sqlite,churn,5297,11.163,0,0
sqlite,churn,5298,13.465,0,0
sqlite,churn,5299,11.793,0,0
sqlite,churn,5300,11.783,3244189080,348
sqlite,churn,5301,10.618,0,0
sqlite,churn,5302,12.750,0,0
sqlite,churn,5303,11.381,0,0
sqlite,churn,5304,11.707,0,0
sqlite,churn,5305,13.437,0,0
sqlite,churn,5306,13.729,0,0
sqlite,churn,5307,11.414,0,0
sqlite,churn,5308,13.003,0,0
sqlite,churn,5309,12.290,0,0
sqlite,churn,5310,11.457,3245258136,251
sqlite,churn,5311,12.885,0,0
sqlite,churn,5312,11.424,0,0
sqlite,churn,5313,11.988,0,0
sqlite,churn,5314,18.015,0,0
sqlite,churn,5315,11.886,0,0
sqlite,churn,5316,11.024,0,0
sqlite,churn,5317,11.185,0,0
sqlite,churn,5318,11.147,0,0
sqlite,churn,5319,11.935,0,0
sqlite,churn,5320,14.605,3246650776,349
sqlite,churn,5321,12.242,0,0
sqlite,churn,5322,11.593,0,0
sqlite,churn,5323,14.076,0,0
sqlite,churn,5324,13.894,0,0
sqlite,churn,5325,10.983,0,0
sqlite,churn,5326,11.943,0,0
sqlite,churn,5327,12.601,0,0
sqlite,churn,5328,10.839,0,0
sqlite,churn,5329,13.149,0,0
sqlite,churn,5330,11.074,3247715736,244
sqlite,churn,5331,13.615,0,0
sqlite,churn,5332,12.197,0,0
sqlite,churn,5333,13.736,0,0
sqlite,churn,5334,12.995,0,0
sqlite,churn,5335,11.643,0,0
sqlite,churn,5336,13.172,0,0
sqlite,churn,5337,16.030,0,0
sqlite,churn,5338,13.485,0,0
sqlite,churn,5339,10.929,0,0
sqlite,churn,5340,11.040,3248944536,362
sqlite,churn,5341,13.624,0,0
sqlite,churn,5342,11.252,0,0
sqlite,churn,5343,12.428,0,0
sqlite,churn,5344,12.374,0,0
sqlite,churn,5345,14.228,0,0
sqlite,churn,5346,12.590,0,0
sqlite,churn,5347,12.307,0,0
sqlite,churn,5348,13.447,0,0
sqlite,churn,5349,11.953,0,0
sqlite,churn,5350,11.368,3249825176,256
sqlite,churn,5351,12.789,0,0
sqlite,churn,5352,11.215,0,0
sqlite,churn,5353,13.510,0,0
sqlite,churn,5354,11.980,0,0
sqlite,churn,5355,15.289,0,0
sqlite,churn,5356,16.044,0,0
sqlite,churn,5357,12.182,0,0
sqlite,churn,5358,13.890,0,0
sqlite,churn,5359,11.993,0,0
sqlite,churn,5360,14.888,3251029400,359
sqlite,churn,5361,12.972,0,0
sqlite,churn,5362,12.195,0,0
sqlite,churn,5363,13.045,0,0
sqlite,churn,5364,11.378,0,0
sqlite,churn,5365,11.950,0,0
sqlite,churn,5366,11.740,0,0
sqlite,churn,5367,12.516,0,0
sqlite,churn,5368,15.961,0,0
sqlite,churn,5369,13.814,0,0
sqlite,churn,5370,11.983,3251783064,241
sqlite,churn,5371,11.611,0,0
sqlite,churn,5372,12.712,0,0
sqlite,churn,5373,12.779,0,0
sqlite,churn,5374,11.795,0,0
sqlite,churn,5375,11.873,0,0
sqlite,churn,5376,11.912,0,0
sqlite,churn,5377,11.971,0,0
sqlite,churn,5378,16.491,0,0
sqlite,churn,5379,12.965,0,0
sqlite,churn,5380,15.349,3253118360,354
sqlite,churn,5381,11.828,0,0
sqlite,churn,5382,13.700,0,0
sqlite,churn,5383,13.785,0,0
sqlite,churn,5384,18.324,0,0
sqlite,churn,5385,14.320,0,0
sqlite,churn,5386,12.420,0,0
sqlite,churn,5387,11.337,0,0
sqlite,churn,5388,17.415,0,0
sqlite,churn,5389,14.372,0,0
sqlite,churn,5390,13.429,3254003096,278
sqlite,churn,5391,12.502,0,0
sqlite,churn,5392,12.004,0,0
sqlite,churn,5393,16.139,0,0
sqlite,churn,5394,19.478,0,0
sqlite,churn,5395,14.152,0,0
sqlite,churn,5396,12.911,0,0
sqlite,churn,5397,14.349,0,0
sqlite,churn,5398,11.219,0,0
sqlite,churn,5399,14.082,0,0
sqlite,churn,5400,11.875,3255141784,349
sqlite,churn,5401,15.931,0,0
sqlite,churn,5402,17.837,0,0
sqlite,churn,5403,12.206,0,0
sqlite,churn,5404,18.316,0,0
sqlite,churn,5405,11.199,0,0
sqlite,churn,5406,14.397,0,0
sqlite,churn,5407,11.653,0,0
sqlite,churn,5408,12.238,0,0
sqlite,churn,5409,15.589,0,0
sqlite,churn,5410,21.901,3256153496,248
sqlite,churn,5411,13.894,0,0
sqlite,churn,5412,12.250,0,0
sqlite,churn,5413,12.660,0,0
sqlite,churn,5414,11.968,0,0
sqlite,churn,5415,13.376,0,0
sqlite,churn,5416,11.903,0,0
sqlite,churn,5417,11.920,0,0
sqlite,churn,5418,13.646,0,0
sqlite,churn,5419,12.522,0,0
sqlite,churn,5420,14.933,3257456024,343
sqlite,churn,5421,12.920,0,0
sqlite,churn,5422,13.666,0,0
sqlite,churn,5423,12.496,0,0
sqlite,churn,5424,14.427,0,0
sqlite,churn,5425,11.542,0,0
sqlite,churn,5426,13.029,0,0
sqlite,churn,5427,12.646,0,0
sqlite,churn,5428,11.247,0,0
sqlite,churn,5429,13.571,0,0
sqlite,churn,5430,15.166,3258254744,250
sqlite,churn,5431,27.703,0,0
sqlite,churn,5432,11.047,0,0
sqlite,churn,5433,14.541,0,0
sqlite,churn,5434,12.589,0,0
sqlite,churn,5435,13.382,0,0
sqlite,churn,5436,12.543,0,0
sqlite,churn,5437,11.571,0,0
sqlite,churn,5438,11.304,0,0
sqlite,churn,5439,12.598,0,0
sqlite,churn,5440,12.304,3259340184,351
sqlite,churn,5441,11.355,0,0
sqlite,churn,5442,21.837,0,0
sqlite,churn,5443,13.173,0,0
sqlite,churn,5444,15.214,0,0
sqlite,churn,5445,15.624,0,0
sqlite,churn,5446,14.422,0,0
sqlite,churn,5447,12.212,0,0
sqlite,churn,5448,12.832,0,0
sqlite,churn,5449,14.880,0,0
sqlite,churn,5450,33.415,3260179864,248
sqlite,churn,5451,22.996,0,0
sqlite,churn,5452,29.349,0,0
sqlite,churn,5453,20.243,0,0
sqlite,churn,5454,12.781,0,0
sqlite,churn,5455,13.057,0,0
sqlite,churn,5456,11.552,0,0
sqlite,churn,5457,14.541,0,0
sqlite,churn,5458,12.877,0,0
sqlite,churn,5459,19.349,0,0
sqlite,churn,5460,14.796,3261429144,350
sqlite,churn,5461,13.604,0,0
sqlite,churn,5462,11.508,0,0
sqlite,churn,5463,18.296,0,0
sqlite,churn,5464,15.135,0,0
sqlite,churn,5465,23.731,0,0
sqlite,churn,5466,20.375,0,0
sqlite,churn,5467,11.705,0,0
sqlite,churn,5468,10.829,0,0
sqlite,churn,5469,15.264,0,0
sqlite,churn,5470,12.565,3262494104,260
sqlite,churn,5471,21.866,0,0
sqlite,churn,5472,13.775,0,0
sqlite,churn,5473,14.173,0,0
sqlite,churn,5474,12.696,0,0
sqlite,churn,5475,12.816,0,0
sqlite,churn,5476,12.025,0,0
sqlite,churn,5477,11.754,0,0
sqlite,churn,5478,11.761,0,0
sqlite,churn,5479,12.787,0,0
sqlite,churn,5480,27.207,3263325592,366
sqlite,churn,5481,14.251,0,0
sqlite,churn,5482,13.383,0,0
sqlite,churn,5483,11.758,0,0
sqlite,churn,5484,16.408,0,0
sqlite,churn,5485,30.795,0,0
sqlite,churn,5486,24.166,0,0
sqlite,churn,5487,11.870,0,0
sqlite,churn,5488,10.581,0,0
sqlite,churn,5489,11.796,0,0
sqlite,churn,5490,10.614,3264480664,259
sqlite,churn,5491,14.184,0,0
sqlite,churn,5492,16.611,0,0
sqlite,churn,5493,11.977,0,0
sqlite,churn,5494,15.330,0,0
sqlite,churn,5495,13.092,0,0
sqlite,churn,5496,14.650,0,0
sqlite,churn,5497,13.091,0,0
sqlite,churn,5498,13.666,0,0
sqlite,churn,5499,14.610,0,0
sqlite,churn,5500,12.554,3265443224,347
sqlite,churn,5501,12.533,0,0
sqlite,churn,5502,14.493,0,0
sqlite,churn,5503,12.086,0,0
sqlite,churn,5504,12.834,0,0
sqlite,churn,5505,11.949,0,0
sqlite,churn,5506,12.816,0,0
sqlite,churn,5507,14.617,0,0
sqlite,churn,5508,26.357,0,0
sqlite,churn,5509,36.606,0,0
sqlite,churn,5510,30.745,3266467224,235
sqlite,churn,5511,30.718,0,0
sqlite,churn,5512,32.422,0,0
sqlite,churn,5513,31.463,0,0
sqlite,churn,5514,35.308,0,0
sqlite,churn,5515,23.339,0,0
sqlite,churn,5516,25.553,0,0
sqlite,churn,5517,13.236,0,0
sqlite,churn,5518,26.899,0,0
sqlite,churn,5519,45.880,0,0
sqlite,churn,5520,35.159,3267843480,359
sqlite,churn,5521,19.022,0,0
sqlite,churn,5522,22.368,0,0
sqlite,churn,5523,21.496,0,0
sqlite,churn,5524,21.700,0,0
sqlite,churn,5525,20.934,0,0
sqlite,churn,5526,18.108,0,0
sqlite,churn,5527,18.019,0,0
sqlite,churn,5528,17.639,0,0
sqlite,churn,5529,17.583,0,0
sqlite,churn,5530,33.128,3268875672,246
sqlite,churn,5531,26.941,0,0
sqlite,churn,5532,28.769,0,0
sqlite,churn,5533,27.293,0,0
sqlite,churn,5534,28.619,0,0
sqlite,churn,5535,31.932,0,0
sqlite,churn,5536,20.741,0,0
sqlite,churn,5537,16.334,0,0
sqlite,churn,5538,17.803,0,0
sqlite,churn,5539,18.458,0,0
sqlite,churn,5540,27.137,3269924248,348
sqlite,churn,5541,30.885,0,0
sqlite,churn,5542,27.345,0,0
sqlite,churn,5543,18.863,0,0
sqlite,churn,5544,35.433,0,0
sqlite,churn,5545,19.799,0,0
sqlite,churn,5546,32.099,0,0
sqlite,churn,5547,19.920,0,0
sqlite,churn,5548,32.316,0,0
sqlite,churn,5549,20.860,0,0
sqlite,churn,5550,16.500,3270862232,245
sqlite,churn,5551,23.072,0,0
sqlite,churn,5552,12.538,0,0
sqlite,churn,5553,14.602,0,0
sqlite,churn,5554,13.303,0,0
sqlite,churn,5555,13.799,0,0
sqlite,churn,5556,13.286,0,0
sqlite,churn,5557,12.708,0,0
sqlite,churn,5558,16.057,0,0
sqlite,churn,5559,11.532,0,0
sqlite,churn,5560,11.722,3271992728,341
sqlite,churn,5561,12.816,0,0
sqlite,churn,5562,12.821,0,0
sqlite,churn,5563,19.167,0,0
sqlite,churn,5564,15.799,0,0
sqlite,churn,5565,12.695,0,0
sqlite,churn,5566,13.912,0,0
sqlite,churn,5567,13.191,0,0
sqlite,churn,5568,13.703,0,0
sqlite,churn,5569,11.609,0,0
sqlite,churn,5570,18.338,3273082264,276
sqlite,churn,5571,14.724,0,0
sqlite,churn,5572,46.686,0,0
sqlite,churn,5573,13.466,0,0
sqlite,churn,5574,13.066,0,0
sqlite,churn,5575,13.447,0,0
sqlite,churn,5576,11.841,0,0
sqlite,churn,5577,15.057,0,0
sqlite,churn,5578,13.930,0,0
sqlite,churn,5579,12.742,0,0
sqlite,churn,5580,13.116,3274093976,336
sqlite,churn,5581,17.849,0,0
sqlite,churn,5582,12.988,0,0
sqlite,churn,5583,12.136,0,0
sqlite,churn,5584,18.156,0,0
sqlite,churn,5585,15.241,0,0
sqlite,churn,5586,13.632,0,0
sqlite,churn,5587,15.651,0,0
sqlite,churn,5588,21.898,0,0
sqlite,churn,5589,17.687,0,0
sqlite,churn,5590,21.715,3275031960,257
sqlite,churn,5591,15.550,0,0
sqlite,churn,5592,28.692,0,0
sqlite,churn,5593,13.861,0,0
sqlite,churn,5594,13.853,0,0
sqlite,churn,5595,13.854,0,0
sqlite,churn,5596,17.284,0,0
sqlite,churn,5597,22.079,0,0
sqlite,churn,5598,12.745,0,0
sqlite,churn,5599,24.723,0,0
sqlite,churn,5600,26.464,3276158360,360
sqlite,churn,5601,18.436,0,0
sqlite,churn,5602,13.890,0,0
sqlite,churn,5603,15.288,0,0
sqlite,churn,5604,15.890,0,0
sqlite,churn,5605,16.649,0,0
sqlite,churn,5606,18.343,0,0
sqlite,churn,5607,15.807,0,0
sqlite,churn,5608,17.091,0,0
sqlite,churn,5609,15.011,0,0
sqlite,churn,5610,19.248,3276989848,264
sqlite,churn,5611,18.963,0,0
sqlite,churn,5612,20.738,0,0
sqlite,churn,5613,14.629,0,0
sqlite,churn,5614,23.434,0,0
sqlite,churn,5615,23.805,0,0
sqlite,churn,5616,15.559,0,0
sqlite,churn,5617,13.966,0,0
sqlite,churn,5618,25.680,0,0
sqlite,churn,5619,12.836,0,0
sqlite,churn,5620,22.494,3278083480,364
sqlite,churn,5621,19.211,0,0
sqlite,churn,5622,16.833,0,0
sqlite,churn,5623,15.753,0,0
sqlite,churn,5624,14.070,0,0
sqlite,churn,5625,15.633,0,0
sqlite,churn,5626,14.680,0,0
sqlite,churn,5627,15.632,0,0
sqlite,churn,5628,22.858,0,0
sqlite,churn,5629,22.847,0,0
sqlite,churn,5630,21.685,3279066520,261
sqlite,churn,5631,14.507,0,0
sqlite,churn,5632,10.381,0,0
sqlite,churn,5633,13.985,0,0
sqlite,churn,5634,19.852,0,0
sqlite,churn,5635,18.728,0,0
sqlite,churn,5636,12.961,0,0
sqlite,churn,5637,11.963,0,0
sqlite,churn,5638,15.830,0,0
sqlite,churn,5639,18.287,0,0
sqlite,churn,5640,12.377,3280360856,340
sqlite,churn,5641,19.435,0,0
sqlite,churn,5642,12.157,0,0
sqlite,churn,5643,12.116,0,0
sqlite,churn,5644,24.620,0,0
sqlite,churn,5645,12.992,0,0
sqlite,churn,5646,14.427,0,0
sqlite,churn,5647,12.929,0,0
sqlite,churn,5648,26.659,0,0
sqlite,churn,5649,14.183,0,0
sqlite,churn,5650,14.061,3281429912,277
sqlite,churn,5651,15.583,0,0
sqlite,churn,5652,17.957,0,0
sqlite,churn,5653,13.791,0,0
sqlite,churn,5654,21.834,0,0
sqlite,churn,5655,17.076,0,0
sqlite,churn,5656,18.678,0,0
sqlite,churn,5657,10.339,0,0
sqlite,churn,5658,12.107,0,0
sqlite,churn,5659,16.351,0,0
sqlite,churn,5660,18.349,3282642328,351
sqlite,churn,5661,32.159,0,0
sqlite,churn,5662,13.537,0,0
sqlite,churn,5663,12.184,0,0
sqlite,churn,5664,11.334,0,0
sqlite,churn,5665,10.702,0,0
sqlite,churn,5666,32.346,0,0
sqlite,churn,5667,10.567,0,0
sqlite,churn,5668,11.929,0,0
sqlite,churn,5669,11.591,0,0
sqlite,churn,5670,12.439,3283727768,261
sqlite,churn,5671,13.897,0,0
sqlite,churn,5672,14.287,0,0
sqlite,churn,5673,11.508,0,0
sqlite,churn,5674,14.185,0,0
sqlite,churn,5675,18.679,0,0
sqlite,churn,5676,13.781,0,0
sqlite,churn,5677,21.396,0,0
sqlite,churn,5678,16.800,0,0
sqlite,churn,5679,14.691,0,0
sqlite,churn,5680,18.339,3284567448,353
sqlite,churn,5681,19.821,0,0
sqlite,churn,5682,13.358,0,0
sqlite,churn,5683,11.360,0,0
sqlite,churn,5684,14.063,0,0
sqlite,churn,5685,13.941,0,0
sqlite,churn,5686,18.917,0,0
sqlite,churn,5687,18.536,0,0
sqlite,churn,5688,15.355,0,0
sqlite,churn,5689,19.361,0,0
sqlite,churn,5690,17.572,3285861784,249
sqlite,churn,5691,12.657,0,0
sqlite,churn,5692,13.127,0,0
sqlite,churn,5693,13.080,0,0
sqlite,churn,5694,23.712,0,0
sqlite,churn,5695,12.893,0,0
sqlite,churn,5696,12.908,0,0
sqlite,churn,5697,12.040,0,0
sqlite,churn,5698,11.421,0,0
sqlite,churn,5699,14.592,0,0
sqlite,churn,5700,12.405,3286861208,358
sqlite,churn,5701,12.934,0,0
sqlite,churn,5702,12.702,0,0
sqlite,churn,5703,26.397,0,0
sqlite,churn,5704,14.086,0,0
sqlite,churn,5705,22.075,0,0
sqlite,churn,5706,14.504,0,0
sqlite,churn,5707,15.934,0,0
sqlite,churn,5708,14.212,0,0
sqlite,churn,5709,20.627,0,0
sqlite,churn,5710,18.066,3288065432,267
sqlite,churn,5711,20.553,0,0
sqlite,churn,5712,19.067,0,0
sqlite,churn,5713,13.509,0,0
sqlite,churn,5714,18.507,0,0
sqlite,churn,5715,16.179,0,0
sqlite,churn,5716,16.286,0,0
sqlite,churn,5717,14.619,0,0
sqlite,churn,5718,17.693,0,0
sqlite,churn,5719,13.789,0,0
sqlite,churn,5720,16.421,3288941976,357
sqlite,churn,5721,12.370,0,0
sqlite,churn,5722,12.188,0,0
sqlite,churn,5723,19.724,0,0
sqlite,churn,5724,15.313,0,0
sqlite,churn,5725,13.975,0,0
sqlite,churn,5726,14.701,0,0
sqlite,churn,5727,12.251,0,0
sqlite,churn,5728,16.568,0,0
sqlite,churn,5729,20.563,0,0
sqlite,churn,5730,48.253,3289871768,266
sqlite,churn,5731,20.904,0,0
sqlite,churn,5732,23.386,0,0
sqlite,churn,5733,14.467,0,0
sqlite,churn,5734,28.730,0,0
sqlite,churn,5735,17.002,0,0
sqlite,churn,5736,12.766,0,0
sqlite,churn,5737,19.541,0,0
sqlite,churn,5738,15.535,0,0
sqlite,churn,5739,18.122,0,0
sqlite,churn,5740,17.815,3291071896,359
sqlite,churn,5741,16.614,0,0
sqlite,churn,5742,18.714,0,0
sqlite,churn,5743,17.124,0,0
sqlite,churn,5744,15.808,0,0
sqlite,churn,5745,13.460,0,0
sqlite,churn,5746,12.279,0,0
sqlite,churn,5747,20.589,0,0
sqlite,churn,5748,15.640,0,0
sqlite,churn,5749,13.894,0,0
sqlite,churn,5750,35.420,3291973016,246
sqlite,churn,5751,20.477,0,0
sqlite,churn,5752,35.695,0,0
sqlite,churn,5753,19.122,0,0
sqlite,churn,5754,18.358,0,0
sqlite,churn,5755,12.677,0,0
sqlite,churn,5756,17.010,0,0
sqlite,churn,5757,16.335,0,0
sqlite,churn,5758,13.026,0,0
sqlite,churn,5759,15.126,0,0
sqlite,churn,5760,44.100,3293123992,343
sqlite,churn,5761,13.801,0,0
sqlite,churn,5762,12.979,0,0
sqlite,churn,5763,19.869,0,0
sqlite,churn,5764,15.028,0,0
sqlite,churn,5765,13.368,0,0
sqlite,churn,5766,14.138,0,0
sqlite,churn,5767,13.177,0,0
sqlite,churn,5768,12.656,0,0
sqlite,churn,5769,12.771,0,0
sqlite,churn,5770,16.300,3294090648,280
sqlite,churn,5771,15.207,0,0
sqlite,churn,5772,13.957,0,0
sqlite,churn,5773,15.364,0,0
sqlite,churn,5774,18.275,0,0
sqlite,churn,5775,14.802,0,0
sqlite,churn,5776,13.990,0,0
sqlite,churn,5777,16.003,0,0
sqlite,churn,5778,15.680,0,0
sqlite,churn,5779,16.947,0,0
sqlite,churn,5780,18.380,3295245720,352
sqlite,churn,5781,14.935,0,0
sqlite,churn,5782,13.738,0,0
sqlite,churn,5783,19.357,0,0
sqlite,churn,5784,12.092,0,0
sqlite,churn,5785,13.828,0,0
sqlite,churn,5786,16.995,0,0
sqlite,churn,5787,19.129,0,0
sqlite,churn,5788,14.336,0,0
sqlite,churn,5789,12.878,0,0
sqlite,churn,5790,17.178,3296417176,264
sqlite,churn,5791,16.099,0,0
sqlite,churn,5792,14.258,0,0
sqlite,churn,5793,13.971,0,0
sqlite,churn,5794,18.031,0,0
sqlite,churn,5795,17.373,0,0
sqlite,churn,5796,14.322,0,0
sqlite,churn,5797,12.872,0,0
sqlite,churn,5798,13.910,0,0
sqlite,churn,5799,14.969,0,0
sqlite,churn,5800,22.374,3297387928,352
sqlite,churn,5801,18.053,0,0
sqlite,churn,5802,13.824,0,0
sqlite,churn,5803,14.916,0,0
sqlite,churn,5804,15.745,0,0
sqlite,churn,5805,16.161,0,0
sqlite,churn,5806,17.974,0,0
sqlite,churn,5807,13.977,0,0
sqlite,churn,5808,15.504,0,0
sqlite,churn,5809,17.866,0,0
sqlite,churn,5810,16.584,3298346392,236
sqlite,churn,5811,13.391,0,0
sqlite,churn,5812,15.776,0,0
sqlite,churn,5813,17.580,0,0
sqlite,churn,5814,38.912,0,0
sqlite,churn,5815,27.395,0,0
sqlite,churn,5816,39.369,0,0
sqlite,churn,5817,37.004,0,0
sqlite,churn,5818,21.999,0,0
sqlite,churn,5819,30.192,0,0
sqlite,churn,5820,20.824,3299480984,359
sqlite,churn,5821,19.598,0,0
sqlite,churn,5822,28.626,0,0
sqlite,churn,5823,22.781,0,0
sqlite,churn,5824,32.132,0,0
sqlite,churn,5825,18.602,0,0
sqlite,churn,5826,15.924,0,0
sqlite,churn,5827,19.931,0,0
sqlite,churn,5828,23.798,0,0
sqlite,churn,5829,38.950,0,0
sqlite,churn,5830,23.081,3300640152,278
sqlite,churn,5831,13.632,0,0
sqlite,churn,5832,14.631,0,0
sqlite,churn,5833,12.262,0,0
sqlite,churn,5834,11.952,0,0
sqlite,churn,5835,27.221,0,0
sqlite,churn,5836,14.165,0,0
sqlite,churn,5837,17.438,0,0
sqlite,churn,5838,16.012,0,0
sqlite,churn,5839,12.183,0,0
sqlite,churn,5840,12.983,3301516696,357
sqlite,churn,5841,12.347,0,0
sqlite,churn,5842,11.728,0,0
sqlite,churn,5843,11.422,0,0
sqlite,churn,5844,17.203,0,0
sqlite,churn,5845,17.334,0,0
sqlite,churn,5846,15.639,0,0
sqlite,churn,5847,11.530,0,0
sqlite,churn,5848,10.498,0,0
sqlite,churn,5849,12.195,0,0
sqlite,churn,5850,11.141,3302344088,251
sqlite,churn,5851,12.489,0,0
sqlite,churn,5852,8.961,0,0
sqlite,churn,5853,10.457,0,0
sqlite,churn,5854,10.184,0,0
sqlite,churn,5855,12.402,0,0
sqlite,churn,5856,12.051,0,0
sqlite,churn,5857,9.784,0,0
sqlite,churn,5858,10.796,0,0
sqlite,churn,5859,12.243,0,0
sqlite,churn,5860,17.226,3303372184,348
sqlite,churn,5861,30.691,0,0
sqlite,churn,5862,10.417,0,0
sqlite,churn,5863,25.599,0,0
sqlite,churn,5864,12.738,0,0
sqlite,churn,5865,11.077,0,0
sqlite,churn,5866,14.248,0,0
sqlite,churn,5867,15.635,0,0
sqlite,churn,5868,16.941,0,0
sqlite,churn,5869,12.568,0,0
sqlite,churn,5870,13.767,3304408472,249
sqlite,churn,5871,14.485,0,0
sqlite,churn,5872,11.133,0,0
sqlite,churn,5873,13.511,0,0
sqlite,churn,5874,15.597,0,0
sqlite,churn,5875,12.686,0,0
sqlite,churn,5876,12.759,0,0
sqlite,churn,5877,13.635,0,0
sqlite,churn,5878,12.715,0,0
sqlite,churn,5879,10.878,0,0
sqlite,churn,5880,27.471,3305358744,349
sqlite,churn,5881,13.271,0,0
sqlite,churn,5882,14.176,0,0
sqlite,churn,5883,17.522,0,0
sqlite,churn,5884,14.972,0,0
sqlite,churn,5885,14.595,0,0
sqlite,churn,5886,17.131,0,0
sqlite,churn,5887,14.190,0,0
sqlite,churn,5888,16.482,0,0
sqlite,churn,5889,12.313,0,0
sqlite,churn,5890,11.802,3306349976,263
sqlite,churn,5891,11.919,0,0
sqlite,churn,5892,10.962,0,0
sqlite,churn,5893,13.768,0,0
sqlite,churn,5894,15.272,0,0
sqlite,churn,5895,14.010,0,0
sqlite,churn,5896,13.330,0,0
sqlite,churn,5897,12.560,0,0
sqlite,churn,5898,17.312,0,0
sqlite,churn,5899,21.582,0,0
sqlite,churn,5900,13.940,3307447704,347
sqlite,churn,5901,13.285,0,0
sqlite,churn,5902,10.945,0,0
sqlite,churn,5903,11.039,0,0
sqlite,churn,5904,11.971,0,0
sqlite,churn,5905,11.816,0,0
sqlite,churn,5906,10.839,0,0
sqlite,churn,5907,13.054,0,0
sqlite,churn,5908,12.345,0,0
sqlite,churn,5909,19.413,0,0
sqlite,churn,5910,10.271,3308426648,268
sqlite,churn,5911,16.090,0,0
sqlite,churn,5912,11.595,0,0
sqlite,churn,5913,17.871,0,0
sqlite,churn,5914,10.730,0,0
sqlite,churn,5915,10.931,0,0
sqlite,churn,5916,11.758,0,0
sqlite,churn,5917,19.517,0,0
sqlite,churn,5918,10.432,0,0
sqlite,churn,5919,15.745,0,0
sqlite,churn,5920,12.563,3309462936,356
sqlite,churn,5921,11.754,0,0
sqlite,churn,5922,10.829,0,0
sqlite,churn,5923,11.818,0,0
sqlite,churn,5924,9.989,0,0
sqlite,churn,5925,12.012,0,0
sqlite,churn,5926,18.804,0,0
sqlite,churn,5927,9.938,0,0
sqlite,churn,5928,10.309,0,0
sqlite,churn,5929,12.309,0,0
sqlite,churn,5930,11.285,3310331288,251
sqlite,churn,5931,10.358,0,0
sqlite,churn,5932,11.237,0,0
sqlite,churn,5933,16.219,0,0
sqlite,churn,5934,11.997,0,0
sqlite,churn,5935,33.062,0,0
sqlite,churn,5936,30.300,0,0
sqlite,churn,5937,25.044,0,0
sqlite,churn,5938,21.948,0,0
sqlite,churn,5939,27.800,0,0
sqlite,churn,5940,40.536,3311482264,353
sqlite,churn,5941,34.133,0,0
sqlite,churn,5942,28.711,0,0
sqlite,churn,5943,15.834,0,0
sqlite,churn,5944,15.787,0,0
sqlite,churn,5945,28.755,0,0
sqlite,churn,5946,27.935,0,0
sqlite,churn,5947,14.025,0,0
sqlite,churn,5948,13.171,0,0
sqlite,churn,5949,13.207,0,0
sqlite,churn,5950,14.899,3312588184,244
sqlite,churn,5951,41.277,0,0
sqlite,churn,5952,37.065,0,0
sqlite,churn,5953,28.305,0,0
sqlite,churn,5954,34.559,0,0
sqlite,churn,5955,16.133,0,0
sqlite,churn,5956,22.411,0,0
sqlite,churn,5957,14.133,0,0
sqlite,churn,5958,14.548,0,0
sqlite,churn,5959,15.909,0,0
sqlite,churn,5960,14.796,3313616280,340
sqlite,churn,5961,17.652,0,0
sqlite,churn,5962,26.175,0,0
sqlite,churn,5963,23.806,0,0
sqlite,churn,5964,14.592,0,0
sqlite,churn,5965,20.871,0,0
sqlite,churn,5966,19.848,0,0
sqlite,churn,5967,21.822,0,0
sqlite,churn,5968,18.680,0,0
sqlite,churn,5969,29.374,0,0
sqlite,churn,5970,28.990,3314664856,258
sqlite,churn,5971,13.833,0,0
sqlite,churn,5972,13.260,0,0
sqlite,churn,5973,16.444,0,0
sqlite,churn,5974,15.895,0,0
sqlite,churn,5975,19.763,0,0
sqlite,churn,5976,11.930,0,0
sqlite,churn,5977,23.844,0,0
sqlite,churn,5978,22.206,0,0
sqlite,churn,5979,37.817,0,0
sqlite,churn,5980,15.967,3315844504,352
sqlite,churn,5981,15.666,0,0
sqlite,churn,5982,16.655,0,0
sqlite,churn,5983,10.676,0,0
sqlite,churn,5984,11.608,0,0
sqlite,churn,5985,12.332,0,0
sqlite,churn,5986,11.410,0,0
sqlite,churn,5987,16.722,0,0
sqlite,churn,5988,17.147,0,0
sqlite,churn,5989,17.239,0,0
sqlite,churn,5990,13.352,3316757912,245
sqlite,churn,5991,12.690,0,0
sqlite,churn,5992,13.743,0,0
sqlite,churn,5993,15.208,0,0
sqlite,churn,5994,17.966,0,0
sqlite,churn,5995,14.014,0,0
sqlite,churn,5996,14.805,0,0
sqlite,churn,5997,11.890,0,0
sqlite,churn,5998,22.813,0,0
sqlite,churn,5999,12.732,0,0
sqlite,churn,6000,14.359,3318003096,345
sqlite,churn,6001,22.335,0,0
sqlite,churn,6002,16.841,0,0
sqlite,churn,6003,17.122,0,0
sqlite,churn,6004,17.109,0,0
sqlite,churn,6005,15.151,0,0
sqlite,churn,6006,29.460,0,0
sqlite,churn,6007,33.074,0,0
sqlite,churn,6008,14.853,0,0
sqlite,churn,6009,20.999,0,0
sqlite,churn,6010,14.523,3319068056,250
sqlite,churn,6011,14.465,0,0
sqlite,churn,6012,11.847,0,0
sqlite,churn,6013,14.072,0,0
sqlite,churn,6014,16.805,0,0
sqlite,churn,6015,17.382,0,0
sqlite,churn,6016,20.162,0,0
sqlite,churn,6017,15.810,0,0
sqlite,churn,6018,14.473,0,0
sqlite,churn,6019,12.368,0,0
sqlite,churn,6020,12.216,3320317336,363
sqlite,churn,6021,12.251,0,0
sqlite,churn,6022,12.703,0,0
sqlite,churn,6023,12.624,0,0
sqlite,churn,6024,12.747,0,0
sqlite,churn,6025,14.152,0,0
sqlite,churn,6026,13.244,0,0
sqlite,churn,6027,12.978,0,0
sqlite,churn,6028,12.188,0,0
sqlite,churn,6029,13.197,0,0
sqlite,churn,6030,16.809,3321243032,255
sqlite,churn,6031,32.793,0,0
sqlite,churn,6032,14.076,0,0
sqlite,churn,6033,14.192,0,0
sqlite,churn,6034,12.875,0,0
sqlite,churn,6035,12.262,0,0
sqlite,churn,6036,14.521,0,0
sqlite,churn,6037,11.332,0,0
sqlite,churn,6038,10.866,0,0
sqlite,churn,6039,13.599,0,0
sqlite,churn,6040,13.018,3322590616,343
sqlite,churn,6041,12.613,0,0
sqlite,churn,6042,15.402,0,0
sqlite,churn,6043,13.667,0,0
sqlite,churn,6044,20.130,0,0
sqlite,churn,6045,19.238,0,0
sqlite,churn,6046,20.296,0,0
sqlite,churn,6047,15.475,0,0
sqlite,churn,6048,27.877,0,0
sqlite,churn,6049,19.004,0,0
sqlite,churn,6050,12.461,3323397528,253
sqlite,churn,6051,13.114,0,0
sqlite,churn,6052,13.814,0,0
sqlite,churn,6053,11.473,0,0
sqlite,churn,6054,20.302,0,0
sqlite,churn,6055,12.682,0,0
sqlite,churn,6056,16.770,0,0
sqlite,churn,6057,11.654,0,0
sqlite,churn,6058,13.705,0,0
sqlite,churn,6059,18.349,0,0
sqlite,churn,6060,18.061,3324433816,349
sqlite,churn,6061,20.213,0,0
sqlite,churn,6062,20.655,0,0
sqlite,churn,6063,18.261,0,0
sqlite,churn,6064,18.983,0,0
sqlite,churn,6065,24.768,0,0
sqlite,churn,6066,18.541,0,0
sqlite,churn,6067,20.215,0,0
sqlite,churn,6068,21.267,0,0
sqlite,churn,6069,22.371,0,0
sqlite,churn,6070,23.848,3325207960,254
sqlite,churn,6071,18.722,0,0
sqlite,churn,6072,18.682,0,0
sqlite,churn,6073,19.533,0,0
sqlite,churn,6074,17.597,0,0
sqlite,churn,6075,18.961,0,0
sqlite,churn,6076,27.150,0,0
sqlite,churn,6077,23.043,0,0
sqlite,churn,6078,20.649,0,0
sqlite,churn,6079,35.215,0,0
sqlite,churn,6080,26.295,3326633368,354
sqlite,churn,6081,17.732,0,0
sqlite,churn,6082,20.038,0,0
sqlite,churn,6083,30.649,0,0
sqlite,churn,6084,12.677,0,0
sqlite,churn,6085,11.731,0,0
sqlite,churn,6086,12.378,0,0
sqlite,churn,6087,13.404,0,0
sqlite,churn,6088,15.541,0,0
sqlite,churn,6089,11.265,0,0
sqlite,churn,6090,12.555,3327554968,245
sqlite,churn,6091,15.044,0,0
sqlite,churn,6092,13.041,0,0
sqlite,churn,6093,11.571,0,0
sqlite,churn,6094,14.170,0,0
sqlite,churn,6095,15.955,0,0
sqlite,churn,6096,12.268,0,0
sqlite,churn,6097,12.218,0,0
sqlite,churn,6098,13.198,0,0
sqlite,churn,6099,12.454,0,0
sqlite,churn,6100,12.200,3328812440,355
sqlite,churn,6101,12.306,0,0
sqlite,churn,6102,11.852,0,0
sqlite,churn,6103,12.065,0,0
sqlite,churn,6104,12.114,0,0
sqlite,churn,6105,18.855,0,0
sqlite,churn,6106,14.013,0,0
sqlite,churn,6107,12.803,0,0
sqlite,churn,6108,23.308,0,0
sqlite,churn,6109,14.312,0,0
sqlite,churn,6110,15.600,3329848728,252
sqlite,churn,6111,24.206,0,0
sqlite,churn,6112,42.159,0,0
sqlite,churn,6113,18.713,0,0
sqlite,churn,6114,21.310,0,0
sqlite,churn,6115,27.376,0,0
sqlite,churn,6116,19.420,0,0
sqlite,churn,6117,18.334,0,0
sqlite,churn,6118,14.429,0,0
sqlite,churn,6119,12.852,0,0
sqlite,churn,6120,15.244,3331143064,357
sqlite,churn,6121,15.053,0,0
sqlite,churn,6122,13.101,0,0
sqlite,churn,6123,28.998,0,0
sqlite,churn,6124,13.935,0,0
sqlite,churn,6125,13.735,0,0
sqlite,churn,6126,12.445,0,0
sqlite,churn,6127,14.814,0,0
sqlite,churn,6128,11.286,0,0
sqlite,churn,6129,19.341,0,0
sqlite,churn,6130,31.675,3331904920,263
sqlite,churn,6131,16.080,0,0
sqlite,churn,6132,16.242,0,0
sqlite,churn,6133,14.389,0,0
sqlite,churn,6134,14.176,0,0
sqlite,churn,6135,12.435,0,0
sqlite,churn,6136,12.392,0,0
sqlite,churn,6137,14.625,0,0
sqlite,churn,6138,15.384,0,0
sqlite,churn,6139,22.643,0,0
sqlite,churn,6140,12.521,3333092760,364
sqlite,churn,6141,14.001,0,0
sqlite,churn,6142,13.238,0,0
sqlite,churn,6143,14.301,0,0
sqlite,churn,6144,14.601,0,0
sqlite,churn,6145,13.011,0,0
sqlite,churn,6146,12.411,0,0
sqlite,churn,6147,21.011,0,0
sqlite,churn,6148,16.000,0,0
sqlite,churn,6149,19.642,0,0
sqlite,churn,6150,11.802,3334022552,269
sqlite,churn,6151,13.856,0,0
sqlite,churn,6152,13.874,0,0
sqlite,churn,6153,13.303,0,0
sqlite,churn,6154,21.268,0,0
sqlite,churn,6155,15.404,0,0
sqlite,churn,6156,18.854,0,0
sqlite,churn,6157,14.097,0,0
sqlite,churn,6158,28.554,0,0
sqlite,churn,6159,13.519,0,0
sqlite,churn,6160,46.397,3335198104,352
sqlite,churn,6161,14.132,0,0
sqlite,churn,6162,14.401,0,0
sqlite,churn,6163,19.893,0,0
sqlite,churn,6164,13.065,0,0
sqlite,churn,6165,17.123,0,0
sqlite,churn,6166,21.733,0,0
sqlite,churn,6167,13.429,0,0
sqlite,churn,6168,13.803,0,0
sqlite,churn,6169,40.069,0,0
sqlite,churn,6170,44.007,3336074648,258
sqlite,churn,6171,37.158,0,0
sqlite,churn,6172,23.565,0,0
sqlite,churn,6173,15.932,0,0
sqlite,churn,6174,15.684,0,0
sqlite,churn,6175,12.218,0,0
sqlite,churn,6176,12.438,0,0
sqlite,churn,6177,20.934,0,0
sqlite,churn,6178,27.980,0,0
sqlite,churn,6179,21.809,0,0
sqlite,churn,6180,15.579,3337360792,360
sqlite,churn,6181,24.811,0,0
sqlite,churn,6182,41.224,0,0
sqlite,churn,6183,29.418,0,0
sqlite,churn,6184,15.745,0,0
sqlite,churn,6185,24.220,0,0
sqlite,churn,6186,25.007,0,0
sqlite,churn,6187,15.396,0,0
sqlite,churn,6188,12.514,0,0
sqlite,churn,6189,12.483,0,0
sqlite,churn,6190,12.337,3338253720,251
sqlite,churn,6191,10.883,0,0
sqlite,churn,6192,11.209,0,0
sqlite,churn,6193,13.974,0,0
sqlite,churn,6194,14.426,0,0
sqlite,churn,6195,14.105,0,0
sqlite,churn,6196,11.761,0,0
sqlite,churn,6197,12.321,0,0
sqlite,churn,6198,13.402,0,0
sqlite,churn,6199,13.850,0,0
sqlite,churn,6200,11.083,3339642264,346
sqlite,churn,6201,18.104,0,0
sqlite,churn,6202,11.505,0,0
sqlite,churn,6203,12.908,0,0
sqlite,churn,6204,12.199,0,0
sqlite,churn,6205,11.430,0,0
sqlite,churn,6206,15.915,0,0
sqlite,churn,6207,11.551,0,0
sqlite,churn,6208,13.136,0,0
sqlite,churn,6209,11.797,0,0
sqlite,churn,6210,12.010,3340764568,240
sqlite,churn,6211,10.659,0,0
sqlite,churn,6212,22.595,0,0
sqlite,churn,6213,18.314,0,0
sqlite,churn,6214,14.366,0,0
sqlite,churn,6215,11.402,0,0
sqlite,churn,6216,12.228,0,0
sqlite,churn,6217,12.042,0,0
sqlite,churn,6218,15.986,0,0
sqlite,churn,6219,13.980,0,0
sqlite,churn,6220,16.438,3341915544,349
sqlite,churn,6221,13.657,0,0
sqlite,churn,6222,13.870,0,0
sqlite,churn,6223,16.130,0,0
sqlite,churn,6224,18.611,0,0
sqlite,churn,6225,13.900,0,0
sqlite,churn,6226,12.365,0,0
sqlite,churn,6227,18.036,0,0
sqlite,churn,6228,15.494,0,0
sqlite,churn,6229,13.052,0,0
sqlite,churn,6230,12.087,3342579096,250
sqlite,churn,6231,12.108,0,0
sqlite,churn,6232,16.199,0,0
sqlite,churn,6233,13.195,0,0
sqlite,churn,6234,12.410,0,0
sqlite,churn,6235,12.185,0,0
sqlite,churn,6236,16.209,0,0
sqlite,churn,6237,14.308,0,0
sqlite,churn,6238,16.704,0,0
sqlite,churn,6239,11.371,0,0
sqlite,churn,6240,11.803,3343922584,360
sqlite,churn,6241,12.179,0,0
sqlite,churn,6242,13.530,0,0
sqlite,churn,6243,16.921,0,0
sqlite,churn,6244,10.551,0,0
sqlite,churn,6245,12.653,0,0
sqlite,churn,6246,17.835,0,0
sqlite,churn,6247,14.639,0,0
sqlite,churn,6248,11.930,0,0
sqlite,churn,6249,12.095,0,0
sqlite,churn,6250,11.084,3344754072,243
sqlite,churn,6251,12.114,0,0
sqlite,churn,6252,11.946,0,0
sqlite,churn,6253,14.548,0,0
sqlite,churn,6254,12.959,0,0
sqlite,churn,6255,10.815,0,0
sqlite,churn,6256,13.137,0,0
sqlite,churn,6257,24.441,0,0
sqlite,churn,6258,11.719,0,0
sqlite,churn,6259,11.730,0,0
sqlite,churn,6260,13.770,3345937816,339
sqlite,churn,6261,14.351,0,0
sqlite,churn,6262,16.658,0,0
sqlite,churn,6263,13.929,0,0
sqlite,churn,6264,13.483,0,0
sqlite,churn,6265,12.852,0,0
sqlite,churn,6266,13.010,0,0
sqlite,churn,6267,13.485,0,0
sqlite,churn,6268,11.430,0,0
sqlite,churn,6269,11.231,0,0
sqlite,churn,6270,13.423,3346867608,253
sqlite,churn,6271,12.038,0,0
sqlite,churn,6272,11.113,0,0
sqlite,churn,6273,14.252,0,0
sqlite,churn,6274,11.184,0,0
sqlite,churn,6275,13.677,0,0
sqlite,churn,6276,10.615,0,0
sqlite,churn,6277,14.955,0,0
sqlite,churn,6278,11.605,0,0
sqlite,churn,6279,14.632,0,0
sqlite,churn,6280,12.299,3348137368,349
sqlite,churn,6281,13.314,0,0
sqlite,churn,6282,18.595,0,0
sqlite,churn,6283,13.548,0,0
sqlite,churn,6284,11.757,0,0
sqlite,churn,6285,13.986,0,0
sqlite,churn,6286,16.220,0,0
sqlite,churn,6287,13.400,0,0
sqlite,churn,6288,13.459,0,0
sqlite,churn,6289,12.448,0,0
sqlite,churn,6290,11.905,3348956568,245
sqlite,churn,6291,13.917,0,0
sqlite,churn,6292,13.060,0,0
sqlite,churn,6293,14.934,0,0
sqlite,churn,6294,25.841,0,0
sqlite,churn,6295,19.296,0,0
sqlite,churn,6296,14.671,0,0
sqlite,churn,6297,14.102,0,0
sqlite,churn,6298,14.281,0,0
sqlite,churn,6299,13.915,0,0
sqlite,churn,6300,11.527,3350209944,349
sqlite,churn,6301,12.365,0,0
sqlite,churn,6302,13.455,0,0
sqlite,churn,6303,15.085,0,0
sqlite,churn,6304,11.848,0,0
sqlite,churn,6305,12.385,0,0
sqlite,churn,6306,12.410,0,0
sqlite,churn,6307,12.143,0,0
sqlite,churn,6308,21.321,0,0
sqlite,churn,6309,13.307,0,0
sqlite,churn,6310,11.682,3350947224,254
sqlite,churn,6311,14.548,0,0
sqlite,churn,6312,14.949,0,0
sqlite,churn,6313,12.740,0,0
sqlite,churn,6314,12.961,0,0
sqlite,churn,6315,14.114,0,0
sqlite,churn,6316,13.899,0,0
sqlite,churn,6317,12.689,0,0
sqlite,churn,6318,14.120,0,0
sqlite,churn,6319,11.434,0,0
sqlite,churn,6320,13.143,3352122776,348
sqlite,churn,6321,13.628,0,0
sqlite,churn,6322,17.743,0,0
sqlite,churn,6323,13.900,0,0
sqlite,churn,6324,17.902,0,0
sqlite,churn,6325,15.732,0,0
sqlite,churn,6326,14.893,0,0
sqlite,churn,6327,13.323,0,0
sqlite,churn,6328,12.806,0,0
sqlite,churn,6329,16.238,0,0
sqlite,churn,6330,12.762,3353023896,250
sqlite,churn,6331,11.844,0,0
sqlite,churn,6332,13.671,0,0
sqlite,churn,6333,11.291,0,0
sqlite,churn,6334,14.370,0,0
sqlite,churn,6335,15.025,0,0
sqlite,churn,6336,33.450,0,0
sqlite,churn,6337,16.330,0,0
sqlite,churn,6338,12.083,0,0
sqlite,churn,6339,14.797,0,0
sqlite,churn,6340,12.366,3354355096,348
sqlite,churn,6341,12.316,0,0
sqlite,churn,6342,14.964,0,0
sqlite,churn,6343,15.707,0,0
sqlite,churn,6344,13.626,0,0
sqlite,churn,6345,12.825,0,0
sqlite,churn,6346,11.916,0,0
sqlite,churn,6347,11.351,0,0
sqlite,churn,6348,18.725,0,0
sqlite,churn,6349,13.327,0,0
sqlite,churn,6350,11.190,3355231640,258
sqlite,churn,6351,12.192,0,0
sqlite,churn,6352,13.606,0,0
sqlite,churn,6353,15.621,0,0
sqlite,churn,6354,13.935,0,0
sqlite,churn,6355,15.421,0,0
sqlite,churn,6356,13.962,0,0
sqlite,churn,6357,12.744,0,0
sqlite,churn,6358,12.173,0,0
sqlite,churn,6359,14.683,0,0
sqlite,churn,6360,14.096,3356562840,339
sqlite,churn,6361,13.149,0,0
sqlite,churn,6362,13.422,0,0
sqlite,churn,6363,14.887,0,0
sqlite,churn,6364,14.628,0,0
sqlite,churn,6365,13.603,0,0
sqlite,churn,6366,12.568,0,0
sqlite,churn,6367,12.994,0,0
sqlite,churn,6368,12.219,0,0
sqlite,churn,6369,13.358,0,0
sqlite,churn,6370,12.632,3357332888,239
sqlite,churn,6371,12.340,0,0
sqlite,churn,6372,15.309,0,0
sqlite,churn,6373,11.739,0,0
sqlite,churn,6374,13.748,0,0
sqlite,churn,6375,12.494,0,0
sqlite,churn,6376,12.802,0,0
sqlite,churn,6377,11.523,0,0
sqlite,churn,6378,12.209,0,0
sqlite,churn,6379,15.771,0,0
sqlite,churn,6380,11.736,3358614936,341
sqlite,churn,6381,12.440,0,0
sqlite,churn,6382,18.876,0,0
sqlite,churn,6383,15.077,0,0
sqlite,churn,6384,13.810,0,0
sqlite,churn,6385,13.195,0,0
sqlite,churn,6386,13.822,0,0
sqlite,churn,6387,20.373,0,0
sqlite,churn,6388,13.273,0,0
sqlite,churn,6389,14.315,0,0
sqlite,churn,6390,26.812,3359655320,258
sqlite,churn,6391,12.218,0,0
sqlite,churn,6392,16.785,0,0
sqlite,churn,6393,17.232,0,0
sqlite,churn,6394,12.806,0,0
sqlite,churn,6395,16.454,0,0
sqlite,churn,6396,12.885,0,0
sqlite,churn,6397,12.950,0,0
sqlite,churn,6398,22.735,0,0
sqlite,churn,6399,12.907,0,0
sqlite,churn,6400,12.254,3360961944,353
sqlite,churn,6401,14.764,0,0
sqlite,churn,6402,14.041,0,0
sqlite,churn,6403,13.776,0,0
sqlite,churn,6404,13.068,0,0
sqlite,churn,6405,15.097,0,0
sqlite,churn,6406,17.846,0,0
sqlite,churn,6407,14.694,0,0
sqlite,churn,6408,20.216,0,0
sqlite,churn,6409,15.578,0,0
sqlite,churn,6410,18.842,3361961368,262
sqlite,churn,6411,13.220,0,0
sqlite,churn,6412,12.528,0,0
sqlite,churn,6413,17.443,0,0
sqlite,churn,6414,14.366,0,0
sqlite,churn,6415,11.526,0,0
sqlite,churn,6416,13.769,0,0
sqlite,churn,6417,12.431,0,0
sqlite,churn,6418,13.830,0,0
sqlite,churn,6419,12.096,0,0
sqlite,churn,6420,12.440,3363304856,361
sqlite,churn,6421,12.787,0,0
sqlite,churn,6422,10.594,0,0
sqlite,churn,6423,12.334,0,0
sqlite,churn,6424,14.122,0,0
sqlite,churn,6425,13.021,0,0
sqlite,churn,6426,11.253,0,0
sqlite,churn,6427,11.228,0,0
sqlite,churn,6428,15.331,0,0
sqlite,churn,6429,12.423,0,0
sqlite,churn,6430,12.762,3363997080,252
sqlite,churn,6431,12.286,0,0
sqlite,churn,6432,13.244,0,0
sqlite,churn,6433,13.202,0,0
sqlite,churn,6434,12.445,0,0
sqlite,churn,6435,11.938,0,0
sqlite,churn,6436,11.604,0,0
sqlite,churn,6437,13.389,0,0
sqlite,churn,6438,11.735,0,0
sqlite,churn,6439,11.438,0,0
sqlite,churn,6440,12.009,3365176728,362
sqlite,churn,6441,11.124,0,0
sqlite,churn,6442,13.159,0,0
sqlite,churn,6443,15.393,0,0
sqlite,churn,6444,11.647,0,0
sqlite,churn,6445,14.562,0,0
sqlite,churn,6446,56.899,0,0
sqlite,churn,6447,18.850,0,0
sqlite,churn,6448,18.217,0,0
sqlite,churn,6449,12.641,0,0
sqlite,churn,6450,11.114,3366090136,255
sqlite,churn,6451,11.401,0,0
sqlite,churn,6452,18.018,0,0
sqlite,churn,6453,15.382,0,0
sqlite,churn,6454,20.075,0,0
sqlite,churn,6455,25.925,0,0
sqlite,churn,6456,29.379,0,0
sqlite,churn,6457,38.671,0,0
sqlite,churn,6458,16.966,0,0
sqlite,churn,6459,13.088,0,0
sqlite,churn,6460,16.110,3367253400,364
sqlite,churn,6461,13.132,0,0
sqlite,churn,6462,13.234,0,0
sqlite,churn,6463,12.312,0,0
sqlite,churn,6464,11.956,0,0
sqlite,churn,6465,14.693,0,0
sqlite,churn,6466,18.345,0,0
sqlite,churn,6467,16.485,0,0
sqlite,churn,6468,13.020,0,0
sqlite,churn,6469,12.825,0,0
sqlite,churn,6470,26.949,3368084888,243
sqlite,churn,6471,14.376,0,0
sqlite,churn,6472,19.918,0,0
sqlite,churn,6473,15.360,0,0
sqlite,churn,6474,13.405,0,0
sqlite,churn,6475,13.355,0,0
sqlite,churn,6476,14.370,0,0
sqlite,churn,6477,12.024,0,0
sqlite,churn,6478,16.016,0,0
sqlite,churn,6479,12.944,0,0
sqlite,churn,6480,13.683,3369325976,338
sqlite,churn,6481,11.390,0,0
sqlite,churn,6482,13.684,0,0
sqlite,churn,6483,15.175,0,0
sqlite,churn,6484,13.031,0,0
sqlite,churn,6485,14.280,0,0
sqlite,churn,6486,13.886,0,0
sqlite,churn,6487,11.699,0,0
sqlite,churn,6488,14.157,0,0
sqlite,churn,6489,12.044,0,0
sqlite,churn,6490,19.550,3370345880,256
sqlite,churn,6491,13.018,0,0
sqlite,churn,6492,14.514,0,0
sqlite,churn,6493,12.928,0,0
sqlite,churn,6494,14.409,0,0
sqlite,churn,6495,12.190,0,0
sqlite,churn,6496,27.560,0,0
sqlite,churn,6497,14.914,0,0
sqlite,churn,6498,14.571,0,0
sqlite,churn,6499,12.580,0,0
sqlite,churn,6500,13.577,3371881880,359
sqlite,churn,6501,16.014,0,0
sqlite,churn,6502,16.422,0,0
sqlite,churn,6503,12.513,0,0
sqlite,churn,6504,12.406,0,0
sqlite,churn,6505,11.658,0,0
sqlite,churn,6506,14.584,0,0
sqlite,churn,6507,14.706,0,0
sqlite,churn,6508,13.752,0,0
sqlite,churn,6509,11.708,0,0
sqlite,churn,6510,12.354,3372762520,258
sqlite,churn,6511,14.733,0,0
sqlite,churn,6512,11.983,0,0
sqlite,churn,6513,12.106,0,0
sqlite,churn,6514,11.553,0,0
sqlite,churn,6515,12.283,0,0
sqlite,churn,6516,12.053,0,0
sqlite,churn,6517,12.374,0,0
sqlite,churn,6518,11.517,0,0
sqlite,churn,6519,13.348,0,0
sqlite,churn,6520,12.020,3373749656,349
sqlite,churn,6521,13.156,0,0
sqlite,churn,6522,14.498,0,0
sqlite,churn,6523,16.239,0,0
sqlite,churn,6524,18.005,0,0
sqlite,churn,6525,14.009,0,0
sqlite,churn,6526,11.466,0,0
sqlite,churn,6527,12.247,0,0
sqlite,churn,6528,12.923,0,0
sqlite,churn,6529,14.439,0,0
sqlite,churn,6530,14.489,3374658968,250
sqlite,churn,6531,13.053,0,0
sqlite,churn,6532,12.823,0,0
sqlite,churn,6533,15.769,0,0
sqlite,churn,6534,13.346,0,0
sqlite,churn,6535,20.904,0,0
sqlite,churn,6536,11.627,0,0
sqlite,churn,6537,16.301,0,0
sqlite,churn,6538,10.750,0,0
sqlite,churn,6539,11.689,0,0
sqlite,churn,6540,12.559,3375965592,348
sqlite,churn,6541,12.770,0,0
sqlite,churn,6542,10.879,0,0
sqlite,churn,6543,14.274,0,0
sqlite,churn,6544,13.100,0,0
sqlite,churn,6545,11.476,0,0
sqlite,churn,6546,13.676,0,0
sqlite,churn,6547,11.431,0,0
sqlite,churn,6548,11.677,0,0
sqlite,churn,6549,14.437,0,0
sqlite,churn,6550,13.717,3377153432,251
sqlite,churn,6551,11.419,0,0
sqlite,churn,6552,15.121,0,0
sqlite,churn,6553,12.441,0,0
sqlite,churn,6554,12.004,0,0
sqlite,churn,6555,14.054,0,0
sqlite,churn,6556,14.556,0,0
sqlite,churn,6557,12.286,0,0
sqlite,churn,6558,13.874,0,0
sqlite,churn,6559,14.078,0,0
sqlite,churn,6560,18.936,3378447768,355
sqlite,churn,6561,18.506,0,0
sqlite,churn,6562,17.070,0,0
sqlite,churn,6563,17.712,0,0
sqlite,churn,6564,12.286,0,0
sqlite,churn,6565,15.732,0,0
sqlite,churn,6566,29.403,0,0
sqlite,churn,6567,15.642,0,0
sqlite,churn,6568,12.681,0,0
sqlite,churn,6569,12.540,0,0
sqlite,churn,6570,11.954,3379398040,251
sqlite,churn,6571,15.905,0,0
sqlite,churn,6572,15.833,0,0
sqlite,churn,6573,21.385,0,0
sqlite,churn,6574,16.305,0,0
sqlite,churn,6575,11.604,0,0
sqlite,churn,6576,17.273,0,0
sqlite,churn,6577,13.029,0,0
sqlite,churn,6578,15.331,0,0
sqlite,churn,6579,11.839,0,0
sqlite,churn,6580,12.611,3380344216,345
sqlite,churn,6581,13.655,0,0
sqlite,churn,6582,13.501,0,0
sqlite,churn,6583,14.158,0,0
sqlite,churn,6584,13.150,0,0
sqlite,churn,6585,16.932,0,0
sqlite,churn,6586,12.428,0,0
sqlite,churn,6587,14.711,0,0
sqlite,churn,6588,13.554,0,0
sqlite,churn,6589,12.797,0,0
sqlite,churn,6590,17.825,3381446040,250
sqlite,churn,6591,12.433,0,0
sqlite,churn,6592,15.340,0,0
sqlite,churn,6593,20.871,0,0
sqlite,churn,6594,12.528,0,0
sqlite,churn,6595,12.744,0,0
sqlite,churn,6596,23.471,0,0
sqlite,churn,6597,35.370,0,0
sqlite,churn,6598,15.101,0,0
sqlite,churn,6599,11.928,0,0
sqlite,churn,6600,11.511,3382560152,344
sqlite,churn,6601,21.036,0,0
sqlite,churn,6602,35.755,0,0
sqlite,churn,6603,11.574,0,0
sqlite,churn,6604,34.763,0,0
sqlite,churn,6605,12.969,0,0
sqlite,churn,6606,11.925,0,0
sqlite,churn,6607,12.328,0,0
sqlite,churn,6608,10.812,0,0
sqlite,churn,6609,12.608,0,0
sqlite,churn,6610,14.413,3383584152,243
sqlite,churn,6611,27.143,0,0
sqlite,churn,6612,12.123,0,0
sqlite,churn,6613,11.915,0,0
sqlite,churn,6614,13.591,0,0
sqlite,churn,6615,11.195,0,0
sqlite,churn,6616,13.890,0,0
sqlite,churn,6617,12.811,0,0
sqlite,churn,6618,12.876,0,0
sqlite,churn,6619,14.361,0,0
sqlite,churn,6620,11.995,3384858008,353
sqlite,churn,6621,11.261,0,0
sqlite,churn,6622,11.675,0,0
sqlite,churn,6623,12.322,0,0
sqlite,churn,6624,14.197,0,0
sqlite,churn,6625,16.326,0,0
sqlite,churn,6626,11.878,0,0
sqlite,churn,6627,15.039,0,0
sqlite,churn,6628,14.341,0,0
sqlite,churn,6629,16.030,0,0
sqlite,churn,6630,12.184,3385529752,246
sqlite,churn,6631,12.825,0,0
sqlite,churn,6632,14.060,0,0
sqlite,churn,6633,12.745,0,0
sqlite,churn,6634,11.764,0,0
sqlite,churn,6635,12.434,0,0
sqlite,churn,6636,12.575,0,0
sqlite,churn,6637,12.275,0,0
sqlite,churn,6638,12.244,0,0
sqlite,churn,6639,11.831,0,0
sqlite,churn,6640,15.117,3386819992,351
sqlite,churn,6641,13.914,0,0
sqlite,churn,6642,14.092,0,0
sqlite,churn,6643,10.771,0,0
sqlite,churn,6644,11.609,0,0
sqlite,churn,6645,12.519,0,0
sqlite,churn,6646,11.348,0,0
sqlite,churn,6647,19.141,0,0
sqlite,churn,6648,13.891,0,0
sqlite,churn,6649,12.621,0,0
sqlite,churn,6650,11.525,3387745688,243
sqlite,churn,6651,12.006,0,0
sqlite,churn,6652,13.141,0,0
sqlite,churn,6653,14.098,0,0
sqlite,churn,6654,21.111,0,0
sqlite,churn,6655,11.753,0,0
sqlite,churn,6656,10.918,0,0
sqlite,churn,6657,14.085,0,0
sqlite,churn,6658,14.162,0,0
sqlite,churn,6659,12.471,0,0
sqlite,churn,6660,10.729,3389076888,360
sqlite,churn,6661,32.848,0,0
sqlite,churn,6662,11.592,0,0
sqlite,churn,6663,12.709,0,0
sqlite,churn,6664,14.332,0,0
sqlite,churn,6665,11.501,0,0
sqlite,churn,6666,14.990,0,0
sqlite,churn,6667,15.534,0,0
sqlite,churn,6668,25.267,0,0
sqlite,churn,6669,19.726,0,0
sqlite,churn,6670,20.313,3389978008,262
sqlite,churn,6671,25.558,0,0
sqlite,churn,6672,12.338,0,0
sqlite,churn,6673,16.754,0,0
sqlite,churn,6674,12.010,0,0
sqlite,churn,6675,14.684,0,0
sqlite,churn,6676,13.033,0,0
sqlite,churn,6677,20.556,0,0
sqlite,churn,6678,12.393,0,0
sqlite,churn,6679,25.595,0,0
sqlite,churn,6680,12.431,3391133080,358
sqlite,churn,6681,13.250,0,0
sqlite,churn,6682,12.003,0,0
sqlite,churn,6683,15.834,0,0
sqlite,churn,6684,12.343,0,0
sqlite,churn,6685,22.059,0,0
sqlite,churn,6686,11.026,0,0
sqlite,churn,6687,21.034,0,0
sqlite,churn,6688,13.415,0,0
sqlite,churn,6689,12.449,0,0
sqlite,churn,6690,22.876,3391903128,263
sqlite,churn,6691,12.449,0,0
sqlite,churn,6692,11.624,0,0
sqlite,churn,6693,13.459,0,0
sqlite,churn,6694,11.558,0,0
sqlite,churn,6695,13.309,0,0
sqlite,churn,6696,14.711,0,0
sqlite,churn,6697,15.617,0,0
sqlite,churn,6698,12.498,0,0
sqlite,churn,6699,11.426,0,0
sqlite,churn,6700,12.440,3393115544,353
sqlite,churn,6701,13.089,0,0
sqlite,churn,6702,12.219,0,0
sqlite,churn,6703,14.423,0,0
sqlite,churn,6704,11.493,0,0
sqlite,churn,6705,18.075,0,0
sqlite,churn,6706,17.257,0,0
sqlite,churn,6707,18.496,0,0
sqlite,churn,6708,18.424,0,0
sqlite,churn,6709,11.797,0,0
sqlite,churn,6710,12.018,3394143640,244
sqlite,churn,6711,14.987,0,0
sqlite,churn,6712,16.424,0,0
sqlite,churn,6713,11.449,0,0
sqlite,churn,6714,15.800,0,0
sqlite,churn,6715,14.006,0,0
sqlite,churn,6716,11.992,0,0
sqlite,churn,6717,12.231,0,0
sqlite,churn,6718,12.063,0,0
sqlite,churn,6719,12.507,0,0
sqlite,churn,6720,11.191,3395454360,342
sqlite,churn,6721,11.320,0,0
sqlite,churn,6722,14.915,0,0
sqlite,churn,6723,15.995,0,0
sqlite,churn,6724,20.188,0,0
sqlite,churn,6725,14.646,0,0
sqlite,churn,6726,13.214,0,0
sqlite,churn,6727,13.399,0,0
sqlite,churn,6728,11.037,0,0
sqlite,churn,6729,11.186,0,0
sqlite,churn,6730,11.974,3396502936,251
sqlite,churn,6731,11.606,0,0
sqlite,churn,6732,22.684,0,0
sqlite,churn,6733,13.159,0,0
sqlite,churn,6734,13.732,0,0
sqlite,churn,6735,14.013,0,0
sqlite,churn,6736,16.364,0,0
sqlite,churn,6737,14.051,0,0
sqlite,churn,6738,18.088,0,0
sqlite,churn,6739,39.722,0,0
sqlite,churn,6740,25.741,3397731736,347
sqlite,churn,6741,25.839,0,0
sqlite,churn,6742,27.709,0,0
sqlite,churn,6743,23.290,0,0
sqlite,churn,6744,15.796,0,0
sqlite,churn,6745,28.459,0,0
sqlite,churn,6746,15.198,0,0
sqlite,churn,6747,12.023,0,0
sqlite,churn,6748,25.016,0,0
sqlite,churn,6749,16.447,0,0
sqlite,churn,6750,13.934,3398710680,249
sqlite,churn,6751,16.020,0,0
sqlite,churn,6752,15.890,0,0
sqlite,churn,6753,20.741,0,0
sqlite,churn,6754,35.464,0,0
sqlite,churn,6755,16.523,0,0
sqlite,churn,6756,21.662,0,0
sqlite,churn,6757,27.546,0,0
sqlite,churn,6758,23.589,0,0
sqlite,churn,6759,15.050,0,0
sqlite,churn,6760,43.742,3399939480,352
sqlite,churn,6761,14.493,0,0
sqlite,churn,6762,14.905,0,0
sqlite,churn,6763,15.239,0,0
sqlite,churn,6764,20.482,0,0
sqlite,churn,6765,37.227,0,0
sqlite,churn,6766,25.099,0,0
sqlite,churn,6767,12.500,0,0
sqlite,churn,6768,12.534,0,0
sqlite,churn,6769,15.328,0,0
sqlite,churn,6770,13.168,3400897944,258
sqlite,churn,6771,14.954,0,0
sqlite,churn,6772,25.300,0,0
sqlite,churn,6773,35.027,0,0
sqlite,churn,6774,16.999,0,0
sqlite,churn,6775,12.108,0,0
sqlite,churn,6776,18.065,0,0
sqlite,churn,6777,17.896,0,0
sqlite,churn,6778,11.565,0,0
sqlite,churn,6779,17.479,0,0
sqlite,churn,6780,18.132,3402073496,372
sqlite,churn,6781,15.300,0,0
sqlite,churn,6782,20.476,0,0
sqlite,churn,6783,14.012,0,0
sqlite,churn,6784,14.739,0,0
sqlite,churn,6785,15.071,0,0
sqlite,churn,6786,13.980,0,0
sqlite,churn,6787,12.940,0,0
sqlite,churn,6788,19.256,0,0
sqlite,churn,6789,14.497,0,0
sqlite,churn,6790,14.609,3402884504,247
sqlite,churn,6791,18.842,0,0
sqlite,churn,6792,10.916,0,0
sqlite,churn,6793,12.388,0,0
sqlite,churn,6794,14.627,0,0
sqlite,churn,6795,13.631,0,0
sqlite,churn,6796,13.728,0,0
sqlite,churn,6797,16.774,0,0
sqlite,churn,6798,12.597,0,0
sqlite,churn,6799,18.433,0,0
sqlite,churn,6800,22.645,3404125592,348
sqlite,churn,6801,15.045,0,0
sqlite,churn,6802,22.448,0,0
sqlite,churn,6803,15.672,0,0
sqlite,churn,6804,11.798,0,0
sqlite,churn,6805,16.498,0,0
sqlite,churn,6806,12.145,0,0
sqlite,churn,6807,11.768,0,0
sqlite,churn,6808,11.741,0,0
sqlite,churn,6809,11.712,0,0
sqlite,churn,6810,51.350,3405043096,256
sqlite,churn,6811,12.642,0,0
sqlite,churn,6812,16.835,0,0
sqlite,churn,6813,15.902,0,0
sqlite,churn,6814,11.353,0,0
sqlite,churn,6815,15.142,0,0
sqlite,churn,6816,11.545,0,0
sqlite,churn,6817,11.776,0,0
sqlite,churn,6818,16.209,0,0
sqlite,churn,6819,18.247,0,0
sqlite,churn,6820,15.271,3406488984,356
sqlite,churn,6821,20.384,0,0
sqlite,churn,6822,23.004,0,0
sqlite,churn,6823,13.077,0,0
sqlite,churn,6824,12.589,0,0
sqlite,churn,6825,16.422,0,0
sqlite,churn,6826,13.867,0,0
sqlite,churn,6827,19.514,0,0
sqlite,churn,6828,14.629,0,0
sqlite,churn,6829,17.369,0,0
sqlite,churn,6830,37.018,3407066520,255
sqlite,churn,6831,17.932,0,0
sqlite,churn,6832,20.736,0,0
sqlite,churn,6833,19.018,0,0
sqlite,churn,6834,14.390,0,0
sqlite,churn,6835,14.503,0,0
sqlite,churn,6836,19.964,0,0
sqlite,churn,6837,12.277,0,0
sqlite,churn,6838,14.646,0,0
sqlite,churn,6839,20.869,0,0
sqlite,churn,6840,13.323,3408180632,356
sqlite,churn,6841,13.059,0,0
sqlite,churn,6842,13.153,0,0
sqlite,churn,6843,16.023,0,0
sqlite,churn,6844,14.216,0,0
sqlite,churn,6845,12.987,0,0
sqlite,churn,6846,12.669,0,0
sqlite,churn,6847,12.552,0,0
sqlite,churn,6848,13.873,0,0
sqlite,churn,6849,15.364,0,0
sqlite,churn,6850,22.997,3409028504,245
sqlite,churn,6851,13.997,0,0
sqlite,churn,6852,15.472,0,0
sqlite,churn,6853,12.661,0,0
sqlite,churn,6854,13.589,0,0
sqlite,churn,6855,18.227,0,0
sqlite,churn,6856,17.997,0,0
sqlite,churn,6857,14.627,0,0
sqlite,churn,6858,22.299,0,0
sqlite,churn,6859,11.173,0,0
sqlite,churn,6860,11.882,3410384280,361
sqlite,churn,6861,13.748,0,0
sqlite,churn,6862,14.271,0,0
sqlite,churn,6863,16.145,0,0
sqlite,churn,6864,13.167,0,0
sqlite,churn,6865,12.679,0,0
sqlite,churn,6866,16.893,0,0
sqlite,churn,6867,14.896,0,0
sqlite,churn,6868,17.391,0,0
sqlite,churn,6869,24.041,0,0
sqlite,churn,6870,11.431,3411322264,274
sqlite,churn,6871,12.214,0,0
sqlite,churn,6872,13.154,0,0
sqlite,churn,6873,22.638,0,0
sqlite,churn,6874,28.324,0,0
sqlite,churn,6875,35.560,0,0
sqlite,churn,6876,13.000,0,0
sqlite,churn,6877,12.938,0,0
sqlite,churn,6878,12.604,0,0
sqlite,churn,6879,11.945,0,0
sqlite,churn,6880,12.410,3412407704,346
sqlite,churn,6881,16.147,0,0
sqlite,churn,6882,12.225,0,0
sqlite,churn,6883,12.920,0,0
sqlite,churn,6884,11.258,0,0
sqlite,churn,6885,13.602,0,0
sqlite,churn,6886,17.291,0,0
sqlite,churn,6887,14.765,0,0
sqlite,churn,6888,32.043,0,0
sqlite,churn,6889,13.032,0,0
sqlite,churn,6890,13.759,3413452184,273
sqlite,churn,6891,18.565,0,0
sqlite,churn,6892,20.580,0,0
sqlite,churn,6893,14.347,0,0
sqlite,churn,6894,16.337,0,0
sqlite,churn,6895,14.180,0,0
sqlite,churn,6896,11.248,0,0
sqlite,churn,6897,12.558,0,0
sqlite,churn,6898,12.838,0,0
sqlite,churn,6899,15.195,0,0
sqlite,churn,6900,19.011,3414975896,343
sqlite,churn,6901,26.942,0,0
sqlite,churn,6902,21.931,0,0
sqlite,churn,6903,27.658,0,0
sqlite,churn,6904,12.361,0,0
sqlite,churn,6905,18.751,0,0
sqlite,churn,6906,14.958,0,0
sqlite,churn,6907,18.389,0,0
sqlite,churn,6908,18.658,0,0
sqlite,churn,6909,21.310,0,0
sqlite,churn,6910,14.270,3415942552,244
sqlite,churn,6911,14.633,0,0
sqlite,churn,6912,29.301,0,0
sqlite,churn,6913,14.159,0,0
sqlite,churn,6914,16.087,0,0
sqlite,churn,6915,16.501,0,0
sqlite,churn,6916,16.570,0,0
sqlite,churn,6917,21.772,0,0
sqlite,churn,6918,14.666,0,0
sqlite,churn,6919,20.041,0,0
sqlite,churn,6920,16.660,3417163160,352
sqlite,churn,6921,18.935,0,0
sqlite,churn,6922,21.022,0,0
sqlite,churn,6923,16.223,0,0
sqlite,churn,6924,25.325,0,0
sqlite,churn,6925,16.963,0,0
sqlite,churn,6926,15.411,0,0
sqlite,churn,6927,16.078,0,0
sqlite,churn,6928,13.678,0,0
sqlite,churn,6929,14.817,0,0
sqlite,churn,6930,26.169,3418334616,258
sqlite,churn,6931,17.666,0,0
sqlite,churn,6932,18.972,0,0
sqlite,churn,6933,11.012,0,0
sqlite,churn,6934,16.717,0,0
sqlite,churn,6935,15.618,0,0
sqlite,churn,6936,12.763,0,0
sqlite,churn,6937,16.399,0,0
sqlite,churn,6938,13.797,0,0
sqlite,churn,6939,19.250,0,0
sqlite,churn,6940,16.059,3419481496,338
sqlite,churn,6941,17.579,0,0
sqlite,churn,6942,14.754,0,0
sqlite,churn,6943,16.560,0,0
sqlite,churn,6944,13.091,0,0
sqlite,churn,6945,17.584,0,0
sqlite,churn,6946,22.135,0,0
sqlite,churn,6947,28.223,0,0
sqlite,churn,6948,14.309,0,0
sqlite,churn,6949,14.560,0,0
sqlite,churn,6950,24.109,3420431768,264
sqlite,churn,6951,14.445,0,0
sqlite,churn,6952,14.142,0,0
sqlite,churn,6953,20.960,0,0
sqlite,churn,6954,14.550,0,0
sqlite,churn,6955,15.628,0,0
sqlite,churn,6956,22.354,0,0
sqlite,churn,6957,20.079,0,0
sqlite,churn,6958,11.478,0,0
sqlite,churn,6959,15.867,0,0
sqlite,churn,6960,20.725,3421668760,357
sqlite,churn,6961,17.031,0,0
sqlite,churn,6962,19.540,0,0
sqlite,churn,6963,12.422,0,0
sqlite,churn,6964,13.318,0,0
sqlite,churn,6965,14.846,0,0
sqlite,churn,6966,12.289,0,0
sqlite,churn,6967,17.383,0,0
sqlite,churn,6968,38.609,0,0
sqlite,churn,6969,17.634,0,0
sqlite,churn,6970,23.820,3422754200,251
sqlite,churn,6971,16.298,0,0
sqlite,churn,6972,11.043,0,0
sqlite,churn,6973,17.602,0,0
sqlite,churn,6974,22.925,0,0
sqlite,churn,6975,31.252,0,0
sqlite,churn,6976,37.467,0,0
sqlite,churn,6977,17.280,0,0
sqlite,churn,6978,21.458,0,0
sqlite,churn,6979,23.641,0,0
sqlite,churn,6980,17.163,3424093592,344
sqlite,churn,6981,23.483,0,0
sqlite,churn,6982,17.504,0,0
sqlite,churn,6983,15.369,0,0
sqlite,churn,6984,11.909,0,0
sqlite,churn,6985,14.394,0,0
sqlite,churn,6986,12.746,0,0
sqlite,churn,6987,15.327,0,0
sqlite,churn,6988,25.082,0,0
sqlite,churn,6989,15.407,0,0
sqlite,churn,6990,38.165,3424966040,258
sqlite,churn,6991,20.622,0,0
sqlite,churn,6992,19.238,0,0
sqlite,churn,6993,20.106,0,0
sqlite,churn,6994,13.930,0,0
sqlite,churn,6995,15.771,0,0
sqlite,churn,6996,16.665,0,0
sqlite,churn,6997,17.309,0,0
sqlite,churn,6998,19.997,0,0
sqlite,churn,6999,12.695,0,0
sqlite,churn,7000,16.529,3426354584,355
sqlite,churn,7001,15.257,0,0
sqlite,churn,7002,13.595,0,0
sqlite,churn,7003,15.984,0,0
sqlite,churn,7004,22.404,0,0
sqlite,churn,7005,14.204,0,0
sqlite,churn,7006,12.930,0,0
sqlite,churn,7007,21.211,0,0
sqlite,churn,7008,15.061,0,0
sqlite,churn,7009,24.819,0,0
sqlite,churn,7010,42.210,3427231128,266
sqlite,churn,7011,22.275,0,0
sqlite,churn,7012,19.304,0,0
sqlite,churn,7013,16.408,0,0
sqlite,churn,7014,26.002,0,0
sqlite,churn,7015,20.012,0,0
sqlite,churn,7016,18.705,0,0
sqlite,churn,7017,16.781,0,0
sqlite,churn,7018,14.131,0,0
sqlite,churn,7019,17.998,0,0
sqlite,churn,7020,18.275,3428521368,352
sqlite,churn,7021,13.480,0,0
sqlite,churn,7022,13.485,0,0
sqlite,churn,7023,15.419,0,0
sqlite,churn,7024,16.173,0,0
sqlite,churn,7025,16.006,0,0
sqlite,churn,7026,14.583,0,0
sqlite,churn,7027,15.180,0,0
sqlite,churn,7028,16.415,0,0
sqlite,churn,7029,16.156,0,0
sqlite,churn,7030,13.889,3429303704,257
sqlite,churn,7031,15.458,0,0
sqlite,churn,7032,11.111,0,0
sqlite,churn,7033,11.932,0,0
sqlite,churn,7034,10.378,0,0
sqlite,churn,7035,11.329,0,0
sqlite,churn,7036,13.833,0,0
sqlite,churn,7037,12.378,0,0
sqlite,churn,7038,12.180,0,0
sqlite,churn,7039,12.109,0,0
sqlite,churn,7040,13.093,3430471064,354
sqlite,churn,7041,12.395,0,0
sqlite,churn,7042,11.199,0,0
sqlite,churn,7043,11.476,0,0
sqlite,churn,7044,12.210,0,0
sqlite,churn,7045,12.403,0,0
sqlite,churn,7046,11.571,0,0
sqlite,churn,7047,9.935,0,0
sqlite,churn,7048,11.959,0,0
sqlite,churn,7049,11.870,0,0
sqlite,churn,7050,11.470,3431507352,279
sqlite,churn,7051,10.464,0,0
sqlite,churn,7052,15.129,0,0
sqlite,churn,7053,11.706,0,0
sqlite,churn,7054,13.207,0,0
sqlite,churn,7055,13.891,0,0
sqlite,churn,7056,11.224,0,0
sqlite,churn,7057,11.681,0,0
sqlite,churn,7058,11.644,0,0
sqlite,churn,7059,11.311,0,0
sqlite,churn,7060,10.849,3432744344,358
sqlite,churn,7061,10.867,0,0
sqlite,churn,7062,12.913,0,0
sqlite,churn,7063,15.276,0,0
sqlite,churn,7064,13.421,0,0
sqlite,churn,7065,13.215,0,0
sqlite,churn,7066,16.064,0,0
sqlite,churn,7067,13.994,0,0
sqlite,churn,7068,11.987,0,0
sqlite,churn,7069,16.621,0,0
sqlite,churn,7070,16.675,3433571736,270
sqlite,churn,7071,12.917,0,0
sqlite,churn,7072,11.849,0,0
sqlite,churn,7073,12.582,0,0
sqlite,churn,7074,14.945,0,0
sqlite,churn,7075,11.434,0,0
sqlite,churn,7076,10.053,0,0
sqlite,churn,7077,10.753,0,0
sqlite,churn,7078,12.653,0,0
sqlite,churn,7079,11.294,0,0
sqlite,churn,7080,10.710,3434739096,351
sqlite,churn,7081,14.324,0,0
sqlite,churn,7082,32.763,0,0
sqlite,churn,7083,13.377,0,0
sqlite,churn,7084,10.871,0,0
sqlite,churn,7085,11.710,0,0
sqlite,churn,7086,12.965,0,0
sqlite,churn,7087,10.585,0,0
sqlite,churn,7088,10.579,0,0
sqlite,churn,7089,14.669,0,0
sqlite,churn,7090,12.976,3435619736,248
sqlite,churn,7091,12.442,0,0
sqlite,churn,7092,13.398,0,0
sqlite,churn,7093,23.063,0,0
sqlite,churn,7094,9.781,0,0
sqlite,churn,7095,10.145,0,0
sqlite,churn,7096,9.739,0,0
sqlite,churn,7097,10.964,0,0
sqlite,churn,7098,9.867,0,0
sqlite,churn,7099,11.111,0,0
sqlite,churn,7100,11.573,3437016472,345
sqlite,churn,7101,18.781,0,0
sqlite,churn,7102,25.880,0,0
sqlite,churn,7103,13.891,0,0
sqlite,churn,7104,12.457,0,0
sqlite,churn,7105,14.469,0,0
sqlite,churn,7106,11.702,0,0
sqlite,churn,7107,10.521,0,0
sqlite,churn,7108,10.638,0,0
sqlite,churn,7109,10.765,0,0
sqlite,churn,7110,11.955,3437671832,245
sqlite,churn,7111,11.360,0,0
sqlite,churn,7112,9.844,0,0
sqlite,churn,7113,9.444,0,0
sqlite,churn,7114,14.080,0,0
sqlite,churn,7115,22.319,0,0
sqlite,churn,7116,18.358,0,0
sqlite,churn,7117,14.374,0,0
sqlite,churn,7118,17.200,0,0
sqlite,churn,7119,15.451,0,0
sqlite,churn,7120,18.429,3438904728,353
sqlite,churn,7121,13.877,0,0
sqlite,churn,7122,11.982,0,0
sqlite,churn,7123,11.801,0,0
sqlite,churn,7124,12.012,0,0
sqlite,churn,7125,12.345,0,0
sqlite,churn,7126,12.479,0,0
sqlite,churn,7127,15.348,0,0
sqlite,churn,7128,11.101,0,0
sqlite,churn,7129,12.409,0,0
sqlite,churn,7130,12.300,3439793560,240
sqlite,churn,7131,18.945,0,0
sqlite,churn,7132,18.771,0,0
sqlite,churn,7133,25.657,0,0
sqlite,churn,7134,18.100,0,0
sqlite,churn,7135,28.322,0,0
sqlite,churn,7136,14.131,0,0
sqlite,churn,7137,12.218,0,0
sqlite,churn,7138,12.733,0,0
sqlite,churn,7139,11.645,0,0
sqlite,churn,7140,11.818,3441239448,368
sqlite,churn,7141,16.113,0,0
sqlite,churn,7142,15.963,0,0
sqlite,churn,7143,12.710,0,0
sqlite,churn,7144,10.525,0,0
sqlite,churn,7145,11.329,0,0
sqlite,churn,7146,15.596,0,0
sqlite,churn,7147,13.040,0,0
sqlite,churn,7148,11.173,0,0
sqlite,churn,7149,13.996,0,0
sqlite,churn,7150,12.281,3442132376,249
sqlite,churn,7151,14.354,0,0
sqlite,churn,7152,18.118,0,0
sqlite,churn,7153,12.836,0,0
sqlite,churn,7154,37.869,0,0
sqlite,churn,7155,22.052,0,0
sqlite,churn,7156,21.782,0,0
sqlite,churn,7157,13.064,0,0
sqlite,churn,7158,12.604,0,0
sqlite,churn,7159,15.855,0,0
sqlite,churn,7160,12.130,3443357080,358
sqlite,churn,7161,14.597,0,0
sqlite,churn,7162,13.258,0,0
sqlite,churn,7163,13.495,0,0
sqlite,churn,7164,15.787,0,0
sqlite,churn,7165,19.664,0,0
sqlite,churn,7166,13.847,0,0
sqlite,churn,7167,12.585,0,0
sqlite,churn,7168,20.010,0,0
sqlite,churn,7169,14.848,0,0
sqlite,churn,7170,12.012,3444204952,268
sqlite,churn,7171,14.367,0,0
sqlite,churn,7172,18.156,0,0
sqlite,churn,7173,23.273,0,0
sqlite,churn,7174,15.207,0,0
sqlite,churn,7175,14.052,0,0
sqlite,churn,7176,15.448,0,0
sqlite,churn,7177,32.199,0,0
sqlite,churn,7178,15.157,0,0
sqlite,churn,7179,45.762,0,0
sqlite,churn,7180,18.638,3445548440,361
sqlite,churn,7181,28.947,0,0
sqlite,churn,7182,21.703,0,0
sqlite,churn,7183,13.698,0,0
sqlite,churn,7184,13.974,0,0
sqlite,churn,7185,14.230,0,0
sqlite,churn,7186,13.305,0,0
sqlite,churn,7187,13.365,0,0
sqlite,churn,7188,13.982,0,0
sqlite,churn,7189,14.613,0,0
sqlite,churn,7190,33.534,3446699416,256
sqlite,churn,7191,18.342,0,0
sqlite,churn,7192,14.563,0,0
sqlite,churn,7193,15.542,0,0
sqlite,churn,7194,27.442,0,0
sqlite,churn,7195,19.805,0,0
sqlite,churn,7196,13.375,0,0
sqlite,churn,7197,15.954,0,0
sqlite,churn,7198,17.284,0,0
sqlite,churn,7199,23.227,0,0
sqlite,churn,7200,20.033,3447989656,358
sqlite,churn,7201,16.589,0,0
sqlite,churn,7202,11.240,0,0
sqlite,churn,7203,13.347,0,0
sqlite,churn,7204,12.881,0,0
sqlite,churn,7205,14.642,0,0
sqlite,churn,7206,31.309,0,0
sqlite,churn,7207,21.405,0,0
sqlite,churn,7208,19.840,0,0
sqlite,churn,7209,17.291,0,0
sqlite,churn,7210,20.076,3448874392,244
sqlite,churn,7211,13.822,0,0
sqlite,churn,7212,25.513,0,0
sqlite,churn,7213,35.930,0,0
sqlite,churn,7214,55.278,0,0
sqlite,churn,7215,42.673,0,0
sqlite,churn,7216,14.980,0,0
sqlite,churn,7217,11.968,0,0
sqlite,churn,7218,21.962,0,0
sqlite,churn,7219,15.919,0,0
sqlite,churn,7220,15.104,3450168728,359
sqlite,churn,7221,22.401,0,0
sqlite,churn,7222,18.637,0,0
sqlite,churn,7223,28.804,0,0
sqlite,churn,7224,16.450,0,0
sqlite,churn,7225,14.485,0,0
sqlite,churn,7226,24.349,0,0
sqlite,churn,7227,15.691,0,0
sqlite,churn,7228,16.011,0,0
sqlite,churn,7229,16.353,0,0
sqlite,churn,7230,13.920,3450996120,253
sqlite,churn,7231,26.684,0,0
sqlite,churn,7232,28.227,0,0
sqlite,churn,7233,13.413,0,0
sqlite,churn,7234,17.248,0,0
sqlite,churn,7235,18.757,0,0
sqlite,churn,7236,21.402,0,0
sqlite,churn,7237,13.417,0,0
sqlite,churn,7238,13.157,0,0
sqlite,churn,7239,12.142,0,0
sqlite,churn,7240,11.818,3452192152,346
sqlite,churn,7241,13.290,0,0
sqlite,churn,7242,12.553,0,0
sqlite,churn,7243,18.708,0,0
sqlite,churn,7244,11.806,0,0
sqlite,churn,7245,13.451,0,0
sqlite,churn,7246,14.301,0,0
sqlite,churn,7247,14.614,0,0
sqlite,churn,7248,13.951,0,0
sqlite,churn,7249,14.106,0,0
sqlite,churn,7250,12.750,3453134232,270
sqlite,churn,7251,13.294,0,0
sqlite,churn,7252,13.276,0,0
sqlite,churn,7253,11.681,0,0
sqlite,churn,7254,12.044,0,0
sqlite,churn,7255,11.087,0,0
sqlite,churn,7256,12.348,0,0
sqlite,churn,7257,12.937,0,0
sqlite,churn,7258,15.552,0,0
sqlite,churn,7259,16.142,0,0
sqlite,churn,7260,11.453,3454383512,360
sqlite,churn,7261,16.111,0,0
sqlite,churn,7262,15.855,0,0
sqlite,churn,7263,16.049,0,0
sqlite,churn,7264,16.582,0,0
sqlite,churn,7265,16.388,0,0
sqlite,churn,7266,12.386,0,0
sqlite,churn,7267,11.146,0,0
sqlite,churn,7268,11.792,0,0
sqlite,churn,7269,13.542,0,0
sqlite,churn,7270,13.726,3455210904,260
sqlite,churn,7271,12.462,0,0
sqlite,churn,7272,13.437,0,0
sqlite,churn,7273,13.124,0,0
sqlite,churn,7274,11.462,0,0
sqlite,churn,7275,12.286,0,0
sqlite,churn,7276,11.015,0,0
sqlite,churn,7277,13.027,0,0
sqlite,churn,7278,14.207,0,0
sqlite,churn,7279,12.576,0,0
sqlite,churn,7280,12.917,3456664984,355
sqlite,churn,7281,16.530,0,0
sqlite,churn,7282,16.931,0,0
sqlite,churn,7283,13.134,0,0
sqlite,churn,7284,13.782,0,0
sqlite,churn,7285,11.332,0,0
sqlite,churn,7286,13.498,0,0
sqlite,churn,7287,13.397,0,0
sqlite,churn,7288,11.463,0,0
sqlite,churn,7289,19.082,0,0
sqlite,churn,7290,13.361,3457643928,238
sqlite,churn,7291,11.432,0,0
sqlite,churn,7292,12.099,0,0
sqlite,churn,7293,12.780,0,0
sqlite,churn,7294,12.498,0,0
sqlite,churn,7295,15.296,0,0
sqlite,churn,7296,11.389,0,0
sqlite,churn,7297,11.247,0,0
sqlite,churn,7298,14.472,0,0
sqlite,churn,7299,13.148,0,0
sqlite,churn,7300,13.074,3459061144,355
sqlite,churn,7301,14.289,0,0
sqlite,churn,7302,13.056,0,0
sqlite,churn,7303,14.447,0,0
sqlite,churn,7304,13.345,0,0
sqlite,churn,7305,16.239,0,0
sqlite,churn,7306,13.235,0,0
sqlite,churn,7307,12.771,0,0
sqlite,churn,7308,14.623,0,0
sqlite,churn,7309,14.978,0,0
sqlite,churn,7310,14.746,3460003224,249
sqlite,churn,7311,13.389,0,0
sqlite,churn,7312,10.803,0,0
sqlite,churn,7313,11.910,0,0
sqlite,churn,7314,13.345,0,0
sqlite,churn,7315,13.268,0,0
sqlite,churn,7316,13.139,0,0
sqlite,churn,7317,16.934,0,0
sqlite,churn,7318,14.270,0,0
sqlite,churn,7319,14.540,0,0
sqlite,churn,7320,16.536,3461223832,354
sqlite,churn,7321,18.507,0,0
sqlite,churn,7322,13.083,0,0
sqlite,churn,7323,13.799,0,0
sqlite,churn,7324,16.016,0,0
sqlite,churn,7325,14.708,0,0
sqlite,churn,7326,13.332,0,0
sqlite,churn,7327,13.342,0,0
sqlite,churn,7328,13.948,0,0
sqlite,churn,7329,16.704,0,0
sqlite,churn,7330,12.681,3462067608,250
sqlite,churn,7331,16.564,0,0
sqlite,churn,7332,16.764,0,0
sqlite,churn,7333,19.721,0,0
sqlite,churn,7334,14.658,0,0
sqlite,churn,7335,14.094,0,0
sqlite,churn,7336,11.226,0,0
sqlite,churn,7337,16.867,0,0
sqlite,churn,7338,12.737,0,0
sqlite,churn,7339,10.887,0,0
sqlite,churn,7340,14.907,3463525784,352
sqlite,churn,7341,11.240,0,0
sqlite,churn,7342,20.512,0,0
sqlite,churn,7343,15.618,0,0
sqlite,churn,7344,15.836,0,0
sqlite,churn,7345,13.327,0,0
sqlite,churn,7346,11.324,0,0
sqlite,churn,7347,14.476,0,0
sqlite,churn,7348,13.353,0,0
sqlite,churn,7349,15.568,0,0
sqlite,churn,7350,14.712,3464283544,261
sqlite,churn,7351,20.082,0,0
sqlite,churn,7352,13.441,0,0
sqlite,churn,7353,20.458,0,0
sqlite,churn,7354,11.605,0,0
sqlite,churn,7355,15.943,0,0
sqlite,churn,7356,11.610,0,0
sqlite,churn,7357,17.055,0,0
sqlite,churn,7358,13.527,0,0
sqlite,churn,7359,18.780,0,0
sqlite,churn,7360,12.492,3465749912,359
sqlite,churn,7361,16.841,0,0
sqlite,churn,7362,14.354,0,0
sqlite,churn,7363,13.355,0,0
sqlite,churn,7364,11.961,0,0
sqlite,churn,7365,13.239,0,0
sqlite,churn,7366,11.669,0,0
sqlite,churn,7367,11.418,0,0
sqlite,churn,7368,13.363,0,0
sqlite,churn,7369,16.867,0,0
sqlite,churn,7370,17.146,3466651032,253
sqlite,churn,7371,25.116,0,0
sqlite,churn,7372,14.919,0,0
sqlite,churn,7373,15.910,0,0
sqlite,churn,7374,13.634,0,0
sqlite,churn,7375,11.601,0,0
sqlite,churn,7376,13.920,0,0
sqlite,churn,7377,13.098,0,0
sqlite,churn,7378,11.675,0,0
sqlite,churn,7379,12.805,0,0
sqlite,churn,7380,14.846,3467969944,361
sqlite,churn,7381,19.098,0,0
sqlite,churn,7382,12.238,0,0
sqlite,churn,7383,11.350,0,0
sqlite,churn,7384,12.849,0,0
sqlite,churn,7385,17.857,0,0
sqlite,churn,7386,13.819,0,0
sqlite,churn,7387,13.008,0,0
sqlite,churn,7388,15.115,0,0
sqlite,churn,7389,12.217,0,0
sqlite,churn,7390,13.907,3468887448,244
sqlite,churn,7391,11.970,0,0
sqlite,churn,7392,12.326,0,0
sqlite,churn,7393,16.917,0,0
sqlite,churn,7394,21.202,0,0
sqlite,churn,7395,11.959,0,0
sqlite,churn,7396,11.945,0,0
sqlite,churn,7397,14.349,0,0
sqlite,churn,7398,15.764,0,0
sqlite,churn,7399,17.576,0,0
sqlite,churn,7400,18.995,3470374296,362
sqlite,churn,7401,12.639,0,0
sqlite,churn,7402,11.642,0,0
sqlite,churn,7403,14.127,0,0
sqlite,churn,7404,12.854,0,0
sqlite,churn,7405,13.033,0,0
sqlite,churn,7406,14.865,0,0
sqlite,churn,7407,12.198,0,0
sqlite,churn,7408,13.435,0,0
sqlite,churn,7409,25.243,0,0
sqlite,churn,7410,14.602,3471156632,271
sqlite,churn,7411,15.212,0,0
sqlite,churn,7412,13.462,0,0
sqlite,churn,7413,15.766,0,0
sqlite,churn,7414,12.478,0,0
sqlite,churn,7415,16.770,0,0
sqlite,churn,7416,16.617,0,0
sqlite,churn,7417,17.183,0,0
sqlite,churn,7418,15.902,0,0
sqlite,churn,7419,15.976,0,0
sqlite,churn,7420,21.115,3472221592,361
sqlite,churn,7421,15.012,0,0
sqlite,churn,7422,16.159,0,0
sqlite,churn,7423,15.801,0,0
sqlite,churn,7424,14.708,0,0
sqlite,churn,7425,13.751,0,0
sqlite,churn,7426,18.242,0,0
sqlite,churn,7427,16.849,0,0
sqlite,churn,7428,13.624,0,0
sqlite,churn,7429,12.339,0,0
sqlite,churn,7430,12.423,3473008024,263
sqlite,churn,7431,14.881,0,0
sqlite,churn,7432,12.429,0,0
sqlite,churn,7433,13.371,0,0
sqlite,churn,7434,10.867,0,0
sqlite,churn,7435,15.783,0,0
sqlite,churn,7436,13.013,0,0
sqlite,churn,7437,16.834,0,0
sqlite,churn,7438,11.858,0,0
sqlite,churn,7439,13.853,0,0
sqlite,churn,7440,13.074,3474249112,353
sqlite,churn,7441,12.063,0,0
sqlite,churn,7442,12.855,0,0
sqlite,churn,7443,22.106,0,0
sqlite,churn,7444,12.921,0,0
sqlite,churn,7445,14.276,0,0
sqlite,churn,7446,16.691,0,0
sqlite,churn,7447,17.714,0,0
sqlite,churn,7448,13.730,0,0
sqlite,churn,7449,12.791,0,0
sqlite,churn,7450,12.289,3475146136,247
sqlite,churn,7451,15.556,0,0
sqlite,churn,7452,14.887,0,0
sqlite,churn,7453,15.204,0,0
sqlite,churn,7454,12.079,0,0
sqlite,churn,7455,17.771,0,0
sqlite,churn,7456,12.565,0,0
sqlite,churn,7457,17.113,0,0
sqlite,churn,7458,11.197,0,0
sqlite,churn,7459,12.108,0,0
sqlite,churn,7460,10.761,3476481432,368
sqlite,churn,7461,13.567,0,0
sqlite,churn,7462,10.938,0,0
sqlite,churn,7463,14.424,0,0
sqlite,churn,7464,11.325,0,0
sqlite,churn,7465,12.796,0,0
sqlite,churn,7466,12.349,0,0
sqlite,churn,7467,19.649,0,0
sqlite,churn,7468,30.492,0,0
sqlite,churn,7469,33.628,0,0
sqlite,churn,7470,24.063,3477468568,242
sqlite,churn,7471,36.127,0,0
sqlite,churn,7472,31.395,0,0
sqlite,churn,7473,53.943,0,0
sqlite,churn,7474,18.429,0,0
sqlite,churn,7475,17.158,0,0
sqlite,churn,7476,22.923,0,0
sqlite,churn,7477,15.142,0,0
sqlite,churn,7478,12.602,0,0
sqlite,churn,7479,15.962,0,0
sqlite,churn,7480,11.486,3478857112,349
sqlite,churn,7481,12.025,0,0
sqlite,churn,7482,17.751,0,0
sqlite,churn,7483,13.131,0,0
sqlite,churn,7484,16.249,0,0
sqlite,churn,7485,33.369,0,0
sqlite,churn,7486,15.526,0,0
sqlite,churn,7487,14.140,0,0
sqlite,churn,7488,11.010,0,0
sqlite,churn,7489,17.003,0,0
sqlite,churn,7490,16.014,3479766424,272
sqlite,churn,7491,23.082,0,0
sqlite,churn,7492,14.455,0,0
sqlite,churn,7493,12.705,0,0
sqlite,churn,7494,12.979,0,0
sqlite,churn,7495,15.378,0,0
sqlite,churn,7496,15.602,0,0
sqlite,churn,7497,13.004,0,0
sqlite,churn,7498,16.324,0,0
sqlite,churn,7499,12.057,0,0
sqlite,churn,7500,15.700,3480872344,351
sqlite,churn,7501,14.817,0,0
sqlite,churn,7502,11.268,0,0
sqlite,churn,7503,12.439,0,0
sqlite,churn,7504,13.098,0,0
sqlite,churn,7505,12.042,0,0
sqlite,churn,7506,13.363,0,0
sqlite,churn,7507,12.849,0,0
sqlite,churn,7508,14.571,0,0
sqlite,churn,7509,11.049,0,0
sqlite,churn,7510,13.518,3481744792,257
sqlite,churn,7511,12.822,0,0
sqlite,churn,7512,11.756,0,0
sqlite,churn,7513,11.353,0,0
sqlite,churn,7514,14.288,0,0
sqlite,churn,7515,12.659,0,0
sqlite,churn,7516,14.088,0,0
sqlite,churn,7517,12.835,0,0
sqlite,churn,7518,25.557,0,0
sqlite,churn,7519,14.312,0,0
sqlite,churn,7520,11.831,3483088280,351
sqlite,churn,7521,15.608,0,0
sqlite,churn,7522,12.660,0,0
sqlite,churn,7523,12.596,0,0
sqlite,churn,7524,23.548,0,0
sqlite,churn,7525,11.973,0,0
sqlite,churn,7526,13.127,0,0
sqlite,churn,7527,18.350,0,0
sqlite,churn,7528,21.156,0,0
sqlite,churn,7529,13.695,0,0
sqlite,churn,7530,13.363,3483755928,263
sqlite,churn,7531,12.044,0,0
sqlite,churn,7532,12.771,0,0
sqlite,churn,7533,13.782,0,0
sqlite,churn,7534,13.423,0,0
sqlite,churn,7535,13.275,0,0
sqlite,churn,7536,12.115,0,0
sqlite,churn,7537,16.896,0,0
sqlite,churn,7538,13.161,0,0
sqlite,churn,7539,15.752,0,0
sqlite,churn,7540,13.640,3484968344,359
sqlite,churn,7541,18.212,0,0
sqlite,churn,7542,11.860,0,0
sqlite,churn,7543,11.778,0,0
sqlite,churn,7544,16.854,0,0
sqlite,churn,7545,11.206,0,0
sqlite,churn,7546,13.169,0,0
sqlite,churn,7547,16.476,0,0
sqlite,churn,7548,12.849,0,0
sqlite,churn,7549,12.908,0,0
sqlite,churn,7550,12.227,3485873560,256
sqlite,churn,7551,13.113,0,0
sqlite,churn,7552,13.120,0,0
sqlite,churn,7553,15.343,0,0
sqlite,churn,7554,13.372,0,0
sqlite,churn,7555,13.249,0,0
sqlite,churn,7556,13.461,0,0
sqlite,churn,7557,22.249,0,0
sqlite,churn,7558,22.012,0,0
sqlite,churn,7559,28.250,0,0
sqlite,churn,7560,26.755,3487171992,360
sqlite,churn,7561,19.533,0,0
sqlite,churn,7562,13.771,0,0
sqlite,churn,7563,13.378,0,0
sqlite,churn,7564,16.976,0,0
sqlite,churn,7565,13.368,0,0
sqlite,churn,7566,32.769,0,0
sqlite,churn,7567,12.789,0,0
sqlite,churn,7568,15.774,0,0
sqlite,churn,7569,16.333,0,0
sqlite,churn,7570,13.181,3488048536,246
sqlite,churn,7571,13.281,0,0
sqlite,churn,7572,13.321,0,0
sqlite,churn,7573,13.887,0,0
sqlite,churn,7574,11.572,0,0
sqlite,churn,7575,12.830,0,0
sqlite,churn,7576,13.192,0,0
sqlite,churn,7577,11.169,0,0
sqlite,churn,7578,11.441,0,0
sqlite,churn,7579,13.070,0,0
sqlite,churn,7580,13.141,3489256856,349
sqlite,churn,7581,13.364,0,0
sqlite,churn,7582,11.623,0,0
sqlite,churn,7583,13.591,0,0
sqlite,churn,7584,13.288,0,0
sqlite,churn,7585,10.809,0,0
sqlite,churn,7586,12.687,0,0
sqlite,churn,7587,13.657,0,0
sqlite,churn,7588,12.269,0,0
sqlite,churn,7589,14.546,0,0
sqlite,churn,7590,14.120,3490243992,259
sqlite,churn,7591,13.730,0,0
sqlite,churn,7592,18.495,0,0
sqlite,churn,7593,12.181,0,0
sqlite,churn,7594,13.202,0,0
sqlite,churn,7595,11.531,0,0
sqlite,churn,7596,11.034,0,0
sqlite,churn,7597,12.321,0,0
sqlite,churn,7598,15.068,0,0
sqlite,churn,7599,11.283,0,0
sqlite,churn,7600,12.937,3491550616,371
sqlite,churn,7601,12.647,0,0
sqlite,churn,7602,11.483,0,0
sqlite,churn,7603,12.306,0,0
sqlite,churn,7604,13.596,0,0
sqlite,churn,7605,10.948,0,0
sqlite,churn,7606,14.754,0,0
sqlite,churn,7607,14.217,0,0
sqlite,churn,7608,13.678,0,0
sqlite,churn,7609,17.773,0,0
sqlite,churn,7610,12.375,3492296088,247
sqlite,churn,7611,13.465,0,0
sqlite,churn,7612,11.599,0,0
sqlite,churn,7613,14.052,0,0
sqlite,churn,7614,18.765,0,0
sqlite,churn,7615,18.138,0,0
sqlite,churn,7616,16.012,0,0
sqlite,churn,7617,12.806,0,0
sqlite,churn,7618,11.551,0,0
sqlite,churn,7619,11.137,0,0
sqlite,churn,7620,13.636,3493516696,350
sqlite,churn,7621,12.764,0,0
sqlite,churn,7622,14.390,0,0
sqlite,churn,7623,12.757,0,0
sqlite,churn,7624,17.582,0,0
sqlite,churn,7625,13.709,0,0
sqlite,churn,7626,13.516,0,0
sqlite,churn,7627,12.356,0,0
sqlite,churn,7628,11.647,0,0
sqlite,churn,7629,13.000,0,0
sqlite,churn,7630,11.080,3494471064,257
sqlite,churn,7631,12.082,0,0
sqlite,churn,7632,32.738,0,0
sqlite,churn,7633,13.759,0,0
sqlite,churn,7634,19.608,0,0
sqlite,churn,7635,13.440,0,0
sqlite,churn,7636,17.263,0,0
sqlite,churn,7637,13.700,0,0
sqlite,churn,7638,13.284,0,0
sqlite,churn,7639,12.531,0,0
sqlite,churn,7640,18.401,3495642520,363
sqlite,churn,7641,14.863,0,0
sqlite,churn,7642,12.535,0,0
sqlite,churn,7643,16.813,0,0
sqlite,churn,7644,11.974,0,0
sqlite,churn,7645,11.054,0,0
sqlite,churn,7646,12.515,0,0
sqlite,churn,7647,12.611,0,0
sqlite,churn,7648,12.429,0,0
sqlite,churn,7649,11.349,0,0
sqlite,churn,7650,21.622,3496117656,257
sqlite,churn,7651,29.321,0,0
sqlite,churn,7652,24.466,0,0
sqlite,churn,7653,20.387,0,0
sqlite,churn,7654,12.164,0,0
sqlite,churn,7655,13.681,0,0
sqlite,churn,7656,15.547,0,0
sqlite,churn,7657,12.520,0,0
sqlite,churn,7658,13.581,0,0
sqlite,churn,7659,12.331,0,0
sqlite,churn,7660,11.389,3497477528,346
sqlite,churn,7661,16.862,0,0
sqlite,churn,7662,15.474,0,0
sqlite,churn,7663,16.253,0,0
sqlite,churn,7664,15.116,0,0
sqlite,churn,7665,18.683,0,0
sqlite,churn,7666,15.298,0,0
sqlite,churn,7667,14.945,0,0
sqlite,churn,7668,18.040,0,0
sqlite,churn,7669,40.933,0,0
sqlite,churn,7670,14.923,3498251672,251
sqlite,churn,7671,14.893,0,0
sqlite,churn,7672,13.363,0,0
sqlite,churn,7673,18.259,0,0
sqlite,churn,7674,12.155,0,0
sqlite,churn,7675,14.421,0,0
sqlite,churn,7676,13.599,0,0
sqlite,churn,7677,12.941,0,0
sqlite,churn,7678,12.421,0,0
sqlite,churn,7679,17.503,0,0
sqlite,churn,7680,15.868,3499509144,362
sqlite,churn,7681,14.041,0,0
sqlite,churn,7682,21.648,0,0
sqlite,churn,7683,13.985,0,0
sqlite,churn,7684,12.954,0,0
sqlite,churn,7685,13.415,0,0
sqlite,churn,7686,12.122,0,0
sqlite,churn,7687,13.861,0,0
sqlite,churn,7688,11.218,0,0
sqlite,churn,7689,12.569,0,0
sqlite,churn,7690,14.563,3500529048,256
sqlite,churn,7691,15.021,0,0
sqlite,churn,7692,12.227,0,0
sqlite,churn,7693,16.638,0,0
sqlite,churn,7694,13.738,0,0
sqlite,churn,7695,24.771,0,0
sqlite,churn,7696,15.754,0,0
sqlite,churn,7697,12.692,0,0
sqlite,churn,7698,21.438,0,0
sqlite,churn,7699,25.720,0,0
sqlite,churn,7700,12.100,3501733272,347
sqlite,churn,7701,13.684,0,0
sqlite,churn,7702,11.683,0,0
sqlite,churn,7703,15.276,0,0
sqlite,churn,7704,13.313,0,0
sqlite,churn,7705,11.612,0,0
sqlite,churn,7706,12.549,0,0
sqlite,churn,7707,15.800,0,0
sqlite,churn,7708,13.306,0,0
sqlite,churn,7709,12.697,0,0
sqlite,churn,7710,14.737,3502630296,250
sqlite,churn,7711,12.464,0,0
sqlite,churn,7712,11.168,0,0
sqlite,churn,7713,13.539,0,0
sqlite,churn,7714,15.562,0,0
sqlite,churn,7715,11.686,0,0
sqlite,churn,7716,15.136,0,0
sqlite,churn,7717,29.710,0,0
sqlite,churn,7718,27.557,0,0
sqlite,churn,7719,19.979,0,0
sqlite,churn,7720,21.373,3503855000,339
sqlite,churn,7721,16.814,0,0
sqlite,churn,7722,34.110,0,0
sqlite,churn,7723,33.110,0,0
sqlite,churn,7724,27.566,0,0
sqlite,churn,7725,17.885,0,0
sqlite,churn,7726,18.611,0,0
sqlite,churn,7727,15.917,0,0
sqlite,churn,7728,27.486,0,0
sqlite,churn,7729,38.445,0,0
sqlite,churn,7730,25.877,3504629144,239
sqlite,churn,7731,28.499,0,0
sqlite,churn,7732,22.678,0,0
sqlite,churn,7733,18.084,0,0
sqlite,churn,7734,16.108,0,0
sqlite,churn,7735,16.623,0,0
sqlite,churn,7736,41.488,0,0
sqlite,churn,7737,23.056,0,0
sqlite,churn,7738,19.641,0,0
sqlite,churn,7739,17.199,0,0
sqlite,churn,7740,33.414,3506169240,339
sqlite,churn,7741,46.645,0,0
sqlite,churn,7742,30.421,0,0
sqlite,churn,7743,36.118,0,0
sqlite,churn,7744,42.242,0,0
sqlite,churn,7745,23.772,0,0
sqlite,churn,7746,30.333,0,0
sqlite,churn,7747,20.530,0,0
sqlite,churn,7748,21.880,0,0
sqlite,churn,7749,24.648,0,0
sqlite,churn,7750,14.002,3506951576,241
sqlite,churn,7751,15.138,0,0
sqlite,churn,7752,15.786,0,0
sqlite,churn,7753,37.103,0,0
sqlite,churn,7754,19.777,0,0
sqlite,churn,7755,13.581,0,0
sqlite,churn,7756,18.772,0,0
sqlite,churn,7757,15.909,0,0
sqlite,churn,7758,17.167,0,0
sqlite,churn,7759,12.671,0,0
sqlite,churn,7760,27.767,3508454808,355
sqlite,churn,7761,36.684,0,0
sqlite,churn,7762,42.835,0,0
sqlite,churn,7763,25.462,0,0
sqlite,churn,7764,13.844,0,0
sqlite,churn,7765,22.344,0,0
sqlite,churn,7766,36.512,0,0
sqlite,churn,7767,23.543,0,0
sqlite,churn,7768,27.794,0,0
sqlite,churn,7769,23.277,0,0
sqlite,churn,7770,14.313,3509372312,247
sqlite,churn,7771,21.349,0,0
sqlite,churn,7772,17.061,0,0
sqlite,churn,7773,21.604,0,0
sqlite,churn,7774,23.918,0,0
sqlite,churn,7775,16.868,0,0
sqlite,churn,7776,27.656,0,0
sqlite,churn,7777,23.190,0,0
sqlite,churn,7778,25.137,0,0
sqlite,churn,7779,14.216,0,0
sqlite,churn,7780,18.764,3510662552,344
sqlite,churn,7781,17.109,0,0
sqlite,churn,7782,17.948,0,0
sqlite,churn,7783,13.836,0,0
sqlite,churn,7784,16.602,0,0
sqlite,churn,7785,19.611,0,0
sqlite,churn,7786,29.422,0,0
sqlite,churn,7787,13.720,0,0
sqlite,churn,7788,14.092,0,0
sqlite,churn,7789,12.394,0,0
sqlite,churn,7790,15.510,3511616920,241
sqlite,churn,7791,18.008,0,0
sqlite,churn,7792,14.913,0,0
sqlite,churn,7793,16.094,0,0
sqlite,churn,7794,15.246,0,0
sqlite,churn,7795,29.631,0,0
sqlite,churn,7796,13.776,0,0
sqlite,churn,7797,14.176,0,0
sqlite,churn,7798,14.690,0,0
sqlite,churn,7799,14.091,0,0
sqlite,churn,7800,20.881,3512968600,352
sqlite,churn,7801,17.904,0,0
sqlite,churn,7802,19.556,0,0
sqlite,churn,7803,19.451,0,0
sqlite,churn,7804,13.944,0,0
sqlite,churn,7805,13.426,0,0
sqlite,churn,7806,14.754,0,0
sqlite,churn,7807,14.740,0,0
sqlite,churn,7808,14.834,0,0
sqlite,churn,7809,13.268,0,0
sqlite,churn,7810,19.670,3513767320,243
sqlite,churn,7811,13.045,0,0
sqlite,churn,7812,12.142,0,0
sqlite,churn,7813,13.133,0,0
sqlite,churn,7814,15.412,0,0
sqlite,churn,7815,14.569,0,0
sqlite,churn,7816,14.796,0,0
sqlite,churn,7817,12.381,0,0
sqlite,churn,7818,22.833,0,0
sqlite,churn,7819,16.145,0,0
sqlite,churn,7820,12.761,3514918296,350
sqlite,churn,7821,14.284,0,0
sqlite,churn,7822,33.331,0,0
sqlite,churn,7823,14.455,0,0
sqlite,churn,7824,18.679,0,0
sqlite,churn,7825,17.459,0,0
sqlite,churn,7826,13.607,0,0
sqlite,churn,7827,12.553,0,0
sqlite,churn,7828,10.995,0,0
sqlite,churn,7829,14.518,0,0
sqlite,churn,7830,13.093,3515864472,249
sqlite,churn,7831,11.996,0,0
sqlite,churn,7832,12.141,0,0
sqlite,churn,7833,15.204,0,0
sqlite,churn,7834,13.316,0,0
sqlite,churn,7835,16.575,0,0
sqlite,churn,7836,12.681,0,0
sqlite,churn,7837,18.307,0,0
sqlite,churn,7838,12.592,0,0
sqlite,churn,7839,12.981,0,0
sqlite,churn,7840,12.011,3517257112,356
sqlite,churn,7841,14.201,0,0
sqlite,churn,7842,17.028,0,0
sqlite,churn,7843,14.530,0,0
sqlite,churn,7844,28.425,0,0
sqlite,churn,7845,20.268,0,0
sqlite,churn,7846,14.403,0,0
sqlite,churn,7847,17.419,0,0
sqlite,churn,7848,17.222,0,0
sqlite,churn,7849,12.373,0,0
sqlite,churn,7850,15.915,3518150040,250
sqlite,churn,7851,18.862,0,0
sqlite,churn,7852,20.310,0,0
sqlite,churn,7853,20.129,0,0
sqlite,churn,7854,28.706,0,0
sqlite,churn,7855,30.653,0,0
sqlite,churn,7856,34.222,0,0
sqlite,churn,7857,41.605,0,0
sqlite,churn,7858,33.399,0,0
sqlite,churn,7859,15.262,0,0
sqlite,churn,7860,19.831,3519432088,351
sqlite,churn,7861,24.955,0,0
sqlite,churn,7862,14.052,0,0
sqlite,churn,7863,13.792,0,0
sqlite,churn,7864,13.554,0,0
sqlite,churn,7865,14.797,0,0
sqlite,churn,7866,17.684,0,0
sqlite,churn,7867,18.488,0,0
sqlite,churn,7868,12.700,0,0
sqlite,churn,7869,16.334,0,0
sqlite,churn,7870,20.456,3520275864,246
sqlite,churn,7871,13.791,0,0
sqlite,churn,7872,13.041,0,0
sqlite,churn,7873,24.234,0,0
sqlite,churn,7874,13.408,0,0
sqlite,churn,7875,12.752,0,0
sqlite,churn,7876,11.244,0,0
sqlite,churn,7877,14.877,0,0
sqlite,churn,7878,11.696,0,0
sqlite,churn,7879,12.883,0,0
sqlite,churn,7880,11.764,3521791384,356
sqlite,churn,7881,15.530,0,0
sqlite,churn,7882,14.168,0,0
sqlite,churn,7883,13.763,0,0
sqlite,churn,7884,13.749,0,0
sqlite,churn,7885,12.518,0,0
sqlite,churn,7886,11.320,0,0
sqlite,churn,7887,11.864,0,0
sqlite,churn,7888,12.751,0,0
sqlite,churn,7889,13.995,0,0
sqlite,churn,7890,15.455,3522631064,246
sqlite,churn,7891,12.121,0,0
sqlite,churn,7892,13.652,0,0
sqlite,churn,7893,12.537,0,0
sqlite,churn,7894,14.032,0,0
sqlite,churn,7895,13.383,0,0
sqlite,churn,7896,12.396,0,0
sqlite,churn,7897,15.070,0,0
sqlite,churn,7898,17.497,0,0
sqlite,churn,7899,15.214,0,0
sqlite,churn,7900,15.613,3523941784,355
sqlite,churn,7901,12.882,0,0
sqlite,churn,7902,14.246,0,0
sqlite,churn,7903,16.781,0,0
sqlite,churn,7904,14.675,0,0
sqlite,churn,7905,14.443,0,0
sqlite,churn,7906,12.201,0,0
sqlite,churn,7907,13.816,0,0
sqlite,churn,7908,12.378,0,0
sqlite,churn,7909,15.415,0,0
sqlite,churn,7910,15.780,3524801944,262
sqlite,churn,7911,12.804,0,0
sqlite,churn,7912,15.641,0,0
sqlite,churn,7913,15.447,0,0
sqlite,churn,7914,13.057,0,0
sqlite,churn,7915,21.295,0,0
sqlite,churn,7916,14.813,0,0
sqlite,churn,7917,16.023,0,0
sqlite,churn,7918,13.040,0,0
sqlite,churn,7919,13.053,0,0
sqlite,churn,7920,11.603,3526104472,374
sqlite,churn,7921,12.387,0,0
sqlite,churn,7922,18.342,0,0
sqlite,churn,7923,13.725,0,0
sqlite,churn,7924,12.201,0,0
sqlite,churn,7925,17.908,0,0
sqlite,churn,7926,13.237,0,0
sqlite,churn,7927,20.829,0,0
sqlite,churn,7928,14.445,0,0
sqlite,churn,7929,12.762,0,0
sqlite,churn,7930,20.974,3526821272,294
sqlite,churn,7931,13.914,0,0
sqlite,churn,7932,12.617,0,0
sqlite,churn,7933,15.004,0,0
sqlite,churn,7934,12.104,0,0
sqlite,churn,7935,14.111,0,0
sqlite,churn,7936,12.461,0,0
sqlite,churn,7937,11.954,0,0
sqlite,churn,7938,11.993,0,0
sqlite,churn,7939,17.100,0,0
sqlite,churn,7940,16.052,3527865752,356
sqlite,churn,7941,12.674,0,0
sqlite,churn,7942,15.570,0,0
sqlite,churn,7943,12.965,0,0
sqlite,churn,7944,12.038,0,0
sqlite,churn,7945,12.366,0,0
sqlite,churn,7946,13.721,0,0
sqlite,churn,7947,44.319,0,0
sqlite,churn,7948,17.585,0,0
sqlite,churn,7949,13.331,0,0
sqlite,churn,7950,11.486,3528672664,275
sqlite,churn,7951,12.243,0,0
sqlite,churn,7952,12.039,0,0
sqlite,churn,7953,13.698,0,0
sqlite,churn,7954,13.733,0,0
sqlite,churn,7955,40.331,0,0
sqlite,churn,7956,32.013,0,0
sqlite,churn,7957,25.284,0,0
sqlite,churn,7958,37.185,0,0
sqlite,churn,7959,15.849,0,0
sqlite,churn,7960,15.318,3529598360,347
sqlite,churn,7961,12.948,0,0
sqlite,churn,7962,18.652,0,0
sqlite,churn,7963,17.393,0,0
sqlite,churn,7964,18.364,0,0
sqlite,churn,7965,15.021,0,0
sqlite,churn,7966,13.486,0,0
sqlite,churn,7967,13.446,0,0
sqlite,churn,7968,14.786,0,0
sqlite,churn,7969,14.180,0,0
sqlite,churn,7970,23.036,3530577304,264
sqlite,churn,7971,23.145,0,0
sqlite,churn,7972,15.283,0,0
sqlite,churn,7973,23.041,0,0
sqlite,churn,7974,17.736,0,0
sqlite,churn,7975,14.997,0,0
sqlite,churn,7976,15.526,0,0
sqlite,churn,7977,14.026,0,0
sqlite,churn,7978,14.798,0,0
sqlite,churn,7979,11.875,0,0
sqlite,churn,7980,19.150,3531478424,361
sqlite,churn,7981,15.757,0,0
sqlite,churn,7982,20.628,0,0
sqlite,churn,7983,15.612,0,0
sqlite,churn,7984,16.000,0,0
sqlite,churn,7985,14.397,0,0
sqlite,churn,7986,15.707,0,0
sqlite,churn,7987,24.912,0,0
sqlite,churn,7988,31.368,0,0
sqlite,churn,7989,24.735,0,0
sqlite,churn,7990,14.872,3532322200,247
sqlite,churn,7991,21.246,0,0
sqlite,churn,7992,16.827,0,0
sqlite,churn,7993,18.231,0,0
sqlite,churn,7994,12.989,0,0
sqlite,churn,7995,13.666,0,0
sqlite,churn,7996,25.474,0,0
sqlite,churn,7997,13.231,0,0
sqlite,churn,7998,17.476,0,0
sqlite,churn,7999,16.533,0,0
sqlite,churn,8000,12.510,3533686168,365
sqlite,churn,8001,12.669,0,0
sqlite,churn,8002,14.380,0,0
sqlite,churn,8003,14.368,0,0
sqlite,churn,8004,15.009,0,0
sqlite,churn,8005,14.262,0,0
sqlite,churn,8006,17.454,0,0
sqlite,churn,8007,30.664,0,0
sqlite,churn,8008,17.358,0,0
sqlite,churn,8009,12.841,0,0
sqlite,churn,8010,13.069,3534464408,278
sqlite,churn,8011,12.350,0,0
sqlite,churn,8012,14.512,0,0
sqlite,churn,8013,11.970,0,0
sqlite,churn,8014,13.892,0,0
sqlite,churn,8015,12.814,0,0
sqlite,churn,8016,11.179,0,0
sqlite,churn,8017,12.936,0,0
sqlite,churn,8018,19.176,0,0
sqlite,churn,8019,25.664,0,0
sqlite,churn,8020,11.519,3535627672,353
sqlite,churn,8021,13.746,0,0
sqlite,churn,8022,17.420,0,0
sqlite,churn,8023,14.795,0,0
sqlite,churn,8024,13.808,0,0
sqlite,churn,8025,14.008,0,0
sqlite,churn,8026,21.178,0,0
sqlite,churn,8027,16.683,0,0
sqlite,churn,8028,15.522,0,0
sqlite,churn,8029,13.295,0,0
sqlite,churn,8030,14.428,3536520600,246
sqlite,churn,8031,14.983,0,0
sqlite,churn,8032,11.838,0,0
sqlite,churn,8033,14.248,0,0
sqlite,churn,8034,12.110,0,0
sqlite,churn,8035,20.166,0,0
sqlite,churn,8036,15.237,0,0
sqlite,churn,8037,12.867,0,0
sqlite,churn,8038,11.388,0,0
sqlite,churn,8039,12.927,0,0
sqlite,churn,8040,14.455,3537577368,356
sqlite,churn,8041,13.126,0,0
sqlite,churn,8042,21.383,0,0
sqlite,churn,8043,20.341,0,0
sqlite,churn,8044,15.147,0,0
sqlite,churn,8045,14.388,0,0
sqlite,churn,8046,14.044,0,0
sqlite,churn,8047,14.585,0,0
sqlite,churn,8048,13.985,0,0
sqlite,churn,8049,14.003,0,0
sqlite,churn,8050,12.474,3538236824,244
sqlite,churn,8051,12.794,0,0
sqlite,churn,8052,13.158,0,0
sqlite,churn,8053,17.842,0,0
sqlite,churn,8054,19.440,0,0
sqlite,churn,8055,14.847,0,0
sqlite,churn,8056,15.559,0,0
sqlite,churn,8057,11.529,0,0
sqlite,churn,8058,12.980,0,0
sqlite,churn,8059,15.234,0,0
sqlite,churn,8060,13.406,3539465624,348
sqlite,churn,8061,14.863,0,0
sqlite,churn,8062,12.339,0,0
sqlite,churn,8063,15.933,0,0
sqlite,churn,8064,15.314,0,0
sqlite,churn,8065,37.292,0,0
sqlite,churn,8066,27.107,0,0
sqlite,churn,8067,12.672,0,0
sqlite,churn,8068,12.859,0,0
sqlite,churn,8069,14.012,0,0
sqlite,churn,8070,17.245,3540297112,254
sqlite,churn,8071,17.593,0,0
sqlite,churn,8072,24.331,0,0
sqlite,churn,8073,15.237,0,0
sqlite,churn,8074,16.459,0,0
sqlite,churn,8075,15.837,0,0
sqlite,churn,8076,13.438,0,0
sqlite,churn,8077,14.123,0,0
sqlite,churn,8078,13.281,0,0
sqlite,churn,8079,12.593,0,0
sqlite,churn,8080,14.106,3541570968,350
sqlite,churn,8081,12.973,0,0
sqlite,churn,8082,17.587,0,0
sqlite,churn,8083,12.919,0,0
sqlite,churn,8084,14.525,0,0
sqlite,churn,8085,20.593,0,0
sqlite,churn,8086,15.871,0,0
sqlite,churn,8087,17.189,0,0
sqlite,churn,8088,16.603,0,0
sqlite,churn,8089,19.640,0,0
sqlite,churn,8090,20.538,3542443416,286
sqlite,churn,8091,13.833,0,0
sqlite,churn,8092,13.830,0,0
sqlite,churn,8093,13.541,0,0
sqlite,churn,8094,16.650,0,0
sqlite,churn,8095,20.615,0,0
sqlite,churn,8096,16.142,0,0
sqlite,churn,8097,20.965,0,0
sqlite,churn,8098,19.665,0,0
sqlite,churn,8099,16.533,0,0
sqlite,churn,8100,23.179,3543311768,364
sqlite,churn,8101,18.492,0,0
sqlite,churn,8102,24.521,0,0
sqlite,churn,8103,14.195,0,0
sqlite,churn,8104,38.300,0,0
sqlite,churn,8105,13.748,0,0
sqlite,churn,8106,12.747,0,0
sqlite,churn,8107,15.847,0,0
sqlite,churn,8108,16.235,0,0
sqlite,churn,8109,13.017,0,0
sqlite,churn,8110,14.018,3544106392,260
sqlite,churn,8111,13.813,0,0
sqlite,churn,8112,14.748,0,0
sqlite,churn,8113,14.070,0,0
sqlite,churn,8114,12.341,0,0
sqlite,churn,8115,15.610,0,0
sqlite,churn,8116,14.973,0,0
sqlite,churn,8117,14.067,0,0
sqlite,churn,8118,13.405,0,0
sqlite,churn,8119,14.433,0,0
sqlite,churn,8120,16.831,3545306520,339
sqlite,churn,8121,12.833,0,0
sqlite,churn,8122,14.291,0,0
sqlite,churn,8123,13.887,0,0
sqlite,churn,8124,19.981,0,0
sqlite,churn,8125,13.524,0,0
sqlite,churn,8126,13.453,0,0
sqlite,churn,8127,12.536,0,0
sqlite,churn,8128,15.053,0,0
sqlite,churn,8129,15.727,0,0
sqlite,churn,8130,13.732,3546408344,259
sqlite,churn,8131,13.788,0,0
sqlite,churn,8132,12.583,0,0
sqlite,churn,8133,14.184,0,0
sqlite,churn,8134,19.125,0,0
sqlite,churn,8135,14.419,0,0
sqlite,churn,8136,13.813,0,0
sqlite,churn,8137,12.064,0,0
sqlite,churn,8138,16.059,0,0
sqlite,churn,8139,14.066,0,0
sqlite,churn,8140,17.271,3547538840,362
sqlite,churn,8141,13.120,0,0
sqlite,churn,8142,15.241,0,0
sqlite,churn,8143,12.966,0,0
sqlite,churn,8144,13.069,0,0
sqlite,churn,8145,11.806,0,0
sqlite,churn,8146,12.813,0,0
sqlite,churn,8147,14.337,0,0
sqlite,churn,8148,12.540,0,0
sqlite,churn,8149,15.691,0,0
sqlite,churn,8150,16.065,3548448152,249
sqlite,churn,8151,15.731,0,0
sqlite,churn,8152,14.677,0,0
sqlite,churn,8153,14.314,0,0
sqlite,churn,8154,14.644,0,0
sqlite,churn,8155,14.302,0,0
sqlite,churn,8156,13.780,0,0
sqlite,churn,8157,16.610,0,0
sqlite,churn,8158,16.197,0,0
sqlite,churn,8159,16.642,0,0
sqlite,churn,8160,14.184,3549762968,361
sqlite,churn,8161,14.233,0,0
sqlite,churn,8162,16.254,0,0
sqlite,churn,8163,16.218,0,0
sqlite,churn,8164,19.543,0,0
sqlite,churn,8165,15.020,0,0
sqlite,churn,8166,14.526,0,0
sqlite,churn,8167,13.951,0,0
sqlite,churn,8168,16.329,0,0
sqlite,churn,8169,14.091,0,0
sqlite,churn,8170,13.608,3550635416,249
sqlite,churn,8171,15.288,0,0
sqlite,churn,8172,12.028,0,0
sqlite,churn,8173,12.854,0,0
sqlite,churn,8174,17.539,0,0
sqlite,churn,8175,14.179,0,0
sqlite,churn,8176,21.652,0,0
sqlite,churn,8177,15.456,0,0
sqlite,churn,8178,14.411,0,0
sqlite,churn,8179,16.762,0,0
sqlite,churn,8180,13.260,3551782296,348
sqlite,churn,8181,14.267,0,0
sqlite,churn,8182,13.132,0,0
sqlite,churn,8183,15.471,0,0
sqlite,churn,8184,11.711,0,0
sqlite,churn,8185,14.154,0,0
sqlite,churn,8186,15.713,0,0
sqlite,churn,8187,14.157,0,0
sqlite,churn,8188,12.051,0,0
sqlite,churn,8189,15.141,0,0
sqlite,churn,8190,13.482,3553007000,260
sqlite,churn,8191,14.314,0,0
sqlite,churn,8192,15.176,0,0
sqlite,churn,8193,16.310,0,0
sqlite,churn,8194,13.681,0,0
sqlite,churn,8195,13.235,0,0
sqlite,churn,8196,18.961,0,0
sqlite,churn,8197,28.663,0,0
sqlite,churn,8198,18.677,0,0
sqlite,churn,8199,17.241,0,0
sqlite,churn,8200,17.128,3554129304,369
sqlite,churn,8201,27.773,0,0
sqlite,churn,8202,17.801,0,0
sqlite,churn,8203,28.738,0,0
sqlite,churn,8204,29.878,0,0
sqlite,churn,8205,15.974,0,0
sqlite,churn,8206,26.806,0,0
sqlite,churn,8207,16.244,0,0
sqlite,churn,8208,14.012,0,0
sqlite,churn,8209,14.178,0,0
sqlite,churn,8210,19.995,3555079576,266
sqlite,churn,8211,17.750,0,0
sqlite,churn,8212,13.576,0,0
sqlite,churn,8213,14.483,0,0
sqlite,churn,8214,13.893,0,0
sqlite,churn,8215,41.951,0,0
sqlite,churn,8216,20.631,0,0
sqlite,churn,8217,24.378,0,0
sqlite,churn,8218,13.587,0,0
sqlite,churn,8219,14.786,0,0
sqlite,churn,8220,18.969,3556021656,364
sqlite,churn,8221,13.069,0,0
sqlite,churn,8222,13.264,0,0
sqlite,churn,8223,13.147,0,0
sqlite,churn,8224,15.247,0,0
sqlite,churn,8225,18.407,0,0
sqlite,churn,8226,15.688,0,0
sqlite,churn,8227,14.821,0,0
sqlite,churn,8228,16.184,0,0
sqlite,churn,8229,14.539,0,0
sqlite,churn,8230,14.205,3557225880,277
sqlite,churn,8231,16.241,0,0
sqlite,churn,8232,17.392,0,0
sqlite,churn,8233,18.472,0,0
sqlite,churn,8234,12.288,0,0
sqlite,churn,8235,11.899,0,0
sqlite,churn,8236,19.028,0,0
sqlite,churn,8237,20.103,0,0
sqlite,churn,8238,13.087,0,0
sqlite,churn,8239,15.061,0,0
sqlite,churn,8240,22.584,3558139288,356
sqlite,churn,8241,18.449,0,0
sqlite,churn,8242,21.528,0,0
sqlite,churn,8243,15.894,0,0
sqlite,churn,8244,16.185,0,0
sqlite,churn,8245,22.503,0,0
sqlite,churn,8246,13.860,0,0
sqlite,churn,8247,17.850,0,0
sqlite,churn,8248,14.891,0,0
sqlite,churn,8249,17.128,0,0
sqlite,churn,8250,19.651,3559318936,252
sqlite,churn,8251,12.853,0,0
sqlite,churn,8252,13.835,0,0
sqlite,churn,8253,14.366,0,0
sqlite,churn,8254,15.654,0,0
sqlite,churn,8255,14.419,0,0
sqlite,churn,8256,13.820,0,0
sqlite,churn,8257,13.096,0,0
sqlite,churn,8258,13.571,0,0
sqlite,churn,8259,12.949,0,0
sqlite,churn,8260,22.104,3560310168,354
sqlite,churn,8261,14.144,0,0
sqlite,churn,8262,12.385,0,0
sqlite,churn,8263,14.333,0,0
sqlite,churn,8264,18.105,0,0
sqlite,churn,8265,12.321,0,0
sqlite,churn,8266,12.690,0,0
sqlite,churn,8267,15.628,0,0
sqlite,churn,8268,12.752,0,0
sqlite,churn,8269,13.831,0,0
sqlite,churn,8270,25.677,3561362840,256
sqlite,churn,8271,15.301,0,0
sqlite,churn,8272,11.800,0,0
sqlite,churn,8273,13.736,0,0
sqlite,churn,8274,23.563,0,0
sqlite,churn,8275,15.896,0,0
sqlite,churn,8276,12.449,0,0
sqlite,churn,8277,11.931,0,0
sqlite,churn,8278,18.098,0,0
sqlite,churn,8279,14.047,0,0
sqlite,churn,8280,13.529,3562341784,354
sqlite,churn,8281,18.309,0,0
sqlite,churn,8282,13.044,0,0
sqlite,churn,8283,15.383,0,0
sqlite,churn,8284,14.107,0,0
sqlite,churn,8285,12.629,0,0
sqlite,churn,8286,14.906,0,0
sqlite,churn,8287,12.004,0,0
sqlite,churn,8288,15.363,0,0
sqlite,churn,8289,15.914,0,0
sqlite,churn,8290,13.543,3563414936,254
sqlite,churn,8291,12.103,0,0
sqlite,churn,8292,13.840,0,0
sqlite,churn,8293,14.049,0,0
sqlite,churn,8294,15.026,0,0
sqlite,churn,8295,14.661,0,0
sqlite,churn,8296,16.650,0,0
sqlite,churn,8297,14.532,0,0
sqlite,churn,8298,13.064,0,0
sqlite,churn,8299,13.472,0,0
sqlite,churn,8300,14.403,3564492184,343
sqlite,churn,8301,15.621,0,0
sqlite,churn,8302,16.135,0,0
sqlite,churn,8303,18.136,0,0
sqlite,churn,8304,21.319,0,0
sqlite,churn,8305,12.194,0,0
sqlite,churn,8306,17.709,0,0
sqlite,churn,8307,13.675,0,0
sqlite,churn,8308,20.144,0,0
sqlite,churn,8309,18.931,0,0
sqlite,churn,8310,15.103,3565565336,253
sqlite,churn,8311,15.188,0,0
sqlite,churn,8312,18.882,0,0
sqlite,churn,8313,27.383,0,0
sqlite,churn,8314,39.587,0,0
sqlite,churn,8315,15.442,0,0
sqlite,churn,8316,17.246,0,0
sqlite,churn,8317,18.138,0,0
sqlite,churn,8318,16.522,0,0
sqlite,churn,8319,21.056,0,0
sqlite,churn,8320,16.954,3566785944,345
sqlite,churn,8321,14.115,0,0
sqlite,churn,8322,12.760,0,0
sqlite,churn,8323,13.527,0,0
sqlite,churn,8324,14.984,0,0
sqlite,churn,8325,13.463,0,0
sqlite,churn,8326,16.463,0,0
sqlite,churn,8327,11.701,0,0
sqlite,churn,8328,14.264,0,0
sqlite,churn,8329,15.114,0,0
sqlite,churn,8330,12.387,3567928728,252
sqlite,churn,8331,21.376,0,0
sqlite,churn,8332,14.101,0,0
sqlite,churn,8333,13.830,0,0
sqlite,churn,8334,13.228,0,0
sqlite,churn,8335,13.079,0,0
sqlite,churn,8336,25.759,0,0
sqlite,churn,8337,23.090,0,0
sqlite,churn,8338,21.834,0,0
sqlite,churn,8339,15.030,0,0
sqlite,churn,8340,13.890,3568760216,362
sqlite,churn,8341,15.205,0,0
sqlite,churn,8342,13.399,0,0
sqlite,churn,8343,16.504,0,0
sqlite,churn,8344,24.518,0,0
sqlite,churn,8345,22.025,0,0
sqlite,churn,8346,20.463,0,0
sqlite,churn,8347,20.093,0,0
sqlite,churn,8348,17.671,0,0
sqlite,churn,8349,20.597,0,0
sqlite,churn,8350,14.977,3569882520,285
sqlite,churn,8351,19.480,0,0
sqlite,churn,8352,18.484,0,0
sqlite,churn,8353,24.301,0,0
sqlite,churn,8354,19.957,0,0
sqlite,churn,8355,19.276,0,0
sqlite,churn,8356,18.688,0,0
sqlite,churn,8357,18.001,0,0
sqlite,churn,8358,18.930,0,0
sqlite,churn,8359,23.423,0,0
sqlite,churn,8360,19.619,3570746776,343
sqlite,churn,8361,28.363,0,0
sqlite,churn,8362,28.294,0,0
sqlite,churn,8363,16.566,0,0
sqlite,churn,8364,12.867,0,0
sqlite,churn,8365,14.286,0,0
sqlite,churn,8366,12.817,0,0
sqlite,churn,8367,13.982,0,0
sqlite,churn,8368,14.875,0,0
sqlite,churn,8369,11.922,0,0
sqlite,churn,8370,14.292,3571848600,255
sqlite,churn,8371,15.771,0,0
sqlite,churn,8372,11.740,0,0
sqlite,churn,8373,14.629,0,0
sqlite,churn,8374,16.776,0,0
sqlite,churn,8375,13.624,0,0
sqlite,churn,8376,12.285,0,0
sqlite,churn,8377,15.240,0,0
sqlite,churn,8378,14.004,0,0
sqlite,churn,8379,14.916,0,0
sqlite,churn,8380,15.429,3572815256,362
sqlite,churn,8381,15.255,0,0
sqlite,churn,8382,13.392,0,0
sqlite,churn,8383,14.652,0,0
sqlite,churn,8384,14.453,0,0
sqlite,churn,8385,14.212,0,0
sqlite,churn,8386,14.857,0,0
sqlite,churn,8387,13.037,0,0
sqlite,churn,8388,12.672,0,0
sqlite,churn,8389,15.186,0,0
sqlite,churn,8390,13.716,3573990808,251
sqlite,churn,8391,16.974,0,0
sqlite,churn,8392,13.351,0,0
sqlite,churn,8393,12.566,0,0
sqlite,churn,8394,13.512,0,0
sqlite,churn,8395,14.394,0,0
sqlite,churn,8396,12.926,0,0
sqlite,churn,8397,13.704,0,0
sqlite,churn,8398,16.456,0,0
sqlite,churn,8399,15.886,0,0
sqlite,churn,8400,11.157,3575301528,347
sqlite,churn,8401,13.967,0,0
sqlite,churn,8402,12.854,0,0
sqlite,churn,8403,16.072,0,0
sqlite,churn,8404,15.871,0,0
sqlite,churn,8405,12.487,0,0
sqlite,churn,8406,14.545,0,0
sqlite,churn,8407,12.721,0,0
sqlite,churn,8408,17.554,0,0
sqlite,churn,8409,14.941,0,0
sqlite,churn,8410,18.078,3576313240,266
sqlite,churn,8411,13.094,0,0
sqlite,churn,8412,12.793,0,0
sqlite,churn,8413,13.814,0,0
sqlite,churn,8414,12.350,0,0
sqlite,churn,8415,13.130,0,0
sqlite,churn,8416,15.426,0,0
sqlite,churn,8417,15.446,0,0
sqlite,churn,8418,13.315,0,0
sqlite,churn,8419,12.125,0,0
sqlite,churn,8420,13.147,3577542040,354
sqlite,churn,8421,12.116,0,0
sqlite,churn,8422,12.134,0,0
sqlite,churn,8423,11.805,0,0
sqlite,churn,8424,12.015,0,0
sqlite,churn,8425,14.109,0,0
sqlite,churn,8426,15.106,0,0
sqlite,churn,8427,11.443,0,0
sqlite,churn,8428,50.136,0,0
sqlite,churn,8429,19.770,0,0
sqlite,churn,8430,16.654,3578414488,248
sqlite,churn,8431,24.253,0,0
sqlite,churn,8432,33.694,0,0
sqlite,churn,8433,23.655,0,0
sqlite,churn,8434,23.463,0,0
sqlite,churn,8435,36.313,0,0
sqlite,churn,8436,28.609,0,0
sqlite,churn,8437,29.713,0,0
sqlite,churn,8438,28.139,0,0
sqlite,churn,8439,17.752,0,0
sqlite,churn,8440,38.278,3579717016,358
sqlite,churn,8441,63.102,0,0
sqlite,churn,8442,18.718,0,0
sqlite,churn,8443,22.388,0,0
sqlite,churn,8444,36.339,0,0
sqlite,churn,8445,24.008,0,0
sqlite,churn,8446,13.465,0,0
sqlite,churn,8447,19.174,0,0
sqlite,churn,8448,18.404,0,0
sqlite,churn,8449,20.938,0,0
sqlite,churn,8450,20.025,3580552600,244
sqlite,churn,8451,26.091,0,0
sqlite,churn,8452,15.262,0,0
sqlite,churn,8453,15.542,0,0
sqlite,churn,8454,13.282,0,0
sqlite,churn,8455,15.322,0,0
sqlite,churn,8456,13.789,0,0
sqlite,churn,8457,12.998,0,0
sqlite,churn,8458,11.035,0,0
sqlite,churn,8459,12.559,0,0
sqlite,churn,8460,15.880,3581773208,362
sqlite,churn,8461,21.117,0,0
sqlite,churn,8462,14.949,0,0
sqlite,churn,8463,15.920,0,0
sqlite,churn,8464,15.787,0,0
sqlite,churn,8465,11.160,0,0
sqlite,churn,8466,14.375,0,0
sqlite,churn,8467,18.168,0,0
sqlite,churn,8468,16.092,0,0
sqlite,churn,8469,15.612,0,0
sqlite,churn,8470,12.294,3582731672,250
sqlite,churn,8471,15.510,0,0
sqlite,churn,8472,14.140,0,0
sqlite,churn,8473,14.576,0,0
sqlite,churn,8474,13.099,0,0
sqlite,churn,8475,12.489,0,0
sqlite,churn,8476,13.214,0,0
sqlite,churn,8477,12.420,0,0
sqlite,churn,8478,12.783,0,0
sqlite,churn,8479,15.038,0,0
sqlite,churn,8480,11.992,3584079256,331
sqlite,churn,8481,21.948,0,0
sqlite,churn,8482,13.383,0,0
sqlite,churn,8483,16.382,0,0
sqlite,churn,8484,11.997,0,0
sqlite,churn,8485,12.194,0,0
sqlite,churn,8486,12.479,0,0
sqlite,churn,8487,12.226,0,0
sqlite,churn,8488,12.632,0,0
sqlite,churn,8489,13.801,0,0
sqlite,churn,8490,14.600,3585021336,257
sqlite,churn,8491,11.470,0,0
sqlite,churn,8492,12.918,0,0
sqlite,churn,8493,15.726,0,0
sqlite,churn,8494,11.816,0,0
sqlite,churn,8495,12.832,0,0
sqlite,churn,8496,13.665,0,0
sqlite,churn,8497,17.938,0,0
sqlite,churn,8498,12.039,0,0
sqlite,churn,8499,13.156,0,0
sqlite,churn,8500,13.680,3586348440,352
sqlite,churn,8501,13.677,0,0
sqlite,churn,8502,11.480,0,0
sqlite,churn,8503,13.687,0,0
sqlite,churn,8504,14.418,0,0
sqlite,churn,8505,13.248,0,0
sqlite,churn,8506,12.199,0,0
sqlite,churn,8507,14.195,0,0
sqlite,churn,8508,12.754,0,0
sqlite,churn,8509,16.181,0,0
sqlite,churn,8510,12.887,3587151256,255
sqlite,churn,8511,12.796,0,0
sqlite,churn,8512,13.891,0,0
sqlite,churn,8513,15.727,0,0
sqlite,churn,8514,19.774,0,0
sqlite,churn,8515,14.341,0,0
sqlite,churn,8516,12.185,0,0
sqlite,churn,8517,12.489,0,0
sqlite,churn,8518,14.465,0,0
sqlite,churn,8519,12.954,0,0
sqlite,churn,8520,15.840,3588392344,351
sqlite,churn,8521,13.004,0,0
sqlite,churn,8522,12.862,0,0
sqlite,churn,8523,18.145,0,0
sqlite,churn,8524,11.996,0,0
sqlite,churn,8525,12.149,0,0
sqlite,churn,8526,14.758,0,0
sqlite,churn,8527,12.183,0,0
sqlite,churn,8528,12.927,0,0
sqlite,churn,8529,13.935,0,0
sqlite,churn,8530,12.324,3589211544,245
sqlite,churn,8531,14.010,0,0
sqlite,churn,8532,17.770,0,0
sqlite,churn,8533,14.890,0,0
sqlite,churn,8534,12.960,0,0
sqlite,churn,8535,13.235,0,0
sqlite,churn,8536,12.816,0,0
sqlite,churn,8537,12.701,0,0
sqlite,churn,8538,13.015,0,0
sqlite,churn,8539,13.945,0,0
sqlite,churn,8540,15.650,3590354328,357
sqlite,churn,8541,17.772,0,0
sqlite,churn,8542,16.477,0,0
sqlite,churn,8543,13.653,0,0
sqlite,churn,8544,13.101,0,0
sqlite,churn,8545,14.449,0,0
sqlite,churn,8546,12.591,0,0
sqlite,churn,8547,13.583,0,0
sqlite,churn,8548,11.918,0,0
sqlite,churn,8549,15.427,0,0
sqlite,churn,8550,16.419,3591177624,256
sqlite,churn,8551,16.643,0,0
sqlite,churn,8552,11.857,0,0
sqlite,churn,8553,12.640,0,0
sqlite,churn,8554,18.275,0,0
sqlite,churn,8555,21.651,0,0
sqlite,churn,8556,14.322,0,0
sqlite,churn,8557,18.024,0,0
sqlite,churn,8558,13.793,0,0
sqlite,churn,8559,16.479,0,0
sqlite,churn,8560,13.751,3592398232,348
sqlite,churn,8561,13.265,0,0
sqlite,churn,8562,11.176,0,0
sqlite,churn,8563,14.921,0,0
sqlite,churn,8564,16.886,0,0
sqlite,churn,8565,12.122,0,0
sqlite,churn,8566,16.550,0,0
sqlite,churn,8567,12.733,0,0
sqlite,churn,8568,12.533,0,0
sqlite,churn,8569,18.693,0,0
sqlite,churn,8570,15.662,3593172376,251
sqlite,churn,8571,16.162,0,0
sqlite,churn,8572,13.574,0,0
sqlite,churn,8573,14.997,0,0
sqlite,churn,8574,12.193,0,0
sqlite,churn,8575,18.372,0,0
sqlite,churn,8576,12.852,0,0
sqlite,churn,8577,17.112,0,0
sqlite,churn,8578,16.248,0,0
sqlite,churn,8579,14.095,0,0
sqlite,churn,8580,22.410,3594433944,355
sqlite,churn,8581,12.676,0,0
sqlite,churn,8582,12.262,0,0
sqlite,churn,8583,13.476,0,0
sqlite,churn,8584,15.459,0,0
sqlite,churn,8585,12.940,0,0
sqlite,churn,8586,21.082,0,0
sqlite,churn,8587,16.868,0,0
sqlite,churn,8588,29.327,0,0
sqlite,churn,8589,13.084,0,0
sqlite,churn,8590,13.652,3595134360,272
sqlite,churn,8591,16.149,0,0
sqlite,churn,8592,15.964,0,0
sqlite,churn,8593,15.334,0,0
sqlite,churn,8594,14.283,0,0
sqlite,churn,8595,13.214,0,0
sqlite,churn,8596,14.155,0,0
sqlite,churn,8597,12.939,0,0
sqlite,churn,8598,12.749,0,0
sqlite,churn,8599,15.322,0,0
sqlite,churn,8600,11.607,3596223896,348
sqlite,churn,8601,17.843,0,0
sqlite,churn,8602,35.939,0,0
sqlite,churn,8603,16.343,0,0
sqlite,churn,8604,18.304,0,0
sqlite,churn,8605,13.033,0,0
sqlite,churn,8606,14.125,0,0
sqlite,churn,8607,11.890,0,0
sqlite,churn,8608,14.009,0,0
sqlite,churn,8609,15.464,0,0
sqlite,churn,8610,19.173,3597002136,254
sqlite,churn,8611,17.713,0,0
sqlite,churn,8612,18.011,0,0
sqlite,churn,8613,15.520,0,0
sqlite,churn,8614,13.178,0,0
sqlite,churn,8615,16.518,0,0
sqlite,churn,8616,12.047,0,0
sqlite,churn,8617,15.770,0,0
sqlite,churn,8618,14.291,0,0
sqlite,churn,8619,11.791,0,0
sqlite,churn,8620,15.699,3598198168,355
sqlite,churn,8621,14.177,0,0
sqlite,churn,8622,16.466,0,0
sqlite,churn,8623,17.596,0,0
sqlite,churn,8624,15.386,0,0
sqlite,churn,8625,21.891,0,0
sqlite,churn,8626,14.478,0,0
sqlite,churn,8627,12.839,0,0
sqlite,churn,8628,12.320,0,0
sqlite,churn,8629,17.806,0,0
sqlite,churn,8630,13.265,3599250840,268
sqlite,churn,8631,12.299,0,0
sqlite,churn,8632,15.516,0,0
sqlite,churn,8633,13.635,0,0
sqlite,churn,8634,12.263,0,0
sqlite,churn,8635,14.461,0,0
sqlite,churn,8636,11.185,0,0
sqlite,churn,8637,17.146,0,0
sqlite,churn,8638,17.273,0,0
sqlite,churn,8639,29.893,0,0
sqlite,churn,8640,15.771,3600442776,365
sqlite,churn,8641,15.481,0,0
sqlite,churn,8642,17.221,0,0
sqlite,churn,8643,12.891,0,0
sqlite,churn,8644,14.985,0,0
sqlite,churn,8645,12.238,0,0
sqlite,churn,8646,13.079,0,0
sqlite,churn,8647,14.553,0,0
sqlite,churn,8648,11.692,0,0
sqlite,churn,8649,14.271,0,0
sqlite,churn,8650,13.635,3601417624,271
sqlite,churn,8651,13.548,0,0
sqlite,churn,8652,16.996,0,0
sqlite,churn,8653,12.984,0,0
sqlite,churn,8654,19.203,0,0
sqlite,churn,8655,16.691,0,0
sqlite,churn,8656,19.380,0,0
sqlite,churn,8657,13.700,0,0
sqlite,churn,8658,13.559,0,0
sqlite,churn,8659,14.174,0,0
sqlite,churn,8660,12.651,3602707864,381
sqlite,churn,8661,11.814,0,0
sqlite,churn,8662,14.377,0,0
sqlite,churn,8663,16.689,0,0
sqlite,churn,8664,13.378,0,0
sqlite,churn,8665,14.095,0,0
sqlite,churn,8666,11.860,0,0
sqlite,churn,8667,13.925,0,0
sqlite,churn,8668,12.237,0,0
sqlite,churn,8669,11.781,0,0
sqlite,churn,8670,12.306,3603252632,248
sqlite,churn,8671,13.044,0,0
sqlite,churn,8672,15.359,0,0
sqlite,churn,8673,13.588,0,0
sqlite,churn,8674,14.436,0,0
sqlite,churn,8675,16.910,0,0
sqlite,churn,8676,15.454,0,0
sqlite,churn,8677,17.319,0,0
sqlite,churn,8678,12.973,0,0
sqlite,churn,8679,12.413,0,0
sqlite,churn,8680,14.285,3604260248,347
sqlite,churn,8681,15.534,0,0
sqlite,churn,8682,14.981,0,0
sqlite,churn,8683,12.200,0,0
sqlite,churn,8684,12.223,0,0
sqlite,churn,8685,13.850,0,0
sqlite,churn,8686,12.069,0,0
sqlite,churn,8687,13.894,0,0
sqlite,churn,8688,13.025,0,0
sqlite,churn,8689,19.402,0,0
sqlite,churn,8690,14.396,3605370264,248
sqlite,churn,8691,13.045,0,0
sqlite,churn,8692,13.015,0,0
sqlite,churn,8693,12.667,0,0
sqlite,churn,8694,19.420,0,0
sqlite,churn,8695,24.069,0,0
sqlite,churn,8696,16.242,0,0
sqlite,churn,8697,21.399,0,0
sqlite,churn,8698,15.540,0,0
sqlite,churn,8699,13.523,0,0
sqlite,churn,8700,14.672,3606533528,343
sqlite,churn,8701,20.960,0,0
sqlite,churn,8702,62.720,0,0
sqlite,churn,8703,31.383,0,0
sqlite,churn,8704,24.955,0,0
sqlite,churn,8705,13.317,0,0
sqlite,churn,8706,19.021,0,0
sqlite,churn,8707,15.323,0,0
sqlite,churn,8708,25.121,0,0
sqlite,churn,8709,40.918,0,0
sqlite,churn,8710,34.067,3607766424,267
sqlite,churn,8711,23.906,0,0
sqlite,churn,8712,19.361,0,0
sqlite,churn,8713,31.679,0,0
sqlite,churn,8714,18.102,0,0
sqlite,churn,8715,12.957,0,0
sqlite,churn,8716,14.092,0,0
sqlite,churn,8717,13.435,0,0
sqlite,churn,8718,11.367,0,0
sqlite,churn,8719,15.292,0,0
sqlite,churn,8720,13.470,3608634776,353
sqlite,churn,8721,12.375,0,0
sqlite,churn,8722,20.286,0,0
sqlite,churn,8723,13.028,0,0
sqlite,churn,8724,13.395,0,0
sqlite,churn,8725,17.620,0,0
sqlite,churn,8726,12.519,0,0
sqlite,churn,8727,13.457,0,0
sqlite,churn,8728,12.034,0,0
sqlite,churn,8729,13.140,0,0
sqlite,churn,8730,15.610,3609613720,245
sqlite,churn,8731,12.381,0,0
sqlite,churn,8732,13.657,0,0
sqlite,churn,8733,13.400,0,0
sqlite,churn,8734,16.409,0,0
sqlite,churn,8735,13.785,0,0
sqlite,churn,8736,14.222,0,0
sqlite,churn,8737,11.288,0,0
sqlite,churn,8738,13.130,0,0
sqlite,churn,8739,16.557,0,0
sqlite,churn,8740,16.086,3610838424,347
sqlite,churn,8741,14.014,0,0
sqlite,churn,8742,17.424,0,0
sqlite,churn,8743,13.558,0,0
sqlite,churn,8744,13.641,0,0
sqlite,churn,8745,14.011,0,0
sqlite,churn,8746,15.630,0,0
sqlite,churn,8747,15.752,0,0
sqlite,churn,8748,15.329,0,0
sqlite,churn,8749,12.376,0,0
sqlite,churn,8750,12.387,3612087704,273
sqlite,churn,8751,16.791,0,0
sqlite,churn,8752,14.720,0,0
sqlite,churn,8753,25.501,0,0
sqlite,churn,8754,17.366,0,0
sqlite,churn,8755,16.018,0,0
sqlite,churn,8756,18.719,0,0
sqlite,churn,8757,15.862,0,0
sqlite,churn,8758,14.293,0,0
sqlite,churn,8759,15.391,0,0
sqlite,churn,8760,13.728,3613050264,354
sqlite,churn,8761,15.730,0,0
sqlite,churn,8762,13.265,0,0
sqlite,churn,8763,14.921,0,0
sqlite,churn,8764,15.675,0,0
sqlite,churn,8765,16.641,0,0
sqlite,churn,8766,12.806,0,0
sqlite,churn,8767,13.607,0,0
sqlite,churn,8768,14.175,0,0
sqlite,churn,8769,12.909,0,0
sqlite,churn,8770,18.187,3614025112,249
sqlite,churn,8771,14.321,0,0
sqlite,churn,8772,13.183,0,0
sqlite,churn,8773,14.497,0,0
sqlite,churn,8774,18.547,0,0
sqlite,churn,8775,12.771,0,0
sqlite,churn,8776,20.277,0,0
sqlite,churn,8777,12.335,0,0
sqlite,churn,8778,13.341,0,0
sqlite,churn,8779,12.456,0,0
sqlite,churn,8780,12.840,3615233432,346
sqlite,churn,8781,16.530,0,0
sqlite,churn,8782,22.849,0,0
sqlite,churn,8783,13.353,0,0
sqlite,churn,8784,15.027,0,0
sqlite,churn,8785,16.617,0,0
sqlite,churn,8786,12.848,0,0
sqlite,churn,8787,12.948,0,0
sqlite,churn,8788,12.966,0,0
sqlite,churn,8789,12.459,0,0
sqlite,churn,8790,13.350,3616355736,251
sqlite,churn,8791,14.082,0,0
sqlite,churn,8792,15.442,0,0
sqlite,churn,8793,12.007,0,0
sqlite,churn,8794,12.894,0,0
sqlite,churn,8795,12.317,0,0
sqlite,churn,8796,15.706,0,0
sqlite,churn,8797,12.956,0,0
sqlite,churn,8798,18.969,0,0
sqlite,churn,8799,14.045,0,0
sqlite,churn,8800,14.423,3617342872,361
sqlite,churn,8801,16.314,0,0
sqlite,churn,8802,12.861,0,0
sqlite,churn,8803,13.137,0,0
sqlite,churn,8804,28.314,0,0
sqlite,churn,8805,14.019,0,0
sqlite,churn,8806,14.931,0,0
sqlite,churn,8807,22.819,0,0
sqlite,churn,8808,12.834,0,0
sqlite,churn,8809,13.120,0,0
sqlite,churn,8810,11.708,3618354584,264
sqlite,churn,8811,17.118,0,0
sqlite,churn,8812,20.402,0,0
sqlite,churn,8813,14.314,0,0
sqlite,churn,8814,14.525,0,0
sqlite,churn,8815,20.947,0,0
sqlite,churn,8816,24.959,0,0
sqlite,churn,8817,12.888,0,0
sqlite,churn,8818,15.870,0,0
sqlite,churn,8819,14.199,0,0
sqlite,churn,8820,16.449,3619386776,353
sqlite,churn,8821,13.769,0,0
sqlite,churn,8822,16.598,0,0
sqlite,churn,8823,15.935,0,0
sqlite,churn,8824,14.742,0,0
sqlite,churn,8825,15.326,0,0
sqlite,churn,8826,15.232,0,0
sqlite,churn,8827,14.876,0,0
sqlite,churn,8828,12.683,0,0
sqlite,churn,8829,13.445,0,0
sqlite,churn,8830,14.104,3620521368,257
sqlite,churn,8831,13.766,0,0
sqlite,churn,8832,16.496,0,0
sqlite,churn,8833,18.093,0,0
sqlite,churn,8834,13.171,0,0
sqlite,churn,8835,14.710,0,0
sqlite,churn,8836,13.400,0,0
sqlite,churn,8837,13.935,0,0
sqlite,churn,8838,11.648,0,0
sqlite,churn,8839,16.015,0,0
sqlite,churn,8840,12.698,3621930392,353
sqlite,churn,8841,12.396,0,0
sqlite,churn,8842,14.317,0,0
sqlite,churn,8843,13.973,0,0
sqlite,churn,8844,11.329,0,0
sqlite,churn,8845,13.714,0,0
sqlite,churn,8846,15.279,0,0
sqlite,churn,8847,15.559,0,0
sqlite,churn,8848,15.412,0,0
sqlite,churn,8849,11.583,0,0
sqlite,churn,8850,13.414,3622897048,247
sqlite,churn,8851,22.467,0,0
sqlite,churn,8852,15.452,0,0
sqlite,churn,8853,14.354,0,0
sqlite,churn,8854,16.060,0,0
sqlite,churn,8855,12.200,0,0
sqlite,churn,8856,13.006,0,0
sqlite,churn,8857,18.396,0,0
sqlite,churn,8858,16.979,0,0
sqlite,churn,8859,14.066,0,0
sqlite,churn,8860,14.039,3624043928,365
sqlite,churn,8861,16.147,0,0
sqlite,churn,8862,19.608,0,0
sqlite,churn,8863,11.966,0,0
sqlite,churn,8864,13.860,0,0
sqlite,churn,8865,11.894,0,0
sqlite,churn,8866,14.803,0,0
sqlite,churn,8867,13.026,0,0
sqlite,churn,8868,16.985,0,0
sqlite,churn,8869,13.308,0,0
sqlite,churn,8870,12.819,3625096600,245
sqlite,churn,8871,12.727,0,0
sqlite,churn,8872,22.179,0,0
sqlite,churn,8873,14.398,0,0
sqlite,churn,8874,13.824,0,0
sqlite,churn,8875,11.320,0,0
sqlite,churn,8876,13.437,0,0
sqlite,churn,8877,17.567,0,0
sqlite,churn,8878,13.631,0,0
sqlite,churn,8879,14.167,0,0
sqlite,churn,8880,26.101,3626280344,361
sqlite,churn,8881,19.020,0,0
sqlite,churn,8882,14.335,0,0
sqlite,churn,8883,15.723,0,0
sqlite,churn,8884,16.251,0,0
sqlite,churn,8885,19.253,0,0
sqlite,churn,8886,13.288,0,0
sqlite,churn,8887,12.081,0,0
sqlite,churn,8888,11.577,0,0
sqlite,churn,8889,12.292,0,0
sqlite,churn,8890,13.331,3627132312,252
sqlite,churn,8891,17.753,0,0
sqlite,churn,8892,11.034,0,0
sqlite,churn,8893,14.105,0,0
sqlite,churn,8894,13.843,0,0
sqlite,churn,8895,15.290,0,0
sqlite,churn,8896,14.315,0,0
sqlite,churn,8897,18.892,0,0
sqlite,churn,8898,16.061,0,0
sqlite,churn,8899,12.439,0,0
sqlite,churn,8900,12.944,3628127640,358
sqlite,churn,8901,11.572,0,0
sqlite,churn,8902,12.553,0,0
sqlite,churn,8903,19.075,0,0
sqlite,churn,8904,12.237,0,0
sqlite,churn,8905,12.562,0,0
sqlite,churn,8906,13.047,0,0
sqlite,churn,8907,12.865,0,0
sqlite,churn,8908,13.953,0,0
sqlite,churn,8909,13.393,0,0
sqlite,churn,8910,12.602,3629163928,254
sqlite,churn,8911,14.435,0,0
sqlite,churn,8912,14.013,0,0
sqlite,churn,8913,21.468,0,0
sqlite,churn,8914,15.291,0,0
sqlite,churn,8915,15.293,0,0
sqlite,churn,8916,14.638,0,0
sqlite,churn,8917,30.573,0,0
sqlite,churn,8918,13.098,0,0
sqlite,churn,8919,14.040,0,0
sqlite,churn,8920,14.113,3630073240,348
sqlite,churn,8921,13.293,0,0
sqlite,churn,8922,13.963,0,0
sqlite,churn,8923,12.608,0,0
sqlite,churn,8924,12.490,0,0
sqlite,churn,8925,16.337,0,0
sqlite,churn,8926,12.222,0,0
sqlite,churn,8927,13.058,0,0
sqlite,churn,8928,15.086,0,0
sqlite,churn,8929,13.972,0,0
sqlite,churn,8930,16.502,3631211928,268
sqlite,churn,8931,13.475,0,0
sqlite,churn,8932,12.881,0,0
sqlite,churn,8933,13.012,0,0
sqlite,churn,8934,14.820,0,0
sqlite,churn,8935,13.200,0,0
sqlite,churn,8936,16.422,0,0
sqlite,churn,8937,15.370,0,0
sqlite,churn,8938,12.424,0,0
sqlite,churn,8939,12.920,0,0
sqlite,churn,8940,19.343,3632055704,346
sqlite,churn,8941,18.262,0,0
sqlite,churn,8942,19.004,0,0
sqlite,churn,8943,15.036,0,0
sqlite,churn,8944,28.176,0,0
sqlite,churn,8945,12.188,0,0
sqlite,churn,8946,31.727,0,0
sqlite,churn,8947,14.633,0,0
sqlite,churn,8948,13.548,0,0
sqlite,churn,8949,13.561,0,0
sqlite,churn,8950,15.834,3633337752,250
sqlite,churn,8951,19.672,0,0
sqlite,churn,8952,12.904,0,0
sqlite,churn,8953,14.536,0,0
sqlite,churn,8954,13.231,0,0
sqlite,churn,8955,17.355,0,0
sqlite,churn,8956,11.810,0,0
sqlite,churn,8957,17.539,0,0
sqlite,churn,8958,11.927,0,0
sqlite,churn,8959,12.948,0,0
sqlite,churn,8960,11.714,3634558360,357
sqlite,churn,8961,41.778,0,0
sqlite,churn,8962,25.297,0,0
sqlite,churn,8963,14.214,0,0
sqlite,churn,8964,13.446,0,0
sqlite,churn,8965,11.403,0,0
sqlite,churn,8966,12.463,0,0
sqlite,churn,8967,15.351,0,0
sqlite,churn,8968,17.780,0,0
sqlite,churn,8969,52.045,0,0
sqlite,churn,8970,29.785,3635439000,264
sqlite,churn,8971,16.751,0,0
sqlite,churn,8972,11.880,0,0
sqlite,churn,8973,12.845,0,0
sqlite,churn,8974,12.710,0,0
sqlite,churn,8975,18.433,0,0
sqlite,churn,8976,12.534,0,0
sqlite,churn,8977,13.106,0,0
sqlite,churn,8978,20.469,0,0
sqlite,churn,8979,12.888,0,0
sqlite,churn,8980,13.275,3636446616,353
sqlite,churn,8981,16.933,0,0
sqlite,churn,8982,13.374,0,0
sqlite,churn,8983,31.963,0,0
sqlite,churn,8984,12.947,0,0
sqlite,churn,8985,14.744,0,0
sqlite,churn,8986,29.875,0,0
sqlite,churn,8987,21.900,0,0
sqlite,churn,8988,19.536,0,0
sqlite,churn,8989,20.798,0,0
sqlite,churn,8990,14.545,3637548440,275
sqlite,churn,8991,13.094,0,0
sqlite,churn,8992,15.608,0,0
sqlite,churn,8993,13.620,0,0
sqlite,churn,8994,18.178,0,0
sqlite,churn,8995,10.952,0,0
sqlite,churn,8996,12.551,0,0
sqlite,churn,8997,12.143,0,0
sqlite,churn,8998,14.095,0,0
sqlite,churn,8999,13.365,0,0
sqlite,churn,9000,15.238,3638420888,353
sqlite,churn,9001,14.825,0,0
sqlite,churn,9002,13.592,0,0
sqlite,churn,9003,15.663,0,0
sqlite,churn,9004,15.083,0,0
sqlite,churn,9005,19.149,0,0
sqlite,churn,9006,25.317,0,0
sqlite,churn,9007,18.433,0,0
sqlite,churn,9008,16.372,0,0
sqlite,churn,9009,13.811,0,0
sqlite,churn,9010,15.562,3639555480,258
sqlite,churn,9011,32.165,0,0
sqlite,churn,9012,12.874,0,0
sqlite,churn,9013,14.002,0,0
sqlite,churn,9014,19.904,0,0
sqlite,churn,9015,17.089,0,0
sqlite,churn,9016,13.343,0,0
sqlite,churn,9017,23.208,0,0
sqlite,churn,9018,16.036,0,0
sqlite,churn,9019,12.811,0,0
sqlite,churn,9020,13.661,3640817048,364
sqlite,churn,9021,17.605,0,0
sqlite,churn,9022,17.655,0,0
sqlite,churn,9023,13.589,0,0
sqlite,churn,9024,14.012,0,0
sqlite,churn,9025,14.417,0,0
sqlite,churn,9026,13.949,0,0
sqlite,churn,9027,14.225,0,0
sqlite,churn,9028,17.698,0,0
sqlite,churn,9029,14.820,0,0
sqlite,churn,9030,13.325,3641943448,252
sqlite,churn,9031,13.141,0,0
sqlite,churn,9032,14.665,0,0
sqlite,churn,9033,13.543,0,0
sqlite,churn,9034,12.599,0,0
sqlite,churn,9035,11.023,0,0
sqlite,churn,9036,14.978,0,0
sqlite,churn,9037,14.577,0,0
sqlite,churn,9038,12.773,0,0
sqlite,churn,9039,12.422,0,0
sqlite,churn,9040,16.885,3642832280,337
sqlite,churn,9041,18.810,0,0
sqlite,churn,9042,14.817,0,0
sqlite,churn,9043,13.946,0,0
sqlite,churn,9044,12.944,0,0
sqlite,churn,9045,11.946,0,0
sqlite,churn,9046,14.572,0,0
sqlite,churn,9047,17.286,0,0
sqlite,churn,9048,12.619,0,0
sqlite,churn,9049,12.443,0,0
sqlite,churn,9050,13.895,3643790744,252
sqlite,churn,9051,12.862,0,0
sqlite,churn,9052,17.112,0,0
sqlite,churn,9053,22.085,0,0
sqlite,churn,9054,14.647,0,0
sqlite,churn,9055,13.321,0,0
sqlite,churn,9056,14.761,0,0
sqlite,churn,9057,13.076,0,0
sqlite,churn,9058,14.561,0,0
sqlite,churn,9059,13.412,0,0
sqlite,churn,9060,14.655,3644749208,356
sqlite,churn,9061,15.419,0,0
sqlite,churn,9062,11.590,0,0
sqlite,churn,9063,18.596,0,0
sqlite,churn,9064,12.009,0,0
sqlite,churn,9065,13.374,0,0
sqlite,churn,9066,12.532,0,0
sqlite,churn,9067,14.764,0,0
sqlite,churn,9068,12.135,0,0
sqlite,churn,9069,12.652,0,0
sqlite,churn,9070,12.611,3646018968,260
sqlite,churn,9071,18.484,0,0
sqlite,churn,9072,13.771,0,0
sqlite,churn,9073,13.090,0,0
sqlite,churn,9074,14.464,0,0
sqlite,churn,9075,13.476,0,0
sqlite,churn,9076,13.591,0,0
sqlite,churn,9077,13.234,0,0
sqlite,churn,9078,13.911,0,0
sqlite,churn,9079,14.696,0,0
sqlite,churn,9080,13.715,3647399320,364
sqlite,churn,9081,17.239,0,0
sqlite,churn,9082,18.048,0,0
sqlite,churn,9083,13.949,0,0
sqlite,churn,9084,18.959,0,0
sqlite,churn,9085,32.635,0,0
sqlite,churn,9086,19.293,0,0
sqlite,churn,9087,15.259,0,0
sqlite,churn,9088,16.686,0,0
sqlite,churn,9089,15.820,0,0
sqlite,churn,9090,17.704,3648148888,245
sqlite,churn,9091,18.902,0,0
sqlite,churn,9092,18.243,0,0
sqlite,churn,9093,15.822,0,0
sqlite,churn,9094,12.683,0,0
sqlite,churn,9095,12.606,0,0
sqlite,churn,9096,10.881,0,0
sqlite,churn,9097,14.978,0,0
sqlite,churn,9098,12.989,0,0
sqlite,churn,9099,14.612,0,0
sqlite,churn,9100,14.491,3649688984,363
sqlite,churn,9101,13.196,0,0
sqlite,churn,9102,12.300,0,0
sqlite,churn,9103,15.370,0,0
sqlite,churn,9104,13.800,0,0
sqlite,churn,9105,16.530,0,0
sqlite,churn,9106,13.627,0,0
sqlite,churn,9107,13.930,0,0
sqlite,churn,9108,19.692,0,0
sqlite,churn,9109,13.688,0,0
sqlite,churn,9110,17.814,3650446744,254
sqlite,churn,9111,12.367,0,0
sqlite,churn,9112,13.145,0,0
sqlite,churn,9113,16.263,0,0
sqlite,churn,9114,13.748,0,0
sqlite,churn,9115,12.054,0,0
sqlite,churn,9116,12.154,0,0
sqlite,churn,9117,14.958,0,0
sqlite,churn,9118,12.670,0,0
sqlite,churn,9119,16.128,0,0
sqlite,churn,9120,12.547,3651618200,355
sqlite,churn,9121,16.556,0,0
sqlite,churn,9122,13.282,0,0
sqlite,churn,9123,13.344,0,0
sqlite,churn,9124,13.824,0,0
sqlite,churn,9125,14.308,0,0
sqlite,churn,9126,12.270,0,0
sqlite,churn,9127,12.955,0,0
sqlite,churn,9128,15.362,0,0
sqlite,churn,9129,13.612,0,0
sqlite,churn,9130,12.268,3652842904,255
sqlite,churn,9131,13.272,0,0
sqlite,churn,9132,16.070,0,0
sqlite,churn,9133,28.888,0,0
sqlite,churn,9134,11.920,0,0
sqlite,churn,9135,11.970,0,0
sqlite,churn,9136,52.458,0,0
sqlite,churn,9137,15.565,0,0
sqlite,churn,9138,20.097,0,0
sqlite,churn,9139,16.483,0,0
sqlite,churn,9140,18.907,3653838232,354
sqlite,churn,9141,24.169,0,0
sqlite,churn,9142,20.952,0,0
sqlite,churn,9143,16.033,0,0
sqlite,churn,9144,13.477,0,0
sqlite,churn,9145,11.326,0,0
sqlite,churn,9146,12.294,0,0
sqlite,churn,9147,12.532,0,0
sqlite,churn,9148,16.688,0,0
sqlite,churn,9149,13.649,0,0
sqlite,churn,9150,16.519,3655013784,263
sqlite,churn,9151,15.632,0,0
sqlite,churn,9152,13.840,0,0
sqlite,churn,9153,11.823,0,0
sqlite,churn,9154,14.409,0,0
sqlite,churn,9155,13.028,0,0
sqlite,churn,9156,12.948,0,0
sqlite,churn,9157,14.044,0,0
sqlite,churn,9158,18.702,0,0
sqlite,churn,9159,16.872,0,0
sqlite,churn,9160,19.270,3655837080,358
sqlite,churn,9161,12.289,0,0
sqlite,churn,9162,15.162,0,0
sqlite,churn,9163,12.468,0,0
sqlite,churn,9164,13.984,0,0
sqlite,churn,9165,13.780,0,0
sqlite,churn,9166,13.100,0,0
sqlite,churn,9167,12.417,0,0
sqlite,churn,9168,12.681,0,0
sqlite,churn,9169,13.169,0,0
sqlite,churn,9170,19.812,3657110936,259
sqlite,churn,9171,15.593,0,0
sqlite,churn,9172,12.352,0,0
sqlite,churn,9173,12.718,0,0
sqlite,churn,9174,11.397,0,0
sqlite,churn,9175,16.884,0,0
sqlite,churn,9176,14.688,0,0
sqlite,churn,9177,16.440,0,0
sqlite,churn,9178,13.363,0,0
sqlite,churn,9179,15.739,0,0
sqlite,churn,9180,13.243,3658139032,343
sqlite,churn,9181,12.951,0,0
sqlite,churn,9182,14.713,0,0
sqlite,churn,9183,11.821,0,0
sqlite,churn,9184,13.344,0,0
sqlite,churn,9185,12.229,0,0
sqlite,churn,9186,13.086,0,0
sqlite,churn,9187,16.377,0,0
sqlite,churn,9188,18.665,0,0
sqlite,churn,9189,25.058,0,0
sqlite,churn,9190,23.840,3659183512,245
sqlite,churn,9191,15.148,0,0
sqlite,churn,9192,15.628,0,0
sqlite,churn,9193,12.532,0,0
sqlite,churn,9194,20.914,0,0
sqlite,churn,9195,12.903,0,0
sqlite,churn,9196,12.288,0,0
sqlite,churn,9197,14.824,0,0
sqlite,churn,9198,12.794,0,0
sqlite,churn,9199,15.755,0,0
sqlite,churn,9200,13.593,3660285336,358
sqlite,churn,9201,14.101,0,0
sqlite,churn,9202,12.498,0,0
sqlite,churn,9203,12.223,0,0
sqlite,churn,9204,12.147,0,0
sqlite,churn,9205,14.378,0,0
sqlite,churn,9206,12.268,0,0
sqlite,churn,9207,16.311,0,0
sqlite,churn,9208,12.001,0,0
sqlite,churn,9209,15.691,0,0
sqlite,churn,9210,14.453,3661333912,261
sqlite,churn,9211,13.220,0,0
sqlite,churn,9212,12.486,0,0
sqlite,churn,9213,11.558,0,0
sqlite,churn,9214,14.218,0,0
sqlite,churn,9215,15.583,0,0
sqlite,churn,9216,16.995,0,0
sqlite,churn,9217,14.879,0,0
sqlite,churn,9218,13.977,0,0
sqlite,churn,9219,11.065,0,0
sqlite,churn,9220,12.120,3662800280,353
sqlite,churn,9221,20.445,0,0
sqlite,churn,9222,13.871,0,0
sqlite,churn,9223,15.810,0,0
sqlite,churn,9224,11.492,0,0
sqlite,churn,9225,13.447,0,0
sqlite,churn,9226,15.856,0,0
sqlite,churn,9227,12.268,0,0
sqlite,churn,9228,10.897,0,0
sqlite,churn,9229,11.768,0,0
sqlite,churn,9230,36.914,3663865240,264
sqlite,churn,9231,20.393,0,0
sqlite,churn,9232,15.865,0,0
sqlite,churn,9233,25.587,0,0
sqlite,churn,9234,18.056,0,0
sqlite,churn,9235,13.319,0,0
sqlite,churn,9236,18.408,0,0
sqlite,churn,9237,25.186,0,0
sqlite,churn,9238,37.971,0,0
sqlite,churn,9239,21.830,0,0
sqlite,churn,9240,16.425,3665061272,356
sqlite,churn,9241,17.762,0,0
sqlite,churn,9242,17.781,0,0
sqlite,churn,9243,17.917,0,0
sqlite,churn,9244,14.255,0,0
sqlite,churn,9245,12.840,0,0
sqlite,churn,9246,15.528,0,0
sqlite,churn,9247,20.829,0,0
sqlite,churn,9248,18.591,0,0
sqlite,churn,9249,13.594,0,0
sqlite,churn,9250,16.787,3666118040,259
sqlite,churn,9251,27.300,0,0
sqlite,churn,9252,17.453,0,0
sqlite,churn,9253,27.726,0,0
sqlite,churn,9254,36.338,0,0
sqlite,churn,9255,23.101,0,0
sqlite,churn,9256,16.739,0,0
sqlite,churn,9257,14.464,0,0
sqlite,churn,9258,19.482,0,0
sqlite,churn,9259,21.217,0,0
sqlite,churn,9260,12.550,3667170712,344
sqlite,churn,9261,19.287,0,0
sqlite,churn,9262,12.653,0,0
sqlite,churn,9263,16.801,0,0
sqlite,churn,9264,12.247,0,0
sqlite,churn,9265,15.473,0,0
sqlite,churn,9266,28.378,0,0
sqlite,churn,9267,14.135,0,0
sqlite,churn,9268,21.691,0,0
sqlite,churn,9269,20.158,0,0
sqlite,churn,9270,30.681,3668510104,252
sqlite,churn,9271,20.523,0,0
sqlite,churn,9272,19.386,0,0
sqlite,churn,9273,23.964,0,0
sqlite,churn,9274,24.023,0,0
sqlite,churn,9275,18.294,0,0
sqlite,churn,9276,18.316,0,0
sqlite,churn,9277,26.276,0,0
sqlite,churn,9278,24.261,0,0
sqlite,churn,9279,27.719,0,0
sqlite,churn,9280,18.003,3669628312,342
sqlite,churn,9281,14.386,0,0
sqlite,churn,9282,14.832,0,0
sqlite,churn,9283,16.593,0,0
sqlite,churn,9284,16.069,0,0
sqlite,churn,9285,17.561,0,0
sqlite,churn,9286,19.074,0,0
sqlite,churn,9287,20.003,0,0
sqlite,churn,9288,14.288,0,0
sqlite,churn,9289,15.561,0,0
sqlite,churn,9290,28.875,3670762904,271
sqlite,churn,9291,13.709,0,0
sqlite,churn,9292,17.149,0,0
sqlite,churn,9293,26.611,0,0
sqlite,churn,9294,20.601,0,0
sqlite,churn,9295,14.296,0,0
sqlite,churn,9296,23.466,0,0
sqlite,churn,9297,20.129,0,0
sqlite,churn,9298,16.744,0,0
sqlite,churn,9299,30.355,0,0
sqlite,churn,9300,17.623,3671958936,361
sqlite,churn,9301,13.434,0,0
sqlite,churn,9302,25.046,0,0
sqlite,churn,9303,22.010,0,0
sqlite,churn,9304,25.718,0,0
sqlite,churn,9305,20.710,0,0
sqlite,churn,9306,21.449,0,0
sqlite,churn,9307,29.805,0,0
sqlite,churn,9308,24.477,0,0
sqlite,churn,9309,26.187,0,0
sqlite,churn,9310,26.089,3673077144,257
sqlite,churn,9311,31.151,0,0
sqlite,churn,9312,31.828,0,0
sqlite,churn,9313,24.963,0,0
sqlite,churn,9314,21.869,0,0
sqlite,churn,9315,32.648,0,0
sqlite,churn,9316,28.358,0,0
sqlite,churn,9317,20.067,0,0
sqlite,churn,9318,24.650,0,0
sqlite,churn,9319,29.830,0,0
sqlite,churn,9320,18.598,3674170776,345
sqlite,churn,9321,27.836,0,0
sqlite,churn,9322,25.105,0,0
sqlite,churn,9323,38.536,0,0
sqlite,churn,9324,34.071,0,0
sqlite,churn,9325,29.289,0,0
sqlite,churn,9326,28.711,0,0
sqlite,churn,9327,30.380,0,0
sqlite,churn,9328,29.320,0,0
sqlite,churn,9329,13.926,0,0
sqlite,churn,9330,16.587,3675272600,263
sqlite,churn,9331,17.302,0,0
sqlite,churn,9332,20.640,0,0
sqlite,churn,9333,24.299,0,0
sqlite,churn,9334,55.217,0,0
sqlite,churn,9335,16.166,0,0
sqlite,churn,9336,22.093,0,0
sqlite,churn,9337,27.982,0,0
sqlite,churn,9338,25.349,0,0
sqlite,churn,9339,32.586,0,0
sqlite,churn,9340,36.018,3676468632,344
sqlite,churn,9341,32.532,0,0
sqlite,churn,9342,19.204,0,0
sqlite,churn,9343,26.168,0,0
sqlite,churn,9344,19.203,0,0
sqlite,churn,9345,21.232,0,0
sqlite,churn,9346,24.819,0,0
sqlite,churn,9347,31.551,0,0
sqlite,churn,9348,31.958,0,0
sqlite,churn,9349,20.931,0,0
sqlite,churn,9350,31.058,3677545880,254
sqlite,churn,9351,27.703,0,0
sqlite,churn,9352,20.871,0,0
sqlite,churn,9353,21.646,0,0
sqlite,churn,9354,24.954,0,0
sqlite,churn,9355,28.269,0,0
sqlite,churn,9356,26.181,0,0
sqlite,churn,9357,21.877,0,0
sqlite,churn,9358,23.459,0,0
sqlite,churn,9359,21.367,0,0
sqlite,churn,9360,23.991,3678594456,347
sqlite,churn,9361,17.855,0,0
sqlite,churn,9362,25.470,0,0
sqlite,churn,9363,24.737,0,0
sqlite,churn,9364,21.814,0,0
sqlite,churn,9365,21.166,0,0
sqlite,churn,9366,18.141,0,0
sqlite,churn,9367,26.172,0,0
sqlite,churn,9368,31.390,0,0
sqlite,churn,9369,29.009,0,0
sqlite,churn,9370,24.436,3679462808,264
sqlite,churn,9371,23.120,0,0
sqlite,churn,9372,19.596,0,0
sqlite,churn,9373,19.009,0,0
sqlite,churn,9374,26.806,0,0
sqlite,churn,9375,25.604,0,0
sqlite,churn,9376,27.317,0,0
sqlite,churn,9377,30.941,0,0
sqlite,churn,9378,35.811,0,0
sqlite,churn,9379,30.315,0,0
sqlite,churn,9380,43.527,3680544152,343
sqlite,churn,9381,25.565,0,0
sqlite,churn,9382,26.418,0,0
sqlite,churn,9383,40.604,0,0
sqlite,churn,9384,27.575,0,0
sqlite,churn,9385,26.735,0,0
sqlite,churn,9386,48.414,0,0
sqlite,churn,9387,44.861,0,0
sqlite,churn,9388,40.370,0,0
sqlite,churn,9389,47.773,0,0
sqlite,churn,9390,33.777,3681543576,266
sqlite,churn,9391,35.757,0,0
sqlite,churn,9392,38.931,0,0
sqlite,churn,9393,23.904,0,0
sqlite,churn,9394,23.764,0,0
sqlite,churn,9395,29.750,0,0
sqlite,churn,9396,25.610,0,0
sqlite,churn,9397,27.710,0,0
sqlite,churn,9398,36.460,0,0
sqlite,churn,9399,22.954,0,0
sqlite,churn,9400,42.006,3682502040,365
sqlite,churn,9401,29.476,0,0
sqlite,churn,9402,29.221,0,0
sqlite,churn,9403,28.177,0,0
sqlite,churn,9404,34.045,0,0
sqlite,churn,9405,38.073,0,0
sqlite,churn,9406,40.871,0,0
sqlite,churn,9407,24.315,0,0
sqlite,churn,9408,30.529,0,0
sqlite,churn,9409,20.902,0,0
sqlite,churn,9410,19.001,3683562904,276
sqlite,churn,9411,19.055,0,0
sqlite,churn,9412,24.148,0,0
sqlite,churn,9413,21.686,0,0
sqlite,churn,9414,20.475,0,0
sqlite,churn,9415,29.093,0,0
sqlite,churn,9416,18.650,0,0
sqlite,churn,9417,28.624,0,0
sqlite,churn,9418,25.913,0,0
sqlite,churn,9419,20.028,0,0
sqlite,churn,9420,19.147,3684087192,354
sqlite,churn,9421,31.898,0,0
sqlite,churn,9422,35.413,0,0
sqlite,churn,9423,22.193,0,0
sqlite,churn,9424,29.391,0,0
sqlite,churn,9425,21.031,0,0
sqlite,churn,9426,29.036,0,0
sqlite,churn,9427,26.298,0,0
sqlite,churn,9428,26.916,0,0
sqlite,churn,9429,36.008,0,0
sqlite,churn,9430,23.060,3685258648,264
sqlite,churn,9431,37.706,0,0
sqlite,churn,9432,21.932,0,0
sqlite,churn,9433,27.969,0,0
sqlite,churn,9434,34.941,0,0
sqlite,churn,9435,27.847,0,0
sqlite,churn,9436,32.775,0,0
sqlite,churn,9437,20.020,0,0
sqlite,churn,9438,23.643,0,0
sqlite,churn,9439,34.785,0,0
sqlite,churn,9440,17.962,3686499736,365
sqlite,churn,9441,30.792,0,0
sqlite,churn,9442,22.143,0,0
sqlite,churn,9443,28.168,0,0
sqlite,churn,9444,29.777,0,0
sqlite,churn,9445,24.172,0,0
sqlite,churn,9446,31.165,0,0
sqlite,churn,9447,33.984,0,0
sqlite,churn,9448,33.604,0,0
sqlite,churn,9449,42.060,0,0
sqlite,churn,9450,35.147,3687490968,264
sqlite,churn,9451,34.239,0,0
sqlite,churn,9452,48.654,0,0
sqlite,churn,9453,37.004,0,0
sqlite,churn,9454,20.760,0,0
sqlite,churn,9455,38.255,0,0
sqlite,churn,9456,29.783,0,0
sqlite,churn,9457,34.956,0,0
sqlite,churn,9458,36.673,0,0
sqlite,churn,9459,21.374,0,0
sqlite,churn,9460,23.515,3688633752,348
sqlite,churn,9461,23.647,0,0
sqlite,churn,9462,22.002,0,0
sqlite,churn,9463,23.161,0,0
sqlite,churn,9464,19.771,0,0
sqlite,churn,9465,20.105,0,0
sqlite,churn,9466,18.399,0,0
sqlite,churn,9467,22.016,0,0
sqlite,churn,9468,21.380,0,0
sqlite,churn,9469,19.328,0,0
sqlite,churn,9470,18.711,3689784728,270
sqlite,churn,9471,28.513,0,0
sqlite,churn,9472,20.950,0,0
sqlite,churn,9473,19.953,0,0
sqlite,churn,9474,27.195,0,0
sqlite,churn,9475,24.755,0,0
sqlite,churn,9476,24.079,0,0
sqlite,churn,9477,34.689,0,0
sqlite,churn,9478,29.254,0,0
sqlite,churn,9479,25.595,0,0
sqlite,churn,9480,28.882,3690685848,358
sqlite,churn,9481,31.100,0,0
sqlite,churn,9482,21.830,0,0
sqlite,churn,9483,32.571,0,0
sqlite,churn,9484,21.624,0,0
sqlite,churn,9485,22.218,0,0
sqlite,churn,9486,38.975,0,0
sqlite,churn,9487,34.631,0,0
sqlite,churn,9488,29.196,0,0
sqlite,churn,9489,28.110,0,0
sqlite,churn,9490,64.827,3691935128,290
sqlite,churn,9491,35.648,0,0
sqlite,churn,9492,43.921,0,0
sqlite,churn,9493,32.170,0,0
sqlite,churn,9494,35.312,0,0
sqlite,churn,9495,18.561,0,0
sqlite,churn,9496,17.960,0,0
sqlite,churn,9497,20.199,0,0
sqlite,churn,9498,21.941,0,0
sqlite,churn,9499,35.023,0,0
sqlite,churn,9500,34.308,3692750232,337
sqlite,churn,9501,24.457,0,0
sqlite,churn,9502,25.805,0,0
sqlite,churn,9503,27.296,0,0
sqlite,churn,9504,14.622,0,0
sqlite,churn,9505,18.910,0,0
sqlite,churn,9506,28.773,0,0
sqlite,churn,9507,27.886,0,0
sqlite,churn,9508,26.340,0,0
sqlite,churn,9509,35.008,0,0
sqlite,churn,9510,26.843,3693761944,252
sqlite,churn,9511,28.833,0,0
sqlite,churn,9512,27.826,0,0
sqlite,churn,9513,16.416,0,0
sqlite,churn,9514,19.763,0,0
sqlite,churn,9515,29.419,0,0
sqlite,churn,9516,20.597,0,0
sqlite,churn,9517,26.142,0,0
sqlite,churn,9518,36.217,0,0
sqlite,churn,9519,28.426,0,0
sqlite,churn,9520,29.597,3694900632,356
sqlite,churn,9521,32.604,0,0
sqlite,churn,9522,23.925,0,0
sqlite,churn,9523,33.561,0,0
sqlite,churn,9524,28.381,0,0
sqlite,churn,9525,23.958,0,0
sqlite,churn,9526,36.724,0,0
sqlite,churn,9527,32.122,0,0
sqlite,churn,9528,38.061,0,0
sqlite,churn,9529,29.723,0,0
sqlite,churn,9530,22.567,3695924632,265
sqlite,churn,9531,36.883,0,0
sqlite,churn,9532,23.280,0,0
sqlite,churn,9533,24.602,0,0
sqlite,churn,9534,30.891,0,0
sqlite,churn,9535,25.104,0,0
sqlite,churn,9536,25.529,0,0
sqlite,churn,9537,32.810,0,0
sqlite,churn,9538,26.081,0,0
sqlite,churn,9539,31.686,0,0
sqlite,churn,9540,31.475,3696985496,360
sqlite,churn,9541,34.645,0,0
sqlite,churn,9542,31.649,0,0
sqlite,churn,9543,36.187,0,0
sqlite,churn,9544,20.915,0,0
sqlite,churn,9545,25.955,0,0
sqlite,churn,9546,30.539,0,0
sqlite,churn,9547,35.574,0,0
sqlite,churn,9548,23.274,0,0
sqlite,churn,9549,18.764,0,0
sqlite,churn,9550,25.807,3698107800,258
sqlite,churn,9551,20.111,0,0
sqlite,churn,9552,20.203,0,0
sqlite,churn,9553,25.253,0,0
sqlite,churn,9554,27.914,0,0
sqlite,churn,9555,25.157,0,0
sqlite,churn,9556,16.937,0,0
sqlite,churn,9557,26.595,0,0
sqlite,churn,9558,27.627,0,0
sqlite,churn,9559,28.705,0,0
sqlite,churn,9560,32.489,3699004824,349
sqlite,churn,9561,25.335,0,0
sqlite,churn,9562,17.057,0,0
sqlite,churn,9563,32.594,0,0
sqlite,churn,9564,17.335,0,0
sqlite,churn,9565,23.008,0,0
sqlite,churn,9566,20.420,0,0
sqlite,churn,9567,26.624,0,0
sqlite,churn,9568,16.772,0,0
sqlite,churn,9569,17.198,0,0
sqlite,churn,9570,27.896,3699967384,255
sqlite,churn,9571,28.755,0,0
sqlite,churn,9572,30.329,0,0
sqlite,churn,9573,21.072,0,0
sqlite,churn,9574,32.074,0,0
sqlite,churn,9575,28.989,0,0
sqlite,churn,9576,25.379,0,0
sqlite,churn,9577,24.656,0,0
sqlite,churn,9578,25.851,0,0
sqlite,churn,9579,18.717,0,0
sqlite,churn,9580,25.195,3701392792,367
sqlite,churn,9581,21.034,0,0
sqlite,churn,9582,22.332,0,0
sqlite,churn,9583,24.524,0,0
sqlite,churn,9584,29.154,0,0
sqlite,churn,9585,21.497,0,0
sqlite,churn,9586,24.873,0,0
sqlite,churn,9587,25.030,0,0
sqlite,churn,9588,18.641,0,0
sqlite,churn,9589,14.860,0,0
sqlite,churn,9590,29.879,3702351256,251
sqlite,churn,9591,24.680,0,0
sqlite,churn,9592,37.952,0,0
sqlite,churn,9593,36.408,0,0
sqlite,churn,9594,27.169,0,0
sqlite,churn,9595,38.397,0,0
sqlite,churn,9596,24.608,0,0
sqlite,churn,9597,33.282,0,0
sqlite,churn,9598,23.021,0,0
sqlite,churn,9599,40.957,0,0
sqlite,churn,9600,22.179,3703571864,347
sqlite,churn,9601,22.008,0,0
sqlite,churn,9602,36.164,0,0
sqlite,churn,9603,28.355,0,0
sqlite,churn,9604,24.335,0,0
sqlite,churn,9605,36.450,0,0
sqlite,churn,9606,43.338,0,0
sqlite,churn,9607,42.155,0,0
sqlite,churn,9608,32.330,0,0
sqlite,churn,9609,32.538,0,0
sqlite,churn,9610,26.620,3704685976,247
sqlite,churn,9611,42.037,0,0
sqlite,churn,9612,28.400,0,0
sqlite,churn,9613,43.598,0,0
sqlite,churn,9614,38.844,0,0
sqlite,churn,9615,36.647,0,0
sqlite,churn,9616,29.360,0,0
sqlite,churn,9617,19.547,0,0
sqlite,churn,9618,27.009,0,0
sqlite,churn,9619,19.616,0,0
sqlite,churn,9620,20.232,3705955736,349
sqlite,churn,9621,19.308,0,0
sqlite,churn,9622,29.587,0,0
sqlite,churn,9623,28.421,0,0
sqlite,churn,9624,29.212,0,0
sqlite,churn,9625,33.703,0,0
sqlite,churn,9626,28.612,0,0
sqlite,churn,9627,27.563,0,0
sqlite,churn,9628,31.036,0,0
sqlite,churn,9629,34.401,0,0
sqlite,churn,9630,28.582,3707032984,266
sqlite,churn,9631,26.497,0,0
sqlite,churn,9632,24.316,0,0
sqlite,churn,9633,19.311,0,0
sqlite,churn,9634,19.354,0,0
sqlite,churn,9635,23.356,0,0
sqlite,churn,9636,28.779,0,0
sqlite,churn,9637,26.645,0,0
sqlite,churn,9638,18.382,0,0
sqlite,churn,9639,32.462,0,0
sqlite,churn,9640,26.033,3707970968,349
sqlite,churn,9641,28.715,0,0
sqlite,churn,9642,20.697,0,0
sqlite,churn,9643,20.450,0,0
sqlite,churn,9644,35.988,0,0
sqlite,churn,9645,21.645,0,0
sqlite,churn,9646,18.654,0,0
sqlite,churn,9647,28.508,0,0
sqlite,churn,9648,15.084,0,0
sqlite,churn,9649,21.463,0,0
sqlite,churn,9650,20.293,3709179288,255
sqlite,churn,9651,28.581,0,0
sqlite,churn,9652,28.172,0,0
sqlite,churn,9653,41.679,0,0
sqlite,churn,9654,24.953,0,0
sqlite,churn,9655,28.100,0,0
sqlite,churn,9656,22.905,0,0
sqlite,churn,9657,34.379,0,0
sqlite,churn,9658,40.553,0,0
sqlite,churn,9659,26.187,0,0
sqlite,churn,9660,24.250,3710379416,351
sqlite,churn,9661,22.738,0,0
sqlite,churn,9662,16.623,0,0
sqlite,churn,9663,21.772,0,0
sqlite,churn,9664,28.051,0,0
sqlite,churn,9665,22.597,0,0
sqlite,churn,9666,24.612,0,0
sqlite,churn,9667,22.952,0,0
sqlite,churn,9668,19.638,0,0
sqlite,churn,9669,23.813,0,0
sqlite,churn,9670,27.082,3711473048,254
sqlite,churn,9671,33.383,0,0
sqlite,churn,9672,23.197,0,0
sqlite,churn,9673,23.899,0,0
sqlite,churn,9674,20.476,0,0
sqlite,churn,9675,30.183,0,0
sqlite,churn,9676,28.982,0,0
sqlite,churn,9677,23.310,0,0
sqlite,churn,9678,16.100,0,0
sqlite,churn,9679,26.282,0,0
sqlite,churn,9680,43.585,3712415128,351
sqlite,churn,9681,24.362,0,0
sqlite,churn,9682,39.948,0,0
sqlite,churn,9683,27.054,0,0
sqlite,churn,9684,21.250,0,0
sqlite,churn,9685,16.029,0,0
sqlite,churn,9686,38.602,0,0
sqlite,churn,9687,19.735,0,0
sqlite,churn,9688,37.323,0,0
sqlite,churn,9689,27.570,0,0
sqlite,churn,9690,19.562,3713320344,242
sqlite,churn,9691,19.853,0,0
sqlite,churn,9692,23.259,0,0
sqlite,churn,9693,28.456,0,0
sqlite,churn,9694,23.953,0,0
sqlite,churn,9695,28.991,0,0
sqlite,churn,9696,16.650,0,0
sqlite,churn,9697,36.540,0,0
sqlite,churn,9698,21.038,0,0
sqlite,churn,9699,26.178,0,0
sqlite,churn,9700,20.002,3714418072,353
sqlite,churn,9701,20.555,0,0
sqlite,churn,9702,31.112,0,0
sqlite,churn,9703,22.728,0,0
sqlite,churn,9704,21.789,0,0
sqlite,churn,9705,15.994,0,0
sqlite,churn,9706,21.032,0,0
sqlite,churn,9707,20.714,0,0
sqlite,churn,9708,21.892,0,0
sqlite,churn,9709,26.417,0,0
sqlite,churn,9710,26.791,3715372440,249
sqlite,churn,9711,17.686,0,0
sqlite,churn,9712,21.102,0,0
sqlite,churn,9713,24.997,0,0
sqlite,churn,9714,15.058,0,0
sqlite,churn,9715,19.471,0,0
sqlite,churn,9716,17.608,0,0
sqlite,churn,9717,25.505,0,0
sqlite,churn,9718,44.681,0,0
sqlite,churn,9719,16.557,0,0
sqlite,churn,9720,14.534,3716482456,343
sqlite,churn,9721,36.317,0,0
sqlite,churn,9722,22.409,0,0
sqlite,churn,9723,19.635,0,0
sqlite,churn,9724,18.980,0,0
sqlite,churn,9725,28.648,0,0
sqlite,churn,9726,41.487,0,0
sqlite,churn,9727,31.799,0,0
sqlite,churn,9728,34.378,0,0
sqlite,churn,9729,42.024,0,0
sqlite,churn,9730,33.687,3717817752,263
sqlite,churn,9731,35.243,0,0
sqlite,churn,9732,23.684,0,0
sqlite,churn,9733,35.633,0,0
sqlite,churn,9734,16.493,0,0
sqlite,churn,9735,30.599,0,0
sqlite,churn,9736,17.759,0,0
sqlite,churn,9737,17.726,0,0
sqlite,churn,9738,24.719,0,0
sqlite,churn,9739,16.585,0,0
sqlite,churn,9740,27.382,3718686104,350
sqlite,churn,9741,16.692,0,0
sqlite,churn,9742,28.700,0,0
sqlite,churn,9743,15.322,0,0
sqlite,churn,9744,81.317,0,0
sqlite,churn,9745,20.610,0,0
sqlite,churn,9746,16.199,0,0
sqlite,churn,9747,34.690,0,0
sqlite,churn,9748,25.136,0,0
sqlite,churn,9749,20.668,0,0
sqlite,churn,9750,27.003,3719611800,238
sqlite,churn,9751,18.995,0,0
sqlite,churn,9752,41.009,0,0
sqlite,churn,9753,26.053,0,0
sqlite,churn,9754,31.981,0,0
sqlite,churn,9755,31.549,0,0
sqlite,churn,9756,21.678,0,0
sqlite,churn,9757,26.863,0,0
sqlite,churn,9758,24.342,0,0
sqlite,churn,9759,17.881,0,0
sqlite,churn,9760,32.050,3720652184,365
sqlite,churn,9761,26.636,0,0
sqlite,churn,9762,25.375,0,0
sqlite,churn,9763,28.908,0,0
sqlite,churn,9764,31.634,0,0
sqlite,churn,9765,14.740,0,0
sqlite,churn,9766,20.959,0,0
sqlite,churn,9767,21.354,0,0
sqlite,churn,9768,15.810,0,0
sqlite,churn,9769,19.028,0,0
sqlite,churn,9770,35.163,3721790872,259
sqlite,churn,9771,24.897,0,0
sqlite,churn,9772,26.690,0,0
sqlite,churn,9773,24.872,0,0
sqlite,churn,9774,21.911,0,0
sqlite,churn,9775,25.194,0,0
sqlite,churn,9776,20.603,0,0
sqlite,churn,9777,19.193,0,0
sqlite,churn,9778,28.422,0,0
sqlite,churn,9779,21.780,0,0
sqlite,churn,9780,17.198,3723052440,347
sqlite,churn,9781,25.422,0,0
sqlite,churn,9782,24.224,0,0
sqlite,churn,9783,32.259,0,0
sqlite,churn,9784,23.381,0,0
sqlite,churn,9785,27.490,0,0
sqlite,churn,9786,24.239,0,0
sqlite,churn,9787,22.070,0,0
sqlite,churn,9788,28.150,0,0
sqlite,churn,9789,20.957,0,0
sqlite,churn,9790,20.894,3724096920,245
sqlite,churn,9791,21.473,0,0
sqlite,churn,9792,21.513,0,0
sqlite,churn,9793,22.372,0,0
sqlite,churn,9794,25.523,0,0
sqlite,churn,9795,32.808,0,0
sqlite,churn,9796,38.517,0,0
sqlite,churn,9797,34.281,0,0
sqlite,churn,9798,22.545,0,0
sqlite,churn,9799,23.727,0,0
sqlite,churn,9800,27.746,3725268376,360
sqlite,churn,9801,30.885,0,0
sqlite,churn,9802,19.843,0,0
sqlite,churn,9803,33.014,0,0
sqlite,churn,9804,25.701,0,0
sqlite,churn,9805,25.320,0,0
sqlite,churn,9806,28.213,0,0
sqlite,churn,9807,36.272,0,0
sqlite,churn,9808,28.067,0,0
sqlite,churn,9809,20.059,0,0
sqlite,churn,9810,20.084,3726587288,250
sqlite,churn,9811,18.543,0,0
sqlite,churn,9812,18.324,0,0
sqlite,churn,9813,20.487,0,0
sqlite,churn,9814,29.145,0,0
sqlite,churn,9815,28.039,0,0
sqlite,churn,9816,13.424,0,0
sqlite,churn,9817,18.730,0,0
sqlite,churn,9818,21.841,0,0
sqlite,churn,9819,28.600,0,0
sqlite,churn,9820,22.445,3728057752,356
sqlite,churn,9821,20.844,0,0
sqlite,churn,9822,26.649,0,0
sqlite,churn,9823,20.652,0,0
sqlite,churn,9824,18.119,0,0
sqlite,churn,9825,18.885,0,0
sqlite,churn,9826,24.404,0,0
sqlite,churn,9827,32.655,0,0
sqlite,churn,9828,32.965,0,0
sqlite,churn,9829,17.579,0,0
sqlite,churn,9830,39.083,3728909720,272
sqlite,churn,9831,30.161,0,0
sqlite,churn,9832,31.436,0,0
sqlite,churn,9833,23.456,0,0
sqlite,churn,9834,28.168,0,0
sqlite,churn,9835,27.678,0,0
sqlite,churn,9836,35.041,0,0
sqlite,churn,9837,22.411,0,0
sqlite,churn,9838,32.553,0,0
sqlite,churn,9839,15.417,0,0
sqlite,churn,9840,15.951,3730101656,349
sqlite,churn,9841,29.512,0,0
sqlite,churn,9842,19.015,0,0
sqlite,churn,9843,26.843,0,0
sqlite,churn,9844,37.063,0,0
sqlite,churn,9845,34.100,0,0
sqlite,churn,9846,23.374,0,0
sqlite,churn,9847,30.196,0,0
sqlite,churn,9848,27.785,0,0
sqlite,churn,9849,40.752,0,0
sqlite,churn,9850,28.291,3730957720,252
sqlite,churn,9851,33.264,0,0
sqlite,churn,9852,23.283,0,0
sqlite,churn,9853,29.956,0,0
sqlite,churn,9854,32.149,0,0
sqlite,churn,9855,45.424,0,0
sqlite,churn,9856,24.488,0,0
sqlite,churn,9857,23.172,0,0
sqlite,churn,9858,33.508,0,0
sqlite,churn,9859,42.821,0,0
sqlite,churn,9860,22.145,3732301208,340
sqlite,churn,9861,41.730,0,0
sqlite,churn,9862,21.576,0,0
sqlite,churn,9863,29.757,0,0
sqlite,churn,9864,40.309,0,0
sqlite,churn,9865,27.703,0,0
sqlite,churn,9866,34.573,0,0
sqlite,churn,9867,40.376,0,0
sqlite,churn,9868,39.057,0,0
sqlite,churn,9869,26.509,0,0
sqlite,churn,9870,25.628,3733128600,262
sqlite,churn,9871,20.720,0,0
sqlite,churn,9872,36.156,0,0
sqlite,churn,9873,24.700,0,0
sqlite,churn,9874,20.264,0,0
sqlite,churn,9875,20.176,0,0
sqlite,churn,9876,25.098,0,0
sqlite,churn,9877,20.763,0,0
sqlite,churn,9878,15.424,0,0
sqlite,churn,9879,26.755,0,0
sqlite,churn,9880,27.505,3734386072,364
sqlite,churn,9881,17.288,0,0
sqlite,churn,9882,26.101,0,0
sqlite,churn,9883,19.025,0,0
sqlite,churn,9884,22.200,0,0
sqlite,churn,9885,24.764,0,0
sqlite,churn,9886,25.360,0,0
sqlite,churn,9887,34.486,0,0
sqlite,churn,9888,22.707,0,0
sqlite,churn,9889,18.356,0,0
sqlite,churn,9890,24.742,3735201176,267
sqlite,churn,9891,27.552,0,0
sqlite,churn,9892,28.180,0,0
sqlite,churn,9893,22.344,0,0
sqlite,churn,9894,24.792,0,0
sqlite,churn,9895,27.800,0,0
sqlite,churn,9896,16.918,0,0
sqlite,churn,9897,25.258,0,0
sqlite,churn,9898,16.582,0,0
sqlite,churn,9899,27.242,0,0
sqlite,churn,9900,30.204,3736413592,336
sqlite,churn,9901,22.980,0,0
sqlite,churn,9902,20.912,0,0
sqlite,churn,9903,18.552,0,0
sqlite,churn,9904,24.967,0,0
sqlite,churn,9905,25.917,0,0
sqlite,churn,9906,31.444,0,0
sqlite,churn,9907,24.204,0,0
sqlite,churn,9908,25.173,0,0
sqlite,churn,9909,23.656,0,0
sqlite,churn,9910,19.398,3737253272,251
sqlite,churn,9911,29.723,0,0
sqlite,churn,9912,42.936,0,0
sqlite,churn,9913,24.062,0,0
sqlite,churn,9914,15.449,0,0
sqlite,churn,9915,17.064,0,0
sqlite,churn,9916,32.606,0,0
sqlite,churn,9917,22.883,0,0
sqlite,churn,9918,39.455,0,0
sqlite,churn,9919,15.871,0,0
sqlite,churn,9920,23.309,3738383768,348
sqlite,churn,9921,31.594,0,0
sqlite,churn,9922,34.996,0,0
sqlite,churn,9923,19.185,0,0
sqlite,churn,9924,34.012,0,0
sqlite,churn,9925,25.267,0,0
sqlite,churn,9926,28.359,0,0
sqlite,churn,9927,41.338,0,0
sqlite,churn,9928,21.989,0,0
sqlite,churn,9929,14.976,0,0
sqlite,churn,9930,19.458,3739420056,250
sqlite,churn,9931,22.527,0,0
sqlite,churn,9932,23.075,0,0
sqlite,churn,9933,19.934,0,0
sqlite,churn,9934,27.506,0,0
sqlite,churn,9935,24.465,0,0
sqlite,churn,9936,32.719,0,0
sqlite,churn,9937,27.331,0,0
sqlite,churn,9938,19.856,0,0
sqlite,churn,9939,21.267,0,0
sqlite,churn,9940,16.693,3740476824,360
sqlite,churn,9941,27.948,0,0
sqlite,churn,9942,20.202,0,0
sqlite,churn,9943,29.109,0,0
sqlite,churn,9944,21.453,0,0
sqlite,churn,9945,18.306,0,0
sqlite,churn,9946,20.454,0,0
sqlite,churn,9947,21.713,0,0
sqlite,churn,9948,29.488,0,0
sqlite,churn,9949,35.394,0,0
sqlite,churn,9950,14.645,3741455768,256
sqlite,churn,9951,20.775,0,0
sqlite,churn,9952,16.758,0,0
sqlite,churn,9953,16.877,0,0
sqlite,churn,9954,15.940,0,0
sqlite,churn,9955,20.367,0,0
sqlite,churn,9956,21.175,0,0
sqlite,churn,9957,25.584,0,0
sqlite,churn,9958,18.104,0,0
sqlite,churn,9959,27.521,0,0
sqlite,churn,9960,20.449,3742614936,350
sqlite,churn,9961,18.594,0,0
sqlite,churn,9962,32.748,0,0
sqlite,churn,9963,26.286,0,0
sqlite,churn,9964,23.496,0,0
sqlite,churn,9965,44.614,0,0
sqlite,churn,9966,32.749,0,0
sqlite,churn,9967,24.576,0,0
sqlite,churn,9968,52.259,0,0
sqlite,churn,9969,41.917,0,0
sqlite,churn,9970,38.752,3743483288,282
sqlite,churn,9971,42.437,0,0
sqlite,churn,9972,43.932,0,0
sqlite,churn,9973,25.324,0,0
sqlite,churn,9974,31.919,0,0
sqlite,churn,9975,42.835,0,0
sqlite,churn,9976,22.694,0,0
sqlite,churn,9977,26.777,0,0
sqlite,churn,9978,27.286,0,0
sqlite,churn,9979,35.588,0,0
sqlite,churn,9980,19.289,3744495000,354
sqlite,churn,9981,32.554,0,0
sqlite,churn,9982,38.041,0,0
sqlite,churn,9983,24.604,0,0
sqlite,churn,9984,39.671,0,0
sqlite,churn,9985,27.028,0,0
sqlite,churn,9986,54.172,0,0
sqlite,churn,9987,26.567,0,0
sqlite,churn,9988,28.949,0,0
sqlite,churn,9989,18.744,0,0
sqlite,churn,9990,13.439,3745527192,250
sqlite,churn,9991,33.779,0,0
sqlite,churn,9992,21.867,0,0
sqlite,churn,9993,28.618,0,0
sqlite,churn,9994,17.484,0,0
sqlite,churn,9995,20.383,0,0
sqlite,churn,9996,17.717,0,0
sqlite,churn,9997,19.257,0,0
sqlite,churn,9998,20.410,0,0
sqlite,churn,9999,21.783,3746411928,244
sqlite,pressure,0,19.672,3746411928,13
sqlite,pressure,1,22.217,0,0
sqlite,pressure,2,22.731,0,0
sqlite,pressure,3,33.494,0,0
sqlite,pressure,4,80.096,0,0
sqlite,pressure,5,24.348,3751462296,15
sqlite,pressure,6,22.005,0,0
sqlite,pressure,7,21.662,0,0
sqlite,pressure,8,19.660,0,0
sqlite,pressure,9,23.117,0,0
sqlite,pressure,10,22.168,3759048088,15
sqlite,pressure,11,23.633,0,0
sqlite,pressure,12,16.883,0,0
sqlite,pressure,13,20.190,0,0
sqlite,pressure,14,21.945,0,0
sqlite,pressure,15,19.601,3764127128,18
sqlite,pressure,16,16.004,0,0
sqlite,pressure,17,42.359,0,0
sqlite,pressure,18,22.808,0,0
sqlite,pressure,19,27.701,0,0
sqlite,pressure,20,26.901,3770135960,17
sqlite,pressure,21,19.016,0,0
sqlite,pressure,22,30.842,0,0
sqlite,pressure,23,21.704,0,0
sqlite,pressure,24,20.175,0,0
sqlite,pressure,25,26.641,3777754520,12
sqlite,pressure,26,24.119,0,0
sqlite,pressure,27,20.823,0,0
sqlite,pressure,28,23.514,0,0
sqlite,pressure,29,26.204,0,0
sqlite,pressure,30,54.471,3783726488,11
sqlite,pressure,31,29.216,0,0
sqlite,pressure,32,33.427,0,0
sqlite,pressure,33,26.693,0,0
sqlite,pressure,34,26.229,0,0
sqlite,pressure,35,19.639,3788895640,14
sqlite,pressure,36,41.801,0,0
sqlite,pressure,37,24.643,0,0
sqlite,pressure,38,20.703,0,0
sqlite,pressure,39,24.921,0,0
sqlite,pressure,40,28.234,3794052504,13
sqlite,pressure,41,50.500,0,0
sqlite,pressure,42,26.205,0,0
sqlite,pressure,43,17.074,0,0
sqlite,pressure,44,28.821,0,0
sqlite,pressure,45,26.836,3802690968,14
sqlite,pressure,46,27.539,0,0
sqlite,pressure,47,36.584,0,0
sqlite,pressure,48,22.671,0,0
sqlite,pressure,49,31.388,0,0
sqlite,pressure,50,81.322,3808798104,16
sqlite,pressure,51,39.667,0,0
sqlite,pressure,52,33.041,0,0
sqlite,pressure,53,28.172,0,0
sqlite,pressure,54,23.951,0,0
sqlite,pressure,55,34.323,3813930392,13
sqlite,pressure,56,35.154,0,0
sqlite,pressure,57,32.563,0,0
sqlite,pressure,58,48.944,0,0
sqlite,pressure,59,110.663,0,0
sqlite,pressure,60,55.100,3820004832,14
sqlite,pressure,61,39.976,0,0
sqlite,pressure,62,20.314,0,0
sqlite,pressure,63,25.682,0,0
sqlite,pressure,64,24.529,0,0
sqlite,pressure,65,29.955,3827709408,15
sqlite,pressure,66,24.857,0,0
sqlite,pressure,67,46.704,0,0
sqlite,pressure,68,42.646,0,0
sqlite,pressure,69,28.257,0,0
sqlite,pressure,70,66.825,3833837096,14
sqlite,pressure,71,32.838,0,0
sqlite,pressure,72,27.191,0,0
sqlite,pressure,73,20.089,0,0
sqlite,pressure,74,32.196,0,0
sqlite,pressure,75,30.475,3838981672,13
sqlite,pressure,76,24.088,0,0
sqlite,pressure,77,38.107,0,0
sqlite,pressure,78,22.452,0,0
sqlite,pressure,79,31.612,0,0
sqlite,pressure,80,19.990,3846608424,16
sqlite,pressure,81,22.550,0,0
sqlite,pressure,82,25.773,0,0
sqlite,pressure,83,25.945,0,0
sqlite,pressure,84,29.007,0,0
sqlite,pressure,85,61.001,3852600872,14
sqlite,pressure,86,23.130,0,0
sqlite,pressure,87,25.962,0,0
sqlite,pressure,88,20.909,0,0
sqlite,pressure,89,33.559,0,0
sqlite,pressure,90,18.610,3857712680,17
sqlite,pressure,91,38.534,0,0
sqlite,pressure,92,36.845,0,0
sqlite,pressure,93,22.125,0,0
sqlite,pressure,94,21.052,0,0
sqlite,pressure,95,30.033,3865298472,14
sqlite,pressure,96,26.665,0,0
sqlite,pressure,97,27.148,0,0
sqlite,pressure,98,60.326,0,0
sqlite,pressure,99,21.131,3868780072,14
