backend,phase,iteration,op_ms,disk_bytes,extra
lmdb,prefill,1000,0.000,0,0
lmdb,prefill,2000,0.000,0,0
lmdb,prefill,3000,0.000,0,0
lmdb,prefill,4000,0.000,0,0
lmdb,prefill,5000,0.000,56467456,0
lmdb,prefill,6000,0.000,0,0
lmdb,prefill,7000,0.000,0,0
lmdb,prefill,8000,0.000,0,0
lmdb,prefill,9000,0.000,0,0
lmdb,prefill,10000,0.000,112672768,0
lmdb,prefill,11000,0.000,0,0
lmdb,prefill,12000,0.000,0,0
lmdb,prefill,13000,0.000,0,0
lmdb,prefill,14000,0.000,0,0
lmdb,prefill,15000,0.000,168820736,0
lmdb,prefill,16000,0.000,0,0
lmdb,prefill,17000,0.000,0,0
lmdb,prefill,18000,0.000,0,0
lmdb,prefill,19000,0.000,0,0
lmdb,prefill,20000,0.000,225067008,0
lmdb,prefill,21000,0.000,0,0
lmdb,prefill,22000,0.000,0,0
lmdb,prefill,23000,0.000,0,0
lmdb,prefill,24000,0.000,0,0
lmdb,prefill,25000,0.000,281235456,0
lmdb,prefill,26000,0.000,0,0
lmdb,prefill,27000,0.000,0,0
lmdb,prefill,28000,0.000,0,0
lmdb,prefill,29000,0.000,0,0
lmdb,prefill,30000,0.000,337358848,0
lmdb,prefill,31000,0.000,0,0
lmdb,prefill,32000,0.000,0,0
lmdb,prefill,33000,0.000,0,0
lmdb,prefill,34000,0.000,0,0
lmdb,prefill,35000,0.000,392957952,0
lmdb,prefill,36000,0.000,0,0
lmdb,prefill,37000,0.000,0,0
lmdb,prefill,38000,0.000,0,0
lmdb,prefill,39000,0.000,0,0
lmdb,prefill,40000,0.000,448880640,0
lmdb,prefill,41000,0.000,0,0
lmdb,prefill,42000,0.000,0,0
lmdb,prefill,43000,0.000,0,0
lmdb,prefill,44000,0.000,0,0
lmdb,prefill,45000,0.000,505028608,0
lmdb,prefill,46000,0.000,0,0
lmdb,prefill,47000,0.000,0,0
lmdb,prefill,48000,0.000,0,0
lmdb,prefill,49000,0.000,0,0
lmdb,prefill,50000,0.000,561180672,0
lmdb,prefill,51000,0.000,0,0
lmdb,prefill,52000,0.000,0,0
lmdb,prefill,53000,0.000,0,0
lmdb,prefill,54000,0.000,0,0
lmdb,prefill,55000,0.000,617009152,0
lmdb,prefill,56000,0.000,0,0
lmdb,prefill,57000,0.000,0,0
lmdb,prefill,58000,0.000,0,0
lmdb,prefill,59000,0.000,0,0
lmdb,prefill,60000,0.000,673492992,0
lmdb,prefill,61000,0.000,0,0
lmdb,prefill,62000,0.000,0,0
lmdb,prefill,63000,0.000,0,0
lmdb,prefill,64000,0.000,0,0
lmdb,prefill,65000,0.000,729702400,0
lmdb,prefill,66000,0.000,0,0
lmdb,prefill,67000,0.000,0,0
lmdb,prefill,68000,0.000,0,0
lmdb,prefill,69000,0.000,0,0
lmdb,prefill,70000,0.000,785461248,0
lmdb,prefill,71000,0.000,0,0
lmdb,prefill,72000,0.000,0,0
lmdb,prefill,73000,0.000,0,0
lmdb,prefill,74000,0.000,0,0
lmdb,prefill,75000,0.000,841912320,0
lmdb,prefill,76000,0.000,0,0
lmdb,prefill,77000,0.000,0,0
lmdb,prefill,78000,0.000,0,0
lmdb,prefill,79000,0.000,0,0
lmdb,prefill,80000,0.000,898252800,0
lmdb,prefill,81000,0.000,0,0
lmdb,prefill,82000,0.000,0,0
lmdb,prefill,83000,0.000,0,0
lmdb,prefill,84000,0.000,0,0
lmdb,prefill,85000,0.000,954736640,0
lmdb,prefill,86000,0.000,0,0
lmdb,prefill,87000,0.000,0,0
lmdb,prefill,88000,0.000,0,0
lmdb,prefill,89000,0.000,0,0
lmdb,prefill,90000,0.000,1010569216,0
lmdb,prefill,91000,0.000,0,0
lmdb,prefill,92000,0.000,0,0
lmdb,prefill,93000,0.000,0,0
lmdb,prefill,94000,0.000,0,0
lmdb,prefill,95000,0.000,1066311680,0
lmdb,prefill,96000,0.000,0,0
lmdb,prefill,97000,0.000,0,0
lmdb,prefill,98000,0.000,0,0
lmdb,prefill,99000,0.000,0,0
lmdb,prefill,100000,0.000,1122226176,0
lmdb,prefill,101000,0.000,0,0
lmdb,prefill,102000,0.000,0,0
lmdb,prefill,103000,0.000,0,0
lmdb,prefill,104000,0.000,0,0
lmdb,prefill,105000,0.000,1178660864,0
lmdb,prefill,106000,0.000,0,0
lmdb,prefill,107000,0.000,0,0
lmdb,prefill,108000,0.000,0,0
lmdb,prefill,109000,0.000,0,0
lmdb,prefill,110000,0.000,1234595840,0
lmdb,prefill,111000,0.000,0,0
lmdb,prefill,112000,0.000,0,0
lmdb,prefill,113000,0.000,0,0
lmdb,prefill,114000,0.000,0,0
lmdb,prefill,115000,0.000,1290682368,0
lmdb,prefill,116000,0.000,0,0
lmdb,prefill,117000,0.000,0,0
lmdb,prefill,118000,0.000,0,0
lmdb,prefill,119000,0.000,0,0
lmdb,prefill,120000,0.000,1346519040,0
lmdb,prefill,121000,0.000,0,0
lmdb,prefill,122000,0.000,0,0
lmdb,prefill,123000,0.000,0,0
lmdb,prefill,124000,0.000,0,0
lmdb,prefill,125000,0.000,1402535936,0
lmdb,prefill,126000,0.000,0,0
lmdb,prefill,127000,0.000,0,0
lmdb,prefill,128000,0.000,0,0
lmdb,prefill,129000,0.000,0,0
lmdb,prefill,130000,0.000,1458708480,0
lmdb,prefill,131000,0.000,0,0
lmdb,prefill,132000,0.000,0,0
lmdb,prefill,133000,0.000,0,0
lmdb,prefill,134000,0.000,0,0
lmdb,prefill,135000,0.000,1514995712,0
lmdb,prefill,136000,0.000,0,0
lmdb,prefill,137000,0.000,0,0
lmdb,prefill,138000,0.000,0,0
lmdb,prefill,139000,0.000,0,0
lmdb,prefill,140000,0.000,1570926592,0
lmdb,prefill,141000,0.000,0,0
lmdb,prefill,142000,0.000,0,0
lmdb,prefill,143000,0.000,0,0
lmdb,prefill,144000,0.000,0,0
lmdb,prefill,145000,0.000,1626935296,0
lmdb,prefill,146000,0.000,0,0
lmdb,prefill,147000,0.000,0,0
lmdb,prefill,148000,0.000,0,0
lmdb,prefill,149000,0.000,0,0
lmdb,prefill,150000,0.000,1682305024,0
lmdb,prefill,151000,0.000,0,0
lmdb,prefill,152000,0.000,0,0
lmdb,prefill,153000,0.000,0,0
lmdb,prefill,154000,0.000,0,0
lmdb,prefill,155000,0.000,1738321920,0
lmdb,prefill,156000,0.000,0,0
lmdb,prefill,157000,0.000,0,0
lmdb,prefill,158000,0.000,0,0
lmdb,prefill,159000,0.000,0,0
lmdb,prefill,160000,0.000,1794404352,0
lmdb,prefill,161000,0.000,0,0
lmdb,prefill,162000,0.000,0,0
lmdb,prefill,163000,0.000,0,0
lmdb,prefill,164000,0.000,0,0
lmdb,prefill,165000,0.000,1850503168,0
lmdb,prefill,166000,0.000,0,0
lmdb,prefill,167000,0.000,0,0
lmdb,prefill,168000,0.000,0,0
lmdb,prefill,169000,0.000,0,0
lmdb,prefill,170000,0.000,1906438144,0
lmdb,prefill,171000,0.000,0,0
lmdb,prefill,172000,0.000,0,0
lmdb,prefill,173000,0.000,0,0
lmdb,prefill,174000,0.000,0,0
lmdb,prefill,175000,0.000,1962520576,0
lmdb,prefill,176000,0.000,0,0
lmdb,prefill,177000,0.000,0,0
lmdb,prefill,178000,0.000,0,0
lmdb,prefill,179000,0.000,0,0
lmdb,prefill,180000,0.000,2018557952,0
lmdb,prefill,181000,0.000,0,0
lmdb,prefill,182000,0.000,0,0
lmdb,prefill,183000,0.000,0,0
lmdb,prefill,184000,0.000,0,0
lmdb,prefill,185000,0.000,2074157056,0
lmdb,prefill,186000,0.000,0,0
lmdb,prefill,187000,0.000,0,0
lmdb,prefill,188000,0.000,0,0
lmdb,prefill,189000,0.000,0,0
lmdb,prefill,190000,0.000,2130280448,0
lmdb,prefill,191000,0.000,0,0
lmdb,prefill,192000,0.000,0,0
lmdb,prefill,193000,0.000,0,0
lmdb,prefill,194000,0.000,0,0
lmdb,prefill,195000,0.000,2186502144,0
lmdb,prefill,196000,0.000,0,0
lmdb,prefill,197000,0.000,0,0
lmdb,prefill,198000,0.000,0,0
lmdb,prefill,199000,0.000,0,0
lmdb,prefill,200000,0.000,2242478080,0
lmdb,prefill,201000,0.000,0,0
lmdb,prefill,202000,0.000,0,0
lmdb,prefill,203000,0.000,0,0
lmdb,prefill,204000,0.000,0,0
lmdb,prefill,205000,0.000,2298920960,0
lmdb,prefill,206000,0.000,0,0
lmdb,prefill,207000,0.000,0,0
lmdb,prefill,208000,0.000,0,0
lmdb,prefill,209000,0.000,0,0
lmdb,prefill,210000,0.000,2355867648,0
lmdb,prefill,211000,0.000,0,0
lmdb,prefill,212000,0.000,0,0
lmdb,prefill,213000,0.000,0,0
lmdb,prefill,214000,0.000,0,0
lmdb,prefill,215000,0.000,2411945984,0
lmdb,prefill,216000,0.000,0,0
lmdb,prefill,217000,0.000,0,0
lmdb,prefill,218000,0.000,0,0
lmdb,prefill,219000,0.000,0,0
lmdb,prefill,220000,0.000,2468474880,0
lmdb,prefill,221000,0.000,0,0
lmdb,prefill,222000,0.000,0,0
lmdb,prefill,223000,0.000,0,0
lmdb,prefill,224000,0.000,0,0
lmdb,prefill,225000,0.000,2524606464,0
lmdb,prefill,226000,0.000,0,0
lmdb,prefill,227000,0.000,0,0
lmdb,prefill,228000,0.000,0,0
lmdb,prefill,229000,0.000,0,0
lmdb,prefill,230000,0.000,2580828160,0
lmdb,prefill,231000,0.000,0,0
lmdb,prefill,232000,0.000,0,0
lmdb,prefill,233000,0.000,0,0
lmdb,prefill,234000,0.000,0,0
lmdb,prefill,235000,0.000,2637189120,0
lmdb,prefill,236000,0.000,0,0
lmdb,prefill,237000,0.000,0,0
lmdb,prefill,238000,0.000,0,0
lmdb,prefill,239000,0.000,0,0
lmdb,prefill,240000,0.000,2693267456,0
lmdb,prefill,241000,0.000,0,0
lmdb,prefill,242000,0.000,0,0
lmdb,prefill,243000,0.000,0,0
lmdb,prefill,244000,0.000,0,0
lmdb,prefill,245000,0.000,2749648896,0
lmdb,prefill,246000,0.000,0,0
lmdb,prefill,247000,0.000,0,0
lmdb,prefill,248000,0.000,0,0
lmdb,prefill,249000,0.000,0,0
lmdb,prefill,250000,0.000,2805157888,0
lmdb,prefill,251000,0.000,0,0
lmdb,prefill,252000,0.000,0,0
lmdb,prefill,253000,0.000,0,0
lmdb,prefill,254000,0.000,0,0
lmdb,prefill,255000,0.000,2861629440,0
lmdb,prefill,256000,0.000,0,0
lmdb,prefill,257000,0.000,0,0
lmdb,prefill,258000,0.000,0,0
lmdb,prefill,259000,0.000,0,0
lmdb,prefill,260000,0.000,2917535744,0
lmdb,prefill,261000,0.000,0,0
lmdb,prefill,262000,0.000,0,0
lmdb,prefill,263000,0.000,0,0
lmdb,prefill,264000,0.000,0,0
lmdb,prefill,265000,0.000,2973089792,0
lmdb,prefill,266000,0.000,0,0
lmdb,prefill,267000,0.000,0,0
lmdb,prefill,268000,0.000,0,0
lmdb,prefill,269000,0.000,0,0
lmdb,prefill,270000,0.000,3028779008,0
lmdb,prefill,271000,0.000,0,0
lmdb,prefill,272000,0.000,0,0
lmdb,prefill,273000,0.000,0,0
lmdb,prefill,274000,0.000,0,0
lmdb,prefill,275000,0.000,3084529664,0
lmdb,prefill,276000,0.000,0,0
lmdb,prefill,277000,0.000,0,0
lmdb,prefill,278000,0.000,0,0
lmdb,prefill,279000,0.000,0,0
lmdb,prefill,280000,0.000,3140071424,0
lmdb,prefill,281000,0.000,0,0
lmdb,prefill,282000,0.000,0,0
lmdb,prefill,283000,0.000,0,0
lmdb,prefill,284000,0.000,0,0
lmdb,prefill,285000,0.000,3195990016,0
lmdb,prefill,286000,0.000,0,0
lmdb,prefill,287000,0.000,0,0
lmdb,prefill,288000,0.000,0,0
lmdb,prefill,289000,0.000,0,0
lmdb,prefill,290000,0.000,3251699712,0
lmdb,prefill,291000,0.000,0,0
lmdb,prefill,292000,0.000,0,0
lmdb,prefill,293000,0.000,0,0
lmdb,prefill,294000,0.000,0,0
lmdb,prefill,295000,0.000,3307913216,0
lmdb,prefill,296000,0.000,0,0
lmdb,prefill,297000,0.000,0,0
lmdb,prefill,298000,0.000,0,0
lmdb,prefill,299000,0.000,0,0
lmdb,prefill,300000,0.000,3364757504,0
lmdb,prefill,301000,0.000,0,0
lmdb,prefill,302000,0.000,0,0
lmdb,prefill,303000,0.000,0,0
lmdb,prefill,304000,0.000,0,0
lmdb,prefill,305000,0.000,3420561408,0
lmdb,prefill,306000,0.000,0,0
lmdb,prefill,307000,0.000,0,0
lmdb,prefill,308000,0.000,0,0
lmdb,prefill,309000,0.000,0,0
lmdb,prefill,310000,0.000,3476635648,0
lmdb,prefill,311000,0.000,0,0
lmdb,prefill,312000,0.000,0,0
lmdb,prefill,313000,0.000,0,0
lmdb,prefill,314000,0.000,0,0
lmdb,prefill,315000,0.000,3532902400,0
lmdb,prefill,316000,0.000,0,0
lmdb,prefill,317000,0.000,0,0
lmdb,prefill,318000,0.000,0,0
lmdb,prefill,319000,0.000,0,0
lmdb,prefill,320000,0.000,3589672960,0
lmdb,prefill,321000,0.000,0,0
lmdb,prefill,322000,0.000,0,0
lmdb,prefill,323000,0.000,0,0
lmdb,prefill,324000,0.000,0,0
lmdb,prefill,325000,0.000,3645747200,0
lmdb,prefill,326000,0.000,0,0
lmdb,prefill,327000,0.000,0,0
lmdb,prefill,328000,0.000,0,0
lmdb,prefill,329000,0.000,0,0
lmdb,prefill,330000,0.000,3701596160,0
lmdb,prefill,331000,0.000,0,0
lmdb,prefill,332000,0.000,0,0
lmdb,prefill,333000,0.000,0,0
lmdb,prefill,334000,0.000,0,0
lmdb,prefill,335000,0.000,3758145536,0
lmdb,prefill,336000,0.000,0,0
lmdb,prefill,337000,0.000,0,0
lmdb,prefill,338000,0.000,0,0
lmdb,prefill,339000,0.000,0,0
lmdb,prefill,340000,0.000,3814092800,0
lmdb,prefill,341000,0.000,0,0
lmdb,prefill,342000,0.000,0,0
lmdb,prefill,343000,0.000,0,0
lmdb,prefill,344000,0.000,0,0
lmdb,prefill,345000,0.000,3869827072,0
lmdb,prefill,346000,0.000,0,0
lmdb,prefill,347000,0.000,0,0
lmdb,prefill,348000,0.000,0,0
lmdb,prefill,349000,0.000,0,0
lmdb,prefill,350000,0.000,3925467136,0
lmdb,prefill,351000,0.000,0,0
lmdb,prefill,352000,0.000,0,0
lmdb,prefill,353000,0.000,0,0
lmdb,prefill,354000,0.000,0,0
lmdb,prefill,355000,0.000,3981901824,0
lmdb,prefill,356000,0.000,0,0
lmdb,prefill,357000,0.000,0,0
lmdb,prefill,358000,0.000,0,0
lmdb,prefill,359000,0.000,0,0
lmdb,prefill,360000,0.000,4038262784,0
lmdb,prefill,361000,0.000,0,0
lmdb,prefill,362000,0.000,0,0
lmdb,prefill,363000,0.000,0,0
lmdb,prefill,364000,0.000,0,0
lmdb,prefill,365000,0.000,4094324736,0
lmdb,prefill,366000,0.000,0,0
lmdb,prefill,367000,0.000,0,0
lmdb,prefill,368000,0.000,0,0
lmdb,prefill,369000,0.000,0,0
lmdb,prefill,370000,0.000,4150190080,0
lmdb,prefill,371000,0.000,0,0
lmdb,prefill,372000,0.000,0,0
lmdb,prefill,373000,0.000,0,0
lmdb,prefill,374000,0.000,0,0
lmdb,prefill,375000,0.000,4206473216,0
lmdb,prefill,376000,0.000,0,0
lmdb,prefill,377000,0.000,0,0
lmdb,prefill,378000,0.000,0,0
lmdb,prefill,379000,0.000,0,0
lmdb,prefill,380000,0.000,4262510592,0
lmdb,prefill,381000,0.000,0,0
lmdb,prefill,382000,0.000,0,0
lmdb,prefill,383000,0.000,0,0
lmdb,prefill,384000,0.000,0,0
lmdb,prefill,385000,0.000,4318666752,0
lmdb,prefill,386000,0.000,0,0
lmdb,prefill,387000,0.000,0,0
lmdb,prefill,388000,0.000,0,0
lmdb,prefill,389000,0.000,0,0
lmdb,prefill,390000,0.000,4375318528,0
lmdb,prefill,391000,0.000,0,0
lmdb,prefill,392000,0.000,0,0
lmdb,prefill,393000,0.000,0,0
lmdb,prefill,394000,0.000,0,0
lmdb,prefill,395000,0.000,4431077376,0
lmdb,prefill,396000,0.000,0,0
lmdb,prefill,397000,0.000,0,0
lmdb,prefill,398000,0.000,0,0
lmdb,prefill,399000,0.000,0,0
lmdb,prefill,400000,0.000,4486987776,0
lmdb,prefill,400008,0.000,4487094272,0
lmdb,churn,0,13.937,4491407360,1096532
lmdb,churn,1,31.045,0,0
lmdb,churn,2,24.997,0,0
lmdb,churn,3,31.642,0,0
lmdb,churn,4,32.667,0,0
lmdb,churn,5,36.385,0,0
lmdb,churn,6,34.475,0,0
lmdb,churn,7,13.138,0,0
lmdb,churn,8,14.149,0,0
lmdb,churn,9,14.804,0,0
lmdb,churn,10,17.400,4516814848,1102735
lmdb,churn,11,13.551,0,0
lmdb,churn,12,11.877,0,0
lmdb,churn,13,13.439,0,0
lmdb,churn,14,14.085,0,0
lmdb,churn,15,12.878,0,0
lmdb,churn,16,31.725,0,0
lmdb,churn,17,20.696,0,0
lmdb,churn,18,15.632,0,0
lmdb,churn,19,22.299,0,0
lmdb,churn,20,15.139,4541001728,1108640
lmdb,churn,21,18.172,0,0
lmdb,churn,22,13.825,0,0
lmdb,churn,23,12.870,0,0
lmdb,churn,24,15.105,0,0
lmdb,churn,25,20.207,0,0
lmdb,churn,26,16.623,0,0
lmdb,churn,27,15.964,0,0
lmdb,churn,28,22.575,0,0
lmdb,churn,29,21.184,0,0
lmdb,churn,30,17.055,4556840960,1112507
lmdb,churn,31,15.489,0,0
lmdb,churn,32,25.531,0,0
lmdb,churn,33,13.822,0,0
lmdb,churn,34,19.351,0,0
lmdb,churn,35,13.075,0,0
lmdb,churn,36,14.194,0,0
lmdb,churn,37,16.559,0,0
lmdb,churn,38,17.049,0,0
lmdb,churn,39,14.158,0,0
lmdb,churn,40,14.635,4561043456,1113533
lmdb,churn,41,14.811,0,0
lmdb,churn,42,22.787,0,0
lmdb,churn,43,18.894,0,0
lmdb,churn,44,14.365,0,0
lmdb,churn,45,15.353,0,0
lmdb,churn,46,14.638,0,0
lmdb,churn,47,13.845,0,0
lmdb,churn,48,13.700,0,0
lmdb,churn,49,14.674,0,0
lmdb,churn,50,16.674,4563144704,1114046
lmdb,churn,51,14.877,0,0
lmdb,churn,52,15.667,0,0
lmdb,churn,53,14.254,0,0
lmdb,churn,54,18.149,0,0
lmdb,churn,55,14.195,0,0
lmdb,churn,56,17.007,0,0
lmdb,churn,57,17.105,0,0
lmdb,churn,58,16.086,0,0
lmdb,churn,59,14.732,0,0
lmdb,churn,60,18.099,4567347200,1115072
lmdb,churn,61,21.561,0,0
lmdb,churn,62,13.253,0,0
lmdb,churn,63,14.374,0,0
lmdb,churn,64,13.034,0,0
lmdb,churn,65,15.310,0,0
lmdb,churn,66,31.571,0,0
lmdb,churn,67,36.238,0,0
lmdb,churn,68,20.250,0,0
lmdb,churn,69,22.719,0,0
lmdb,churn,70,22.865,4571549696,1116098
lmdb,churn,71,20.126,0,0
lmdb,churn,72,18.000,0,0
lmdb,churn,73,16.264,0,0
lmdb,churn,74,18.496,0,0
lmdb,churn,75,19.467,0,0
lmdb,churn,76,18.217,0,0
lmdb,churn,77,21.001,0,0
lmdb,churn,78,19.327,0,0
lmdb,churn,79,20.619,0,0
lmdb,churn,80,22.027,4573650944,1116611
lmdb,churn,81,32.258,0,0
lmdb,churn,82,33.925,0,0
lmdb,churn,83,20.125,0,0
lmdb,churn,84,15.378,0,0
lmdb,churn,85,17.559,0,0
lmdb,churn,86,17.933,0,0
lmdb,churn,87,30.944,0,0
lmdb,churn,88,43.451,0,0
lmdb,churn,89,18.102,0,0
lmdb,churn,90,24.279,4575752192,1117124
lmdb,churn,91,15.044,0,0
lmdb,churn,92,16.439,0,0
lmdb,churn,93,14.687,0,0
lmdb,churn,94,24.381,0,0
lmdb,churn,95,20.232,0,0
lmdb,churn,96,16.013,0,0
lmdb,churn,97,39.210,0,0
lmdb,churn,98,14.203,0,0
lmdb,churn,99,17.834,0,0
lmdb,churn,100,16.035,4579954688,1118150
lmdb,churn,101,16.049,0,0
lmdb,churn,102,14.521,0,0
lmdb,churn,103,14.553,0,0
lmdb,churn,104,15.135,0,0
lmdb,churn,105,15.018,0,0
lmdb,churn,106,15.220,0,0
lmdb,churn,107,15.650,0,0
lmdb,churn,108,17.214,0,0
lmdb,churn,109,18.239,0,0
lmdb,churn,110,15.966,4582055936,1118663
lmdb,churn,111,15.125,0,0
lmdb,churn,112,18.874,0,0
lmdb,churn,113,17.762,0,0
lmdb,churn,114,30.525,0,0
lmdb,churn,115,16.982,0,0
lmdb,churn,116,14.052,0,0
lmdb,churn,117,15.176,0,0
lmdb,churn,118,30.799,0,0
lmdb,churn,119,29.290,0,0
lmdb,churn,120,35.723,4584157184,1119176
lmdb,churn,121,33.820,0,0
lmdb,churn,122,37.897,0,0
lmdb,churn,123,35.000,0,0
lmdb,churn,124,37.998,0,0
lmdb,churn,125,43.125,0,0
lmdb,churn,126,44.834,0,0
lmdb,churn,127,34.547,0,0
lmdb,churn,128,19.905,0,0
lmdb,churn,129,18.933,0,0
lmdb,churn,130,17.436,4586258432,1119689
lmdb,churn,131,17.711,0,0
lmdb,churn,132,24.807,0,0
lmdb,churn,133,17.655,0,0
lmdb,churn,134,13.536,0,0
lmdb,churn,135,22.192,0,0
lmdb,churn,136,23.555,0,0
lmdb,churn,137,14.291,0,0
lmdb,churn,138,14.786,0,0
lmdb,churn,139,26.113,0,0
lmdb,churn,140,21.884,4590460928,1120715
lmdb,churn,141,14.696,0,0
lmdb,churn,142,21.957,0,0
lmdb,churn,143,16.102,0,0
lmdb,churn,144,17.333,0,0
lmdb,churn,145,17.639,0,0
lmdb,churn,146,15.535,0,0
lmdb,churn,147,20.751,0,0
lmdb,churn,148,23.656,0,0
lmdb,churn,149,15.565,0,0
lmdb,churn,150,17.796,4592562176,1121228
lmdb,churn,151,16.707,0,0
lmdb,churn,152,18.138,0,0
lmdb,churn,153,13.505,0,0
lmdb,churn,154,14.128,0,0
lmdb,churn,155,22.463,0,0
lmdb,churn,156,16.799,0,0
lmdb,churn,157,15.511,0,0
lmdb,churn,158,20.869,0,0
lmdb,churn,159,20.319,0,0
lmdb,churn,160,14.376,4594663424,1121741
lmdb,churn,161,17.001,0,0
lmdb,churn,162,14.763,0,0
lmdb,churn,163,18.679,0,0
lmdb,churn,164,15.006,0,0
lmdb,churn,165,24.840,0,0
lmdb,churn,166,14.061,0,0
lmdb,churn,167,16.336,0,0
lmdb,churn,168,15.276,0,0
lmdb,churn,169,15.031,0,0
lmdb,churn,170,17.230,4596764672,1122254
lmdb,churn,171,21.718,0,0
lmdb,churn,172,14.986,0,0
lmdb,churn,173,14.841,0,0
lmdb,churn,174,15.730,0,0
lmdb,churn,175,19.677,0,0
lmdb,churn,176,12.690,0,0
lmdb,churn,177,20.682,0,0
lmdb,churn,178,20.047,0,0
lmdb,churn,179,16.979,0,0
lmdb,churn,180,15.609,4598865920,1122767
lmdb,churn,181,17.738,0,0
lmdb,churn,182,19.843,0,0
lmdb,churn,183,13.579,0,0
lmdb,churn,184,15.867,0,0
lmdb,churn,185,21.570,0,0
lmdb,churn,186,23.629,0,0
lmdb,churn,187,15.126,0,0
lmdb,churn,188,19.000,0,0
lmdb,churn,189,14.972,0,0
lmdb,churn,190,19.388,4600967168,1123280
lmdb,churn,191,16.028,0,0
lmdb,churn,192,13.572,0,0
lmdb,churn,193,16.517,0,0
lmdb,churn,194,15.408,0,0
lmdb,churn,195,21.959,0,0
lmdb,churn,196,14.724,0,0
lmdb,churn,197,15.124,0,0
lmdb,churn,198,22.901,0,0
lmdb,churn,199,18.498,0,0
lmdb,churn,200,21.701,4603068416,1123793
lmdb,churn,201,17.484,0,0
lmdb,churn,202,19.467,0,0
lmdb,churn,203,17.534,0,0
lmdb,churn,204,23.328,0,0
lmdb,churn,205,17.556,0,0
lmdb,churn,206,14.249,0,0
lmdb,churn,207,16.153,0,0
lmdb,churn,208,13.564,0,0
lmdb,churn,209,23.250,0,0
lmdb,churn,210,14.563,4605169664,1124306
lmdb,churn,211,19.707,0,0
lmdb,churn,212,14.562,0,0
lmdb,churn,213,14.610,0,0
lmdb,churn,214,15.812,0,0
lmdb,churn,215,14.915,0,0
lmdb,churn,216,13.122,0,0
lmdb,churn,217,14.181,0,0
lmdb,churn,218,14.382,0,0
lmdb,churn,219,18.354,0,0
lmdb,churn,220,15.491,4607283200,1124822
lmdb,churn,221,14.783,0,0
lmdb,churn,222,28.666,0,0
lmdb,churn,223,16.847,0,0
lmdb,churn,224,19.132,0,0
lmdb,churn,225,24.081,0,0
lmdb,churn,226,13.438,0,0
lmdb,churn,227,12.738,0,0
lmdb,churn,228,17.347,0,0
lmdb,churn,229,19.966,0,0
lmdb,churn,230,14.140,4609384448,1125335
lmdb,churn,231,16.997,0,0
lmdb,churn,232,17.005,0,0
lmdb,churn,233,16.518,0,0
lmdb,churn,234,14.036,0,0
lmdb,churn,235,20.666,0,0
lmdb,churn,236,14.463,0,0
lmdb,churn,237,24.403,0,0
lmdb,churn,238,14.667,0,0
lmdb,churn,239,16.144,0,0
lmdb,churn,240,22.026,4611485696,1125848
lmdb,churn,241,21.168,0,0
lmdb,churn,242,14.703,0,0
lmdb,churn,243,16.764,0,0
lmdb,churn,244,14.744,0,0
lmdb,churn,245,35.430,0,0
lmdb,churn,246,14.838,0,0
lmdb,churn,247,16.034,0,0
lmdb,churn,248,14.936,0,0
lmdb,churn,249,18.268,0,0
lmdb,churn,250,16.682,4613586944,1126361
lmdb,churn,251,15.802,0,0
lmdb,churn,252,19.676,0,0
lmdb,churn,253,13.287,0,0
lmdb,churn,254,19.277,0,0
lmdb,churn,255,30.830,0,0
lmdb,churn,256,15.401,0,0
lmdb,churn,257,16.469,0,0
lmdb,churn,258,17.986,0,0
lmdb,churn,259,15.358,0,0
lmdb,churn,260,15.890,4615688192,1126874
lmdb,churn,261,13.685,0,0
lmdb,churn,262,14.028,0,0
lmdb,churn,263,15.108,0,0
lmdb,churn,264,15.795,0,0
lmdb,churn,265,20.697,0,0
lmdb,churn,266,14.027,0,0
lmdb,churn,267,19.177,0,0
lmdb,churn,268,41.945,0,0
lmdb,churn,269,29.814,0,0
lmdb,churn,270,30.319,4617789440,1127387
lmdb,churn,271,25.008,0,0
lmdb,churn,272,26.997,0,0
lmdb,churn,273,32.163,0,0
lmdb,churn,274,30.922,0,0
lmdb,churn,275,19.522,0,0
lmdb,churn,276,15.053,0,0
lmdb,churn,277,19.480,0,0
lmdb,churn,278,15.709,0,0
lmdb,churn,279,20.746,0,0
lmdb,churn,280,14.869,4617789440,1127387
lmdb,churn,281,14.158,0,0
lmdb,churn,282,19.077,0,0
lmdb,churn,283,19.685,0,0
lmdb,churn,284,16.879,0,0
lmdb,churn,285,16.681,0,0
lmdb,churn,286,13.064,0,0
lmdb,churn,287,27.586,0,0
lmdb,churn,288,16.798,0,0
lmdb,churn,289,16.505,0,0
lmdb,churn,290,13.857,4621991936,1128413
lmdb,churn,291,15.730,0,0
lmdb,churn,292,15.484,0,0
lmdb,churn,293,20.080,0,0
lmdb,churn,294,14.379,0,0
lmdb,churn,295,22.795,0,0
lmdb,churn,296,14.155,0,0
lmdb,churn,297,35.404,0,0
lmdb,churn,298,43.637,0,0
lmdb,churn,299,34.465,0,0
lmdb,churn,300,44.191,4624093184,1128926
lmdb,churn,301,35.616,0,0
lmdb,churn,302,22.840,0,0
lmdb,churn,303,27.057,0,0
lmdb,churn,304,25.542,0,0
lmdb,churn,305,20.723,0,0
lmdb,churn,306,22.619,0,0
lmdb,churn,307,36.432,0,0
lmdb,churn,308,15.217,0,0
lmdb,churn,309,24.427,0,0
lmdb,churn,310,15.703,4626194432,1129439
lmdb,churn,311,14.178,0,0
lmdb,churn,312,20.130,0,0
lmdb,churn,313,13.524,0,0
lmdb,churn,314,14.931,0,0
lmdb,churn,315,17.256,0,0
lmdb,churn,316,28.050,0,0
lmdb,churn,317,22.965,0,0
lmdb,churn,318,20.913,0,0
lmdb,churn,319,24.302,0,0
lmdb,churn,320,18.477,4630396928,1130465
lmdb,churn,321,15.955,0,0
lmdb,churn,322,16.766,0,0
lmdb,churn,323,17.147,0,0
lmdb,churn,324,22.418,0,0
lmdb,churn,325,17.690,0,0
lmdb,churn,326,15.635,0,0
lmdb,churn,327,15.907,0,0
lmdb,churn,328,19.508,0,0
lmdb,churn,329,18.690,0,0
lmdb,churn,330,20.255,4632498176,1130978
lmdb,churn,331,17.853,0,0
lmdb,churn,332,17.469,0,0
lmdb,churn,333,17.068,0,0
lmdb,churn,334,15.433,0,0
lmdb,churn,335,13.912,0,0
lmdb,churn,336,17.783,0,0
lmdb,churn,337,15.182,0,0
lmdb,churn,338,24.707,0,0
lmdb,churn,339,21.406,0,0
lmdb,churn,340,14.772,4634599424,1131491
lmdb,churn,341,14.697,0,0
lmdb,churn,342,18.399,0,0
lmdb,churn,343,16.209,0,0
lmdb,churn,344,15.052,0,0
lmdb,churn,345,15.508,0,0
lmdb,churn,346,13.433,0,0
lmdb,churn,347,18.593,0,0
lmdb,churn,348,16.765,0,0
lmdb,churn,349,16.018,0,0
lmdb,churn,350,28.224,4636700672,1132004
lmdb,churn,351,24.596,0,0
lmdb,churn,352,37.610,0,0
lmdb,churn,353,26.442,0,0
lmdb,churn,354,19.623,0,0
lmdb,churn,355,21.108,0,0
lmdb,churn,356,14.699,0,0
lmdb,churn,357,16.923,0,0
lmdb,churn,358,19.588,0,0
lmdb,churn,359,17.461,0,0
lmdb,churn,360,17.947,4640903168,1133030
lmdb,churn,361,21.262,0,0
lmdb,churn,362,17.815,0,0
lmdb,churn,363,14.847,0,0
lmdb,churn,364,22.187,0,0
lmdb,churn,365,55.358,0,0
lmdb,churn,366,18.219,0,0
lmdb,churn,367,47.617,0,0
lmdb,churn,368,33.281,0,0
lmdb,churn,369,30.275,0,0
lmdb,churn,370,35.559,4640903168,1133030
lmdb,churn,371,35.872,0,0
lmdb,churn,372,37.714,0,0
lmdb,churn,373,39.537,0,0
lmdb,churn,374,36.500,0,0
lmdb,churn,375,36.776,0,0
lmdb,churn,376,30.653,0,0
lmdb,churn,377,40.012,0,0
lmdb,churn,378,15.584,0,0
lmdb,churn,379,17.398,0,0
lmdb,churn,380,20.976,4645105664,1134056
lmdb,churn,381,15.913,0,0
lmdb,churn,382,14.533,0,0
lmdb,churn,383,19.359,0,0
lmdb,churn,384,14.631,0,0
lmdb,churn,385,15.015,0,0
lmdb,churn,386,15.033,0,0
lmdb,churn,387,17.794,0,0
lmdb,churn,388,18.409,0,0
lmdb,churn,389,14.871,0,0
lmdb,churn,390,18.136,4647206912,1134569
lmdb,churn,391,14.626,0,0
lmdb,churn,392,20.940,0,0
lmdb,churn,393,21.298,0,0
lmdb,churn,394,25.358,0,0
lmdb,churn,395,27.456,0,0
lmdb,churn,396,21.232,0,0
lmdb,churn,397,17.937,0,0
lmdb,churn,398,19.558,0,0
lmdb,churn,399,20.167,0,0
lmdb,churn,400,13.923,4649308160,1135082
lmdb,churn,401,15.507,0,0
lmdb,churn,402,14.535,0,0
lmdb,churn,403,14.625,0,0
lmdb,churn,404,22.629,0,0
lmdb,churn,405,15.388,0,0
lmdb,churn,406,28.648,0,0
lmdb,churn,407,55.033,0,0
lmdb,churn,408,20.594,0,0
lmdb,churn,409,27.647,0,0
lmdb,churn,410,40.208,4651421696,1135598
lmdb,churn,411,35.745,0,0
lmdb,churn,412,14.306,0,0
lmdb,churn,413,24.963,0,0
lmdb,churn,414,18.220,0,0
lmdb,churn,415,19.791,0,0
lmdb,churn,416,19.994,0,0
lmdb,churn,417,20.816,0,0
lmdb,churn,418,15.685,0,0
lmdb,churn,419,20.995,0,0
lmdb,churn,420,13.828,4653522944,1136111
lmdb,churn,421,15.881,0,0
lmdb,churn,422,14.998,0,0
lmdb,churn,423,20.828,0,0
lmdb,churn,424,13.198,0,0
lmdb,churn,425,15.761,0,0
lmdb,churn,426,17.501,0,0
lmdb,churn,427,12.982,0,0
lmdb,churn,428,18.561,0,0
lmdb,churn,429,16.390,0,0
lmdb,churn,430,16.453,4655624192,1136624
lmdb,churn,431,16.587,0,0
lmdb,churn,432,16.646,0,0
lmdb,churn,433,14.617,0,0
lmdb,churn,434,13.399,0,0
lmdb,churn,435,23.610,0,0
lmdb,churn,436,18.774,0,0
lmdb,churn,437,16.444,0,0
lmdb,churn,438,24.928,0,0
lmdb,churn,439,15.883,0,0
lmdb,churn,440,14.553,4657725440,1137137
lmdb,churn,441,15.795,0,0
lmdb,churn,442,17.250,0,0
lmdb,churn,443,21.553,0,0
lmdb,churn,444,27.674,0,0
lmdb,churn,445,15.597,0,0
lmdb,churn,446,17.643,0,0
lmdb,churn,447,15.506,0,0
lmdb,churn,448,14.354,0,0
lmdb,churn,449,14.112,0,0
lmdb,churn,450,15.499,4659826688,1137650
lmdb,churn,451,20.082,0,0
lmdb,churn,452,14.701,0,0
lmdb,churn,453,17.560,0,0
lmdb,churn,454,21.004,0,0
lmdb,churn,455,23.270,0,0
lmdb,churn,456,21.339,0,0
lmdb,churn,457,16.893,0,0
lmdb,churn,458,16.204,0,0
lmdb,churn,459,20.654,0,0
lmdb,churn,460,17.658,4664029184,1138676
lmdb,churn,461,15.687,0,0
lmdb,churn,462,15.933,0,0
lmdb,churn,463,14.865,0,0
lmdb,churn,464,15.184,0,0
lmdb,churn,465,13.874,0,0
lmdb,churn,466,14.721,0,0
lmdb,churn,467,18.530,0,0
lmdb,churn,468,13.752,0,0
lmdb,churn,469,16.725,0,0
lmdb,churn,470,22.213,4666130432,1139189
lmdb,churn,471,21.823,0,0
lmdb,churn,472,14.669,0,0
lmdb,churn,473,14.907,0,0
lmdb,churn,474,17.425,0,0
lmdb,churn,475,17.396,0,0
lmdb,churn,476,17.596,0,0
lmdb,churn,477,17.266,0,0
lmdb,churn,478,16.544,0,0
lmdb,churn,479,26.520,0,0
lmdb,churn,480,15.237,4668231680,1139702
lmdb,churn,481,15.427,0,0
lmdb,churn,482,19.661,0,0
lmdb,churn,483,14.069,0,0
lmdb,churn,484,13.488,0,0
lmdb,churn,485,17.922,0,0
lmdb,churn,486,15.887,0,0
lmdb,churn,487,18.151,0,0
lmdb,churn,488,15.417,0,0
lmdb,churn,489,17.312,0,0
lmdb,churn,490,25.121,4670332928,1140215
lmdb,churn,491,43.054,0,0
lmdb,churn,492,14.696,0,0
lmdb,churn,493,17.691,0,0
lmdb,churn,494,18.162,0,0
lmdb,churn,495,21.505,0,0
lmdb,churn,496,26.223,0,0
lmdb,churn,497,14.165,0,0
lmdb,churn,498,30.005,0,0
lmdb,churn,499,19.473,0,0
lmdb,churn,500,16.231,4674535424,1141241
lmdb,churn,501,16.293,0,0
lmdb,churn,502,22.712,0,0
lmdb,churn,503,21.187,0,0
lmdb,churn,504,21.231,0,0
lmdb,churn,505,17.728,0,0
lmdb,churn,506,14.993,0,0
lmdb,churn,507,15.644,0,0
lmdb,churn,508,18.832,0,0
lmdb,churn,509,16.723,0,0
lmdb,churn,510,37.512,4676636672,1141754
lmdb,churn,511,19.035,0,0
lmdb,churn,512,21.253,0,0
lmdb,churn,513,24.958,0,0
lmdb,churn,514,13.783,0,0
lmdb,churn,515,15.745,0,0
lmdb,churn,516,19.015,0,0
lmdb,churn,517,16.567,0,0
lmdb,churn,518,20.595,0,0
lmdb,churn,519,19.089,0,0
lmdb,churn,520,21.527,4678737920,1142267
lmdb,churn,521,19.683,0,0
lmdb,churn,522,17.606,0,0
lmdb,churn,523,27.470,0,0
lmdb,churn,524,19.473,0,0
lmdb,churn,525,38.518,0,0
lmdb,churn,526,30.500,0,0
lmdb,churn,527,14.058,0,0
lmdb,churn,528,19.607,0,0
lmdb,churn,529,33.848,0,0
lmdb,churn,530,37.095,4680839168,1142780
lmdb,churn,531,41.752,0,0
lmdb,churn,532,41.082,0,0
lmdb,churn,533,18.620,0,0
lmdb,churn,534,16.523,0,0
lmdb,churn,535,29.472,0,0
lmdb,churn,536,17.358,0,0
lmdb,churn,537,32.682,0,0
lmdb,churn,538,15.424,0,0
lmdb,churn,539,16.300,0,0
lmdb,churn,540,28.668,4682940416,1143293
lmdb,churn,541,20.729,0,0
lmdb,churn,542,15.252,0,0
lmdb,churn,543,18.067,0,0
lmdb,churn,544,21.903,0,0
lmdb,churn,545,19.423,0,0
lmdb,churn,546,18.861,0,0
lmdb,churn,547,19.205,0,0
lmdb,churn,548,17.349,0,0
lmdb,churn,549,32.893,0,0
lmdb,churn,550,34.812,4685041664,1143806
lmdb,churn,551,27.755,0,0
lmdb,churn,552,24.173,0,0
lmdb,churn,553,30.657,0,0
lmdb,churn,554,30.504,0,0
lmdb,churn,555,43.324,0,0
lmdb,churn,556,146.061,0,0
lmdb,churn,557,24.750,0,0
lmdb,churn,558,21.135,0,0
lmdb,churn,559,15.714,0,0
lmdb,churn,560,24.318,4687142912,1144319
lmdb,churn,561,19.900,0,0
lmdb,churn,562,15.879,0,0
lmdb,churn,563,17.852,0,0
lmdb,churn,564,14.370,0,0
lmdb,churn,565,21.887,0,0
lmdb,churn,566,14.625,0,0
lmdb,churn,567,19.251,0,0
lmdb,churn,568,21.522,0,0
lmdb,churn,569,14.425,0,0
lmdb,churn,570,15.538,4689244160,1144832
lmdb,churn,571,25.545,0,0
lmdb,churn,572,24.463,0,0
lmdb,churn,573,30.066,0,0
lmdb,churn,574,18.742,0,0
lmdb,churn,575,21.379,0,0
lmdb,churn,576,19.801,0,0
lmdb,churn,577,19.999,0,0
lmdb,churn,578,17.593,0,0
lmdb,churn,579,23.884,0,0
lmdb,churn,580,20.776,4693446656,1145858
lmdb,churn,581,17.166,0,0
lmdb,churn,582,17.462,0,0
lmdb,churn,583,22.693,0,0
lmdb,churn,584,24.194,0,0
lmdb,churn,585,14.601,0,0
lmdb,churn,586,15.986,0,0
lmdb,churn,587,17.932,0,0
lmdb,churn,588,13.529,0,0
lmdb,churn,589,15.573,0,0
lmdb,churn,590,15.988,4695547904,1146371
lmdb,churn,591,17.308,0,0
lmdb,churn,592,18.231,0,0
lmdb,churn,593,14.508,0,0
lmdb,churn,594,13.784,0,0
lmdb,churn,595,13.278,0,0
lmdb,churn,596,21.196,0,0
lmdb,churn,597,19.743,0,0
lmdb,churn,598,19.222,0,0
lmdb,churn,599,14.571,0,0
lmdb,churn,600,14.550,4697649152,1146884
lmdb,churn,601,19.044,0,0
lmdb,churn,602,16.259,0,0
lmdb,churn,603,16.844,0,0
lmdb,churn,604,15.113,0,0
lmdb,churn,605,17.772,0,0
lmdb,churn,606,20.270,0,0
lmdb,churn,607,14.577,0,0
lmdb,churn,608,20.694,0,0
lmdb,churn,609,16.411,0,0
lmdb,churn,610,15.895,4697649152,1146884
lmdb,churn,611,17.638,0,0
lmdb,churn,612,15.638,0,0
lmdb,churn,613,19.075,0,0
lmdb,churn,614,16.107,0,0
lmdb,churn,615,18.487,0,0
lmdb,churn,616,17.768,0,0
lmdb,churn,617,13.565,0,0
lmdb,churn,618,16.761,0,0
lmdb,churn,619,15.139,0,0
lmdb,churn,620,18.586,4701851648,1147910
lmdb,churn,621,14.318,0,0
lmdb,churn,622,15.575,0,0
lmdb,churn,623,17.579,0,0
lmdb,churn,624,14.970,0,0
lmdb,churn,625,14.970,0,0
lmdb,churn,626,15.016,0,0
lmdb,churn,627,17.479,0,0
lmdb,churn,628,19.332,0,0
lmdb,churn,629,17.129,0,0
lmdb,churn,630,14.148,4701851648,1147910
lmdb,churn,631,17.599,0,0
lmdb,churn,632,13.592,0,0
lmdb,churn,633,24.605,0,0
lmdb,churn,634,31.695,0,0
lmdb,churn,635,14.864,0,0
lmdb,churn,636,13.451,0,0
lmdb,churn,637,20.847,0,0
lmdb,churn,638,15.627,0,0
lmdb,churn,639,28.527,0,0
lmdb,churn,640,16.205,4706054144,1148936
lmdb,churn,641,15.044,0,0
lmdb,churn,642,15.683,0,0
lmdb,churn,643,15.414,0,0
lmdb,churn,644,18.657,0,0
lmdb,churn,645,16.593,0,0
lmdb,churn,646,13.525,0,0
lmdb,churn,647,20.767,0,0
lmdb,churn,648,13.728,0,0
lmdb,churn,649,18.709,0,0
lmdb,churn,650,22.713,4708155392,1149449
lmdb,churn,651,14.546,0,0
lmdb,churn,652,17.316,0,0
lmdb,churn,653,17.394,0,0
lmdb,churn,654,20.625,0,0
lmdb,churn,655,17.643,0,0
lmdb,churn,656,17.450,0,0
lmdb,churn,657,18.971,0,0
lmdb,churn,658,15.739,0,0
lmdb,churn,659,27.009,0,0
lmdb,churn,660,30.160,4710277120,1149967
lmdb,churn,661,17.027,0,0
lmdb,churn,662,17.008,0,0
lmdb,churn,663,22.451,0,0
lmdb,churn,664,15.212,0,0
lmdb,churn,665,15.903,0,0
lmdb,churn,666,29.402,0,0
lmdb,churn,667,15.254,0,0
lmdb,churn,668,13.628,0,0
lmdb,churn,669,15.242,0,0
lmdb,churn,670,13.790,4710277120,1149967
lmdb,churn,671,17.017,0,0
lmdb,churn,672,20.828,0,0
lmdb,churn,673,15.723,0,0
lmdb,churn,674,15.857,0,0
lmdb,churn,675,19.479,0,0
lmdb,churn,676,26.001,0,0
lmdb,churn,677,18.334,0,0
lmdb,churn,678,16.119,0,0
lmdb,churn,679,18.238,0,0
lmdb,churn,680,18.082,4714479616,1150993
lmdb,churn,681,21.202,0,0
lmdb,churn,682,17.606,0,0
lmdb,churn,683,20.640,0,0
lmdb,churn,684,16.017,0,0
lmdb,churn,685,16.097,0,0
lmdb,churn,686,25.160,0,0
lmdb,churn,687,17.559,0,0
lmdb,churn,688,18.175,0,0
lmdb,churn,689,18.724,0,0
lmdb,churn,690,15.752,4716580864,1151506
lmdb,churn,691,30.910,0,0
lmdb,churn,692,17.283,0,0
lmdb,churn,693,17.074,0,0
lmdb,churn,694,20.200,0,0
lmdb,churn,695,17.590,0,0
lmdb,churn,696,17.237,0,0
lmdb,churn,697,16.138,0,0
lmdb,churn,698,16.624,0,0
lmdb,churn,699,21.167,0,0
lmdb,churn,700,15.954,4718682112,1152019
lmdb,churn,701,15.614,0,0
lmdb,churn,702,13.782,0,0
lmdb,churn,703,19.991,0,0
lmdb,churn,704,13.829,0,0
lmdb,churn,705,22.478,0,0
lmdb,churn,706,21.931,0,0
lmdb,churn,707,16.228,0,0
lmdb,churn,708,22.499,0,0
lmdb,churn,709,18.835,0,0
lmdb,churn,710,17.095,4720783360,1152532
lmdb,churn,711,16.467,0,0
lmdb,churn,712,15.337,0,0
lmdb,churn,713,17.246,0,0
lmdb,churn,714,15.963,0,0
lmdb,churn,715,23.306,0,0
lmdb,churn,716,15.553,0,0
lmdb,churn,717,23.239,0,0
lmdb,churn,718,27.080,0,0
lmdb,churn,719,17.415,0,0
lmdb,churn,720,19.269,4722884608,1153045
lmdb,churn,721,18.407,0,0
lmdb,churn,722,16.351,0,0
lmdb,churn,723,20.543,0,0
lmdb,churn,724,15.461,0,0
lmdb,churn,725,18.007,0,0
lmdb,churn,726,17.348,0,0
lmdb,churn,727,29.517,0,0
lmdb,churn,728,14.381,0,0
lmdb,churn,729,15.928,0,0
lmdb,churn,730,25.716,4722896896,1153048
lmdb,churn,731,25.462,0,0
lmdb,churn,732,14.265,0,0
lmdb,churn,733,17.052,0,0
lmdb,churn,734,17.923,0,0
lmdb,churn,735,15.204,0,0
lmdb,churn,736,22.740,0,0
lmdb,churn,737,14.616,0,0
lmdb,churn,738,18.182,0,0
lmdb,churn,739,19.037,0,0
lmdb,churn,740,15.269,4727099392,1154074
lmdb,churn,741,14.970,0,0
lmdb,churn,742,17.266,0,0
lmdb,churn,743,19.444,0,0
lmdb,churn,744,19.722,0,0
lmdb,churn,745,19.353,0,0
lmdb,churn,746,40.669,0,0
lmdb,churn,747,37.406,0,0
lmdb,churn,748,41.834,0,0
lmdb,churn,749,17.722,0,0
lmdb,churn,750,35.031,4729200640,1154587
lmdb,churn,751,19.053,0,0
lmdb,churn,752,64.169,0,0
lmdb,churn,753,31.192,0,0
lmdb,churn,754,30.529,0,0
lmdb,churn,755,17.016,0,0
lmdb,churn,756,16.337,0,0
lmdb,churn,757,30.955,0,0
lmdb,churn,758,31.927,0,0
lmdb,churn,759,16.303,0,0
lmdb,churn,760,16.354,4731322368,1155105
lmdb,churn,761,16.972,0,0
lmdb,churn,762,23.177,0,0
lmdb,churn,763,20.149,0,0
lmdb,churn,764,18.417,0,0
lmdb,churn,765,24.379,0,0
lmdb,churn,766,19.783,0,0
lmdb,churn,767,22.463,0,0
lmdb,churn,768,16.320,0,0
lmdb,churn,769,20.024,0,0
lmdb,churn,770,20.803,4733423616,1155618
lmdb,churn,771,18.891,0,0
lmdb,churn,772,29.803,0,0
lmdb,churn,773,18.034,0,0
lmdb,churn,774,28.894,0,0
lmdb,churn,775,18.964,0,0
lmdb,churn,776,16.192,0,0
lmdb,churn,777,37.279,0,0
lmdb,churn,778,26.280,0,0
lmdb,churn,779,22.001,0,0
lmdb,churn,780,25.315,4735537152,1156134
lmdb,churn,781,25.835,0,0
lmdb,churn,782,18.112,0,0
lmdb,churn,783,22.361,0,0
lmdb,churn,784,22.941,0,0
lmdb,churn,785,20.980,0,0
lmdb,churn,786,33.289,0,0
lmdb,churn,787,21.617,0,0
lmdb,churn,788,17.288,0,0
lmdb,churn,789,36.180,0,0
lmdb,churn,790,32.006,4737638400,1156647
lmdb,churn,791,20.638,0,0
lmdb,churn,792,17.942,0,0
lmdb,churn,793,24.271,0,0
lmdb,churn,794,22.715,0,0
lmdb,churn,795,25.131,0,0
lmdb,churn,796,17.651,0,0
lmdb,churn,797,20.066,0,0
lmdb,churn,798,23.870,0,0
lmdb,churn,799,21.165,0,0
lmdb,churn,800,29.806,4739751936,1157163
lmdb,churn,801,23.723,0,0
lmdb,churn,802,41.158,0,0
lmdb,churn,803,29.384,0,0
lmdb,churn,804,20.629,0,0
lmdb,churn,805,19.627,0,0
lmdb,churn,806,22.340,0,0
lmdb,churn,807,17.184,0,0
lmdb,churn,808,24.178,0,0
lmdb,churn,809,26.389,0,0
lmdb,churn,810,27.658,4741853184,1157676
lmdb,churn,811,24.720,0,0
lmdb,churn,812,20.244,0,0
lmdb,churn,813,23.075,0,0
lmdb,churn,814,36.680,0,0
lmdb,churn,815,34.832,0,0
lmdb,churn,816,34.929,0,0
lmdb,churn,817,31.984,0,0
lmdb,churn,818,19.401,0,0
lmdb,churn,819,40.495,0,0
lmdb,churn,820,22.996,4743954432,1158189
lmdb,churn,821,18.799,0,0
lmdb,churn,822,16.976,0,0
lmdb,churn,823,21.484,0,0
lmdb,churn,824,14.406,0,0
lmdb,churn,825,16.155,0,0
lmdb,churn,826,19.446,0,0
lmdb,churn,827,17.877,0,0
lmdb,churn,828,40.631,0,0
lmdb,churn,829,17.829,0,0
lmdb,churn,830,24.415,4746067968,1158705
lmdb,churn,831,16.760,0,0
lmdb,churn,832,16.417,0,0
lmdb,churn,833,17.320,0,0
lmdb,churn,834,33.396,0,0
lmdb,churn,835,21.341,0,0
lmdb,churn,836,22.122,0,0
lmdb,churn,837,29.756,0,0
lmdb,churn,838,19.659,0,0
lmdb,churn,839,22.269,0,0
lmdb,churn,840,32.183,4748189696,1159223
lmdb,churn,841,22.847,0,0
lmdb,churn,842,19.224,0,0
lmdb,churn,843,35.009,0,0
lmdb,churn,844,23.593,0,0
lmdb,churn,845,24.439,0,0
lmdb,churn,846,20.886,0,0
lmdb,churn,847,35.661,0,0
lmdb,churn,848,22.741,0,0
lmdb,churn,849,17.058,0,0
lmdb,churn,850,18.951,4750290944,1159736
lmdb,churn,851,21.224,0,0
lmdb,churn,852,16.511,0,0
lmdb,churn,853,36.051,0,0
lmdb,churn,854,19.002,0,0
lmdb,churn,855,23.211,0,0
lmdb,churn,856,15.361,0,0
lmdb,churn,857,15.382,0,0
lmdb,churn,858,19.723,0,0
lmdb,churn,859,16.222,0,0
lmdb,churn,860,28.419,4754493440,1160762
lmdb,churn,861,25.534,0,0
lmdb,churn,862,18.660,0,0
lmdb,churn,863,19.629,0,0
lmdb,churn,864,18.187,0,0
lmdb,churn,865,15.912,0,0
lmdb,churn,866,20.871,0,0
lmdb,churn,867,16.435,0,0
lmdb,churn,868,21.595,0,0
lmdb,churn,869,21.778,0,0
lmdb,churn,870,20.760,4756594688,1161275
lmdb,churn,871,18.259,0,0
lmdb,churn,872,20.720,0,0
lmdb,churn,873,26.686,0,0
lmdb,churn,874,17.928,0,0
lmdb,churn,875,15.973,0,0
lmdb,churn,876,23.627,0,0
lmdb,churn,877,21.141,0,0
lmdb,churn,878,16.317,0,0
lmdb,churn,879,26.855,0,0
lmdb,churn,880,17.704,4758695936,1161788
lmdb,churn,881,25.749,0,0
lmdb,churn,882,23.261,0,0
lmdb,churn,883,32.717,0,0
lmdb,churn,884,18.867,0,0
lmdb,churn,885,15.676,0,0
lmdb,churn,886,22.955,0,0
lmdb,churn,887,17.036,0,0
lmdb,churn,888,15.932,0,0
lmdb,churn,889,26.734,0,0
lmdb,churn,890,19.049,4760797184,1162301
lmdb,churn,891,19.769,0,0
lmdb,churn,892,23.848,0,0
lmdb,churn,893,21.283,0,0
lmdb,churn,894,15.572,0,0
lmdb,churn,895,16.315,0,0
lmdb,churn,896,21.828,0,0
lmdb,churn,897,15.346,0,0
lmdb,churn,898,19.617,0,0
lmdb,churn,899,18.658,0,0
lmdb,churn,900,28.037,4762898432,1162814
lmdb,churn,901,21.285,0,0
lmdb,churn,902,16.622,0,0
lmdb,churn,903,23.947,0,0
lmdb,churn,904,15.235,0,0
lmdb,churn,905,15.450,0,0
lmdb,churn,906,16.038,0,0
lmdb,churn,907,19.430,0,0
lmdb,churn,908,21.558,0,0
lmdb,churn,909,23.989,0,0
lmdb,churn,910,28.422,4764999680,1163327
lmdb,churn,911,28.292,0,0
lmdb,churn,912,22.697,0,0
lmdb,churn,913,27.261,0,0
lmdb,churn,914,24.064,0,0
lmdb,churn,915,30.866,0,0
lmdb,churn,916,52.420,0,0
lmdb,churn,917,28.158,0,0
lmdb,churn,918,29.799,0,0
lmdb,churn,919,30.806,0,0
lmdb,churn,920,102.773,4769202176,1164353
lmdb,churn,921,14.913,0,0
lmdb,churn,922,23.927,0,0
lmdb,churn,923,22.123,0,0
lmdb,churn,924,16.071,0,0
lmdb,churn,925,18.333,0,0
lmdb,churn,926,23.989,0,0
lmdb,churn,927,15.507,0,0
lmdb,churn,928,21.528,0,0
lmdb,churn,929,20.911,0,0
lmdb,churn,930,21.312,4769214464,1164356
lmdb,churn,931,18.223,0,0
lmdb,churn,932,25.815,0,0
lmdb,churn,933,19.089,0,0
lmdb,churn,934,40.690,0,0
lmdb,churn,935,26.068,0,0
lmdb,churn,936,18.983,0,0
lmdb,churn,937,29.822,0,0
lmdb,churn,938,21.274,0,0
lmdb,churn,939,17.827,0,0
lmdb,churn,940,42.015,4771336192,1164874
lmdb,churn,941,34.007,0,0
lmdb,churn,942,54.257,0,0
lmdb,churn,943,40.453,0,0
lmdb,churn,944,37.052,0,0
lmdb,churn,945,37.274,0,0
lmdb,churn,946,45.778,0,0
lmdb,churn,947,38.781,0,0
lmdb,churn,948,43.823,0,0
lmdb,churn,949,31.314,0,0
lmdb,churn,950,19.249,4773437440,1165387
lmdb,churn,951,18.253,0,0
lmdb,churn,952,36.331,0,0
lmdb,churn,953,17.523,0,0
lmdb,churn,954,21.576,0,0
lmdb,churn,955,16.898,0,0
lmdb,churn,956,27.655,0,0
lmdb,churn,957,16.457,0,0
lmdb,churn,958,20.503,0,0
lmdb,churn,959,21.006,0,0
lmdb,churn,960,23.791,4775538688,1165900
lmdb,churn,961,20.114,0,0
lmdb,churn,962,26.800,0,0
lmdb,churn,963,29.831,0,0
lmdb,churn,964,17.982,0,0
lmdb,churn,965,30.491,0,0
lmdb,churn,966,29.724,0,0
lmdb,churn,967,28.935,0,0
lmdb,churn,968,26.931,0,0
lmdb,churn,969,23.937,0,0
lmdb,churn,970,25.347,4777639936,1166413
lmdb,churn,971,23.263,0,0
lmdb,churn,972,43.002,0,0
lmdb,churn,973,19.892,0,0
lmdb,churn,974,19.905,0,0
lmdb,churn,975,18.032,0,0
lmdb,churn,976,23.973,0,0
lmdb,churn,977,15.663,0,0
lmdb,churn,978,16.239,0,0
lmdb,churn,979,18.472,0,0
lmdb,churn,980,22.530,4779741184,1166926
lmdb,churn,981,28.415,0,0
lmdb,churn,982,16.070,0,0
lmdb,churn,983,20.417,0,0
lmdb,churn,984,15.255,0,0
lmdb,churn,985,15.877,0,0
lmdb,churn,986,16.428,0,0
lmdb,churn,987,24.899,0,0
lmdb,churn,988,17.898,0,0
lmdb,churn,989,21.762,0,0
lmdb,churn,990,17.723,4781842432,1167439
lmdb,churn,991,19.000,0,0
lmdb,churn,992,16.818,0,0
lmdb,churn,993,27.331,0,0
lmdb,churn,994,32.124,0,0
lmdb,churn,995,20.215,0,0
lmdb,churn,996,27.310,0,0
lmdb,churn,997,20.641,0,0
lmdb,churn,998,19.978,0,0
lmdb,churn,999,35.843,0,0
lmdb,churn,1000,28.072,4783943680,1167952
lmdb,churn,1001,24.343,0,0
lmdb,churn,1002,19.575,0,0
lmdb,churn,1003,39.576,0,0
lmdb,churn,1004,31.313,0,0
lmdb,churn,1005,18.517,0,0
lmdb,churn,1006,20.740,0,0
lmdb,churn,1007,17.035,0,0
lmdb,churn,1008,30.775,0,0
lmdb,churn,1009,27.858,0,0
lmdb,churn,1010,24.198,4786044928,1168465
lmdb,churn,1011,20.282,0,0
lmdb,churn,1012,19.266,0,0
lmdb,churn,1013,17.106,0,0
lmdb,churn,1014,30.872,0,0
lmdb,churn,1015,20.175,0,0
lmdb,churn,1016,28.944,0,0
lmdb,churn,1017,19.006,0,0
lmdb,churn,1018,20.004,0,0
lmdb,churn,1019,43.367,0,0
lmdb,churn,1020,15.643,4788170752,1168984
lmdb,churn,1021,22.168,0,0
lmdb,churn,1022,25.260,0,0
lmdb,churn,1023,23.357,0,0
lmdb,churn,1024,16.245,0,0
lmdb,churn,1025,21.365,0,0
lmdb,churn,1026,26.977,0,0
lmdb,churn,1027,26.529,0,0
lmdb,churn,1028,22.597,0,0
lmdb,churn,1029,17.445,0,0
lmdb,churn,1030,24.251,4790272000,1169497
lmdb,churn,1031,24.733,0,0
lmdb,churn,1032,17.965,0,0
lmdb,churn,1033,18.190,0,0
lmdb,churn,1034,40.052,0,0
lmdb,churn,1035,39.455,0,0
lmdb,churn,1036,39.280,0,0
lmdb,churn,1037,30.328,0,0
lmdb,churn,1038,20.149,0,0
lmdb,churn,1039,28.031,0,0
lmdb,churn,1040,18.046,4792373248,1170010
lmdb,churn,1041,19.248,0,0
lmdb,churn,1042,28.756,0,0
lmdb,churn,1043,35.973,0,0
lmdb,churn,1044,18.334,0,0
lmdb,churn,1045,19.275,0,0
lmdb,churn,1046,20.997,0,0
lmdb,churn,1047,20.435,0,0
lmdb,churn,1048,38.410,0,0
lmdb,churn,1049,17.714,0,0
lmdb,churn,1050,14.874,4794494976,1170528
lmdb,churn,1051,17.177,0,0
lmdb,churn,1052,21.869,0,0
lmdb,churn,1053,20.987,0,0
lmdb,churn,1054,17.566,0,0
lmdb,churn,1055,27.221,0,0
lmdb,churn,1056,17.117,0,0
lmdb,churn,1057,25.857,0,0
lmdb,churn,1058,17.365,0,0
lmdb,churn,1059,21.146,0,0
lmdb,churn,1060,35.616,4796596224,1171041
lmdb,churn,1061,21.658,0,0
lmdb,churn,1062,29.937,0,0
lmdb,churn,1063,16.119,0,0
lmdb,churn,1064,16.221,0,0
lmdb,churn,1065,26.275,0,0
lmdb,churn,1066,15.714,0,0
lmdb,churn,1067,22.824,0,0
lmdb,churn,1068,16.584,0,0
lmdb,churn,1069,23.070,0,0
lmdb,churn,1070,14.164,4798697472,1171554
lmdb,churn,1071,18.096,0,0
lmdb,churn,1072,15.323,0,0
lmdb,churn,1073,18.829,0,0
lmdb,churn,1074,32.429,0,0
lmdb,churn,1075,23.696,0,0
lmdb,churn,1076,31.052,0,0
lmdb,churn,1077,18.450,0,0
lmdb,churn,1078,29.127,0,0
lmdb,churn,1079,17.649,0,0
lmdb,churn,1080,15.844,4800798720,1172067
lmdb,churn,1081,20.108,0,0
lmdb,churn,1082,23.641,0,0
lmdb,churn,1083,19.655,0,0
lmdb,churn,1084,18.801,0,0
lmdb,churn,1085,18.829,0,0
lmdb,churn,1086,16.264,0,0
lmdb,churn,1087,15.626,0,0
lmdb,churn,1088,15.428,0,0
lmdb,churn,1089,18.380,0,0
lmdb,churn,1090,16.188,4802899968,1172580
lmdb,churn,1091,28.112,0,0
lmdb,churn,1092,19.007,0,0
lmdb,churn,1093,23.533,0,0
lmdb,churn,1094,18.481,0,0
lmdb,churn,1095,19.225,0,0
lmdb,churn,1096,16.285,0,0
lmdb,churn,1097,31.010,0,0
lmdb,churn,1098,18.718,0,0
lmdb,churn,1099,16.002,0,0
lmdb,churn,1100,34.870,4805001216,1173093
lmdb,churn,1101,16.709,0,0
lmdb,churn,1102,18.178,0,0
lmdb,churn,1103,18.306,0,0
lmdb,churn,1104,15.895,0,0
lmdb,churn,1105,24.593,0,0
lmdb,churn,1106,23.248,0,0
lmdb,churn,1107,28.022,0,0
lmdb,churn,1108,17.507,0,0
lmdb,churn,1109,15.969,0,0
lmdb,churn,1110,22.105,4807102464,1173606
lmdb,churn,1111,28.990,0,0
lmdb,churn,1112,16.627,0,0
lmdb,churn,1113,16.080,0,0
lmdb,churn,1114,17.733,0,0
lmdb,churn,1115,16.307,0,0
lmdb,churn,1116,17.514,0,0
lmdb,churn,1117,19.062,0,0
lmdb,churn,1118,21.362,0,0
lmdb,churn,1119,16.414,0,0
lmdb,churn,1120,19.912,4809203712,1174119
lmdb,churn,1121,14.770,0,0
lmdb,churn,1122,16.701,0,0
lmdb,churn,1123,18.445,0,0
lmdb,churn,1124,24.933,0,0
lmdb,churn,1125,21.636,0,0
lmdb,churn,1126,31.325,0,0
lmdb,churn,1127,26.812,0,0
lmdb,churn,1128,26.841,0,0
lmdb,churn,1129,25.237,0,0
lmdb,churn,1130,29.907,4811304960,1174632
lmdb,churn,1131,30.762,0,0
lmdb,churn,1132,59.005,0,0
lmdb,churn,1133,25.791,0,0
lmdb,churn,1134,37.259,0,0
lmdb,churn,1135,16.777,0,0
lmdb,churn,1136,23.680,0,0
lmdb,churn,1137,28.585,0,0
lmdb,churn,1138,19.531,0,0
lmdb,churn,1139,22.637,0,0
lmdb,churn,1140,17.812,4813406208,1175145
lmdb,churn,1141,19.792,0,0
lmdb,churn,1142,18.198,0,0
lmdb,churn,1143,18.566,0,0
lmdb,churn,1144,19.292,0,0
lmdb,churn,1145,19.490,0,0
lmdb,churn,1146,32.992,0,0
lmdb,churn,1147,22.151,0,0
lmdb,churn,1148,15.628,0,0
lmdb,churn,1149,15.415,0,0
lmdb,churn,1150,15.793,4813406208,1175145
lmdb,churn,1151,28.429,0,0
lmdb,churn,1152,16.316,0,0
lmdb,churn,1153,18.947,0,0
lmdb,churn,1154,17.638,0,0
lmdb,churn,1155,28.985,0,0
lmdb,churn,1156,21.866,0,0
lmdb,churn,1157,14.860,0,0
lmdb,churn,1158,15.961,0,0
lmdb,churn,1159,15.532,0,0
lmdb,churn,1160,15.168,4815519744,1175661
lmdb,churn,1161,16.992,0,0
lmdb,churn,1162,23.568,0,0
lmdb,churn,1163,26.493,0,0
lmdb,churn,1164,20.717,0,0
lmdb,churn,1165,16.924,0,0
lmdb,churn,1166,18.006,0,0
lmdb,churn,1167,16.166,0,0
lmdb,churn,1168,20.271,0,0
lmdb,churn,1169,15.156,0,0
lmdb,churn,1170,14.162,4817620992,1176174
lmdb,churn,1171,18.632,0,0
lmdb,churn,1172,22.739,0,0
lmdb,churn,1173,16.365,0,0
lmdb,churn,1174,27.762,0,0
lmdb,churn,1175,34.616,0,0
lmdb,churn,1176,26.885,0,0
lmdb,churn,1177,28.168,0,0
lmdb,churn,1178,39.492,0,0
lmdb,churn,1179,37.673,0,0
lmdb,churn,1180,34.263,4821823488,1177200
lmdb,churn,1181,35.791,0,0
lmdb,churn,1182,37.395,0,0
lmdb,churn,1183,33.099,0,0
lmdb,churn,1184,24.017,0,0
lmdb,churn,1185,26.735,0,0
lmdb,churn,1186,19.181,0,0
lmdb,churn,1187,18.660,0,0
lmdb,churn,1188,17.023,0,0
lmdb,churn,1189,15.091,0,0
lmdb,churn,1190,14.851,4821823488,1177200
lmdb,churn,1191,17.902,0,0
lmdb,churn,1192,22.418,0,0
lmdb,churn,1193,15.958,0,0
lmdb,churn,1194,18.477,0,0
lmdb,churn,1195,24.447,0,0
lmdb,churn,1196,21.646,0,0
lmdb,churn,1197,19.064,0,0
lmdb,churn,1198,16.982,0,0
lmdb,churn,1199,18.870,0,0
lmdb,churn,1200,21.547,4823924736,1177713
lmdb,churn,1201,14.602,0,0
lmdb,churn,1202,16.475,0,0
lmdb,churn,1203,25.282,0,0
lmdb,churn,1204,17.619,0,0
lmdb,churn,1205,18.314,0,0
lmdb,churn,1206,30.926,0,0
lmdb,churn,1207,18.022,0,0
lmdb,churn,1208,18.927,0,0
lmdb,churn,1209,19.998,0,0
lmdb,churn,1210,17.229,4828127232,1178739
lmdb,churn,1211,16.469,0,0
lmdb,churn,1212,23.762,0,0
lmdb,churn,1213,19.345,0,0
lmdb,churn,1214,18.730,0,0
lmdb,churn,1215,15.661,0,0
lmdb,churn,1216,19.605,0,0
lmdb,churn,1217,21.629,0,0
lmdb,churn,1218,21.719,0,0
lmdb,churn,1219,19.347,0,0
lmdb,churn,1220,16.875,4828127232,1178739
lmdb,churn,1221,19.235,0,0
lmdb,churn,1222,13.961,0,0
lmdb,churn,1223,21.985,0,0
lmdb,churn,1224,14.902,0,0
lmdb,churn,1225,19.021,0,0
lmdb,churn,1226,16.505,0,0
lmdb,churn,1227,13.869,0,0
lmdb,churn,1228,23.254,0,0
lmdb,churn,1229,12.905,0,0
lmdb,churn,1230,15.481,4832329728,1179765
lmdb,churn,1231,18.601,0,0
lmdb,churn,1232,14.020,0,0
lmdb,churn,1233,25.769,0,0
lmdb,churn,1234,29.213,0,0
lmdb,churn,1235,19.188,0,0
lmdb,churn,1236,16.107,0,0
lmdb,churn,1237,17.033,0,0
lmdb,churn,1238,23.746,0,0
lmdb,churn,1239,20.443,0,0
lmdb,churn,1240,17.139,4834430976,1180278
lmdb,churn,1241,23.229,0,0
lmdb,churn,1242,18.001,0,0
lmdb,churn,1243,16.708,0,0
lmdb,churn,1244,22.165,0,0
lmdb,churn,1245,21.148,0,0
lmdb,churn,1246,20.010,0,0
lmdb,churn,1247,14.703,0,0
lmdb,churn,1248,25.075,0,0
lmdb,churn,1249,19.511,0,0
lmdb,churn,1250,21.317,4836532224,1180791
lmdb,churn,1251,20.493,0,0
lmdb,churn,1252,19.100,0,0
lmdb,churn,1253,27.963,0,0
lmdb,churn,1254,27.934,0,0
lmdb,churn,1255,25.548,0,0
lmdb,churn,1256,18.922,0,0
lmdb,churn,1257,14.388,0,0
lmdb,churn,1258,16.004,0,0
lmdb,churn,1259,28.444,0,0
lmdb,churn,1260,15.723,4838633472,1181304
lmdb,churn,1261,22.960,0,0
lmdb,churn,1262,18.777,0,0
lmdb,churn,1263,18.724,0,0
lmdb,churn,1264,18.418,0,0
lmdb,churn,1265,22.999,0,0
lmdb,churn,1266,19.369,0,0
lmdb,churn,1267,20.073,0,0
lmdb,churn,1268,33.504,0,0
lmdb,churn,1269,20.799,0,0
lmdb,churn,1270,17.706,4840734720,1181817
lmdb,churn,1271,23.238,0,0
lmdb,churn,1272,14.709,0,0
lmdb,churn,1273,20.748,0,0
lmdb,churn,1274,16.614,0,0
lmdb,churn,1275,18.760,0,0
lmdb,churn,1276,22.393,0,0
lmdb,churn,1277,24.054,0,0
lmdb,churn,1278,20.194,0,0
lmdb,churn,1279,21.974,0,0
lmdb,churn,1280,25.226,4844937216,1182843
lmdb,churn,1281,16.711,0,0
lmdb,churn,1282,19.013,0,0
lmdb,churn,1283,20.861,0,0
lmdb,churn,1284,17.382,0,0
lmdb,churn,1285,14.627,0,0
lmdb,churn,1286,18.777,0,0
lmdb,churn,1287,20.888,0,0
lmdb,churn,1288,16.069,0,0
lmdb,churn,1289,18.900,0,0
lmdb,churn,1290,19.346,4847038464,1183356
lmdb,churn,1291,17.483,0,0
lmdb,churn,1292,16.247,0,0
lmdb,churn,1293,15.364,0,0
lmdb,churn,1294,16.747,0,0
lmdb,churn,1295,17.533,0,0
lmdb,churn,1296,15.638,0,0
lmdb,churn,1297,16.100,0,0
lmdb,churn,1298,28.571,0,0
lmdb,churn,1299,21.949,0,0
lmdb,churn,1300,18.253,4849139712,1183869
lmdb,churn,1301,14.645,0,0
lmdb,churn,1302,14.663,0,0
lmdb,churn,1303,25.991,0,0
lmdb,churn,1304,14.423,0,0
lmdb,churn,1305,17.681,0,0
lmdb,churn,1306,23.165,0,0
lmdb,churn,1307,18.832,0,0
lmdb,churn,1308,16.576,0,0
lmdb,churn,1309,42.218,0,0
lmdb,churn,1310,30.396,4851240960,1184382
lmdb,churn,1311,18.562,0,0
lmdb,churn,1312,18.016,0,0
lmdb,churn,1313,16.379,0,0
lmdb,churn,1314,16.244,0,0
lmdb,churn,1315,25.474,0,0
lmdb,churn,1316,21.987,0,0
lmdb,churn,1317,16.826,0,0
lmdb,churn,1318,20.940,0,0
lmdb,churn,1319,31.026,0,0
lmdb,churn,1320,15.965,4853354496,1184898
lmdb,churn,1321,49.369,0,0
lmdb,churn,1322,24.068,0,0
lmdb,churn,1323,17.034,0,0
lmdb,churn,1324,20.180,0,0
lmdb,churn,1325,21.634,0,0
lmdb,churn,1326,19.181,0,0
lmdb,churn,1327,17.318,0,0
lmdb,churn,1328,21.857,0,0
lmdb,churn,1329,23.837,0,0
lmdb,churn,1330,19.708,4855455744,1185411
lmdb,churn,1331,25.745,0,0
lmdb,churn,1332,50.199,0,0
lmdb,churn,1333,41.200,0,0
lmdb,churn,1334,56.911,0,0
lmdb,churn,1335,30.466,0,0
lmdb,churn,1336,49.473,0,0
lmdb,churn,1337,22.694,0,0
lmdb,churn,1338,16.883,0,0
lmdb,churn,1339,22.047,0,0
lmdb,churn,1340,21.620,4857556992,1185924
lmdb,churn,1341,18.050,0,0
lmdb,churn,1342,15.564,0,0
lmdb,churn,1343,17.649,0,0
lmdb,churn,1344,15.064,0,0
lmdb,churn,1345,22.409,0,0
lmdb,churn,1346,21.739,0,0
lmdb,churn,1347,14.750,0,0
lmdb,churn,1348,19.421,0,0
lmdb,churn,1349,20.230,0,0
lmdb,churn,1350,16.621,4859658240,1186437
lmdb,churn,1351,21.242,0,0
lmdb,churn,1352,16.714,0,0
lmdb,churn,1353,15.931,0,0
lmdb,churn,1354,14.762,0,0
lmdb,churn,1355,17.984,0,0
lmdb,churn,1356,16.991,0,0
lmdb,churn,1357,17.714,0,0
lmdb,churn,1358,22.022,0,0
lmdb,churn,1359,34.648,0,0
lmdb,churn,1360,21.523,4861759488,1186950
lmdb,churn,1361,29.424,0,0
lmdb,churn,1362,16.196,0,0
lmdb,churn,1363,26.550,0,0
lmdb,churn,1364,16.263,0,0
lmdb,churn,1365,18.964,0,0
lmdb,churn,1366,17.217,0,0
lmdb,churn,1367,15.141,0,0
lmdb,churn,1368,14.984,0,0
lmdb,churn,1369,19.622,0,0
lmdb,churn,1370,31.890,4863860736,1187463
lmdb,churn,1371,18.823,0,0
lmdb,churn,1372,25.263,0,0
lmdb,churn,1373,23.462,0,0
lmdb,churn,1374,16.542,0,0
lmdb,churn,1375,16.286,0,0
lmdb,churn,1376,15.159,0,0
lmdb,churn,1377,18.114,0,0
lmdb,churn,1378,18.533,0,0
lmdb,churn,1379,22.934,0,0
lmdb,churn,1380,20.086,4865961984,1187976
lmdb,churn,1381,23.800,0,0
lmdb,churn,1382,17.362,0,0
lmdb,churn,1383,18.951,0,0
lmdb,churn,1384,14.544,0,0
lmdb,churn,1385,15.550,0,0
lmdb,churn,1386,16.798,0,0
lmdb,churn,1387,29.030,0,0
lmdb,churn,1388,20.875,0,0
lmdb,churn,1389,25.046,0,0
lmdb,churn,1390,21.982,4868063232,1188489
lmdb,churn,1391,16.671,0,0
lmdb,churn,1392,22.840,0,0
lmdb,churn,1393,14.689,0,0
lmdb,churn,1394,15.443,0,0
lmdb,churn,1395,17.855,0,0
lmdb,churn,1396,14.846,0,0
lmdb,churn,1397,17.323,0,0
lmdb,churn,1398,24.556,0,0
lmdb,churn,1399,20.152,0,0
lmdb,churn,1400,17.019,4870164480,1189002
lmdb,churn,1401,15.001,0,0
lmdb,churn,1402,23.578,0,0
lmdb,churn,1403,22.258,0,0
lmdb,churn,1404,19.564,0,0
lmdb,churn,1405,16.036,0,0
lmdb,churn,1406,16.656,0,0
lmdb,churn,1407,18.846,0,0
lmdb,churn,1408,16.553,0,0
lmdb,churn,1409,15.938,0,0
lmdb,churn,1410,16.891,4872265728,1189515
lmdb,churn,1411,16.623,0,0
lmdb,churn,1412,17.810,0,0
lmdb,churn,1413,16.579,0,0
lmdb,churn,1414,19.048,0,0
lmdb,churn,1415,19.703,0,0
lmdb,churn,1416,19.388,0,0
lmdb,churn,1417,24.056,0,0
lmdb,churn,1418,18.077,0,0
lmdb,churn,1419,32.313,0,0
lmdb,churn,1420,24.780,4874366976,1190028
lmdb,churn,1421,18.052,0,0
lmdb,churn,1422,14.657,0,0
lmdb,churn,1423,18.569,0,0
lmdb,churn,1424,16.017,0,0
lmdb,churn,1425,38.923,0,0
lmdb,churn,1426,45.679,0,0
lmdb,churn,1427,15.788,0,0
lmdb,churn,1428,26.670,0,0
lmdb,churn,1429,18.784,0,0
lmdb,churn,1430,17.347,4876468224,1190541
lmdb,churn,1431,17.625,0,0
lmdb,churn,1432,25.955,0,0
lmdb,churn,1433,25.365,0,0
lmdb,churn,1434,34.679,0,0
lmdb,churn,1435,30.998,0,0
lmdb,churn,1436,32.038,0,0
lmdb,churn,1437,19.178,0,0
lmdb,churn,1438,16.223,0,0
lmdb,churn,1439,15.915,0,0
lmdb,churn,1440,20.979,4878569472,1191054
lmdb,churn,1441,16.153,0,0
lmdb,churn,1442,31.713,0,0
lmdb,churn,1443,24.749,0,0
lmdb,churn,1444,22.068,0,0
lmdb,churn,1445,26.420,0,0
lmdb,churn,1446,24.707,0,0
lmdb,churn,1447,30.198,0,0
lmdb,churn,1448,26.238,0,0
lmdb,churn,1449,26.331,0,0
lmdb,churn,1450,23.001,4880670720,1191567
lmdb,churn,1451,24.127,0,0
lmdb,churn,1452,17.776,0,0
lmdb,churn,1453,16.353,0,0
lmdb,churn,1454,17.703,0,0
lmdb,churn,1455,21.593,0,0
lmdb,churn,1456,27.408,0,0
lmdb,churn,1457,22.045,0,0
lmdb,churn,1458,15.848,0,0
lmdb,churn,1459,17.014,0,0
lmdb,churn,1460,17.328,4882771968,1192080
lmdb,churn,1461,15.367,0,0
lmdb,churn,1462,18.377,0,0
lmdb,churn,1463,15.567,0,0
lmdb,churn,1464,18.986,0,0
lmdb,churn,1465,15.360,0,0
lmdb,churn,1466,18.816,0,0
lmdb,churn,1467,25.285,0,0
lmdb,churn,1468,15.357,0,0
lmdb,churn,1469,21.063,0,0
lmdb,churn,1470,23.008,4886994944,1193111
lmdb,churn,1471,23.998,0,0
lmdb,churn,1472,16.847,0,0
lmdb,churn,1473,27.086,0,0
lmdb,churn,1474,14.742,0,0
lmdb,churn,1475,24.606,0,0
lmdb,churn,1476,17.930,0,0
lmdb,churn,1477,15.977,0,0
lmdb,churn,1478,23.710,0,0
lmdb,churn,1479,17.910,0,0
lmdb,churn,1480,31.101,4889108480,1193627
lmdb,churn,1481,14.845,0,0
lmdb,churn,1482,21.483,0,0
lmdb,churn,1483,17.953,0,0
lmdb,churn,1484,17.325,0,0
lmdb,churn,1485,26.864,0,0
lmdb,churn,1486,15.831,0,0
lmdb,churn,1487,24.983,0,0
lmdb,churn,1488,19.376,0,0
lmdb,churn,1489,13.825,0,0
lmdb,churn,1490,19.215,4891209728,1194140
lmdb,churn,1491,17.395,0,0
lmdb,churn,1492,17.658,0,0
lmdb,churn,1493,15.941,0,0
lmdb,churn,1494,18.675,0,0
lmdb,churn,1495,21.114,0,0
lmdb,churn,1496,15.837,0,0
lmdb,churn,1497,14.679,0,0
lmdb,churn,1498,28.746,0,0
lmdb,churn,1499,17.362,0,0
lmdb,churn,1500,18.555,4893331456,1194658
lmdb,churn,1501,27.305,0,0
lmdb,churn,1502,17.215,0,0
lmdb,churn,1503,16.015,0,0
lmdb,churn,1504,14.231,0,0
lmdb,churn,1505,15.999,0,0
lmdb,churn,1506,18.800,0,0
lmdb,churn,1507,14.745,0,0
lmdb,churn,1508,18.178,0,0
lmdb,churn,1509,17.685,0,0
lmdb,churn,1510,17.330,4895432704,1195171
lmdb,churn,1511,24.826,0,0
lmdb,churn,1512,19.221,0,0
lmdb,churn,1513,19.381,0,0
lmdb,churn,1514,21.191,0,0
lmdb,churn,1515,39.433,0,0
lmdb,churn,1516,29.633,0,0
lmdb,churn,1517,23.600,0,0
lmdb,churn,1518,26.784,0,0
lmdb,churn,1519,37.430,0,0
lmdb,churn,1520,48.856,4897533952,1195684
lmdb,churn,1521,24.397,0,0
lmdb,churn,1522,33.639,0,0
lmdb,churn,1523,21.195,0,0
lmdb,churn,1524,18.526,0,0
lmdb,churn,1525,24.556,0,0
lmdb,churn,1526,19.371,0,0
lmdb,churn,1527,15.010,0,0
lmdb,churn,1528,17.057,0,0
lmdb,churn,1529,16.081,0,0
lmdb,churn,1530,15.632,4897533952,1195684
lmdb,churn,1531,19.506,0,0
lmdb,churn,1532,21.059,0,0
lmdb,churn,1533,46.986,0,0
lmdb,churn,1534,22.852,0,0
lmdb,churn,1535,28.003,0,0
lmdb,churn,1536,19.967,0,0
lmdb,churn,1537,17.910,0,0
lmdb,churn,1538,28.541,0,0
lmdb,churn,1539,33.522,0,0
lmdb,churn,1540,49.492,4901736448,1196710
lmdb,churn,1541,18.496,0,0
lmdb,churn,1542,19.885,0,0
lmdb,churn,1543,25.378,0,0
lmdb,churn,1544,17.226,0,0
lmdb,churn,1545,15.972,0,0
lmdb,churn,1546,18.157,0,0
lmdb,churn,1547,19.503,0,0
lmdb,churn,1548,19.758,0,0
lmdb,churn,1549,17.412,0,0
lmdb,churn,1550,18.610,4901736448,1196710
lmdb,churn,1551,37.057,0,0
lmdb,churn,1552,21.711,0,0
lmdb,churn,1553,18.166,0,0
lmdb,churn,1554,16.970,0,0
lmdb,churn,1555,19.414,0,0
lmdb,churn,1556,34.554,0,0
lmdb,churn,1557,24.925,0,0
lmdb,churn,1558,26.476,0,0
lmdb,churn,1559,47.993,0,0
lmdb,churn,1560,25.720,4903837696,1197223
lmdb,churn,1561,23.486,0,0
lmdb,churn,1562,24.607,0,0
lmdb,churn,1563,28.588,0,0
lmdb,churn,1564,28.264,0,0
lmdb,churn,1565,26.533,0,0
lmdb,churn,1566,21.554,0,0
lmdb,churn,1567,20.200,0,0
lmdb,churn,1568,20.076,0,0
lmdb,churn,1569,26.282,0,0
lmdb,churn,1570,27.134,4905938944,1197736
lmdb,churn,1571,15.749,0,0
lmdb,churn,1572,20.721,0,0
lmdb,churn,1573,20.260,0,0
lmdb,churn,1574,17.215,0,0
lmdb,churn,1575,17.535,0,0
lmdb,churn,1576,31.012,0,0
lmdb,churn,1577,17.253,0,0
lmdb,churn,1578,27.636,0,0
lmdb,churn,1579,16.967,0,0
lmdb,churn,1580,17.201,4908040192,1198249
lmdb,churn,1581,17.822,0,0
lmdb,churn,1582,27.943,0,0
lmdb,churn,1583,18.069,0,0
lmdb,churn,1584,21.682,0,0
lmdb,churn,1585,22.369,0,0
lmdb,churn,1586,15.221,0,0
lmdb,churn,1587,19.824,0,0
lmdb,churn,1588,19.006,0,0
lmdb,churn,1589,21.211,0,0
lmdb,churn,1590,23.772,4910141440,1198762
lmdb,churn,1591,21.244,0,0
lmdb,churn,1592,16.274,0,0
lmdb,churn,1593,20.584,0,0
lmdb,churn,1594,15.971,0,0
lmdb,churn,1595,19.780,0,0
lmdb,churn,1596,17.086,0,0
lmdb,churn,1597,18.143,0,0
lmdb,churn,1598,20.651,0,0
lmdb,churn,1599,20.402,0,0
lmdb,churn,1600,28.055,4912242688,1199275
lmdb,churn,1601,18.961,0,0
lmdb,churn,1602,20.222,0,0
lmdb,churn,1603,16.366,0,0
lmdb,churn,1604,19.104,0,0
lmdb,churn,1605,14.877,0,0
lmdb,churn,1606,17.417,0,0
lmdb,churn,1607,18.284,0,0
lmdb,churn,1608,21.832,0,0
lmdb,churn,1609,21.689,0,0
lmdb,churn,1610,18.254,4914343936,1199788
lmdb,churn,1611,18.036,0,0
lmdb,churn,1612,16.875,0,0
lmdb,churn,1613,20.982,0,0
lmdb,churn,1614,15.790,0,0
lmdb,churn,1615,15.862,0,0
lmdb,churn,1616,14.371,0,0
lmdb,churn,1617,32.903,0,0
lmdb,churn,1618,27.173,0,0
lmdb,churn,1619,16.397,0,0
lmdb,churn,1620,22.831,4916445184,1200301
lmdb,churn,1621,18.472,0,0
lmdb,churn,1622,15.205,0,0
lmdb,churn,1623,25.288,0,0
lmdb,churn,1624,21.640,0,0
lmdb,churn,1625,16.094,0,0
lmdb,churn,1626,21.183,0,0
lmdb,churn,1627,19.798,0,0
lmdb,churn,1628,17.872,0,0
lmdb,churn,1629,15.900,0,0
lmdb,churn,1630,15.303,4918546432,1200814
lmdb,churn,1631,16.421,0,0
lmdb,churn,1632,21.874,0,0
lmdb,churn,1633,32.700,0,0
lmdb,churn,1634,19.316,0,0
lmdb,churn,1635,26.456,0,0
lmdb,churn,1636,20.965,0,0
lmdb,churn,1637,15.660,0,0
lmdb,churn,1638,16.436,0,0
lmdb,churn,1639,20.592,0,0
lmdb,churn,1640,16.378,4922748928,1201840
lmdb,churn,1641,20.461,0,0
lmdb,churn,1642,23.648,0,0
lmdb,churn,1643,20.042,0,0
lmdb,churn,1644,17.512,0,0
lmdb,churn,1645,17.902,0,0
lmdb,churn,1646,26.259,0,0
lmdb,churn,1647,21.157,0,0
lmdb,churn,1648,21.741,0,0
lmdb,churn,1649,16.882,0,0
lmdb,churn,1650,17.887,4922748928,1201840
lmdb,churn,1651,30.718,0,0
lmdb,churn,1652,27.974,0,0
lmdb,churn,1653,17.585,0,0
lmdb,churn,1654,23.744,0,0
lmdb,churn,1655,21.284,0,0
lmdb,churn,1656,20.147,0,0
lmdb,churn,1657,17.036,0,0
lmdb,churn,1658,16.860,0,0
lmdb,churn,1659,17.501,0,0
lmdb,churn,1660,17.659,4924862464,1202356
lmdb,churn,1661,14.200,0,0
lmdb,churn,1662,27.594,0,0
lmdb,churn,1663,34.418,0,0
lmdb,churn,1664,17.907,0,0
lmdb,churn,1665,19.210,0,0
lmdb,churn,1666,19.235,0,0
lmdb,churn,1667,18.548,0,0
lmdb,churn,1668,19.765,0,0
lmdb,churn,1669,20.929,0,0
lmdb,churn,1670,23.071,4926963712,1202869
lmdb,churn,1671,16.636,0,0
lmdb,churn,1672,22.533,0,0
lmdb,churn,1673,17.597,0,0
lmdb,churn,1674,22.220,0,0
lmdb,churn,1675,19.666,0,0
lmdb,churn,1676,21.510,0,0
lmdb,churn,1677,22.432,0,0
lmdb,churn,1678,17.687,0,0
lmdb,churn,1679,26.215,0,0
lmdb,churn,1680,16.654,4929064960,1203382
lmdb,churn,1681,25.167,0,0
lmdb,churn,1682,23.276,0,0
lmdb,churn,1683,27.592,0,0
lmdb,churn,1684,13.140,0,0
lmdb,churn,1685,26.540,0,0
lmdb,churn,1686,18.535,0,0
lmdb,churn,1687,16.260,0,0
lmdb,churn,1688,20.726,0,0
lmdb,churn,1689,17.723,0,0
lmdb,churn,1690,28.858,4931166208,1203895
lmdb,churn,1691,17.613,0,0
lmdb,churn,1692,19.080,0,0
lmdb,churn,1693,15.403,0,0
lmdb,churn,1694,17.973,0,0
lmdb,churn,1695,18.066,0,0
lmdb,churn,1696,19.558,0,0
lmdb,churn,1697,22.802,0,0
lmdb,churn,1698,17.134,0,0
lmdb,churn,1699,19.154,0,0
lmdb,churn,1700,16.170,4933267456,1204408
lmdb,churn,1701,14.547,0,0
lmdb,churn,1702,16.047,0,0
lmdb,churn,1703,19.770,0,0
lmdb,churn,1704,23.084,0,0
lmdb,churn,1705,47.774,0,0
lmdb,churn,1706,21.139,0,0
lmdb,churn,1707,30.519,0,0
lmdb,churn,1708,17.661,0,0
lmdb,churn,1709,15.803,0,0
lmdb,churn,1710,14.757,4935368704,1204921
lmdb,churn,1711,17.696,0,0
lmdb,churn,1712,14.512,0,0
lmdb,churn,1713,16.550,0,0
lmdb,churn,1714,18.792,0,0
lmdb,churn,1715,14.925,0,0
lmdb,churn,1716,19.083,0,0
lmdb,churn,1717,19.155,0,0
lmdb,churn,1718,17.581,0,0
lmdb,churn,1719,16.002,0,0
lmdb,churn,1720,15.035,4937469952,1205434
lmdb,churn,1721,13.758,0,0
lmdb,churn,1722,24.872,0,0
lmdb,churn,1723,23.613,0,0
lmdb,churn,1724,19.068,0,0
lmdb,churn,1725,17.311,0,0
lmdb,churn,1726,17.914,0,0
lmdb,churn,1727,16.125,0,0
lmdb,churn,1728,16.058,0,0
lmdb,churn,1729,33.465,0,0
lmdb,churn,1730,29.958,4939583488,1205950
lmdb,churn,1731,21.982,0,0
lmdb,churn,1732,36.600,0,0
lmdb,churn,1733,60.527,0,0
lmdb,churn,1734,31.744,0,0
lmdb,churn,1735,48.462,0,0
lmdb,churn,1736,19.430,0,0
lmdb,churn,1737,16.899,0,0
lmdb,churn,1738,20.355,0,0
lmdb,churn,1739,15.867,0,0
lmdb,churn,1740,22.375,4941684736,1206463
lmdb,churn,1741,28.233,0,0
lmdb,churn,1742,17.825,0,0
lmdb,churn,1743,19.758,0,0
lmdb,churn,1744,14.274,0,0
lmdb,churn,1745,23.849,0,0
lmdb,churn,1746,30.516,0,0
lmdb,churn,1747,13.575,0,0
lmdb,churn,1748,15.907,0,0
lmdb,churn,1749,16.331,0,0
lmdb,churn,1750,23.242,4945899520,1207492
lmdb,churn,1751,15.325,0,0
lmdb,churn,1752,17.760,0,0
lmdb,churn,1753,17.367,0,0
lmdb,churn,1754,40.861,0,0
lmdb,churn,1755,30.584,0,0
lmdb,churn,1756,20.308,0,0
lmdb,churn,1757,17.028,0,0
lmdb,churn,1758,14.308,0,0
lmdb,churn,1759,23.551,0,0
lmdb,churn,1760,13.124,4948000768,1208005
lmdb,churn,1761,17.214,0,0
lmdb,churn,1762,19.115,0,0
lmdb,churn,1763,24.160,0,0
lmdb,churn,1764,16.135,0,0
lmdb,churn,1765,17.043,0,0
lmdb,churn,1766,16.708,0,0
lmdb,churn,1767,24.490,0,0
lmdb,churn,1768,19.745,0,0
lmdb,churn,1769,14.932,0,0
lmdb,churn,1770,13.985,4948021248,1208010
lmdb,churn,1771,21.700,0,0
lmdb,churn,1772,15.113,0,0
lmdb,churn,1773,13.787,0,0
lmdb,churn,1774,16.445,0,0
lmdb,churn,1775,16.133,0,0
lmdb,churn,1776,18.296,0,0
lmdb,churn,1777,19.746,0,0
lmdb,churn,1778,23.886,0,0
lmdb,churn,1779,18.397,0,0
lmdb,churn,1780,15.118,4950122496,1208523
lmdb,churn,1781,16.471,0,0
lmdb,churn,1782,17.937,0,0
lmdb,churn,1783,16.656,0,0
lmdb,churn,1784,27.299,0,0
lmdb,churn,1785,15.909,0,0
lmdb,churn,1786,18.069,0,0
lmdb,churn,1787,15.224,0,0
lmdb,churn,1788,14.110,0,0
lmdb,churn,1789,16.233,0,0
lmdb,churn,1790,15.237,4952223744,1209036
lmdb,churn,1791,18.238,0,0
lmdb,churn,1792,27.390,0,0
lmdb,churn,1793,17.263,0,0
lmdb,churn,1794,26.309,0,0
lmdb,churn,1795,15.841,0,0
lmdb,churn,1796,16.692,0,0
lmdb,churn,1797,20.636,0,0
lmdb,churn,1798,20.640,0,0
lmdb,churn,1799,29.368,0,0
lmdb,churn,1800,17.040,4954324992,1209549
lmdb,churn,1801,27.955,0,0
lmdb,churn,1802,14.363,0,0
lmdb,churn,1803,16.892,0,0
lmdb,churn,1804,16.580,0,0
lmdb,churn,1805,13.691,0,0
lmdb,churn,1806,41.976,0,0
lmdb,churn,1807,19.040,0,0
lmdb,churn,1808,20.620,0,0
lmdb,churn,1809,20.581,0,0
lmdb,churn,1810,19.326,4956426240,1210062
lmdb,churn,1811,15.830,0,0
lmdb,churn,1812,14.547,0,0
lmdb,churn,1813,14.129,0,0
lmdb,churn,1814,22.543,0,0
lmdb,churn,1815,14.039,0,0
lmdb,churn,1816,31.085,0,0
lmdb,churn,1817,20.701,0,0
lmdb,churn,1818,16.422,0,0
lmdb,churn,1819,15.916,0,0
lmdb,churn,1820,16.660,4958527488,1210575
lmdb,churn,1821,14.987,0,0
lmdb,churn,1822,15.458,0,0
lmdb,churn,1823,24.653,0,0
lmdb,churn,1824,14.416,0,0
lmdb,churn,1825,18.425,0,0
lmdb,churn,1826,15.807,0,0
lmdb,churn,1827,22.423,0,0
lmdb,churn,1828,17.047,0,0
lmdb,churn,1829,15.624,0,0
lmdb,churn,1830,22.467,4960641024,1211091
lmdb,churn,1831,16.980,0,0
lmdb,churn,1832,25.822,0,0
lmdb,churn,1833,16.580,0,0
lmdb,churn,1834,17.984,0,0
lmdb,churn,1835,16.149,0,0
lmdb,churn,1836,19.338,0,0
lmdb,churn,1837,15.338,0,0
lmdb,churn,1838,20.677,0,0
lmdb,churn,1839,20.885,0,0
lmdb,churn,1840,17.282,4962742272,1211604
lmdb,churn,1841,15.681,0,0
lmdb,churn,1842,16.503,0,0
lmdb,churn,1843,16.454,0,0
lmdb,churn,1844,14.031,0,0
lmdb,churn,1845,20.985,0,0
lmdb,churn,1846,20.294,0,0
lmdb,churn,1847,16.642,0,0
lmdb,churn,1848,19.972,0,0
lmdb,churn,1849,17.081,0,0
lmdb,churn,1850,17.952,4964843520,1212117
lmdb,churn,1851,20.936,0,0
lmdb,churn,1852,21.707,0,0
lmdb,churn,1853,15.884,0,0
lmdb,churn,1854,16.814,0,0
lmdb,churn,1855,27.638,0,0
lmdb,churn,1856,20.209,0,0
lmdb,churn,1857,27.273,0,0
lmdb,churn,1858,27.199,0,0
lmdb,churn,1859,16.704,0,0
lmdb,churn,1860,16.138,4966944768,1212630
lmdb,churn,1861,25.697,0,0
lmdb,churn,1862,23.578,0,0
lmdb,churn,1863,19.177,0,0
lmdb,churn,1864,15.377,0,0
lmdb,churn,1865,30.413,0,0
lmdb,churn,1866,17.769,0,0
lmdb,churn,1867,28.827,0,0
lmdb,churn,1868,20.419,0,0
lmdb,churn,1869,24.803,0,0
lmdb,churn,1870,18.266,4969046016,1213143
lmdb,churn,1871,15.257,0,0
lmdb,churn,1872,17.898,0,0
lmdb,churn,1873,26.483,0,0
lmdb,churn,1874,20.536,0,0
lmdb,churn,1875,25.611,0,0
lmdb,churn,1876,24.214,0,0
lmdb,churn,1877,19.030,0,0
lmdb,churn,1878,31.214,0,0
lmdb,churn,1879,20.605,0,0
lmdb,churn,1880,27.069,4971147264,1213656
lmdb,churn,1881,16.985,0,0
lmdb,churn,1882,21.681,0,0
lmdb,churn,1883,26.852,0,0
lmdb,churn,1884,30.431,0,0
lmdb,churn,1885,34.341,0,0
lmdb,churn,1886,19.787,0,0
lmdb,churn,1887,20.302,0,0
lmdb,churn,1888,20.675,0,0
lmdb,churn,1889,17.014,0,0
lmdb,churn,1890,21.434,4973260800,1214172
lmdb,churn,1891,16.886,0,0
lmdb,churn,1892,22.591,0,0
lmdb,churn,1893,15.220,0,0
lmdb,churn,1894,14.972,0,0
lmdb,churn,1895,20.015,0,0
lmdb,churn,1896,16.208,0,0
lmdb,churn,1897,24.483,0,0
lmdb,churn,1898,17.961,0,0
lmdb,churn,1899,49.500,0,0
lmdb,churn,1900,27.581,4975362048,1214685
lmdb,churn,1901,21.418,0,0
lmdb,churn,1902,26.685,0,0
lmdb,churn,1903,32.225,0,0
lmdb,churn,1904,21.795,0,0
lmdb,churn,1905,21.345,0,0
lmdb,churn,1906,17.127,0,0
lmdb,churn,1907,16.449,0,0
lmdb,churn,1908,19.402,0,0
lmdb,churn,1909,17.050,0,0
lmdb,churn,1910,25.888,4977463296,1215198
lmdb,churn,1911,22.064,0,0
lmdb,churn,1912,16.162,0,0
lmdb,churn,1913,17.430,0,0
lmdb,churn,1914,17.390,0,0
lmdb,churn,1915,38.993,0,0
lmdb,churn,1916,29.447,0,0
lmdb,churn,1917,17.240,0,0
lmdb,churn,1918,18.008,0,0
lmdb,churn,1919,22.056,0,0
lmdb,churn,1920,15.954,4979564544,1215711
lmdb,churn,1921,18.736,0,0
lmdb,churn,1922,20.307,0,0
lmdb,churn,1923,19.106,0,0
lmdb,churn,1924,22.932,0,0
lmdb,churn,1925,26.970,0,0
lmdb,churn,1926,50.126,0,0
lmdb,churn,1927,42.776,0,0
lmdb,churn,1928,43.892,0,0
lmdb,churn,1929,38.805,0,0
lmdb,churn,1930,26.353,4981665792,1216224
lmdb,churn,1931,16.915,0,0
lmdb,churn,1932,20.988,0,0
lmdb,churn,1933,14.257,0,0
lmdb,churn,1934,24.569,0,0
lmdb,churn,1935,15.220,0,0
lmdb,churn,1936,21.001,0,0
lmdb,churn,1937,21.392,0,0
lmdb,churn,1938,24.300,0,0
lmdb,churn,1939,19.458,0,0
lmdb,churn,1940,16.037,4983767040,1216737
lmdb,churn,1941,16.705,0,0
lmdb,churn,1942,15.384,0,0
lmdb,churn,1943,17.655,0,0
lmdb,churn,1944,16.839,0,0
lmdb,churn,1945,16.748,0,0
lmdb,churn,1946,21.785,0,0
lmdb,churn,1947,21.554,0,0
lmdb,churn,1948,17.475,0,0
lmdb,churn,1949,16.278,0,0
lmdb,churn,1950,16.955,4985868288,1217250
lmdb,churn,1951,19.435,0,0
lmdb,churn,1952,18.803,0,0
lmdb,churn,1953,17.072,0,0
lmdb,churn,1954,17.231,0,0
lmdb,churn,1955,15.707,0,0
lmdb,churn,1956,19.468,0,0
lmdb,churn,1957,15.123,0,0
lmdb,churn,1958,20.590,0,0
lmdb,churn,1959,34.703,0,0
lmdb,churn,1960,18.515,4987969536,1217763
lmdb,churn,1961,28.127,0,0
lmdb,churn,1962,27.585,0,0
lmdb,churn,1963,29.877,0,0
lmdb,churn,1964,24.430,0,0
lmdb,churn,1965,29.781,0,0
lmdb,churn,1966,25.969,0,0
lmdb,churn,1967,23.765,0,0
lmdb,churn,1968,28.016,0,0
lmdb,churn,1969,39.015,0,0
lmdb,churn,1970,14.860,4990070784,1218276
lmdb,churn,1971,20.578,0,0
lmdb,churn,1972,21.192,0,0
lmdb,churn,1973,16.632,0,0
lmdb,churn,1974,20.215,0,0
lmdb,churn,1975,18.179,0,0
lmdb,churn,1976,22.912,0,0
lmdb,churn,1977,17.182,0,0
lmdb,churn,1978,18.895,0,0
lmdb,churn,1979,22.644,0,0
lmdb,churn,1980,19.135,4992172032,1218789
lmdb,churn,1981,19.565,0,0
lmdb,churn,1982,31.131,0,0
lmdb,churn,1983,18.560,0,0
lmdb,churn,1984,18.803,0,0
lmdb,churn,1985,18.726,0,0
lmdb,churn,1986,29.585,0,0
lmdb,churn,1987,16.108,0,0
lmdb,churn,1988,19.993,0,0
lmdb,churn,1989,15.022,0,0
lmdb,churn,1990,20.143,4992172032,1218789
lmdb,churn,1991,15.599,0,0
lmdb,churn,1992,23.621,0,0
lmdb,churn,1993,23.354,0,0
lmdb,churn,1994,17.683,0,0
lmdb,churn,1995,30.064,0,0
lmdb,churn,1996,21.426,0,0
lmdb,churn,1997,16.657,0,0
lmdb,churn,1998,20.205,0,0
lmdb,churn,1999,16.494,0,0
lmdb,churn,2000,19.183,4994273280,1219302
lmdb,churn,2001,16.726,0,0
lmdb,churn,2002,17.544,0,0
lmdb,churn,2003,17.189,0,0
lmdb,churn,2004,16.416,0,0
lmdb,churn,2005,14.024,0,0
lmdb,churn,2006,14.774,0,0
lmdb,churn,2007,19.905,0,0
lmdb,churn,2008,15.372,0,0
lmdb,churn,2009,17.816,0,0
lmdb,churn,2010,27.995,4996374528,1219815
lmdb,churn,2011,23.922,0,0
lmdb,churn,2012,23.721,0,0
lmdb,churn,2013,29.199,0,0
lmdb,churn,2014,24.153,0,0
lmdb,churn,2015,32.782,0,0
lmdb,churn,2016,35.138,0,0
lmdb,churn,2017,35.265,0,0
lmdb,churn,2018,37.656,0,0
lmdb,churn,2019,16.838,0,0
lmdb,churn,2020,24.274,4998475776,1220328
lmdb,churn,2021,18.213,0,0
lmdb,churn,2022,17.736,0,0
lmdb,churn,2023,20.046,0,0
lmdb,churn,2024,16.840,0,0
lmdb,churn,2025,18.126,0,0
lmdb,churn,2026,18.742,0,0
lmdb,churn,2027,15.436,0,0
lmdb,churn,2028,14.033,0,0
lmdb,churn,2029,14.873,0,0
lmdb,churn,2030,18.296,4998475776,1220328
lmdb,churn,2031,19.135,0,0
lmdb,churn,2032,17.570,0,0
lmdb,churn,2033,18.034,0,0
lmdb,churn,2034,15.542,0,0
lmdb,churn,2035,15.445,0,0
lmdb,churn,2036,23.203,0,0
lmdb,churn,2037,16.396,0,0
lmdb,churn,2038,29.338,0,0
lmdb,churn,2039,18.309,0,0
lmdb,churn,2040,18.942,5002678272,1221354
lmdb,churn,2041,17.402,0,0
lmdb,churn,2042,22.095,0,0
lmdb,churn,2043,21.456,0,0
lmdb,churn,2044,16.118,0,0
lmdb,churn,2045,16.266,0,0
lmdb,churn,2046,15.349,0,0
lmdb,churn,2047,16.398,0,0
lmdb,churn,2048,21.309,0,0
lmdb,churn,2049,17.566,0,0
lmdb,churn,2050,21.476,5004779520,1221867
lmdb,churn,2051,18.901,0,0
lmdb,churn,2052,19.034,0,0
lmdb,churn,2053,20.624,0,0
lmdb,churn,2054,32.023,0,0
lmdb,churn,2055,17.394,0,0
lmdb,churn,2056,25.551,0,0
lmdb,churn,2057,18.327,0,0
lmdb,churn,2058,28.130,0,0
lmdb,churn,2059,13.866,0,0
lmdb,churn,2060,21.502,5006880768,1222380
lmdb,churn,2061,18.849,0,0
lmdb,churn,2062,18.989,0,0
lmdb,churn,2063,18.781,0,0
lmdb,churn,2064,20.031,0,0
lmdb,churn,2065,19.566,0,0
lmdb,churn,2066,19.536,0,0
lmdb,churn,2067,20.020,0,0
lmdb,churn,2068,18.113,0,0
lmdb,churn,2069,19.812,0,0
lmdb,churn,2070,20.075,5006880768,1222380
lmdb,churn,2071,17.050,0,0
lmdb,churn,2072,32.710,0,0
lmdb,churn,2073,31.114,0,0
lmdb,churn,2074,27.249,0,0
lmdb,churn,2075,27.158,0,0
lmdb,churn,2076,17.901,0,0
lmdb,churn,2077,17.071,0,0
lmdb,churn,2078,16.377,0,0
lmdb,churn,2079,18.132,0,0
lmdb,churn,2080,21.839,5008982016,1222893
lmdb,churn,2081,17.942,0,0
lmdb,churn,2082,17.298,0,0
lmdb,churn,2083,22.112,0,0
lmdb,churn,2084,49.542,0,0
lmdb,churn,2085,16.508,0,0
lmdb,churn,2086,18.340,0,0
lmdb,churn,2087,16.364,0,0
lmdb,churn,2088,38.559,0,0
lmdb,churn,2089,15.509,0,0
lmdb,churn,2090,19.092,5011083264,1223406
lmdb,churn,2091,18.467,0,0
lmdb,churn,2092,19.661,0,0
lmdb,churn,2093,14.232,0,0
lmdb,churn,2094,15.946,0,0
lmdb,churn,2095,18.446,0,0
lmdb,churn,2096,18.884,0,0
lmdb,churn,2097,25.903,0,0
lmdb,churn,2098,20.007,0,0
lmdb,churn,2099,24.478,0,0
lmdb,churn,2100,21.563,5013184512,1223919
lmdb,churn,2101,16.714,0,0
lmdb,churn,2102,18.901,0,0
lmdb,churn,2103,17.184,0,0
lmdb,churn,2104,15.410,0,0
lmdb,churn,2105,13.729,0,0
lmdb,churn,2106,16.017,0,0
lmdb,churn,2107,18.840,0,0
lmdb,churn,2108,15.901,0,0
lmdb,churn,2109,16.512,0,0
lmdb,churn,2110,17.873,5015285760,1224432
lmdb,churn,2111,29.402,0,0
lmdb,churn,2112,30.176,0,0
lmdb,churn,2113,31.481,0,0
lmdb,churn,2114,26.225,0,0
lmdb,churn,2115,24.641,0,0
lmdb,churn,2116,33.654,0,0
lmdb,churn,2117,24.136,0,0
lmdb,churn,2118,36.538,0,0
lmdb,churn,2119,28.303,0,0
lmdb,churn,2120,26.089,5017387008,1224945
lmdb,churn,2121,37.535,0,0
lmdb,churn,2122,20.387,0,0
lmdb,churn,2123,21.731,0,0
lmdb,churn,2124,15.313,0,0
lmdb,churn,2125,14.044,0,0
lmdb,churn,2126,15.955,0,0
lmdb,churn,2127,23.521,0,0
lmdb,churn,2128,20.732,0,0
lmdb,churn,2129,23.855,0,0
lmdb,churn,2130,17.470,5019488256,1225458
lmdb,churn,2131,22.018,0,0
lmdb,churn,2132,23.362,0,0
lmdb,churn,2133,22.279,0,0
lmdb,churn,2134,22.370,0,0
lmdb,churn,2135,22.852,0,0
lmdb,churn,2136,19.827,0,0
lmdb,churn,2137,16.520,0,0
lmdb,churn,2138,14.924,0,0
lmdb,churn,2139,20.382,0,0
lmdb,churn,2140,16.051,5021589504,1225971
lmdb,churn,2141,16.575,0,0
lmdb,churn,2142,26.959,0,0
lmdb,churn,2143,30.483,0,0
lmdb,churn,2144,25.527,0,0
lmdb,churn,2145,17.327,0,0
lmdb,churn,2146,18.599,0,0
lmdb,churn,2147,26.887,0,0
lmdb,churn,2148,21.055,0,0
lmdb,churn,2149,18.062,0,0
lmdb,churn,2150,20.906,5021589504,1225971
lmdb,churn,2151,28.688,0,0
lmdb,churn,2152,23.161,0,0
lmdb,churn,2153,21.393,0,0
lmdb,churn,2154,28.050,0,0
lmdb,churn,2155,20.389,0,0
lmdb,churn,2156,16.020,0,0
lmdb,churn,2157,21.185,0,0
lmdb,churn,2158,16.265,0,0
lmdb,churn,2159,14.250,0,0
lmdb,churn,2160,14.868,5023711232,1226489
lmdb,churn,2161,14.494,0,0
lmdb,churn,2162,14.607,0,0
lmdb,churn,2163,15.910,0,0
lmdb,churn,2164,14.790,0,0
lmdb,churn,2165,19.612,0,0
lmdb,churn,2166,32.983,0,0
lmdb,churn,2167,15.277,0,0
lmdb,churn,2168,19.392,0,0
lmdb,churn,2169,16.766,0,0
lmdb,churn,2170,14.854,5025812480,1227002
lmdb,churn,2171,14.583,0,0
lmdb,churn,2172,22.651,0,0
lmdb,churn,2173,17.121,0,0
lmdb,churn,2174,19.424,0,0
lmdb,churn,2175,26.393,0,0
lmdb,churn,2176,20.150,0,0
lmdb,churn,2177,20.633,0,0
lmdb,churn,2178,16.979,0,0
lmdb,churn,2179,19.941,0,0
lmdb,churn,2180,20.247,5027913728,1227515
lmdb,churn,2181,15.052,0,0
lmdb,churn,2182,15.299,0,0
lmdb,churn,2183,16.306,0,0
lmdb,churn,2184,18.781,0,0
lmdb,churn,2185,22.807,0,0
lmdb,churn,2186,15.380,0,0
lmdb,churn,2187,23.862,0,0
lmdb,churn,2188,18.576,0,0
lmdb,churn,2189,14.468,0,0
lmdb,churn,2190,18.938,5030014976,1228028
lmdb,churn,2191,18.489,0,0
lmdb,churn,2192,16.889,0,0
lmdb,churn,2193,15.221,0,0
lmdb,churn,2194,18.965,0,0
lmdb,churn,2195,15.071,0,0
lmdb,churn,2196,16.925,0,0
lmdb,churn,2197,21.643,0,0
lmdb,churn,2198,33.806,0,0
lmdb,churn,2199,26.106,0,0
lmdb,churn,2200,29.267,5032116224,1228541
lmdb,churn,2201,21.134,0,0
lmdb,churn,2202,21.381,0,0
lmdb,churn,2203,17.266,0,0
lmdb,churn,2204,19.286,0,0
lmdb,churn,2205,24.097,0,0
lmdb,churn,2206,18.034,0,0
lmdb,churn,2207,16.692,0,0
lmdb,churn,2208,17.571,0,0
lmdb,churn,2209,18.144,0,0
lmdb,churn,2210,15.710,5034217472,1229054
lmdb,churn,2211,18.649,0,0
lmdb,churn,2212,15.915,0,0
lmdb,churn,2213,17.322,0,0
lmdb,churn,2214,20.674,0,0
lmdb,churn,2215,16.659,0,0
lmdb,churn,2216,13.278,0,0
lmdb,churn,2217,29.673,0,0
lmdb,churn,2218,21.833,0,0
lmdb,churn,2219,17.531,0,0
lmdb,churn,2220,15.990,5036318720,1229567
lmdb,churn,2221,27.313,0,0
lmdb,churn,2222,18.100,0,0
lmdb,churn,2223,25.932,0,0
lmdb,churn,2224,16.104,0,0
lmdb,churn,2225,17.921,0,0
lmdb,churn,2226,14.747,0,0
lmdb,churn,2227,15.946,0,0
lmdb,churn,2228,19.987,0,0
lmdb,churn,2229,18.060,0,0
lmdb,churn,2230,15.142,5038419968,1230080
lmdb,churn,2231,16.463,0,0
lmdb,churn,2232,14.848,0,0
lmdb,churn,2233,16.311,0,0
lmdb,churn,2234,15.674,0,0
lmdb,churn,2235,15.070,0,0
lmdb,churn,2236,20.121,0,0
lmdb,churn,2237,19.946,0,0
lmdb,churn,2238,15.950,0,0
lmdb,churn,2239,16.983,0,0
lmdb,churn,2240,16.050,5040521216,1230593
lmdb,churn,2241,15.727,0,0
lmdb,churn,2242,16.762,0,0
lmdb,churn,2243,21.560,0,0
lmdb,churn,2244,14.198,0,0
lmdb,churn,2245,16.694,0,0
lmdb,churn,2246,19.030,0,0
lmdb,churn,2247,15.992,0,0
lmdb,churn,2248,17.451,0,0
lmdb,churn,2249,18.541,0,0
lmdb,churn,2250,20.122,5042622464,1231106
lmdb,churn,2251,25.187,0,0
lmdb,churn,2252,14.970,0,0
lmdb,churn,2253,17.597,0,0
lmdb,churn,2254,15.599,0,0
lmdb,churn,2255,15.471,0,0
lmdb,churn,2256,17.325,0,0
lmdb,churn,2257,15.296,0,0
lmdb,churn,2258,14.688,0,0
lmdb,churn,2259,18.717,0,0
lmdb,churn,2260,16.749,5044723712,1231619
lmdb,churn,2261,28.490,0,0
lmdb,churn,2262,40.455,0,0
lmdb,churn,2263,36.262,0,0
lmdb,churn,2264,31.677,0,0
lmdb,churn,2265,18.984,0,0
lmdb,churn,2266,13.690,0,0
lmdb,churn,2267,15.685,0,0
lmdb,churn,2268,15.738,0,0
lmdb,churn,2269,20.504,0,0
lmdb,churn,2270,16.197,5046824960,1232132
lmdb,churn,2271,29.316,0,0
lmdb,churn,2272,22.711,0,0
lmdb,churn,2273,21.280,0,0
lmdb,churn,2274,16.034,0,0
lmdb,churn,2275,14.559,0,0
lmdb,churn,2276,17.802,0,0
lmdb,churn,2277,16.328,0,0
lmdb,churn,2278,23.454,0,0
lmdb,churn,2279,23.669,0,0
lmdb,churn,2280,15.805,5048938496,1232648
lmdb,churn,2281,23.772,0,0
lmdb,churn,2282,25.916,0,0
lmdb,churn,2283,20.495,0,0
lmdb,churn,2284,23.066,0,0
lmdb,churn,2285,44.105,0,0
lmdb,churn,2286,20.060,0,0
lmdb,churn,2287,46.313,0,0
lmdb,churn,2288,24.304,0,0
lmdb,churn,2289,15.920,0,0
lmdb,churn,2290,16.303,5051039744,1233161
lmdb,churn,2291,23.439,0,0
lmdb,churn,2292,24.811,0,0
lmdb,churn,2293,13.812,0,0
lmdb,churn,2294,18.374,0,0
lmdb,churn,2295,14.932,0,0
lmdb,churn,2296,18.853,0,0
lmdb,churn,2297,17.054,0,0
lmdb,churn,2298,17.371,0,0
lmdb,churn,2299,16.406,0,0
lmdb,churn,2300,28.300,5053140992,1233674
lmdb,churn,2301,14.077,0,0
lmdb,churn,2302,26.813,0,0
lmdb,churn,2303,16.091,0,0
lmdb,churn,2304,24.418,0,0
lmdb,churn,2305,16.147,0,0
lmdb,churn,2306,20.573,0,0
lmdb,churn,2307,16.294,0,0
lmdb,churn,2308,21.919,0,0
lmdb,churn,2309,17.473,0,0
lmdb,churn,2310,21.652,5055242240,1234187
lmdb,churn,2311,17.896,0,0
lmdb,churn,2312,15.804,0,0
lmdb,churn,2313,17.484,0,0
lmdb,churn,2314,14.538,0,0
lmdb,churn,2315,15.532,0,0
lmdb,churn,2316,21.902,0,0
lmdb,churn,2317,15.302,0,0
lmdb,churn,2318,17.998,0,0
lmdb,churn,2319,18.158,0,0
lmdb,churn,2320,25.659,5057343488,1234700
lmdb,churn,2321,18.671,0,0
lmdb,churn,2322,19.029,0,0
lmdb,churn,2323,18.426,0,0
lmdb,churn,2324,18.158,0,0
lmdb,churn,2325,21.398,0,0
lmdb,churn,2326,16.788,0,0
lmdb,churn,2327,18.397,0,0
lmdb,churn,2328,20.006,0,0
lmdb,churn,2329,15.614,0,0
lmdb,churn,2330,14.562,5057343488,1234700
lmdb,churn,2331,14.624,0,0
lmdb,churn,2332,18.767,0,0
lmdb,churn,2333,15.809,0,0
lmdb,churn,2334,22.238,0,0
lmdb,churn,2335,24.334,0,0
lmdb,churn,2336,22.794,0,0
lmdb,churn,2337,17.681,0,0
lmdb,churn,2338,18.144,0,0
lmdb,churn,2339,19.387,0,0
lmdb,churn,2340,20.728,5061545984,1235726
lmdb,churn,2341,15.697,0,0
lmdb,churn,2342,20.374,0,0
lmdb,churn,2343,18.319,0,0
lmdb,churn,2344,17.486,0,0
lmdb,churn,2345,19.482,0,0
lmdb,churn,2346,17.383,0,0
lmdb,churn,2347,16.094,0,0
lmdb,churn,2348,24.075,0,0
lmdb,churn,2349,23.685,0,0
lmdb,churn,2350,16.852,5061545984,1235726
lmdb,churn,2351,21.690,0,0
lmdb,churn,2352,15.851,0,0
lmdb,churn,2353,19.831,0,0
lmdb,churn,2354,22.487,0,0
lmdb,churn,2355,22.806,0,0
lmdb,churn,2356,16.974,0,0
lmdb,churn,2357,21.864,0,0
lmdb,churn,2358,24.222,0,0
lmdb,churn,2359,17.813,0,0
lmdb,churn,2360,16.447,5063647232,1236239
lmdb,churn,2361,18.560,0,0
lmdb,churn,2362,18.270,0,0
lmdb,churn,2363,13.805,0,0
lmdb,churn,2364,19.990,0,0
lmdb,churn,2365,13.979,0,0
lmdb,churn,2366,19.109,0,0
lmdb,churn,2367,18.342,0,0
lmdb,churn,2368,18.144,0,0
lmdb,churn,2369,16.777,0,0
lmdb,churn,2370,26.232,5065748480,1236752
lmdb,churn,2371,22.653,0,0
lmdb,churn,2372,16.880,0,0
lmdb,churn,2373,15.734,0,0
lmdb,churn,2374,19.738,0,0
lmdb,churn,2375,23.884,0,0
lmdb,churn,2376,16.879,0,0
lmdb,churn,2377,25.546,0,0
lmdb,churn,2378,15.058,0,0
lmdb,churn,2379,15.894,0,0
lmdb,churn,2380,30.144,5067849728,1237265
lmdb,churn,2381,17.927,0,0
lmdb,churn,2382,38.860,0,0
lmdb,churn,2383,20.195,0,0
lmdb,churn,2384,23.505,0,0
lmdb,churn,2385,55.999,0,0
lmdb,churn,2386,18.719,0,0
lmdb,churn,2387,27.461,0,0
lmdb,churn,2388,18.827,0,0
lmdb,churn,2389,15.824,0,0
lmdb,churn,2390,27.727,5069950976,1237778
lmdb,churn,2391,31.348,0,0
lmdb,churn,2392,25.875,0,0
lmdb,churn,2393,18.164,0,0
lmdb,churn,2394,25.994,0,0
lmdb,churn,2395,20.444,0,0
lmdb,churn,2396,14.715,0,0
lmdb,churn,2397,16.920,0,0
lmdb,churn,2398,16.679,0,0
lmdb,churn,2399,20.268,0,0
lmdb,churn,2400,15.256,5069963264,1237781
lmdb,churn,2401,17.415,0,0
lmdb,churn,2402,15.669,0,0
lmdb,churn,2403,17.430,0,0
lmdb,churn,2404,16.470,0,0
lmdb,churn,2405,20.003,0,0
lmdb,churn,2406,20.961,0,0
lmdb,churn,2407,73.087,0,0
lmdb,churn,2408,37.431,0,0
lmdb,churn,2409,39.807,0,0
lmdb,churn,2410,38.371,5072064512,1238294
lmdb,churn,2411,42.294,0,0
lmdb,churn,2412,37.886,0,0
lmdb,churn,2413,38.137,0,0
lmdb,churn,2414,28.591,0,0
lmdb,churn,2415,36.239,0,0
lmdb,churn,2416,44.708,0,0
lmdb,churn,2417,32.682,0,0
lmdb,churn,2418,17.383,0,0
lmdb,churn,2419,17.426,0,0
lmdb,churn,2420,23.827,5074165760,1238807
lmdb,churn,2421,19.715,0,0
lmdb,churn,2422,19.427,0,0
lmdb,churn,2423,18.323,0,0
lmdb,churn,2424,20.182,0,0
lmdb,churn,2425,22.756,0,0
lmdb,churn,2426,24.847,0,0
lmdb,churn,2427,18.421,0,0
lmdb,churn,2428,17.023,0,0
lmdb,churn,2429,16.817,0,0
lmdb,churn,2430,25.140,5074165760,1238807
lmdb,churn,2431,14.527,0,0
lmdb,churn,2432,23.888,0,0
lmdb,churn,2433,14.504,0,0
lmdb,churn,2434,22.822,0,0
lmdb,churn,2435,26.438,0,0
lmdb,churn,2436,15.242,0,0
lmdb,churn,2437,21.771,0,0
lmdb,churn,2438,20.261,0,0
lmdb,churn,2439,18.448,0,0
lmdb,churn,2440,25.030,5076267008,1239320
lmdb,churn,2441,16.393,0,0
lmdb,churn,2442,14.758,0,0
lmdb,churn,2443,15.007,0,0
lmdb,churn,2444,19.263,0,0
lmdb,churn,2445,15.407,0,0
lmdb,churn,2446,15.021,0,0
lmdb,churn,2447,20.388,0,0
lmdb,churn,2448,13.928,0,0
lmdb,churn,2449,20.739,0,0
lmdb,churn,2450,18.857,5078368256,1239833
lmdb,churn,2451,16.462,0,0
lmdb,churn,2452,34.696,0,0
lmdb,churn,2453,16.576,0,0
lmdb,churn,2454,16.644,0,0
lmdb,churn,2455,29.511,0,0
lmdb,churn,2456,24.945,0,0
lmdb,churn,2457,31.009,0,0
lmdb,churn,2458,36.158,0,0
lmdb,churn,2459,40.597,0,0
lmdb,churn,2460,40.652,5080469504,1240346
lmdb,churn,2461,32.754,0,0
lmdb,churn,2462,31.838,0,0
lmdb,churn,2463,32.211,0,0
lmdb,churn,2464,53.255,0,0
lmdb,churn,2465,66.916,0,0
lmdb,churn,2466,52.643,0,0
lmdb,churn,2467,19.662,0,0
lmdb,churn,2468,24.442,0,0
lmdb,churn,2469,37.290,0,0
lmdb,churn,2470,24.010,5080469504,1240346
lmdb,churn,2471,16.858,0,0
lmdb,churn,2472,24.089,0,0
lmdb,churn,2473,16.116,0,0
lmdb,churn,2474,19.963,0,0
lmdb,churn,2475,23.619,0,0
lmdb,churn,2476,28.036,0,0
lmdb,churn,2477,36.792,0,0
lmdb,churn,2478,20.063,0,0
lmdb,churn,2479,26.614,0,0
lmdb,churn,2480,17.646,5082570752,1240859
lmdb,churn,2481,19.299,0,0
lmdb,churn,2482,19.974,0,0
lmdb,churn,2483,20.992,0,0
lmdb,churn,2484,28.756,0,0
lmdb,churn,2485,14.730,0,0
lmdb,churn,2486,16.380,0,0
lmdb,churn,2487,30.999,0,0
lmdb,churn,2488,34.773,0,0
lmdb,churn,2489,34.668,0,0
lmdb,churn,2490,39.615,5084672000,1241372
lmdb,churn,2491,32.396,0,0
lmdb,churn,2492,38.396,0,0
lmdb,churn,2493,28.128,0,0
lmdb,churn,2494,33.468,0,0
lmdb,churn,2495,33.561,0,0
lmdb,churn,2496,43.847,0,0
lmdb,churn,2497,18.386,0,0
lmdb,churn,2498,16.993,0,0
lmdb,churn,2499,19.774,0,0
lmdb,churn,2500,18.364,5086785536,1241888
lmdb,churn,2501,16.437,0,0
lmdb,churn,2502,15.279,0,0
lmdb,churn,2503,15.489,0,0
lmdb,churn,2504,15.876,0,0
lmdb,churn,2505,22.632,0,0
lmdb,churn,2506,14.564,0,0
lmdb,churn,2507,24.150,0,0
lmdb,churn,2508,13.801,0,0
lmdb,churn,2509,15.328,0,0
lmdb,churn,2510,16.169,5088886784,1242401
lmdb,churn,2511,15.692,0,0
lmdb,churn,2512,19.077,0,0
lmdb,churn,2513,15.965,0,0
lmdb,churn,2514,20.136,0,0
lmdb,churn,2515,22.091,0,0
lmdb,churn,2516,22.046,0,0
lmdb,churn,2517,28.961,0,0
lmdb,churn,2518,17.932,0,0
lmdb,churn,2519,17.684,0,0
lmdb,churn,2520,17.047,5090988032,1242914
lmdb,churn,2521,15.332,0,0
lmdb,churn,2522,20.268,0,0
lmdb,churn,2523,17.981,0,0
lmdb,churn,2524,18.896,0,0
lmdb,churn,2525,22.281,0,0
lmdb,churn,2526,16.774,0,0
lmdb,churn,2527,26.569,0,0
lmdb,churn,2528,18.510,0,0
lmdb,churn,2529,19.424,0,0
lmdb,churn,2530,19.856,5093089280,1243427
lmdb,churn,2531,19.715,0,0
lmdb,churn,2532,15.256,0,0
lmdb,churn,2533,22.388,0,0
lmdb,churn,2534,14.509,0,0
lmdb,churn,2535,17.188,0,0
lmdb,churn,2536,13.390,0,0
lmdb,churn,2537,19.700,0,0
lmdb,churn,2538,24.749,0,0
lmdb,churn,2539,15.601,0,0
lmdb,churn,2540,21.039,5095190528,1243940
lmdb,churn,2541,15.094,0,0
lmdb,churn,2542,16.959,0,0
lmdb,churn,2543,30.701,0,0
lmdb,churn,2544,17.861,0,0
lmdb,churn,2545,15.501,0,0
lmdb,churn,2546,19.032,0,0
lmdb,churn,2547,19.604,0,0
lmdb,churn,2548,13.966,0,0
lmdb,churn,2549,15.174,0,0
lmdb,churn,2550,20.102,5097291776,1244453
lmdb,churn,2551,26.852,0,0
lmdb,churn,2552,23.719,0,0
lmdb,churn,2553,17.508,0,0
lmdb,churn,2554,22.634,0,0
lmdb,churn,2555,19.067,0,0
lmdb,churn,2556,16.572,0,0
lmdb,churn,2557,29.252,0,0
lmdb,churn,2558,16.003,0,0
lmdb,churn,2559,20.136,0,0
lmdb,churn,2560,14.444,5097291776,1244453
lmdb,churn,2561,21.887,0,0
lmdb,churn,2562,15.097,0,0
lmdb,churn,2563,23.319,0,0
lmdb,churn,2564,14.871,0,0
lmdb,churn,2565,23.195,0,0
lmdb,churn,2566,18.651,0,0
lmdb,churn,2567,21.169,0,0
lmdb,churn,2568,18.071,0,0
lmdb,churn,2569,17.090,0,0
lmdb,churn,2570,13.224,5099393024,1244966
lmdb,churn,2571,17.501,0,0
lmdb,churn,2572,23.776,0,0
lmdb,churn,2573,18.155,0,0
lmdb,churn,2574,16.551,0,0
lmdb,churn,2575,19.757,0,0
lmdb,churn,2576,18.266,0,0
lmdb,churn,2577,26.952,0,0
lmdb,churn,2578,18.935,0,0
lmdb,churn,2579,18.688,0,0
lmdb,churn,2580,22.147,5101494272,1245479
lmdb,churn,2581,13.203,0,0
lmdb,churn,2582,15.184,0,0
lmdb,churn,2583,19.823,0,0
lmdb,churn,2584,16.121,0,0
lmdb,churn,2585,28.360,0,0
lmdb,churn,2586,22.427,0,0
lmdb,churn,2587,21.347,0,0
lmdb,churn,2588,20.099,0,0
lmdb,churn,2589,23.160,0,0
lmdb,churn,2590,18.911,5103595520,1245992
lmdb,churn,2591,19.281,0,0
lmdb,churn,2592,16.890,0,0
lmdb,churn,2593,15.039,0,0
lmdb,churn,2594,17.955,0,0
lmdb,churn,2595,13.567,0,0
lmdb,churn,2596,14.434,0,0
lmdb,churn,2597,25.402,0,0
lmdb,churn,2598,15.846,0,0
lmdb,churn,2599,20.487,0,0
lmdb,churn,2600,17.381,5103595520,1245992
lmdb,churn,2601,16.682,0,0
lmdb,churn,2602,14.331,0,0
lmdb,churn,2603,45.358,0,0
lmdb,churn,2604,39.034,0,0
lmdb,churn,2605,31.945,0,0
lmdb,churn,2606,32.454,0,0
lmdb,churn,2607,27.480,0,0
lmdb,churn,2608,25.765,0,0
lmdb,churn,2609,16.340,0,0
lmdb,churn,2610,17.357,5105696768,1246505
lmdb,churn,2611,16.412,0,0
lmdb,churn,2612,15.280,0,0
lmdb,churn,2613,14.963,0,0
lmdb,churn,2614,18.386,0,0
lmdb,churn,2615,21.414,0,0
lmdb,churn,2616,18.822,0,0
lmdb,churn,2617,15.336,0,0
lmdb,churn,2618,17.625,0,0
lmdb,churn,2619,26.072,0,0
lmdb,churn,2620,23.638,5107810304,1247021
lmdb,churn,2621,18.220,0,0
lmdb,churn,2622,15.225,0,0
lmdb,churn,2623,16.459,0,0
lmdb,churn,2624,20.777,0,0
lmdb,churn,2625,20.178,0,0
lmdb,churn,2626,19.329,0,0
lmdb,churn,2627,27.494,0,0
lmdb,churn,2628,19.334,0,0
lmdb,churn,2629,20.651,0,0
lmdb,churn,2630,17.764,5109911552,1247534
lmdb,churn,2631,28.907,0,0
lmdb,churn,2632,14.353,0,0
lmdb,churn,2633,18.392,0,0
lmdb,churn,2634,18.821,0,0
lmdb,churn,2635,16.993,0,0
lmdb,churn,2636,15.508,0,0
lmdb,churn,2637,16.548,0,0
lmdb,churn,2638,13.123,0,0
lmdb,churn,2639,18.137,0,0
lmdb,churn,2640,17.649,5114155008,1248570
lmdb,churn,2641,14.218,0,0
lmdb,churn,2642,19.265,0,0
lmdb,churn,2643,18.219,0,0
lmdb,churn,2644,18.431,0,0
lmdb,churn,2645,15.170,0,0
lmdb,churn,2646,22.121,0,0
lmdb,churn,2647,22.543,0,0
lmdb,churn,2648,24.322,0,0
lmdb,churn,2649,16.344,0,0
lmdb,churn,2650,32.589,5116256256,1249083
lmdb,churn,2651,17.686,0,0
lmdb,churn,2652,20.344,0,0
lmdb,churn,2653,21.539,0,0
lmdb,churn,2654,29.521,0,0
lmdb,churn,2655,18.833,0,0
lmdb,churn,2656,46.014,0,0
lmdb,churn,2657,25.865,0,0
lmdb,churn,2658,24.776,0,0
lmdb,churn,2659,25.062,0,0
lmdb,churn,2660,14.570,5116256256,1249083
lmdb,churn,2661,18.221,0,0
lmdb,churn,2662,27.260,0,0
lmdb,churn,2663,19.681,0,0
lmdb,churn,2664,45.997,0,0
lmdb,churn,2665,19.105,0,0
lmdb,churn,2666,21.834,0,0
lmdb,churn,2667,22.299,0,0
lmdb,churn,2668,20.375,0,0
lmdb,churn,2669,18.974,0,0
lmdb,churn,2670,15.765,5118357504,1249596
lmdb,churn,2671,18.350,0,0
lmdb,churn,2672,17.095,0,0
lmdb,churn,2673,17.992,0,0
lmdb,churn,2674,15.760,0,0
lmdb,churn,2675,15.513,0,0
lmdb,churn,2676,30.600,0,0
lmdb,churn,2677,18.195,0,0
lmdb,churn,2678,28.503,0,0
lmdb,churn,2679,37.998,0,0
lmdb,churn,2680,35.154,5120458752,1250109
lmdb,churn,2681,37.336,0,0
lmdb,churn,2682,32.626,0,0
lmdb,churn,2683,33.233,0,0
lmdb,churn,2684,47.129,0,0
lmdb,churn,2685,78.110,0,0
lmdb,churn,2686,24.819,0,0
lmdb,churn,2687,23.891,0,0
lmdb,churn,2688,23.144,0,0
lmdb,churn,2689,39.957,0,0
lmdb,churn,2690,31.750,5122560000,1250622
lmdb,churn,2691,30.484,0,0
lmdb,churn,2692,31.639,0,0
lmdb,churn,2693,17.750,0,0
lmdb,churn,2694,19.686,0,0
lmdb,churn,2695,16.499,0,0
lmdb,churn,2696,23.061,0,0
lmdb,churn,2697,19.890,0,0
lmdb,churn,2698,19.065,0,0
lmdb,churn,2699,15.383,0,0
lmdb,churn,2700,23.442,5122560000,1250622
lmdb,churn,2701,15.414,0,0
lmdb,churn,2702,21.872,0,0
lmdb,churn,2703,33.071,0,0
lmdb,churn,2704,22.035,0,0
lmdb,churn,2705,17.125,0,0
lmdb,churn,2706,13.261,0,0
lmdb,churn,2707,16.811,0,0
lmdb,churn,2708,29.797,0,0
lmdb,churn,2709,22.159,0,0
lmdb,churn,2710,16.494,5124661248,1251135
lmdb,churn,2711,18.902,0,0
lmdb,churn,2712,17.793,0,0
lmdb,churn,2713,16.435,0,0
lmdb,churn,2714,15.107,0,0
lmdb,churn,2715,15.853,0,0
lmdb,churn,2716,16.510,0,0
lmdb,churn,2717,14.753,0,0
lmdb,churn,2718,13.840,0,0
lmdb,churn,2719,24.497,0,0
lmdb,churn,2720,22.451,5126762496,1251648
lmdb,churn,2721,16.085,0,0
lmdb,churn,2722,24.041,0,0
lmdb,churn,2723,16.785,0,0
lmdb,churn,2724,17.161,0,0
lmdb,churn,2725,14.968,0,0
lmdb,churn,2726,14.815,0,0
lmdb,churn,2727,17.406,0,0
lmdb,churn,2728,15.983,0,0
lmdb,churn,2729,17.377,0,0
lmdb,churn,2730,19.967,5126762496,1251648
lmdb,churn,2731,21.985,0,0
lmdb,churn,2732,21.140,0,0
lmdb,churn,2733,16.894,0,0
lmdb,churn,2734,21.259,0,0
lmdb,churn,2735,16.347,0,0
lmdb,churn,2736,16.885,0,0
lmdb,churn,2737,14.654,0,0
lmdb,churn,2738,15.592,0,0
lmdb,churn,2739,15.936,0,0
lmdb,churn,2740,16.909,5128863744,1252161
lmdb,churn,2741,16.885,0,0
lmdb,churn,2742,22.596,0,0
lmdb,churn,2743,14.724,0,0
lmdb,churn,2744,13.935,0,0
lmdb,churn,2745,14.286,0,0
lmdb,churn,2746,12.978,0,0
lmdb,churn,2747,19.647,0,0
lmdb,churn,2748,15.364,0,0
lmdb,churn,2749,20.276,0,0
lmdb,churn,2750,19.789,5130964992,1252674
lmdb,churn,2751,29.464,0,0
lmdb,churn,2752,22.837,0,0
lmdb,churn,2753,31.295,0,0
lmdb,churn,2754,16.798,0,0
lmdb,churn,2755,24.384,0,0
lmdb,churn,2756,15.271,0,0
lmdb,churn,2757,15.923,0,0
lmdb,churn,2758,15.260,0,0
lmdb,churn,2759,21.961,0,0
lmdb,churn,2760,18.133,5133066240,1253187
lmdb,churn,2761,23.456,0,0
lmdb,churn,2762,18.198,0,0
lmdb,churn,2763,18.202,0,0
lmdb,churn,2764,19.355,0,0
lmdb,churn,2765,15.038,0,0
lmdb,churn,2766,17.856,0,0
lmdb,churn,2767,16.759,0,0
lmdb,churn,2768,15.991,0,0
lmdb,churn,2769,16.358,0,0
lmdb,churn,2770,17.224,5133066240,1253187
lmdb,churn,2771,23.374,0,0
lmdb,churn,2772,18.128,0,0
lmdb,churn,2773,18.468,0,0
lmdb,churn,2774,16.345,0,0
lmdb,churn,2775,26.795,0,0
lmdb,churn,2776,17.150,0,0
lmdb,churn,2777,17.280,0,0
lmdb,churn,2778,16.309,0,0
lmdb,churn,2779,16.960,0,0
lmdb,churn,2780,17.662,5135167488,1253700
lmdb,churn,2781,18.211,0,0
lmdb,churn,2782,16.007,0,0
lmdb,churn,2783,15.117,0,0
lmdb,churn,2784,18.545,0,0
lmdb,churn,2785,16.744,0,0
lmdb,churn,2786,18.313,0,0
lmdb,churn,2787,22.804,0,0
lmdb,churn,2788,15.841,0,0
lmdb,churn,2789,26.732,0,0
lmdb,churn,2790,21.229,5137281024,1254216
lmdb,churn,2791,22.509,0,0
lmdb,churn,2792,17.580,0,0
lmdb,churn,2793,16.956,0,0
lmdb,churn,2794,14.387,0,0
lmdb,churn,2795,21.020,0,0
lmdb,churn,2796,18.691,0,0
lmdb,churn,2797,17.736,0,0
lmdb,churn,2798,19.915,0,0
lmdb,churn,2799,20.378,0,0
lmdb,churn,2800,42.748,5139394560,1254732
lmdb,churn,2801,22.855,0,0
lmdb,churn,2802,20.390,0,0
lmdb,churn,2803,15.638,0,0
lmdb,churn,2804,20.187,0,0
lmdb,churn,2805,18.296,0,0
lmdb,churn,2806,28.495,0,0
lmdb,churn,2807,19.308,0,0
lmdb,churn,2808,19.177,0,0
lmdb,churn,2809,26.097,0,0
lmdb,churn,2810,21.084,5141495808,1255245
lmdb,churn,2811,31.781,0,0
lmdb,churn,2812,19.648,0,0
lmdb,churn,2813,32.967,0,0
lmdb,churn,2814,30.446,0,0
lmdb,churn,2815,38.174,0,0
lmdb,churn,2816,39.479,0,0
lmdb,churn,2817,22.137,0,0
lmdb,churn,2818,24.679,0,0
lmdb,churn,2819,21.936,0,0
lmdb,churn,2820,17.622,5143597056,1255758
lmdb,churn,2821,24.774,0,0
lmdb,churn,2822,18.017,0,0
lmdb,churn,2823,15.595,0,0
lmdb,churn,2824,16.244,0,0
lmdb,churn,2825,18.390,0,0
lmdb,churn,2826,31.508,0,0
lmdb,churn,2827,17.828,0,0
lmdb,churn,2828,17.284,0,0
lmdb,churn,2829,17.119,0,0
lmdb,churn,2830,26.207,5145698304,1256271
lmdb,churn,2831,16.082,0,0
lmdb,churn,2832,16.038,0,0
lmdb,churn,2833,17.365,0,0
lmdb,churn,2834,18.272,0,0
lmdb,churn,2835,18.596,0,0
lmdb,churn,2836,25.253,0,0
lmdb,churn,2837,15.909,0,0
lmdb,churn,2838,16.918,0,0
lmdb,churn,2839,16.870,0,0
lmdb,churn,2840,21.326,5147820032,1256789
lmdb,churn,2841,20.175,0,0
lmdb,churn,2842,16.890,0,0
lmdb,churn,2843,16.727,0,0
lmdb,churn,2844,22.450,0,0
lmdb,churn,2845,15.305,0,0
lmdb,churn,2846,15.686,0,0
lmdb,churn,2847,15.532,0,0
lmdb,churn,2848,23.120,0,0
lmdb,churn,2849,17.222,0,0
lmdb,churn,2850,18.181,5149921280,1257302
lmdb,churn,2851,19.057,0,0
lmdb,churn,2852,38.651,0,0
lmdb,churn,2853,28.405,0,0
lmdb,churn,2854,18.147,0,0
lmdb,churn,2855,27.940,0,0
lmdb,churn,2856,19.634,0,0
lmdb,churn,2857,21.459,0,0
lmdb,churn,2858,36.349,0,0
lmdb,churn,2859,44.948,0,0
lmdb,churn,2860,53.238,5152022528,1257815
lmdb,churn,2861,38.928,0,0
lmdb,churn,2862,34.414,0,0
lmdb,churn,2863,21.987,0,0
lmdb,churn,2864,18.833,0,0
lmdb,churn,2865,31.467,0,0
lmdb,churn,2866,17.070,0,0
lmdb,churn,2867,26.527,0,0
lmdb,churn,2868,16.326,0,0
lmdb,churn,2869,17.553,0,0
lmdb,churn,2870,17.931,5154136064,1258331
lmdb,churn,2871,17.994,0,0
lmdb,churn,2872,24.615,0,0
lmdb,churn,2873,27.080,0,0
lmdb,churn,2874,19.157,0,0
lmdb,churn,2875,17.781,0,0
lmdb,churn,2876,15.122,0,0
lmdb,churn,2877,15.582,0,0
lmdb,churn,2878,16.760,0,0
lmdb,churn,2879,22.109,0,0
lmdb,churn,2880,14.164,5154136064,1258331
lmdb,churn,2881,24.671,0,0
lmdb,churn,2882,15.100,0,0
lmdb,churn,2883,18.449,0,0
lmdb,churn,2884,17.000,0,0
lmdb,churn,2885,20.799,0,0
lmdb,churn,2886,19.867,0,0
lmdb,churn,2887,20.388,0,0
lmdb,churn,2888,19.292,0,0
lmdb,churn,2889,14.854,0,0
lmdb,churn,2890,15.989,5156237312,1258844
lmdb,churn,2891,16.245,0,0
lmdb,churn,2892,15.865,0,0
lmdb,churn,2893,18.517,0,0
lmdb,churn,2894,16.641,0,0
lmdb,churn,2895,16.966,0,0
lmdb,churn,2896,30.181,0,0
lmdb,churn,2897,21.425,0,0
lmdb,churn,2898,18.427,0,0
lmdb,churn,2899,33.886,0,0
lmdb,churn,2900,22.854,5158338560,1259357
lmdb,churn,2901,30.746,0,0
lmdb,churn,2902,20.903,0,0
lmdb,churn,2903,18.911,0,0
lmdb,churn,2904,25.723,0,0
lmdb,churn,2905,21.196,0,0
lmdb,churn,2906,16.976,0,0
lmdb,churn,2907,18.553,0,0
lmdb,churn,2908,21.012,0,0
lmdb,churn,2909,16.899,0,0
lmdb,churn,2910,16.756,5160439808,1259870
lmdb,churn,2911,17.701,0,0
lmdb,churn,2912,16.724,0,0
lmdb,churn,2913,19.478,0,0
lmdb,churn,2914,19.349,0,0
lmdb,churn,2915,16.452,0,0
lmdb,churn,2916,20.300,0,0
lmdb,churn,2917,15.699,0,0
lmdb,churn,2918,22.283,0,0
lmdb,churn,2919,35.919,0,0
lmdb,churn,2920,24.870,5162541056,1260383
lmdb,churn,2921,30.605,0,0
lmdb,churn,2922,16.864,0,0
lmdb,churn,2923,16.249,0,0
lmdb,churn,2924,15.542,0,0
lmdb,churn,2925,14.714,0,0
lmdb,churn,2926,17.813,0,0
lmdb,churn,2927,25.544,0,0
lmdb,churn,2928,14.778,0,0
lmdb,churn,2929,16.605,0,0
lmdb,churn,2930,17.387,5164654592,1260899
lmdb,churn,2931,25.517,0,0
lmdb,churn,2932,21.332,0,0
lmdb,churn,2933,17.717,0,0
lmdb,churn,2934,17.693,0,0
lmdb,churn,2935,15.000,0,0
lmdb,churn,2936,25.515,0,0
lmdb,churn,2937,26.778,0,0
lmdb,churn,2938,20.285,0,0
lmdb,churn,2939,22.171,0,0
lmdb,churn,2940,21.018,5166755840,1261412
lmdb,churn,2941,23.395,0,0
lmdb,churn,2942,24.410,0,0
lmdb,churn,2943,19.319,0,0
lmdb,churn,2944,18.840,0,0
lmdb,churn,2945,22.146,0,0
lmdb,churn,2946,22.154,0,0
lmdb,churn,2947,23.273,0,0
lmdb,churn,2948,17.480,0,0
lmdb,churn,2949,14.565,0,0
lmdb,churn,2950,32.161,5168857088,1261925
lmdb,churn,2951,19.699,0,0
lmdb,churn,2952,16.612,0,0
lmdb,churn,2953,17.659,0,0
lmdb,churn,2954,22.258,0,0
lmdb,churn,2955,16.393,0,0
lmdb,churn,2956,20.273,0,0
lmdb,churn,2957,15.914,0,0
lmdb,churn,2958,21.275,0,0
lmdb,churn,2959,16.065,0,0
lmdb,churn,2960,31.667,5168857088,1261925
lmdb,churn,2961,16.820,0,0
lmdb,churn,2962,30.068,0,0
lmdb,churn,2963,15.727,0,0
lmdb,churn,2964,17.831,0,0
lmdb,churn,2965,19.783,0,0
lmdb,churn,2966,19.736,0,0
lmdb,churn,2967,21.803,0,0
lmdb,churn,2968,21.227,0,0
lmdb,churn,2969,14.909,0,0
lmdb,churn,2970,16.764,5170958336,1262438
lmdb,churn,2971,15.241,0,0
lmdb,churn,2972,14.951,0,0
lmdb,churn,2973,19.004,0,0
lmdb,churn,2974,17.646,0,0
lmdb,churn,2975,18.724,0,0
lmdb,churn,2976,15.952,0,0
lmdb,churn,2977,13.667,0,0
lmdb,churn,2978,15.080,0,0
lmdb,churn,2979,16.169,0,0
lmdb,churn,2980,20.806,5173059584,1262951
lmdb,churn,2981,24.800,0,0
lmdb,churn,2982,16.851,0,0
lmdb,churn,2983,17.938,0,0
lmdb,churn,2984,17.370,0,0
lmdb,churn,2985,16.418,0,0
lmdb,churn,2986,19.662,0,0
lmdb,churn,2987,20.409,0,0
lmdb,churn,2988,27.984,0,0
lmdb,churn,2989,15.580,0,0
lmdb,churn,2990,15.259,5173059584,1262951
lmdb,churn,2991,15.291,0,0
lmdb,churn,2992,15.429,0,0
lmdb,churn,2993,14.629,0,0
lmdb,churn,2994,21.812,0,0
lmdb,churn,2995,19.929,0,0
lmdb,churn,2996,19.381,0,0
lmdb,churn,2997,27.011,0,0
lmdb,churn,2998,24.140,0,0
lmdb,churn,2999,17.149,0,0
lmdb,churn,3000,32.702,5175160832,1263464
lmdb,churn,3001,15.474,0,0
lmdb,churn,3002,16.081,0,0
lmdb,churn,3003,15.259,0,0
lmdb,churn,3004,17.470,0,0
lmdb,churn,3005,15.737,0,0
lmdb,churn,3006,15.900,0,0
lmdb,churn,3007,17.331,0,0
lmdb,churn,3008,16.746,0,0
lmdb,churn,3009,20.075,0,0
lmdb,churn,3010,14.147,5175160832,1263464
lmdb,churn,3011,23.989,0,0
lmdb,churn,3012,34.721,0,0
lmdb,churn,3013,15.688,0,0
lmdb,churn,3014,25.319,0,0
lmdb,churn,3015,16.241,0,0
lmdb,churn,3016,15.646,0,0
lmdb,churn,3017,16.318,0,0
lmdb,churn,3018,14.778,0,0
lmdb,churn,3019,14.617,0,0
lmdb,churn,3020,20.947,5179375616,1264493
lmdb,churn,3021,30.088,0,0
lmdb,churn,3022,18.838,0,0
lmdb,churn,3023,24.954,0,0
lmdb,churn,3024,15.770,0,0
lmdb,churn,3025,21.587,0,0
lmdb,churn,3026,17.729,0,0
lmdb,churn,3027,16.888,0,0
lmdb,churn,3028,15.215,0,0
lmdb,churn,3029,15.945,0,0
lmdb,churn,3030,13.046,5179375616,1264493
lmdb,churn,3031,21.658,0,0
lmdb,churn,3032,18.562,0,0
lmdb,churn,3033,22.046,0,0
lmdb,churn,3034,27.502,0,0
lmdb,churn,3035,16.218,0,0
lmdb,churn,3036,16.912,0,0
lmdb,churn,3037,15.996,0,0
lmdb,churn,3038,17.898,0,0
lmdb,churn,3039,16.942,0,0
lmdb,churn,3040,19.638,5181476864,1265006
lmdb,churn,3041,22.134,0,0
lmdb,churn,3042,14.796,0,0
lmdb,churn,3043,20.591,0,0
lmdb,churn,3044,20.865,0,0
lmdb,churn,3045,17.457,0,0
lmdb,churn,3046,17.285,0,0
lmdb,churn,3047,17.410,0,0
lmdb,churn,3048,15.970,0,0
lmdb,churn,3049,24.775,0,0
lmdb,churn,3050,27.527,5183578112,1265519
lmdb,churn,3051,31.758,0,0
lmdb,churn,3052,28.974,0,0
lmdb,churn,3053,37.895,0,0
lmdb,churn,3054,32.097,0,0
lmdb,churn,3055,53.676,0,0
lmdb,churn,3056,19.786,0,0
lmdb,churn,3057,22.090,0,0
lmdb,churn,3058,34.075,0,0
lmdb,churn,3059,16.286,0,0
lmdb,churn,3060,16.024,5185679360,1266032
lmdb,churn,3061,15.464,0,0
lmdb,churn,3062,17.731,0,0
lmdb,churn,3063,18.109,0,0
lmdb,churn,3064,15.959,0,0
lmdb,churn,3065,18.322,0,0
lmdb,churn,3066,45.463,0,0
lmdb,churn,3067,24.034,0,0
lmdb,churn,3068,21.396,0,0
lmdb,churn,3069,19.338,0,0
lmdb,churn,3070,16.846,5187801088,1266550
lmdb,churn,3071,18.352,0,0
lmdb,churn,3072,21.718,0,0
lmdb,churn,3073,18.086,0,0
lmdb,churn,3074,14.330,0,0
lmdb,churn,3075,15.288,0,0
lmdb,churn,3076,31.888,0,0
lmdb,churn,3077,25.294,0,0
lmdb,churn,3078,19.257,0,0
lmdb,churn,3079,14.162,0,0
lmdb,churn,3080,21.747,5189902336,1267063
lmdb,churn,3081,17.838,0,0
lmdb,churn,3082,18.528,0,0
lmdb,churn,3083,18.247,0,0
lmdb,churn,3084,23.983,0,0
lmdb,churn,3085,15.948,0,0
lmdb,churn,3086,27.647,0,0
lmdb,churn,3087,20.470,0,0
lmdb,churn,3088,23.706,0,0
lmdb,churn,3089,24.209,0,0
lmdb,churn,3090,18.876,5192003584,1267576
lmdb,churn,3091,19.147,0,0
lmdb,churn,3092,31.593,0,0
lmdb,churn,3093,18.315,0,0
lmdb,churn,3094,25.158,0,0
lmdb,churn,3095,19.750,0,0
lmdb,churn,3096,16.089,0,0
lmdb,churn,3097,16.980,0,0
lmdb,churn,3098,17.048,0,0
lmdb,churn,3099,15.037,0,0
lmdb,churn,3100,14.412,5192003584,1267576
lmdb,churn,3101,18.862,0,0
lmdb,churn,3102,14.081,0,0
lmdb,churn,3103,15.082,0,0
lmdb,churn,3104,15.568,0,0
lmdb,churn,3105,16.816,0,0
lmdb,churn,3106,16.055,0,0
lmdb,churn,3107,19.866,0,0
lmdb,churn,3108,15.484,0,0
lmdb,churn,3109,18.322,0,0
lmdb,churn,3110,18.761,5194104832,1268089
lmdb,churn,3111,17.433,0,0
lmdb,churn,3112,24.829,0,0
lmdb,churn,3113,17.724,0,0
lmdb,churn,3114,22.150,0,0
lmdb,churn,3115,20.478,0,0
lmdb,churn,3116,15.240,0,0
lmdb,churn,3117,15.572,0,0
lmdb,churn,3118,17.358,0,0
lmdb,churn,3119,13.788,0,0
lmdb,churn,3120,14.529,5194104832,1268089
lmdb,churn,3121,14.573,0,0
lmdb,churn,3122,16.348,0,0
lmdb,churn,3123,17.931,0,0
lmdb,churn,3124,23.270,0,0
lmdb,churn,3125,23.462,0,0
lmdb,churn,3126,19.171,0,0
lmdb,churn,3127,19.819,0,0
lmdb,churn,3128,23.692,0,0
lmdb,churn,3129,18.122,0,0
lmdb,churn,3130,29.944,5196218368,1268605
lmdb,churn,3131,35.129,0,0
lmdb,churn,3132,31.481,0,0
lmdb,churn,3133,29.216,0,0
lmdb,churn,3134,35.106,0,0
lmdb,churn,3135,31.194,0,0
lmdb,churn,3136,17.389,0,0
lmdb,churn,3137,25.050,0,0
lmdb,churn,3138,23.993,0,0
lmdb,churn,3139,20.195,0,0
lmdb,churn,3140,25.822,5198319616,1269118
lmdb,churn,3141,17.693,0,0
lmdb,churn,3142,18.018,0,0
lmdb,churn,3143,17.772,0,0
lmdb,churn,3144,19.296,0,0
lmdb,churn,3145,16.484,0,0
lmdb,churn,3146,27.526,0,0
lmdb,churn,3147,15.627,0,0
lmdb,churn,3148,15.286,0,0
lmdb,churn,3149,15.878,0,0
lmdb,churn,3150,23.970,5198319616,1269118
lmdb,churn,3151,16.164,0,0
lmdb,churn,3152,19.787,0,0
lmdb,churn,3153,20.247,0,0
lmdb,churn,3154,26.901,0,0
lmdb,churn,3155,19.786,0,0
lmdb,churn,3156,30.254,0,0
lmdb,churn,3157,17.258,0,0
lmdb,churn,3158,21.663,0,0
lmdb,churn,3159,17.424,0,0
lmdb,churn,3160,24.762,5200420864,1269631
lmdb,churn,3161,17.184,0,0
lmdb,churn,3162,15.001,0,0
lmdb,churn,3163,24.268,0,0
lmdb,churn,3164,20.671,0,0
lmdb,churn,3165,17.826,0,0
lmdb,churn,3166,20.556,0,0
lmdb,churn,3167,16.356,0,0
lmdb,churn,3168,16.471,0,0
lmdb,churn,3169,28.478,0,0
lmdb,churn,3170,18.555,5202534400,1270147
lmdb,churn,3171,25.024,0,0
lmdb,churn,3172,28.483,0,0
lmdb,churn,3173,20.062,0,0
lmdb,churn,3174,22.934,0,0
lmdb,churn,3175,21.172,0,0
lmdb,churn,3176,42.651,0,0
lmdb,churn,3177,36.457,0,0
lmdb,churn,3178,39.083,0,0
lmdb,churn,3179,44.003,0,0
lmdb,churn,3180,64.542,5204635648,1270660
lmdb,churn,3181,82.399,0,0
lmdb,churn,3182,16.799,0,0
lmdb,churn,3183,22.425,0,0
lmdb,churn,3184,17.258,0,0
lmdb,churn,3185,18.217,0,0
lmdb,churn,3186,16.829,0,0
lmdb,churn,3187,21.661,0,0
lmdb,churn,3188,17.834,0,0
lmdb,churn,3189,16.868,0,0
lmdb,churn,3190,16.342,5206736896,1271173
lmdb,churn,3191,18.765,0,0
lmdb,churn,3192,17.766,0,0
lmdb,churn,3193,25.669,0,0
lmdb,churn,3194,17.908,0,0
lmdb,churn,3195,17.601,0,0
lmdb,churn,3196,16.953,0,0
lmdb,churn,3197,20.993,0,0
lmdb,churn,3198,15.925,0,0
lmdb,churn,3199,18.591,0,0
lmdb,churn,3200,16.826,5206736896,1271173
lmdb,churn,3201,23.308,0,0
lmdb,churn,3202,15.925,0,0
lmdb,churn,3203,15.623,0,0
lmdb,churn,3204,21.838,0,0
lmdb,churn,3205,15.007,0,0
lmdb,churn,3206,28.869,0,0
lmdb,churn,3207,16.096,0,0
lmdb,churn,3208,25.001,0,0
lmdb,churn,3209,19.527,0,0
lmdb,churn,3210,20.880,5208838144,1271686
lmdb,churn,3211,19.249,0,0
lmdb,churn,3212,22.165,0,0
lmdb,churn,3213,16.010,0,0
lmdb,churn,3214,15.471,0,0
lmdb,churn,3215,19.547,0,0
lmdb,churn,3216,18.513,0,0
lmdb,churn,3217,37.652,0,0
lmdb,churn,3218,14.792,0,0
lmdb,churn,3219,19.350,0,0
lmdb,churn,3220,16.052,5210939392,1272199
lmdb,churn,3221,18.891,0,0
lmdb,churn,3222,25.005,0,0
lmdb,churn,3223,15.892,0,0
lmdb,churn,3224,16.921,0,0
lmdb,churn,3225,15.061,0,0
lmdb,churn,3226,27.576,0,0
lmdb,churn,3227,20.795,0,0
lmdb,churn,3228,15.634,0,0
lmdb,churn,3229,19.823,0,0
lmdb,churn,3230,17.160,5213040640,1272712
lmdb,churn,3231,19.385,0,0
lmdb,churn,3232,16.415,0,0
lmdb,churn,3233,23.231,0,0
lmdb,churn,3234,16.683,0,0
lmdb,churn,3235,17.009,0,0
lmdb,churn,3236,15.541,0,0
lmdb,churn,3237,17.221,0,0
lmdb,churn,3238,14.390,0,0
lmdb,churn,3239,18.104,0,0
lmdb,churn,3240,20.239,5215141888,1273225
lmdb,churn,3241,16.002,0,0
lmdb,churn,3242,26.130,0,0
lmdb,churn,3243,20.000,0,0
lmdb,churn,3244,14.642,0,0
lmdb,churn,3245,17.531,0,0
lmdb,churn,3246,15.145,0,0
lmdb,churn,3247,19.406,0,0
lmdb,churn,3248,21.720,0,0
lmdb,churn,3249,20.782,0,0
lmdb,churn,3250,22.067,5215141888,1273225
lmdb,churn,3251,20.972,0,0
lmdb,churn,3252,22.181,0,0
lmdb,churn,3253,18.133,0,0
lmdb,churn,3254,25.041,0,0
lmdb,churn,3255,16.338,0,0
lmdb,churn,3256,15.769,0,0
lmdb,churn,3257,19.611,0,0
lmdb,churn,3258,16.589,0,0
lmdb,churn,3259,21.134,0,0
lmdb,churn,3260,39.304,5217243136,1273738
lmdb,churn,3261,16.806,0,0
lmdb,churn,3262,25.338,0,0
lmdb,churn,3263,27.870,0,0
lmdb,churn,3264,37.470,0,0
lmdb,churn,3265,21.159,0,0
lmdb,churn,3266,27.771,0,0
lmdb,churn,3267,29.773,0,0
lmdb,churn,3268,20.817,0,0
lmdb,churn,3269,18.804,0,0
lmdb,churn,3270,19.793,5219344384,1274251
lmdb,churn,3271,20.742,0,0
lmdb,churn,3272,23.682,0,0
lmdb,churn,3273,24.037,0,0
lmdb,churn,3274,16.935,0,0
lmdb,churn,3275,17.473,0,0
lmdb,churn,3276,21.772,0,0
lmdb,churn,3277,17.619,0,0
lmdb,churn,3278,23.295,0,0
lmdb,churn,3279,20.764,0,0
lmdb,churn,3280,17.193,5221445632,1274764
lmdb,churn,3281,20.092,0,0
lmdb,churn,3282,22.342,0,0
lmdb,churn,3283,17.146,0,0
lmdb,churn,3284,15.094,0,0
lmdb,churn,3285,14.250,0,0
lmdb,churn,3286,15.437,0,0
lmdb,churn,3287,15.760,0,0
lmdb,churn,3288,19.137,0,0
lmdb,churn,3289,21.525,0,0
lmdb,churn,3290,27.080,5223546880,1275277
lmdb,churn,3291,17.639,0,0
lmdb,churn,3292,15.903,0,0
lmdb,churn,3293,23.658,0,0
lmdb,churn,3294,46.609,0,0
lmdb,churn,3295,34.840,0,0
lmdb,churn,3296,32.476,0,0
lmdb,churn,3297,48.322,0,0
lmdb,churn,3298,43.513,0,0
lmdb,churn,3299,41.621,0,0
lmdb,churn,3300,29.169,5223546880,1275277
lmdb,churn,3301,45.314,0,0
lmdb,churn,3302,43.976,0,0
lmdb,churn,3303,42.611,0,0
lmdb,churn,3304,57.619,0,0
lmdb,churn,3305,44.467,0,0
lmdb,churn,3306,33.865,0,0
lmdb,churn,3307,37.806,0,0
lmdb,churn,3308,48.508,0,0
lmdb,churn,3309,40.710,0,0
lmdb,churn,3310,33.290,5225648128,1275790
lmdb,churn,3311,41.839,0,0
lmdb,churn,3312,32.538,0,0
lmdb,churn,3313,16.274,0,0
lmdb,churn,3314,18.766,0,0
lmdb,churn,3315,23.943,0,0
lmdb,churn,3316,28.657,0,0
lmdb,churn,3317,16.489,0,0
lmdb,churn,3318,19.177,0,0
lmdb,churn,3319,23.075,0,0
lmdb,churn,3320,15.490,5227749376,1276303
lmdb,churn,3321,14.557,0,0
lmdb,churn,3322,16.058,0,0
lmdb,churn,3323,15.661,0,0
lmdb,churn,3324,18.421,0,0
lmdb,churn,3325,18.411,0,0
lmdb,churn,3326,15.171,0,0
lmdb,churn,3327,29.382,0,0
lmdb,churn,3328,19.640,0,0
lmdb,churn,3329,18.664,0,0
lmdb,churn,3330,24.370,5229862912,1276819
lmdb,churn,3331,21.214,0,0
lmdb,churn,3332,46.444,0,0
lmdb,churn,3333,16.390,0,0
lmdb,churn,3334,19.672,0,0
lmdb,churn,3335,26.718,0,0
lmdb,churn,3336,18.807,0,0
lmdb,churn,3337,16.291,0,0
lmdb,churn,3338,16.774,0,0
lmdb,churn,3339,45.014,0,0
lmdb,churn,3340,21.353,5229862912,1276819
lmdb,churn,3341,19.013,0,0
lmdb,churn,3342,62.377,0,0
lmdb,churn,3343,21.116,0,0
lmdb,churn,3344,26.379,0,0
lmdb,churn,3345,22.097,0,0
lmdb,churn,3346,38.970,0,0
lmdb,churn,3347,22.256,0,0
lmdb,churn,3348,20.874,0,0
lmdb,churn,3349,23.485,0,0
lmdb,churn,3350,36.389,5231964160,1277332
lmdb,churn,3351,18.266,0,0
lmdb,churn,3352,25.439,0,0
lmdb,churn,3353,16.441,0,0
lmdb,churn,3354,26.261,0,0
lmdb,churn,3355,28.441,0,0
lmdb,churn,3356,31.695,0,0
lmdb,churn,3357,15.886,0,0
lmdb,churn,3358,24.542,0,0
lmdb,churn,3359,17.248,0,0
lmdb,churn,3360,15.134,5234077696,1277848
lmdb,churn,3361,16.004,0,0
lmdb,churn,3362,15.598,0,0
lmdb,churn,3363,20.947,0,0
lmdb,churn,3364,34.354,0,0
lmdb,churn,3365,15.951,0,0
lmdb,churn,3366,19.313,0,0
lmdb,churn,3367,17.652,0,0
lmdb,churn,3368,19.972,0,0
lmdb,churn,3369,25.286,0,0
lmdb,churn,3370,21.516,5236178944,1278361
lmdb,churn,3371,16.909,0,0
lmdb,churn,3372,16.899,0,0
lmdb,churn,3373,20.461,0,0
lmdb,churn,3374,16.574,0,0
lmdb,churn,3375,14.256,0,0
lmdb,churn,3376,15.139,0,0
lmdb,churn,3377,14.153,0,0
lmdb,churn,3378,14.634,0,0
lmdb,churn,3379,14.351,0,0
lmdb,churn,3380,21.086,5236178944,1278361
lmdb,churn,3381,25.939,0,0
lmdb,churn,3382,23.619,0,0
lmdb,churn,3383,23.032,0,0
lmdb,churn,3384,15.304,0,0
lmdb,churn,3385,29.139,0,0
lmdb,churn,3386,20.710,0,0
lmdb,churn,3387,18.362,0,0
lmdb,churn,3388,25.489,0,0
lmdb,churn,3389,18.915,0,0
lmdb,churn,3390,17.785,5238292480,1278877
lmdb,churn,3391,20.266,0,0
lmdb,churn,3392,15.195,0,0
lmdb,churn,3393,14.869,0,0
lmdb,churn,3394,15.654,0,0
lmdb,churn,3395,14.797,0,0
lmdb,churn,3396,23.399,0,0
lmdb,churn,3397,23.660,0,0
lmdb,churn,3398,20.266,0,0
lmdb,churn,3399,21.260,0,0
lmdb,churn,3400,15.855,5240393728,1279390
lmdb,churn,3401,22.055,0,0
lmdb,churn,3402,17.974,0,0
lmdb,churn,3403,16.401,0,0
lmdb,churn,3404,17.054,0,0
lmdb,churn,3405,19.024,0,0
lmdb,churn,3406,18.510,0,0
lmdb,churn,3407,16.747,0,0
lmdb,churn,3408,16.308,0,0
lmdb,churn,3409,14.832,0,0
lmdb,churn,3410,18.366,5240393728,1279390
lmdb,churn,3411,18.748,0,0
lmdb,churn,3412,19.208,0,0
lmdb,churn,3413,15.707,0,0
lmdb,churn,3414,18.330,0,0
lmdb,churn,3415,24.393,0,0
lmdb,churn,3416,16.102,0,0
lmdb,churn,3417,16.099,0,0
lmdb,churn,3418,16.783,0,0
lmdb,churn,3419,29.533,0,0
lmdb,churn,3420,19.612,5242494976,1279903
lmdb,churn,3421,23.506,0,0
lmdb,churn,3422,17.597,0,0
lmdb,churn,3423,15.309,0,0
lmdb,churn,3424,16.137,0,0
lmdb,churn,3425,14.562,0,0
lmdb,churn,3426,16.057,0,0
lmdb,churn,3427,24.262,0,0
lmdb,churn,3428,15.213,0,0
lmdb,churn,3429,15.953,0,0
lmdb,churn,3430,15.187,5242494976,1279903
lmdb,churn,3431,21.192,0,0
lmdb,churn,3432,16.975,0,0
lmdb,churn,3433,18.773,0,0
lmdb,churn,3434,14.236,0,0
lmdb,churn,3435,14.151,0,0
lmdb,churn,3436,48.900,0,0
lmdb,churn,3437,37.227,0,0
lmdb,churn,3438,61.488,0,0
lmdb,churn,3439,57.046,0,0
lmdb,churn,3440,40.612,5244596224,1280416
lmdb,churn,3441,54.326,0,0
lmdb,churn,3442,46.278,0,0
lmdb,churn,3443,26.628,0,0
lmdb,churn,3444,21.032,0,0
lmdb,churn,3445,19.854,0,0
lmdb,churn,3446,16.865,0,0
lmdb,churn,3447,18.325,0,0
lmdb,churn,3448,21.997,0,0
lmdb,churn,3449,23.754,0,0
lmdb,churn,3450,16.127,5244596224,1280416
lmdb,churn,3451,15.618,0,0
lmdb,churn,3452,16.311,0,0
lmdb,churn,3453,15.140,0,0
lmdb,churn,3454,17.096,0,0
lmdb,churn,3455,14.064,0,0
lmdb,churn,3456,16.193,0,0
lmdb,churn,3457,16.644,0,0
lmdb,churn,3458,14.931,0,0
lmdb,churn,3459,20.866,0,0
lmdb,churn,3460,16.513,5244596224,1280416
lmdb,churn,3461,15.694,0,0
lmdb,churn,3462,14.956,0,0
lmdb,churn,3463,14.797,0,0
lmdb,churn,3464,25.356,0,0
lmdb,churn,3465,14.645,0,0
lmdb,churn,3466,17.401,0,0
lmdb,churn,3467,18.251,0,0
lmdb,churn,3468,16.032,0,0
lmdb,churn,3469,19.732,0,0
lmdb,churn,3470,21.437,5246697472,1280929
lmdb,churn,3471,25.940,0,0
lmdb,churn,3472,15.897,0,0
lmdb,churn,3473,16.480,0,0
lmdb,churn,3474,21.334,0,0
lmdb,churn,3475,26.458,0,0
lmdb,churn,3476,21.344,0,0
lmdb,churn,3477,17.561,0,0
lmdb,churn,3478,15.495,0,0
lmdb,churn,3479,16.578,0,0
lmdb,churn,3480,13.592,5246697472,1280929
lmdb,churn,3481,18.773,0,0
lmdb,churn,3482,29.348,0,0
lmdb,churn,3483,15.143,0,0
lmdb,churn,3484,15.806,0,0
lmdb,churn,3485,15.443,0,0
lmdb,churn,3486,16.074,0,0
lmdb,churn,3487,20.632,0,0
lmdb,churn,3488,21.558,0,0
lmdb,churn,3489,18.016,0,0
lmdb,churn,3490,15.023,5248798720,1281442
lmdb,churn,3491,23.382,0,0
lmdb,churn,3492,21.178,0,0
lmdb,churn,3493,19.194,0,0
lmdb,churn,3494,23.356,0,0
lmdb,churn,3495,22.980,0,0
lmdb,churn,3496,19.378,0,0
lmdb,churn,3497,18.162,0,0
lmdb,churn,3498,14.305,0,0
lmdb,churn,3499,15.379,0,0
lmdb,churn,3500,15.399,5248819200,1281447
lmdb,churn,3501,20.362,0,0
lmdb,churn,3502,20.098,0,0
lmdb,churn,3503,16.706,0,0
lmdb,churn,3504,15.682,0,0
lmdb,churn,3505,16.057,0,0
lmdb,churn,3506,28.709,0,0
lmdb,churn,3507,19.930,0,0
lmdb,churn,3508,19.516,0,0
lmdb,churn,3509,21.375,0,0
lmdb,churn,3510,16.398,5248819200,1281447
lmdb,churn,3511,32.284,0,0
lmdb,churn,3512,15.925,0,0
lmdb,churn,3513,17.309,0,0
lmdb,churn,3514,27.591,0,0
lmdb,churn,3515,29.046,0,0
lmdb,churn,3516,18.013,0,0
lmdb,churn,3517,22.059,0,0
lmdb,churn,3518,21.711,0,0
lmdb,churn,3519,31.680,0,0
lmdb,churn,3520,15.895,5250920448,1281960
lmdb,churn,3521,25.396,0,0
lmdb,churn,3522,18.431,0,0
lmdb,churn,3523,18.825,0,0
lmdb,churn,3524,16.807,0,0
lmdb,churn,3525,16.076,0,0
lmdb,churn,3526,16.084,0,0
lmdb,churn,3527,18.669,0,0
lmdb,churn,3528,15.639,0,0
lmdb,churn,3529,14.969,0,0
lmdb,churn,3530,19.477,5253021696,1282473
lmdb,churn,3531,13.457,0,0
lmdb,churn,3532,16.979,0,0
lmdb,churn,3533,16.932,0,0
lmdb,churn,3534,16.630,0,0
lmdb,churn,3535,14.566,0,0
lmdb,churn,3536,19.178,0,0
lmdb,churn,3537,17.687,0,0
lmdb,churn,3538,22.786,0,0
lmdb,churn,3539,20.690,0,0
lmdb,churn,3540,14.935,5253021696,1282473
lmdb,churn,3541,15.068,0,0
lmdb,churn,3542,21.137,0,0
lmdb,churn,3543,13.991,0,0
lmdb,churn,3544,31.274,0,0
lmdb,churn,3545,16.645,0,0
lmdb,churn,3546,18.599,0,0
lmdb,churn,3547,16.416,0,0
lmdb,churn,3548,16.037,0,0
lmdb,churn,3549,22.989,0,0
lmdb,churn,3550,16.775,5255122944,1282986
lmdb,churn,3551,19.409,0,0
lmdb,churn,3552,21.320,0,0
lmdb,churn,3553,15.815,0,0
lmdb,churn,3554,18.773,0,0
lmdb,churn,3555,14.900,0,0
lmdb,churn,3556,18.816,0,0
lmdb,churn,3557,17.596,0,0
lmdb,churn,3558,15.846,0,0
lmdb,churn,3559,17.748,0,0
lmdb,churn,3560,15.417,5257224192,1283499
lmdb,churn,3561,24.459,0,0
lmdb,churn,3562,25.350,0,0
lmdb,churn,3563,14.221,0,0
lmdb,churn,3564,15.913,0,0
lmdb,churn,3565,15.019,0,0
lmdb,churn,3566,19.684,0,0
lmdb,churn,3567,21.848,0,0
lmdb,churn,3568,14.510,0,0
lmdb,churn,3569,18.271,0,0
lmdb,churn,3570,19.368,5257224192,1283499
lmdb,churn,3571,29.758,0,0
lmdb,churn,3572,16.206,0,0
lmdb,churn,3573,15.840,0,0
lmdb,churn,3574,25.792,0,0
lmdb,churn,3575,17.332,0,0
lmdb,churn,3576,19.795,0,0
lmdb,churn,3577,17.248,0,0
lmdb,churn,3578,21.424,0,0
lmdb,churn,3579,16.065,0,0
lmdb,churn,3580,16.259,5259325440,1284012
lmdb,churn,3581,19.073,0,0
lmdb,churn,3582,22.483,0,0
lmdb,churn,3583,16.217,0,0
lmdb,churn,3584,23.550,0,0
lmdb,churn,3585,28.590,0,0
lmdb,churn,3586,22.351,0,0
lmdb,churn,3587,22.980,0,0
lmdb,churn,3588,22.126,0,0
lmdb,churn,3589,15.569,0,0
lmdb,churn,3590,29.717,5261426688,1284525
lmdb,churn,3591,15.800,0,0
lmdb,churn,3592,21.953,0,0
lmdb,churn,3593,16.133,0,0
lmdb,churn,3594,15.124,0,0
lmdb,churn,3595,18.115,0,0
lmdb,churn,3596,28.437,0,0
lmdb,churn,3597,16.761,0,0
lmdb,churn,3598,21.095,0,0
lmdb,churn,3599,16.083,0,0
lmdb,churn,3600,17.729,5263527936,1285038
lmdb,churn,3601,13.978,0,0
lmdb,churn,3602,15.565,0,0
lmdb,churn,3603,17.618,0,0
lmdb,churn,3604,17.670,0,0
lmdb,churn,3605,15.243,0,0
lmdb,churn,3606,15.751,0,0
lmdb,churn,3607,15.190,0,0
lmdb,churn,3608,15.955,0,0
lmdb,churn,3609,14.524,0,0
lmdb,churn,3610,17.488,5263548416,1285043
lmdb,churn,3611,18.648,0,0
lmdb,churn,3612,15.295,0,0
lmdb,churn,3613,19.166,0,0
lmdb,churn,3614,19.023,0,0
lmdb,churn,3615,20.220,0,0
lmdb,churn,3616,16.164,0,0
lmdb,churn,3617,15.587,0,0
lmdb,churn,3618,16.696,0,0
lmdb,churn,3619,16.914,0,0
lmdb,churn,3620,15.950,5265649664,1285556
lmdb,churn,3621,14.176,0,0
lmdb,churn,3622,19.638,0,0
lmdb,churn,3623,16.043,0,0
lmdb,churn,3624,16.442,0,0
lmdb,churn,3625,30.486,0,0
lmdb,churn,3626,16.029,0,0
lmdb,churn,3627,21.767,0,0
lmdb,churn,3628,20.480,0,0
lmdb,churn,3629,13.593,0,0
lmdb,churn,3630,17.607,5269852160,1286582
lmdb,churn,3631,22.498,0,0
lmdb,churn,3632,17.107,0,0
lmdb,churn,3633,16.697,0,0
lmdb,churn,3634,19.004,0,0
lmdb,churn,3635,14.940,0,0
lmdb,churn,3636,14.946,0,0
lmdb,churn,3637,15.343,0,0
lmdb,churn,3638,22.818,0,0
lmdb,churn,3639,15.299,0,0
lmdb,churn,3640,17.980,5269864448,1286585
lmdb,churn,3641,23.966,0,0
lmdb,churn,3642,22.646,0,0
lmdb,churn,3643,27.258,0,0
lmdb,churn,3644,22.025,0,0
lmdb,churn,3645,25.049,0,0
lmdb,churn,3646,16.842,0,0
lmdb,churn,3647,15.675,0,0
lmdb,churn,3648,16.097,0,0
lmdb,churn,3649,14.517,0,0
lmdb,churn,3650,14.638,5271965696,1287098
lmdb,churn,3651,14.245,0,0
lmdb,churn,3652,15.018,0,0
lmdb,churn,3653,14.477,0,0
lmdb,churn,3654,18.504,0,0
lmdb,churn,3655,31.592,0,0
lmdb,churn,3656,17.547,0,0
lmdb,churn,3657,20.663,0,0
lmdb,churn,3658,26.953,0,0
lmdb,churn,3659,15.507,0,0
lmdb,churn,3660,28.032,5274066944,1287611
lmdb,churn,3661,25.696,0,0
lmdb,churn,3662,18.320,0,0
lmdb,churn,3663,14.614,0,0
lmdb,churn,3664,28.709,0,0
lmdb,churn,3665,22.955,0,0
lmdb,churn,3666,17.341,0,0
lmdb,churn,3667,28.019,0,0
lmdb,churn,3668,19.850,0,0
lmdb,churn,3669,18.139,0,0
lmdb,churn,3670,16.689,5276180480,1288127
lmdb,churn,3671,28.623,0,0
lmdb,churn,3672,31.174,0,0
lmdb,churn,3673,19.525,0,0
lmdb,churn,3674,21.591,0,0
lmdb,churn,3675,16.930,0,0
lmdb,churn,3676,17.971,0,0
lmdb,churn,3677,24.531,0,0
lmdb,churn,3678,13.929,0,0
lmdb,churn,3679,16.128,0,0
lmdb,churn,3680,20.248,5278294016,1288643
lmdb,churn,3681,16.556,0,0
lmdb,churn,3682,14.276,0,0
lmdb,churn,3683,18.071,0,0
lmdb,churn,3684,18.330,0,0
lmdb,churn,3685,14.386,0,0
lmdb,churn,3686,15.771,0,0
lmdb,churn,3687,19.321,0,0
lmdb,churn,3688,16.494,0,0
lmdb,churn,3689,16.114,0,0
lmdb,churn,3690,22.545,5280395264,1289156
lmdb,churn,3691,25.236,0,0
lmdb,churn,3692,17.956,0,0
lmdb,churn,3693,15.795,0,0
lmdb,churn,3694,16.026,0,0
lmdb,churn,3695,19.782,0,0
lmdb,churn,3696,25.069,0,0
lmdb,churn,3697,18.558,0,0
lmdb,churn,3698,19.353,0,0
lmdb,churn,3699,18.058,0,0
lmdb,churn,3700,25.595,5282496512,1289669
lmdb,churn,3701,24.027,0,0
lmdb,churn,3702,15.983,0,0
lmdb,churn,3703,17.695,0,0
lmdb,churn,3704,14.214,0,0
lmdb,churn,3705,21.678,0,0
lmdb,churn,3706,18.471,0,0
lmdb,churn,3707,16.057,0,0
lmdb,churn,3708,17.961,0,0
lmdb,churn,3709,19.239,0,0
lmdb,churn,3710,21.152,5284597760,1290182
lmdb,churn,3711,16.745,0,0
lmdb,churn,3712,20.289,0,0
lmdb,churn,3713,19.268,0,0
lmdb,churn,3714,14.506,0,0
lmdb,churn,3715,16.738,0,0
lmdb,churn,3716,15.402,0,0
lmdb,churn,3717,14.504,0,0
lmdb,churn,3718,22.573,0,0
lmdb,churn,3719,15.688,0,0
lmdb,churn,3720,18.900,5286711296,1290698
lmdb,churn,3721,16.521,0,0
lmdb,churn,3722,14.605,0,0
lmdb,churn,3723,14.481,0,0
lmdb,churn,3724,21.610,0,0
lmdb,churn,3725,15.398,0,0
lmdb,churn,3726,26.108,0,0
lmdb,churn,3727,14.528,0,0
lmdb,churn,3728,26.291,0,0
lmdb,churn,3729,16.295,0,0
lmdb,churn,3730,23.200,5288812544,1291211
lmdb,churn,3731,17.784,0,0
lmdb,churn,3732,15.466,0,0
lmdb,churn,3733,15.531,0,0
lmdb,churn,3734,16.396,0,0
lmdb,churn,3735,20.066,0,0
lmdb,churn,3736,18.990,0,0
lmdb,churn,3737,14.257,0,0
lmdb,churn,3738,19.563,0,0
lmdb,churn,3739,20.739,0,0
lmdb,churn,3740,16.854,5290913792,1291724
lmdb,churn,3741,20.811,0,0
lmdb,churn,3742,16.045,0,0
lmdb,churn,3743,17.359,0,0
lmdb,churn,3744,14.658,0,0
lmdb,churn,3745,15.841,0,0
lmdb,churn,3746,26.282,0,0
lmdb,churn,3747,30.071,0,0
lmdb,churn,3748,21.681,0,0
lmdb,churn,3749,21.310,0,0
lmdb,churn,3750,18.415,5293015040,1292237
lmdb,churn,3751,17.751,0,0
lmdb,churn,3752,19.571,0,0
lmdb,churn,3753,23.001,0,0
lmdb,churn,3754,16.848,0,0
lmdb,churn,3755,14.319,0,0
lmdb,churn,3756,17.347,0,0
lmdb,churn,3757,17.460,0,0
lmdb,churn,3758,14.344,0,0
lmdb,churn,3759,13.636,0,0
lmdb,churn,3760,20.754,5295116288,1292750
lmdb,churn,3761,15.163,0,0
lmdb,churn,3762,20.583,0,0
lmdb,churn,3763,15.700,0,0
lmdb,churn,3764,16.570,0,0
lmdb,churn,3765,17.867,0,0
lmdb,churn,3766,20.676,0,0
lmdb,churn,3767,14.589,0,0
lmdb,churn,3768,16.424,0,0
lmdb,churn,3769,19.897,0,0
lmdb,churn,3770,16.183,5297229824,1293266
lmdb,churn,3771,16.660,0,0
lmdb,churn,3772,17.036,0,0
lmdb,churn,3773,17.248,0,0
lmdb,churn,3774,18.082,0,0
lmdb,churn,3775,18.356,0,0
lmdb,churn,3776,15.617,0,0
lmdb,churn,3777,32.971,0,0
lmdb,churn,3778,16.139,0,0
lmdb,churn,3779,22.671,0,0
lmdb,churn,3780,19.503,5299343360,1293782
lmdb,churn,3781,17.637,0,0
lmdb,churn,3782,16.860,0,0
lmdb,churn,3783,22.535,0,0
lmdb,churn,3784,18.048,0,0
lmdb,churn,3785,18.048,0,0
lmdb,churn,3786,24.957,0,0
lmdb,churn,3787,23.260,0,0
lmdb,churn,3788,23.979,0,0
lmdb,churn,3789,15.467,0,0
lmdb,churn,3790,21.705,5299343360,1293782
lmdb,churn,3791,27.137,0,0
lmdb,churn,3792,13.850,0,0
lmdb,churn,3793,24.752,0,0
lmdb,churn,3794,19.751,0,0
lmdb,churn,3795,26.529,0,0
lmdb,churn,3796,19.692,0,0
lmdb,churn,3797,18.316,0,0
lmdb,churn,3798,21.734,0,0
lmdb,churn,3799,17.713,0,0
lmdb,churn,3800,21.259,5301444608,1294295
lmdb,churn,3801,17.476,0,0
lmdb,churn,3802,16.276,0,0
lmdb,churn,3803,22.991,0,0
lmdb,churn,3804,19.278,0,0
lmdb,churn,3805,18.636,0,0
lmdb,churn,3806,15.833,0,0
lmdb,churn,3807,15.529,0,0
lmdb,churn,3808,17.451,0,0
lmdb,churn,3809,15.917,0,0
lmdb,churn,3810,18.343,5303545856,1294808
lmdb,churn,3811,23.328,0,0
lmdb,churn,3812,29.168,0,0
lmdb,churn,3813,16.250,0,0
lmdb,churn,3814,15.759,0,0
lmdb,churn,3815,22.730,0,0
lmdb,churn,3816,18.659,0,0
lmdb,churn,3817,21.657,0,0
lmdb,churn,3818,17.204,0,0
lmdb,churn,3819,20.713,0,0
lmdb,churn,3820,26.484,5305647104,1295321
lmdb,churn,3821,18.428,0,0
lmdb,churn,3822,22.525,0,0
lmdb,churn,3823,18.755,0,0
lmdb,churn,3824,16.045,0,0
lmdb,churn,3825,19.838,0,0
lmdb,churn,3826,18.703,0,0
lmdb,churn,3827,17.752,0,0
lmdb,churn,3828,29.937,0,0
lmdb,churn,3829,20.771,0,0
lmdb,churn,3830,21.548,5307748352,1295834
lmdb,churn,3831,17.044,0,0
lmdb,churn,3832,22.128,0,0
lmdb,churn,3833,16.409,0,0
lmdb,churn,3834,16.457,0,0
lmdb,churn,3835,15.101,0,0
lmdb,churn,3836,15.508,0,0
lmdb,churn,3837,21.627,0,0
lmdb,churn,3838,13.943,0,0
lmdb,churn,3839,34.724,0,0
lmdb,churn,3840,32.665,5307748352,1295834
lmdb,churn,3841,40.449,0,0
lmdb,churn,3842,34.792,0,0
lmdb,churn,3843,36.246,0,0
lmdb,churn,3844,18.564,0,0
lmdb,churn,3845,15.335,0,0
lmdb,churn,3846,20.122,0,0
lmdb,churn,3847,19.137,0,0
lmdb,churn,3848,18.931,0,0
lmdb,churn,3849,19.196,0,0
lmdb,churn,3850,16.230,5309849600,1296347
lmdb,churn,3851,15.995,0,0
lmdb,churn,3852,17.268,0,0
lmdb,churn,3853,27.385,0,0
lmdb,churn,3854,17.625,0,0
lmdb,churn,3855,20.005,0,0
lmdb,churn,3856,23.819,0,0
lmdb,churn,3857,17.765,0,0
lmdb,churn,3858,34.579,0,0
lmdb,churn,3859,23.647,0,0
lmdb,churn,3860,15.474,5311950848,1296860
lmdb,churn,3861,19.984,0,0
lmdb,churn,3862,18.741,0,0
lmdb,churn,3863,21.107,0,0
lmdb,churn,3864,16.963,0,0
lmdb,churn,3865,18.129,0,0
lmdb,churn,3866,18.423,0,0
lmdb,churn,3867,21.205,0,0
lmdb,churn,3868,17.510,0,0
lmdb,churn,3869,16.446,0,0
lmdb,churn,3870,53.765,5314064384,1297376
lmdb,churn,3871,23.878,0,0
lmdb,churn,3872,19.288,0,0
lmdb,churn,3873,20.306,0,0
lmdb,churn,3874,26.166,0,0
lmdb,churn,3875,26.727,0,0
lmdb,churn,3876,62.512,0,0
lmdb,churn,3877,44.795,0,0
lmdb,churn,3878,42.375,0,0
lmdb,churn,3879,56.516,0,0
lmdb,churn,3880,47.556,5316165632,1297889
lmdb,churn,3881,25.403,0,0
lmdb,churn,3882,37.778,0,0
lmdb,churn,3883,24.588,0,0
lmdb,churn,3884,24.394,0,0
lmdb,churn,3885,29.841,0,0
lmdb,churn,3886,26.579,0,0
lmdb,churn,3887,26.255,0,0
lmdb,churn,3888,22.504,0,0
lmdb,churn,3889,22.232,0,0
lmdb,churn,3890,24.507,5316165632,1297889
lmdb,churn,3891,18.265,0,0
lmdb,churn,3892,16.287,0,0
lmdb,churn,3893,19.589,0,0
lmdb,churn,3894,21.256,0,0
lmdb,churn,3895,26.088,0,0
lmdb,churn,3896,17.050,0,0
lmdb,churn,3897,16.497,0,0
lmdb,churn,3898,16.504,0,0
lmdb,churn,3899,29.077,0,0
lmdb,churn,3900,17.248,5318266880,1298402
lmdb,churn,3901,17.561,0,0
lmdb,churn,3902,17.084,0,0
lmdb,churn,3903,19.680,0,0
lmdb,churn,3904,14.568,0,0
lmdb,churn,3905,18.222,0,0
lmdb,churn,3906,16.139,0,0
lmdb,churn,3907,21.349,0,0
lmdb,churn,3908,15.541,0,0
lmdb,churn,3909,15.869,0,0
lmdb,churn,3910,20.806,5320388608,1298920
lmdb,churn,3911,21.900,0,0
lmdb,churn,3912,18.853,0,0
lmdb,churn,3913,23.314,0,0
lmdb,churn,3914,24.292,0,0
lmdb,churn,3915,18.082,0,0
lmdb,churn,3916,17.313,0,0
lmdb,churn,3917,21.303,0,0
lmdb,churn,3918,16.877,0,0
lmdb,churn,3919,27.277,0,0
lmdb,churn,3920,15.833,5322489856,1299433
lmdb,churn,3921,20.807,0,0
lmdb,churn,3922,17.074,0,0
lmdb,churn,3923,21.186,0,0
lmdb,churn,3924,17.359,0,0
lmdb,churn,3925,14.683,0,0
lmdb,churn,3926,15.289,0,0
lmdb,churn,3927,24.329,0,0
lmdb,churn,3928,22.756,0,0
lmdb,churn,3929,15.077,0,0
lmdb,churn,3930,15.221,5322489856,1299433
lmdb,churn,3931,14.739,0,0
lmdb,churn,3932,20.935,0,0
lmdb,churn,3933,14.344,0,0
lmdb,churn,3934,17.101,0,0
lmdb,churn,3935,17.255,0,0
lmdb,churn,3936,23.859,0,0
lmdb,churn,3937,15.569,0,0
lmdb,churn,3938,16.937,0,0
lmdb,churn,3939,14.795,0,0
lmdb,churn,3940,15.773,5324591104,1299946
lmdb,churn,3941,14.130,0,0
lmdb,churn,3942,14.912,0,0
lmdb,churn,3943,35.895,0,0
lmdb,churn,3944,32.825,0,0
lmdb,churn,3945,52.691,0,0
lmdb,churn,3946,36.991,0,0
lmdb,churn,3947,37.133,0,0
lmdb,churn,3948,26.140,0,0
lmdb,churn,3949,41.207,0,0
lmdb,churn,3950,38.178,5326692352,1300459
lmdb,churn,3951,31.034,0,0
lmdb,churn,3952,53.901,0,0
lmdb,churn,3953,30.698,0,0
lmdb,churn,3954,31.148,0,0
lmdb,churn,3955,30.031,0,0
lmdb,churn,3956,32.481,0,0
lmdb,churn,3957,34.835,0,0
lmdb,churn,3958,44.042,0,0
lmdb,churn,3959,42.900,0,0
lmdb,churn,3960,31.150,5326692352,1300459
lmdb,churn,3961,32.863,0,0
lmdb,churn,3962,20.514,0,0
lmdb,churn,3963,15.538,0,0
lmdb,churn,3964,14.778,0,0
lmdb,churn,3965,15.403,0,0
lmdb,churn,3966,16.101,0,0
lmdb,churn,3967,18.898,0,0
lmdb,churn,3968,15.706,0,0
lmdb,churn,3969,17.463,0,0
lmdb,churn,3970,16.588,5328793600,1300972
lmdb,churn,3971,25.611,0,0
lmdb,churn,3972,22.364,0,0
lmdb,churn,3973,18.319,0,0
lmdb,churn,3974,21.197,0,0
lmdb,churn,3975,20.781,0,0
lmdb,churn,3976,14.715,0,0
lmdb,churn,3977,17.221,0,0
lmdb,churn,3978,20.519,0,0
lmdb,churn,3979,17.529,0,0
lmdb,churn,3980,16.437,5330894848,1301485
lmdb,churn,3981,15.833,0,0
lmdb,churn,3982,16.140,0,0
lmdb,churn,3983,21.636,0,0
lmdb,churn,3984,16.469,0,0
lmdb,churn,3985,14.499,0,0
lmdb,churn,3986,23.429,0,0
lmdb,churn,3987,18.198,0,0
lmdb,churn,3988,23.780,0,0
lmdb,churn,3989,20.498,0,0
lmdb,churn,3990,20.479,5332996096,1301998
lmdb,churn,3991,15.949,0,0
lmdb,churn,3992,13.708,0,0
lmdb,churn,3993,15.318,0,0
lmdb,churn,3994,16.057,0,0
lmdb,churn,3995,28.221,0,0
lmdb,churn,3996,28.960,0,0
lmdb,churn,3997,21.544,0,0
lmdb,churn,3998,27.310,0,0
lmdb,churn,3999,18.110,0,0
lmdb,churn,4000,17.383,5335097344,1302511
lmdb,churn,4001,19.000,0,0
lmdb,churn,4002,24.398,0,0
lmdb,churn,4003,20.982,0,0
lmdb,churn,4004,18.552,0,0
lmdb,churn,4005,19.269,0,0
lmdb,churn,4006,22.143,0,0
lmdb,churn,4007,18.979,0,0
lmdb,churn,4008,20.088,0,0
lmdb,churn,4009,19.736,0,0
lmdb,churn,4010,16.282,5337198592,1303024
lmdb,churn,4011,18.674,0,0
lmdb,churn,4012,15.208,0,0
lmdb,churn,4013,15.755,0,0
lmdb,churn,4014,20.094,0,0
lmdb,churn,4015,22.679,0,0
lmdb,churn,4016,24.744,0,0
lmdb,churn,4017,29.298,0,0
lmdb,churn,4018,51.658,0,0
lmdb,churn,4019,27.978,0,0
lmdb,churn,4020,16.401,5339299840,1303537
lmdb,churn,4021,18.156,0,0
lmdb,churn,4022,19.649,0,0
lmdb,churn,4023,20.787,0,0
lmdb,churn,4024,15.467,0,0
lmdb,churn,4025,15.636,0,0
lmdb,churn,4026,22.831,0,0
lmdb,churn,4027,20.182,0,0
lmdb,churn,4028,13.751,0,0
lmdb,churn,4029,20.190,0,0
lmdb,churn,4030,18.361,5341401088,1304050
lmdb,churn,4031,22.001,0,0
lmdb,churn,4032,21.370,0,0
lmdb,churn,4033,16.647,0,0
lmdb,churn,4034,17.371,0,0
lmdb,churn,4035,22.145,0,0
lmdb,churn,4036,23.030,0,0
lmdb,churn,4037,16.420,0,0
lmdb,churn,4038,17.045,0,0
lmdb,churn,4039,18.744,0,0
lmdb,churn,4040,18.598,5343502336,1304563
lmdb,churn,4041,19.299,0,0
lmdb,churn,4042,16.255,0,0
lmdb,churn,4043,16.875,0,0
lmdb,churn,4044,15.333,0,0
lmdb,churn,4045,17.733,0,0
lmdb,churn,4046,15.139,0,0
lmdb,churn,4047,19.782,0,0
lmdb,churn,4048,18.588,0,0
lmdb,churn,4049,21.001,0,0
lmdb,churn,4050,25.978,5345603584,1305076
lmdb,churn,4051,15.209,0,0
lmdb,churn,4052,33.061,0,0
lmdb,churn,4053,19.099,0,0
lmdb,churn,4054,22.878,0,0
lmdb,churn,4055,20.137,0,0
lmdb,churn,4056,22.291,0,0
lmdb,churn,4057,16.538,0,0
lmdb,churn,4058,49.141,0,0
lmdb,churn,4059,25.453,0,0
lmdb,churn,4060,23.091,5347717120,1305592
lmdb,churn,4061,29.674,0,0
lmdb,churn,4062,25.421,0,0
lmdb,churn,4063,17.096,0,0
lmdb,churn,4064,19.535,0,0
lmdb,churn,4065,33.425,0,0
lmdb,churn,4066,48.027,0,0
lmdb,churn,4067,62.862,0,0
lmdb,churn,4068,24.299,0,0
lmdb,churn,4069,18.601,0,0
lmdb,churn,4070,19.284,5347717120,1305592
lmdb,churn,4071,41.211,0,0
lmdb,churn,4072,16.752,0,0
lmdb,churn,4073,18.310,0,0
lmdb,churn,4074,17.939,0,0
lmdb,churn,4075,16.951,0,0
lmdb,churn,4076,42.959,0,0
lmdb,churn,4077,39.616,0,0
lmdb,churn,4078,42.676,0,0
lmdb,churn,4079,40.833,0,0
lmdb,churn,4080,37.912,5351919616,1306618
lmdb,churn,4081,28.663,0,0
lmdb,churn,4082,48.545,0,0
lmdb,churn,4083,43.532,0,0
lmdb,churn,4084,36.375,0,0
lmdb,churn,4085,34.443,0,0
lmdb,churn,4086,55.725,0,0
lmdb,churn,4087,40.487,0,0
lmdb,churn,4088,46.827,0,0
lmdb,churn,4089,29.502,0,0
lmdb,churn,4090,16.407,5354020864,1307131
lmdb,churn,4091,18.349,0,0
lmdb,churn,4092,19.401,0,0
lmdb,churn,4093,14.873,0,0
lmdb,churn,4094,18.439,0,0
lmdb,churn,4095,24.574,0,0
lmdb,churn,4096,21.873,0,0
lmdb,churn,4097,20.584,0,0
lmdb,churn,4098,22.283,0,0
lmdb,churn,4099,17.405,0,0
lmdb,churn,4100,22.717,5356122112,1307644
lmdb,churn,4101,20.211,0,0
lmdb,churn,4102,16.862,0,0
lmdb,churn,4103,17.075,0,0
lmdb,churn,4104,22.280,0,0
lmdb,churn,4105,17.590,0,0
lmdb,churn,4106,29.710,0,0
lmdb,churn,4107,14.554,0,0
lmdb,churn,4108,17.080,0,0
lmdb,churn,4109,19.317,0,0
lmdb,churn,4110,18.409,5358223360,1308157
lmdb,churn,4111,15.065,0,0
lmdb,churn,4112,19.020,0,0
lmdb,churn,4113,17.057,0,0
lmdb,churn,4114,16.303,0,0
lmdb,churn,4115,17.442,0,0
lmdb,churn,4116,19.864,0,0
lmdb,churn,4117,15.322,0,0
lmdb,churn,4118,21.509,0,0
lmdb,churn,4119,21.619,0,0
lmdb,churn,4120,34.912,5360324608,1308670
lmdb,churn,4121,26.805,0,0
lmdb,churn,4122,27.319,0,0
lmdb,churn,4123,24.421,0,0
lmdb,churn,4124,17.669,0,0
lmdb,churn,4125,14.523,0,0
lmdb,churn,4126,16.824,0,0
lmdb,churn,4127,16.835,0,0
lmdb,churn,4128,14.672,0,0
lmdb,churn,4129,31.787,0,0
lmdb,churn,4130,18.166,5362425856,1309183
lmdb,churn,4131,25.468,0,0
lmdb,churn,4132,25.659,0,0
lmdb,churn,4133,15.396,0,0
lmdb,churn,4134,19.114,0,0
lmdb,churn,4135,26.244,0,0
lmdb,churn,4136,22.996,0,0
lmdb,churn,4137,19.254,0,0
lmdb,churn,4138,18.875,0,0
lmdb,churn,4139,22.349,0,0
lmdb,churn,4140,26.830,5364527104,1309696
lmdb,churn,4141,20.641,0,0
lmdb,churn,4142,18.335,0,0
lmdb,churn,4143,23.265,0,0
lmdb,churn,4144,31.666,0,0
lmdb,churn,4145,35.066,0,0
lmdb,churn,4146,25.091,0,0
lmdb,churn,4147,21.019,0,0
lmdb,churn,4148,24.156,0,0
lmdb,churn,4149,16.267,0,0
lmdb,churn,4150,22.912,5366648832,1310214
lmdb,churn,4151,25.430,0,0
lmdb,churn,4152,15.777,0,0
lmdb,churn,4153,18.913,0,0
lmdb,churn,4154,17.597,0,0
lmdb,churn,4155,28.404,0,0
lmdb,churn,4156,15.881,0,0
lmdb,churn,4157,15.967,0,0
lmdb,churn,4158,14.946,0,0
lmdb,churn,4159,23.489,0,0
lmdb,churn,4160,32.524,5368762368,1310730
lmdb,churn,4161,19.418,0,0
lmdb,churn,4162,17.789,0,0
lmdb,churn,4163,17.413,0,0
lmdb,churn,4164,16.451,0,0
lmdb,churn,4165,26.424,0,0
lmdb,churn,4166,22.352,0,0
lmdb,churn,4167,16.608,0,0
lmdb,churn,4168,25.669,0,0
lmdb,churn,4169,16.025,0,0
lmdb,churn,4170,21.681,5370875904,1311246
lmdb,churn,4171,26.582,0,0
lmdb,churn,4172,20.328,0,0
lmdb,churn,4173,16.651,0,0
lmdb,churn,4174,17.190,0,0
lmdb,churn,4175,16.388,0,0
lmdb,churn,4176,24.638,0,0
lmdb,churn,4177,20.745,0,0
lmdb,churn,4178,29.623,0,0
lmdb,churn,4179,17.289,0,0
lmdb,churn,4180,20.210,5372977152,1311759
lmdb,churn,4181,19.018,0,0
lmdb,churn,4182,20.047,0,0
lmdb,churn,4183,20.536,0,0
lmdb,churn,4184,20.394,0,0
lmdb,churn,4185,20.840,0,0
lmdb,churn,4186,21.194,0,0
lmdb,churn,4187,22.508,0,0
lmdb,churn,4188,16.864,0,0
lmdb,churn,4189,19.926,0,0
lmdb,churn,4190,21.140,5372977152,1311759
lmdb,churn,4191,20.645,0,0
lmdb,churn,4192,15.484,0,0
lmdb,churn,4193,20.645,0,0
lmdb,churn,4194,31.147,0,0
lmdb,churn,4195,18.995,0,0
lmdb,churn,4196,16.049,0,0
lmdb,churn,4197,15.780,0,0
lmdb,churn,4198,16.010,0,0
lmdb,churn,4199,21.370,0,0
lmdb,churn,4200,17.799,5377179648,1312785
lmdb,churn,4201,17.398,0,0
lmdb,churn,4202,19.673,0,0
lmdb,churn,4203,22.213,0,0
lmdb,churn,4204,24.712,0,0
lmdb,churn,4205,19.401,0,0
lmdb,churn,4206,23.423,0,0
lmdb,churn,4207,21.504,0,0
lmdb,churn,4208,16.759,0,0
lmdb,churn,4209,20.982,0,0
lmdb,churn,4210,19.357,5379280896,1313298
lmdb,churn,4211,27.709,0,0
lmdb,churn,4212,18.693,0,0
lmdb,churn,4213,22.340,0,0
lmdb,churn,4214,19.335,0,0
lmdb,churn,4215,27.475,0,0
lmdb,churn,4216,15.780,0,0
lmdb,churn,4217,15.650,0,0
lmdb,churn,4218,21.921,0,0
lmdb,churn,4219,19.781,0,0
lmdb,churn,4220,20.471,5379293184,1313301
lmdb,churn,4221,16.095,0,0
lmdb,churn,4222,19.691,0,0
lmdb,churn,4223,21.547,0,0
lmdb,churn,4224,22.263,0,0
lmdb,churn,4225,19.463,0,0
lmdb,churn,4226,25.875,0,0
lmdb,churn,4227,21.683,0,0
lmdb,churn,4228,15.756,0,0
lmdb,churn,4229,15.067,0,0
lmdb,churn,4230,19.514,5381394432,1313814
lmdb,churn,4231,19.085,0,0
lmdb,churn,4232,15.502,0,0
lmdb,churn,4233,22.200,0,0
lmdb,churn,4234,22.203,0,0
lmdb,churn,4235,28.215,0,0
lmdb,churn,4236,15.892,0,0
lmdb,churn,4237,19.729,0,0
lmdb,churn,4238,19.848,0,0
lmdb,churn,4239,15.247,0,0
lmdb,churn,4240,20.386,5383516160,1314332
lmdb,churn,4241,28.927,0,0
lmdb,churn,4242,15.479,0,0
lmdb,churn,4243,19.758,0,0
lmdb,churn,4244,18.397,0,0
lmdb,churn,4245,24.683,0,0
lmdb,churn,4246,16.577,0,0
lmdb,churn,4247,18.494,0,0
lmdb,churn,4248,20.447,0,0
lmdb,churn,4249,24.432,0,0
lmdb,churn,4250,19.093,5385617408,1314845
lmdb,churn,4251,14.424,0,0
lmdb,churn,4252,52.248,0,0
lmdb,churn,4253,25.700,0,0
lmdb,churn,4254,21.625,0,0
lmdb,churn,4255,43.744,0,0
lmdb,churn,4256,22.888,0,0
lmdb,churn,4257,35.549,0,0
lmdb,churn,4258,18.543,0,0
lmdb,churn,4259,15.834,0,0
lmdb,churn,4260,16.417,5387718656,1315358
lmdb,churn,4261,17.033,0,0
lmdb,churn,4262,21.797,0,0
lmdb,churn,4263,18.735,0,0
lmdb,churn,4264,19.878,0,0
lmdb,churn,4265,17.222,0,0
lmdb,churn,4266,16.488,0,0
lmdb,churn,4267,17.844,0,0
lmdb,churn,4268,17.809,0,0
lmdb,churn,4269,16.678,0,0
lmdb,churn,4270,16.101,5389840384,1315876
lmdb,churn,4271,22.547,0,0
lmdb,churn,4272,19.508,0,0
lmdb,churn,4273,21.129,0,0
lmdb,churn,4274,19.078,0,0
lmdb,churn,4275,18.894,0,0
lmdb,churn,4276,28.696,0,0
lmdb,churn,4277,15.205,0,0
lmdb,churn,4278,18.581,0,0
lmdb,churn,4279,18.324,0,0
lmdb,churn,4280,16.862,5391953920,1316392
lmdb,churn,4281,16.432,0,0
lmdb,churn,4282,15.073,0,0
lmdb,churn,4283,63.400,0,0
lmdb,churn,4284,25.801,0,0
lmdb,churn,4285,21.021,0,0
lmdb,churn,4286,29.783,0,0
lmdb,churn,4287,18.972,0,0
lmdb,churn,4288,16.010,0,0
lmdb,churn,4289,15.928,0,0
lmdb,churn,4290,16.082,5394055168,1316905
lmdb,churn,4291,34.816,0,0
lmdb,churn,4292,17.872,0,0
lmdb,churn,4293,21.531,0,0
lmdb,churn,4294,17.395,0,0
lmdb,churn,4295,22.194,0,0
lmdb,churn,4296,21.974,0,0
lmdb,churn,4297,16.451,0,0
lmdb,churn,4298,20.190,0,0
lmdb,churn,4299,17.571,0,0
lmdb,churn,4300,16.233,5396168704,1317421
lmdb,churn,4301,15.255,0,0
lmdb,churn,4302,14.752,0,0
lmdb,churn,4303,14.786,0,0
lmdb,churn,4304,19.274,0,0
lmdb,churn,4305,15.535,0,0
lmdb,churn,4306,18.201,0,0
lmdb,churn,4307,24.660,0,0
lmdb,churn,4308,22.594,0,0
lmdb,churn,4309,38.983,0,0
lmdb,churn,4310,22.355,5398269952,1317934
lmdb,churn,4311,19.989,0,0
lmdb,churn,4312,14.437,0,0
lmdb,churn,4313,24.015,0,0
lmdb,churn,4314,17.387,0,0
lmdb,churn,4315,19.794,0,0
lmdb,churn,4316,16.225,0,0
lmdb,churn,4317,21.847,0,0
lmdb,churn,4318,22.280,0,0
lmdb,churn,4319,19.537,0,0
lmdb,churn,4320,20.032,5400371200,1318447
lmdb,churn,4321,27.291,0,0
lmdb,churn,4322,15.207,0,0
lmdb,churn,4323,15.338,0,0
lmdb,churn,4324,18.648,0,0
lmdb,churn,4325,18.735,0,0
lmdb,churn,4326,25.122,0,0
lmdb,churn,4327,17.163,0,0
lmdb,churn,4328,23.432,0,0
lmdb,churn,4329,30.764,0,0
lmdb,churn,4330,16.945,5402472448,1318960
lmdb,churn,4331,31.782,0,0
lmdb,churn,4332,16.817,0,0
lmdb,churn,4333,15.898,0,0
lmdb,churn,4334,25.672,0,0
lmdb,churn,4335,29.884,0,0
lmdb,churn,4336,18.294,0,0
lmdb,churn,4337,16.923,0,0
lmdb,churn,4338,18.972,0,0
lmdb,churn,4339,15.518,0,0
lmdb,churn,4340,19.095,5404573696,1319473
lmdb,churn,4341,13.739,0,0
lmdb,churn,4342,16.764,0,0
lmdb,churn,4343,17.290,0,0
lmdb,churn,4344,27.771,0,0
lmdb,churn,4345,16.468,0,0
lmdb,churn,4346,16.083,0,0
lmdb,churn,4347,39.089,0,0
lmdb,churn,4348,33.790,0,0
lmdb,churn,4349,16.874,0,0
lmdb,churn,4350,18.085,5406674944,1319986
lmdb,churn,4351,16.706,0,0
lmdb,churn,4352,21.686,0,0
lmdb,churn,4353,19.035,0,0
lmdb,churn,4354,28.462,0,0
lmdb,churn,4355,49.671,0,0
lmdb,churn,4356,55.899,0,0
lmdb,churn,4357,29.956,0,0
lmdb,churn,4358,41.510,0,0
lmdb,churn,4359,33.748,0,0
lmdb,churn,4360,40.564,5408788480,1320502
lmdb,churn,4361,49.440,0,0
lmdb,churn,4362,18.981,0,0
lmdb,churn,4363,18.941,0,0
lmdb,churn,4364,18.610,0,0
lmdb,churn,4365,27.678,0,0
lmdb,churn,4366,25.456,0,0
lmdb,churn,4367,25.512,0,0
lmdb,churn,4368,44.156,0,0
lmdb,churn,4369,24.103,0,0
lmdb,churn,4370,16.639,5410902016,1321018
lmdb,churn,4371,17.824,0,0
lmdb,churn,4372,17.707,0,0
lmdb,churn,4373,22.217,0,0
lmdb,churn,4374,20.920,0,0
lmdb,churn,4375,27.721,0,0
lmdb,churn,4376,21.737,0,0
lmdb,churn,4377,32.156,0,0
lmdb,churn,4378,17.790,0,0
lmdb,churn,4379,32.291,0,0
lmdb,churn,4380,19.435,5413003264,1321531
lmdb,churn,4381,18.361,0,0
lmdb,churn,4382,16.997,0,0
lmdb,churn,4383,17.172,0,0
lmdb,churn,4384,18.282,0,0
lmdb,churn,4385,17.833,0,0
lmdb,churn,4386,17.805,0,0
lmdb,churn,4387,16.309,0,0
lmdb,churn,4388,24.775,0,0
lmdb,churn,4389,15.110,0,0
lmdb,churn,4390,15.888,5413003264,1321531
lmdb,churn,4391,15.466,0,0
lmdb,churn,4392,18.551,0,0
lmdb,churn,4393,16.641,0,0
lmdb,churn,4394,27.660,0,0
lmdb,churn,4395,21.578,0,0
lmdb,churn,4396,19.838,0,0
lmdb,churn,4397,30.023,0,0
lmdb,churn,4398,18.569,0,0
lmdb,churn,4399,20.808,0,0
lmdb,churn,4400,22.512,5415104512,1322044
lmdb,churn,4401,17.022,0,0
lmdb,churn,4402,14.241,0,0
lmdb,churn,4403,18.311,0,0
lmdb,churn,4404,18.535,0,0
lmdb,churn,4405,24.590,0,0
lmdb,churn,4406,22.625,0,0
lmdb,churn,4407,21.150,0,0
lmdb,churn,4408,18.787,0,0
lmdb,churn,4409,15.680,0,0
lmdb,churn,4410,23.455,5417205760,1322557
lmdb,churn,4411,15.148,0,0
lmdb,churn,4412,15.480,0,0
lmdb,churn,4413,15.226,0,0
lmdb,churn,4414,21.280,0,0
lmdb,churn,4415,14.965,0,0
lmdb,churn,4416,24.423,0,0
lmdb,churn,4417,18.935,0,0
lmdb,churn,4418,38.960,0,0
lmdb,churn,4419,19.141,0,0
lmdb,churn,4420,17.793,5419307008,1323070
lmdb,churn,4421,23.186,0,0
lmdb,churn,4422,18.340,0,0
lmdb,churn,4423,17.650,0,0
lmdb,churn,4424,14.932,0,0
lmdb,churn,4425,15.247,0,0
lmdb,churn,4426,21.394,0,0
lmdb,churn,4427,22.601,0,0
lmdb,churn,4428,18.618,0,0
lmdb,churn,4429,24.419,0,0
lmdb,churn,4430,28.674,5421408256,1323583
lmdb,churn,4431,20.485,0,0
lmdb,churn,4432,26.391,0,0
lmdb,churn,4433,17.512,0,0
lmdb,churn,4434,15.665,0,0
lmdb,churn,4435,28.912,0,0
lmdb,churn,4436,21.480,0,0
lmdb,churn,4437,15.941,0,0
lmdb,churn,4438,15.873,0,0
lmdb,churn,4439,20.265,0,0
lmdb,churn,4440,19.345,5423521792,1324099
lmdb,churn,4441,15.221,0,0
lmdb,churn,4442,20.401,0,0
lmdb,churn,4443,18.229,0,0
lmdb,churn,4444,18.829,0,0
lmdb,churn,4445,23.813,0,0
lmdb,churn,4446,15.689,0,0
lmdb,churn,4447,20.105,0,0
lmdb,churn,4448,15.376,0,0
lmdb,churn,4449,17.011,0,0
lmdb,churn,4450,17.052,5425623040,1324612
lmdb,churn,4451,19.972,0,0
lmdb,churn,4452,15.775,0,0
lmdb,churn,4453,18.369,0,0
lmdb,churn,4454,15.818,0,0
lmdb,churn,4455,15.337,0,0
lmdb,churn,4456,30.625,0,0
lmdb,churn,4457,27.881,0,0
lmdb,churn,4458,18.744,0,0
lmdb,churn,4459,31.010,0,0
lmdb,churn,4460,24.716,5427748864,1325131
lmdb,churn,4461,30.470,0,0
lmdb,churn,4462,72.041,0,0
lmdb,churn,4463,44.427,0,0
lmdb,churn,4464,31.765,0,0
lmdb,churn,4465,24.294,0,0
lmdb,churn,4466,26.771,0,0
lmdb,churn,4467,21.312,0,0
lmdb,churn,4468,24.324,0,0
lmdb,churn,4469,18.454,0,0
lmdb,churn,4470,23.421,5429862400,1325647
lmdb,churn,4471,17.619,0,0
lmdb,churn,4472,19.944,0,0
lmdb,churn,4473,17.731,0,0
lmdb,churn,4474,18.284,0,0
lmdb,churn,4475,26.107,0,0
lmdb,churn,4476,18.381,0,0
lmdb,churn,4477,14.388,0,0
lmdb,churn,4478,18.686,0,0
lmdb,churn,4479,25.415,0,0
lmdb,churn,4480,25.759,5429862400,1325647
lmdb,churn,4481,16.974,0,0
lmdb,churn,4482,16.398,0,0
lmdb,churn,4483,23.206,0,0
lmdb,churn,4484,21.096,0,0
lmdb,churn,4485,14.155,0,0
lmdb,churn,4486,13.972,0,0
lmdb,churn,4487,15.875,0,0
lmdb,churn,4488,21.592,0,0
lmdb,churn,4489,17.692,0,0
lmdb,churn,4490,30.204,5431963648,1326160
lmdb,churn,4491,21.756,0,0
lmdb,churn,4492,17.681,0,0
lmdb,churn,4493,15.267,0,0
lmdb,churn,4494,20.809,0,0
lmdb,churn,4495,21.725,0,0
lmdb,churn,4496,17.374,0,0
lmdb,churn,4497,23.109,0,0
lmdb,churn,4498,21.501,0,0
lmdb,churn,4499,21.660,0,0
lmdb,churn,4500,25.366,5434064896,1326673
lmdb,churn,4501,21.463,0,0
lmdb,churn,4502,14.642,0,0
lmdb,churn,4503,25.332,0,0
lmdb,churn,4504,24.760,0,0
lmdb,churn,4505,28.272,0,0
lmdb,churn,4506,17.975,0,0
lmdb,churn,4507,18.793,0,0
lmdb,churn,4508,24.605,0,0
lmdb,churn,4509,16.484,0,0
lmdb,churn,4510,23.024,5436166144,1327186
lmdb,churn,4511,18.206,0,0
lmdb,churn,4512,22.686,0,0
lmdb,churn,4513,14.901,0,0
lmdb,churn,4514,21.682,0,0
lmdb,churn,4515,19.716,0,0
lmdb,churn,4516,16.833,0,0
lmdb,churn,4517,24.461,0,0
lmdb,churn,4518,18.552,0,0
lmdb,churn,4519,24.472,0,0
lmdb,churn,4520,20.333,5438267392,1327699
lmdb,churn,4521,16.852,0,0
lmdb,churn,4522,22.583,0,0
lmdb,churn,4523,16.592,0,0
lmdb,churn,4524,20.911,0,0
lmdb,churn,4525,16.465,0,0
lmdb,churn,4526,20.027,0,0
lmdb,churn,4527,22.342,0,0
lmdb,churn,4528,17.328,0,0
lmdb,churn,4529,30.396,0,0
lmdb,churn,4530,42.023,5440368640,1328212
lmdb,churn,4531,24.672,0,0
lmdb,churn,4532,27.122,0,0
lmdb,churn,4533,32.686,0,0
lmdb,churn,4534,32.823,0,0
lmdb,churn,4535,30.403,0,0
lmdb,churn,4536,37.308,0,0
lmdb,churn,4537,38.712,0,0
lmdb,churn,4538,40.164,0,0
lmdb,churn,4539,34.726,0,0
lmdb,churn,4540,33.715,5440368640,1328212
lmdb,churn,4541,18.017,0,0
lmdb,churn,4542,32.291,0,0
lmdb,churn,4543,23.333,0,0
lmdb,churn,4544,24.828,0,0
lmdb,churn,4545,23.013,0,0
lmdb,churn,4546,19.819,0,0
lmdb,churn,4547,27.342,0,0
lmdb,churn,4548,19.950,0,0
lmdb,churn,4549,15.572,0,0
lmdb,churn,4550,15.482,5442469888,1328725
lmdb,churn,4551,15.433,0,0
lmdb,churn,4552,22.904,0,0
lmdb,churn,4553,17.252,0,0
lmdb,churn,4554,23.164,0,0
lmdb,churn,4555,16.871,0,0
lmdb,churn,4556,17.641,0,0
lmdb,churn,4557,15.242,0,0
lmdb,churn,4558,15.181,0,0
lmdb,churn,4559,21.482,0,0
lmdb,churn,4560,19.139,5444571136,1329238
lmdb,churn,4561,18.508,0,0
lmdb,churn,4562,29.209,0,0
lmdb,churn,4563,18.861,0,0
lmdb,churn,4564,20.726,0,0
lmdb,churn,4565,17.186,0,0
lmdb,churn,4566,17.848,0,0
lmdb,churn,4567,17.431,0,0
lmdb,churn,4568,23.255,0,0
lmdb,churn,4569,17.369,0,0
lmdb,churn,4570,18.639,5446672384,1329751
lmdb,churn,4571,15.887,0,0
lmdb,churn,4572,17.160,0,0
lmdb,churn,4573,16.067,0,0
lmdb,churn,4574,16.027,0,0
lmdb,churn,4575,37.001,0,0
lmdb,churn,4576,20.379,0,0
lmdb,churn,4577,21.932,0,0
lmdb,churn,4578,22.749,0,0
lmdb,churn,4579,16.300,0,0
lmdb,churn,4580,19.069,5448773632,1330264
lmdb,churn,4581,19.127,0,0
lmdb,churn,4582,20.212,0,0
lmdb,churn,4583,16.991,0,0
lmdb,churn,4584,19.052,0,0
lmdb,churn,4585,19.810,0,0
lmdb,churn,4586,16.215,0,0
lmdb,churn,4587,19.360,0,0
lmdb,churn,4588,24.598,0,0
lmdb,churn,4589,14.743,0,0
lmdb,churn,4590,24.023,5450887168,1330780
lmdb,churn,4591,17.564,0,0
lmdb,churn,4592,21.552,0,0
lmdb,churn,4593,23.616,0,0
lmdb,churn,4594,17.321,0,0
lmdb,churn,4595,27.895,0,0
lmdb,churn,4596,17.562,0,0
lmdb,churn,4597,15.072,0,0
lmdb,churn,4598,20.330,0,0
lmdb,churn,4599,19.499,0,0
lmdb,churn,4600,15.795,5450887168,1330780
lmdb,churn,4601,15.243,0,0
lmdb,churn,4602,14.687,0,0
lmdb,churn,4603,18.622,0,0
lmdb,churn,4604,29.129,0,0
lmdb,churn,4605,19.894,0,0
lmdb,churn,4606,17.872,0,0
lmdb,churn,4607,19.206,0,0
lmdb,churn,4608,17.645,0,0
lmdb,churn,4609,18.480,0,0
lmdb,churn,4610,17.576,5452988416,1331293
lmdb,churn,4611,14.700,0,0
lmdb,churn,4612,14.898,0,0
lmdb,churn,4613,15.426,0,0
lmdb,churn,4614,20.409,0,0
lmdb,churn,4615,37.024,0,0
lmdb,churn,4616,14.995,0,0
lmdb,churn,4617,18.658,0,0
lmdb,churn,4618,17.612,0,0
lmdb,churn,4619,18.248,0,0
lmdb,churn,4620,16.754,5455089664,1331806
lmdb,churn,4621,16.105,0,0
lmdb,churn,4622,23.279,0,0
lmdb,churn,4623,18.008,0,0
lmdb,churn,4624,18.561,0,0
lmdb,churn,4625,15.659,0,0
lmdb,churn,4626,15.513,0,0
lmdb,churn,4627,15.681,0,0
lmdb,churn,4628,23.038,0,0
lmdb,churn,4629,19.537,0,0
lmdb,churn,4630,19.316,5457190912,1332319
lmdb,churn,4631,17.910,0,0
lmdb,churn,4632,22.088,0,0
lmdb,churn,4633,31.423,0,0
lmdb,churn,4634,15.878,0,0
lmdb,churn,4635,20.652,0,0
lmdb,churn,4636,15.354,0,0
lmdb,churn,4637,20.544,0,0
lmdb,churn,4638,23.111,0,0
lmdb,churn,4639,26.542,0,0
lmdb,churn,4640,17.209,5459292160,1332832
lmdb,churn,4641,15.272,0,0
lmdb,churn,4642,15.599,0,0
lmdb,churn,4643,21.012,0,0
lmdb,churn,4644,28.335,0,0
lmdb,churn,4645,16.739,0,0
lmdb,churn,4646,23.707,0,0
lmdb,churn,4647,20.236,0,0
lmdb,churn,4648,18.896,0,0
lmdb,churn,4649,18.905,0,0
lmdb,churn,4650,19.609,5461393408,1333345
lmdb,churn,4651,16.546,0,0
lmdb,churn,4652,22.037,0,0
lmdb,churn,4653,48.736,0,0
lmdb,churn,4654,22.440,0,0
lmdb,churn,4655,21.556,0,0
lmdb,churn,4656,27.732,0,0
lmdb,churn,4657,17.533,0,0
lmdb,churn,4658,24.647,0,0
lmdb,churn,4659,22.061,0,0
lmdb,churn,4660,16.059,5463506944,1333861
lmdb,churn,4661,24.735,0,0
lmdb,churn,4662,28.888,0,0
lmdb,churn,4663,20.728,0,0
lmdb,churn,4664,30.731,0,0
lmdb,churn,4665,33.337,0,0
lmdb,churn,4666,29.659,0,0
lmdb,churn,4667,29.147,0,0
lmdb,churn,4668,28.455,0,0
lmdb,churn,4669,21.702,0,0
lmdb,churn,4670,29.781,5465608192,1334374
lmdb,churn,4671,16.471,0,0
lmdb,churn,4672,18.719,0,0
lmdb,churn,4673,21.597,0,0
lmdb,churn,4674,16.756,0,0
lmdb,churn,4675,17.079,0,0
lmdb,churn,4676,17.419,0,0
lmdb,churn,4677,17.378,0,0
lmdb,churn,4678,29.454,0,0
lmdb,churn,4679,15.149,0,0
lmdb,churn,4680,14.856,5465608192,1334374
lmdb,churn,4681,17.493,0,0
lmdb,churn,4682,23.941,0,0
lmdb,churn,4683,16.265,0,0
lmdb,churn,4684,18.800,0,0
lmdb,churn,4685,33.036,0,0
lmdb,churn,4686,23.319,0,0
lmdb,churn,4687,24.619,0,0
lmdb,churn,4688,21.420,0,0
lmdb,churn,4689,16.047,0,0
lmdb,churn,4690,16.292,5467721728,1334890
lmdb,churn,4691,15.353,0,0
lmdb,churn,4692,27.550,0,0
lmdb,churn,4693,14.054,0,0
lmdb,churn,4694,20.466,0,0
lmdb,churn,4695,27.308,0,0
lmdb,churn,4696,15.633,0,0
lmdb,churn,4697,16.839,0,0
lmdb,churn,4698,15.766,0,0
lmdb,churn,4699,18.777,0,0
lmdb,churn,4700,18.308,5469835264,1335406
lmdb,churn,4701,25.270,0,0
lmdb,churn,4702,22.374,0,0
lmdb,churn,4703,16.829,0,0
lmdb,churn,4704,15.384,0,0
lmdb,churn,4705,15.891,0,0
lmdb,churn,4706,15.395,0,0
lmdb,churn,4707,25.179,0,0
lmdb,churn,4708,19.477,0,0
lmdb,churn,4709,48.550,0,0
lmdb,churn,4710,37.769,5471936512,1335919
lmdb,churn,4711,39.924,0,0
lmdb,churn,4712,35.820,0,0
lmdb,churn,4713,44.512,0,0
lmdb,churn,4714,24.236,0,0
lmdb,churn,4715,33.768,0,0
lmdb,churn,4716,16.456,0,0
lmdb,churn,4717,17.163,0,0
lmdb,churn,4718,25.385,0,0
lmdb,churn,4719,19.549,0,0
lmdb,churn,4720,16.040,5474037760,1336432
lmdb,churn,4721,22.260,0,0
lmdb,churn,4722,16.422,0,0
lmdb,churn,4723,16.799,0,0
lmdb,churn,4724,17.610,0,0
lmdb,churn,4725,15.341,0,0
lmdb,churn,4726,14.225,0,0
lmdb,churn,4727,21.071,0,0
lmdb,churn,4728,19.163,0,0
lmdb,churn,4729,22.625,0,0
lmdb,churn,4730,21.179,5476139008,1336945
lmdb,churn,4731,26.517,0,0
lmdb,churn,4732,17.676,0,0
lmdb,churn,4733,17.337,0,0
lmdb,churn,4734,22.620,0,0
lmdb,churn,4735,23.278,0,0
lmdb,churn,4736,17.203,0,0
lmdb,churn,4737,22.165,0,0
lmdb,churn,4738,23.440,0,0
lmdb,churn,4739,21.334,0,0
lmdb,churn,4740,26.385,5478240256,1337458
lmdb,churn,4741,21.172,0,0
lmdb,churn,4742,15.626,0,0
lmdb,churn,4743,16.035,0,0
lmdb,churn,4744,44.162,0,0
lmdb,churn,4745,25.768,0,0
lmdb,churn,4746,37.679,0,0
lmdb,churn,4747,28.205,0,0
lmdb,churn,4748,33.718,0,0
lmdb,churn,4749,16.273,0,0
lmdb,churn,4750,16.504,5480341504,1337971
lmdb,churn,4751,26.704,0,0
lmdb,churn,4752,15.746,0,0
lmdb,churn,4753,14.975,0,0
lmdb,churn,4754,17.394,0,0
lmdb,churn,4755,16.448,0,0
lmdb,churn,4756,22.683,0,0
lmdb,churn,4757,16.695,0,0
lmdb,churn,4758,21.671,0,0
lmdb,churn,4759,18.587,0,0
lmdb,churn,4760,30.789,5482442752,1338484
lmdb,churn,4761,18.077,0,0
lmdb,churn,4762,17.447,0,0
lmdb,churn,4763,17.911,0,0
lmdb,churn,4764,22.152,0,0
lmdb,churn,4765,25.223,0,0
lmdb,churn,4766,26.585,0,0
lmdb,churn,4767,23.829,0,0
lmdb,churn,4768,22.512,0,0
lmdb,churn,4769,17.842,0,0
lmdb,churn,4770,22.061,5482463232,1338489
lmdb,churn,4771,23.622,0,0
lmdb,churn,4772,27.142,0,0
lmdb,churn,4773,19.298,0,0
lmdb,churn,4774,22.745,0,0
lmdb,churn,4775,21.261,0,0
lmdb,churn,4776,19.947,0,0
lmdb,churn,4777,21.173,0,0
lmdb,churn,4778,23.766,0,0
lmdb,churn,4779,15.724,0,0
lmdb,churn,4780,19.707,5486686208,1339520
lmdb,churn,4781,20.879,0,0
lmdb,churn,4782,17.302,0,0
lmdb,churn,4783,28.756,0,0
lmdb,churn,4784,22.778,0,0
lmdb,churn,4785,34.318,0,0
lmdb,churn,4786,23.497,0,0
lmdb,churn,4787,31.334,0,0
lmdb,churn,4788,16.377,0,0
lmdb,churn,4789,17.048,0,0
lmdb,churn,4790,18.058,5486686208,1339520
lmdb,churn,4791,19.705,0,0
lmdb,churn,4792,27.204,0,0
lmdb,churn,4793,25.851,0,0
lmdb,churn,4794,17.431,0,0
lmdb,churn,4795,19.910,0,0
lmdb,churn,4796,24.996,0,0
lmdb,churn,4797,15.641,0,0
lmdb,churn,4798,21.385,0,0
lmdb,churn,4799,17.870,0,0
lmdb,churn,4800,21.196,5486706688,1339525
lmdb,churn,4801,20.871,0,0
lmdb,churn,4802,32.029,0,0
lmdb,churn,4803,33.115,0,0
lmdb,churn,4804,39.052,0,0
lmdb,churn,4805,34.951,0,0
lmdb,churn,4806,37.752,0,0
lmdb,churn,4807,41.948,0,0
lmdb,churn,4808,32.600,0,0
lmdb,churn,4809,51.363,0,0
lmdb,churn,4810,48.775,5490909184,1340551
lmdb,churn,4811,42.916,0,0
lmdb,churn,4812,41.830,0,0
lmdb,churn,4813,16.879,0,0
lmdb,churn,4814,17.094,0,0
lmdb,churn,4815,16.640,0,0
lmdb,churn,4816,23.428,0,0
lmdb,churn,4817,16.327,0,0
lmdb,churn,4818,23.619,0,0
lmdb,churn,4819,27.898,0,0
lmdb,churn,4820,24.111,5493030912,1341069
lmdb,churn,4821,22.660,0,0
lmdb,churn,4822,27.553,0,0
lmdb,churn,4823,22.480,0,0
lmdb,churn,4824,16.643,0,0
lmdb,churn,4825,20.128,0,0
lmdb,churn,4826,18.732,0,0
lmdb,churn,4827,20.456,0,0
lmdb,churn,4828,16.342,0,0
lmdb,churn,4829,15.202,0,0
lmdb,churn,4830,16.430,5493030912,1341069
lmdb,churn,4831,20.272,0,0
lmdb,churn,4832,15.314,0,0
lmdb,churn,4833,18.426,0,0
lmdb,churn,4834,87.513,0,0
lmdb,churn,4835,30.068,0,0
lmdb,churn,4836,19.186,0,0
lmdb,churn,4837,24.506,0,0
lmdb,churn,4838,22.585,0,0
lmdb,churn,4839,32.581,0,0
lmdb,churn,4840,22.118,5495132160,1341582
lmdb,churn,4841,33.934,0,0
lmdb,churn,4842,33.846,0,0
lmdb,churn,4843,38.354,0,0
lmdb,churn,4844,29.116,0,0
lmdb,churn,4845,16.483,0,0
lmdb,churn,4846,26.207,0,0
lmdb,churn,4847,26.171,0,0
lmdb,churn,4848,19.210,0,0
lmdb,churn,4849,17.617,0,0
lmdb,churn,4850,19.444,5497245696,1342098
lmdb,churn,4851,36.882,0,0
lmdb,churn,4852,18.123,0,0
lmdb,churn,4853,20.439,0,0
lmdb,churn,4854,20.306,0,0
lmdb,churn,4855,20.228,0,0
lmdb,churn,4856,19.634,0,0
lmdb,churn,4857,26.921,0,0
lmdb,churn,4858,19.635,0,0
lmdb,churn,4859,16.217,0,0
lmdb,churn,4860,18.582,5499346944,1342611
lmdb,churn,4861,17.586,0,0
lmdb,churn,4862,15.640,0,0
lmdb,churn,4863,16.045,0,0
lmdb,churn,4864,19.226,0,0
lmdb,churn,4865,18.535,0,0
lmdb,churn,4866,16.705,0,0
lmdb,churn,4867,16.720,0,0
lmdb,churn,4868,18.986,0,0
lmdb,churn,4869,18.545,0,0
lmdb,churn,4870,17.659,5501448192,1343124
lmdb,churn,4871,20.580,0,0
lmdb,churn,4872,38.751,0,0
lmdb,churn,4873,25.225,0,0
lmdb,churn,4874,16.126,0,0
lmdb,churn,4875,15.530,0,0
lmdb,churn,4876,21.349,0,0
lmdb,churn,4877,21.779,0,0
lmdb,churn,4878,19.373,0,0
lmdb,churn,4879,24.821,0,0
lmdb,churn,4880,19.077,5503549440,1343637
lmdb,churn,4881,23.343,0,0
lmdb,churn,4882,18.257,0,0
lmdb,churn,4883,20.322,0,0
lmdb,churn,4884,20.238,0,0
lmdb,churn,4885,22.537,0,0
lmdb,churn,4886,25.262,0,0
lmdb,churn,4887,16.522,0,0
lmdb,churn,4888,17.605,0,0
lmdb,churn,4889,15.446,0,0
lmdb,churn,4890,20.894,5503569920,1343642
lmdb,churn,4891,17.210,0,0
lmdb,churn,4892,30.955,0,0
lmdb,churn,4893,20.672,0,0
lmdb,churn,4894,18.209,0,0
lmdb,churn,4895,16.017,0,0
lmdb,churn,4896,17.470,0,0
lmdb,churn,4897,18.715,0,0
lmdb,churn,4898,15.946,0,0
lmdb,churn,4899,22.673,0,0
lmdb,churn,4900,22.058,5507772416,1344668
lmdb,churn,4901,18.105,0,0
lmdb,churn,4902,20.847,0,0
lmdb,churn,4903,21.484,0,0
lmdb,churn,4904,15.557,0,0
lmdb,churn,4905,15.210,0,0
lmdb,churn,4906,14.435,0,0
lmdb,churn,4907,17.910,0,0
lmdb,churn,4908,30.069,0,0
lmdb,churn,4909,21.157,0,0
lmdb,churn,4910,20.492,5509873664,1345181
lmdb,churn,4911,19.276,0,0
lmdb,churn,4912,22.142,0,0
lmdb,churn,4913,16.194,0,0
lmdb,churn,4914,17.306,0,0
lmdb,churn,4915,16.642,0,0
lmdb,churn,4916,16.135,0,0
lmdb,churn,4917,16.359,0,0
lmdb,churn,4918,15.350,0,0
lmdb,churn,4919,21.000,0,0
lmdb,churn,4920,18.552,5511974912,1345694
lmdb,churn,4921,16.458,0,0
lmdb,churn,4922,18.443,0,0
lmdb,churn,4923,16.928,0,0
lmdb,churn,4924,18.374,0,0
lmdb,churn,4925,15.530,0,0
lmdb,churn,4926,24.999,0,0
lmdb,churn,4927,15.229,0,0
lmdb,churn,4928,22.818,0,0
lmdb,churn,4929,21.118,0,0
lmdb,churn,4930,18.767,5514076160,1346207
lmdb,churn,4931,18.150,0,0
lmdb,churn,4932,19.622,0,0
lmdb,churn,4933,15.573,0,0
lmdb,churn,4934,19.110,0,0
lmdb,churn,4935,17.659,0,0
lmdb,churn,4936,19.193,0,0
lmdb,churn,4937,24.380,0,0
lmdb,churn,4938,14.936,0,0
lmdb,churn,4939,20.045,0,0
lmdb,churn,4940,18.222,5514076160,1346207
lmdb,churn,4941,15.443,0,0
lmdb,churn,4942,22.570,0,0
lmdb,churn,4943,20.428,0,0
lmdb,churn,4944,17.547,0,0
lmdb,churn,4945,17.165,0,0
lmdb,churn,4946,18.333,0,0
lmdb,churn,4947,22.384,0,0
lmdb,churn,4948,20.486,0,0
lmdb,churn,4949,16.723,0,0
lmdb,churn,4950,19.738,5516177408,1346720
lmdb,churn,4951,16.241,0,0
lmdb,churn,4952,15.344,0,0
lmdb,churn,4953,14.746,0,0
lmdb,churn,4954,16.581,0,0
lmdb,churn,4955,14.623,0,0
lmdb,churn,4956,30.120,0,0
lmdb,churn,4957,16.216,0,0
lmdb,churn,4958,21.767,0,0
lmdb,churn,4959,22.974,0,0
lmdb,churn,4960,15.318,5518278656,1347233
lmdb,churn,4961,16.195,0,0
lmdb,churn,4962,18.863,0,0
lmdb,churn,4963,19.792,0,0
lmdb,churn,4964,15.593,0,0
lmdb,churn,4965,15.174,0,0
lmdb,churn,4966,21.256,0,0
lmdb,churn,4967,30.264,0,0
lmdb,churn,4968,16.758,0,0
lmdb,churn,4969,18.401,0,0
lmdb,churn,4970,16.267,5518278656,1347233
lmdb,churn,4971,17.770,0,0
lmdb,churn,4972,20.116,0,0
lmdb,churn,4973,23.112,0,0
lmdb,churn,4974,24.904,0,0
lmdb,churn,4975,32.437,0,0
lmdb,churn,4976,38.394,0,0
lmdb,churn,4977,35.963,0,0
lmdb,churn,4978,28.427,0,0
lmdb,churn,4979,16.480,0,0
lmdb,churn,4980,15.174,5520379904,1347746
lmdb,churn,4981,18.624,0,0
lmdb,churn,4982,15.198,0,0
lmdb,churn,4983,15.201,0,0
lmdb,churn,4984,17.355,0,0
lmdb,churn,4985,13.872,0,0
lmdb,churn,4986,15.819,0,0
lmdb,churn,4987,38.947,0,0
lmdb,churn,4988,18.586,0,0
lmdb,churn,4989,29.679,0,0
lmdb,churn,4990,17.747,5522481152,1348259
lmdb,churn,4991,15.942,0,0
lmdb,churn,4992,22.985,0,0
lmdb,churn,4993,16.344,0,0
lmdb,churn,4994,14.169,0,0
lmdb,churn,4995,17.216,0,0
lmdb,churn,4996,19.043,0,0
lmdb,churn,4997,17.984,0,0
lmdb,churn,4998,19.324,0,0
lmdb,churn,4999,17.591,0,0
lmdb,churn,5000,22.109,5524594688,1348775
lmdb,churn,5001,17.246,0,0
lmdb,churn,5002,16.117,0,0
lmdb,churn,5003,19.192,0,0
lmdb,churn,5004,16.644,0,0
lmdb,churn,5005,14.154,0,0
lmdb,churn,5006,13.980,0,0
lmdb,churn,5007,17.729,0,0
lmdb,churn,5008,17.144,0,0
lmdb,churn,5009,15.901,0,0
lmdb,churn,5010,16.293,5526695936,1349288
lmdb,churn,5011,15.621,0,0
lmdb,churn,5012,18.436,0,0
lmdb,churn,5013,17.087,0,0
lmdb,churn,5014,15.789,0,0
lmdb,churn,5015,15.415,0,0
lmdb,churn,5016,18.950,0,0
lmdb,churn,5017,18.950,0,0
lmdb,churn,5018,27.930,0,0
lmdb,churn,5019,21.701,0,0
lmdb,churn,5020,17.927,5528809472,1349804
lmdb,churn,5021,19.098,0,0
lmdb,churn,5022,15.384,0,0
lmdb,churn,5023,14.189,0,0
lmdb,churn,5024,18.983,0,0
lmdb,churn,5025,16.539,0,0
lmdb,churn,5026,19.483,0,0
lmdb,churn,5027,15.690,0,0
lmdb,churn,5028,22.972,0,0
lmdb,churn,5029,15.397,0,0
lmdb,churn,5030,17.053,5530910720,1350317
lmdb,churn,5031,16.593,0,0
lmdb,churn,5032,16.213,0,0
lmdb,churn,5033,20.920,0,0
lmdb,churn,5034,18.312,0,0
lmdb,churn,5035,26.011,0,0
lmdb,churn,5036,18.147,0,0
lmdb,churn,5037,17.058,0,0
lmdb,churn,5038,20.427,0,0
lmdb,churn,5039,22.905,0,0
lmdb,churn,5040,23.614,5533011968,1350830
lmdb,churn,5041,26.690,0,0
lmdb,churn,5042,19.783,0,0
lmdb,churn,5043,19.827,0,0
lmdb,churn,5044,53.450,0,0
lmdb,churn,5045,23.910,0,0
lmdb,churn,5046,19.937,0,0
lmdb,churn,5047,29.045,0,0
lmdb,churn,5048,70.996,0,0
lmdb,churn,5049,43.276,0,0
lmdb,churn,5050,40.195,5535113216,1351343
lmdb,churn,5051,47.123,0,0
lmdb,churn,5052,31.741,0,0
lmdb,churn,5053,43.969,0,0
lmdb,churn,5054,28.803,0,0
lmdb,churn,5055,17.570,0,0
lmdb,churn,5056,19.217,0,0
lmdb,churn,5057,24.235,0,0
lmdb,churn,5058,16.559,0,0
lmdb,churn,5059,15.188,0,0
lmdb,churn,5060,23.929,5535113216,1351343
lmdb,churn,5061,22.610,0,0
lmdb,churn,5062,16.016,0,0
lmdb,churn,5063,20.787,0,0
lmdb,churn,5064,17.479,0,0
lmdb,churn,5065,23.388,0,0
lmdb,churn,5066,15.864,0,0
lmdb,churn,5067,22.938,0,0
lmdb,churn,5068,18.832,0,0
lmdb,churn,5069,15.407,0,0
lmdb,churn,5070,17.487,5537214464,1351856
lmdb,churn,5071,21.651,0,0
lmdb,churn,5072,16.903,0,0
lmdb,churn,5073,17.741,0,0
lmdb,churn,5074,20.208,0,0
lmdb,churn,5075,27.315,0,0
lmdb,churn,5076,25.862,0,0
lmdb,churn,5077,17.447,0,0
lmdb,churn,5078,20.237,0,0
lmdb,churn,5079,21.518,0,0
lmdb,churn,5080,18.497,5539315712,1352369
lmdb,churn,5081,19.674,0,0
lmdb,churn,5082,18.097,0,0
lmdb,churn,5083,27.484,0,0
lmdb,churn,5084,23.203,0,0
lmdb,churn,5085,14.703,0,0
lmdb,churn,5086,24.030,0,0
lmdb,churn,5087,16.075,0,0
lmdb,churn,5088,15.936,0,0
lmdb,churn,5089,28.233,0,0
lmdb,churn,5090,15.088,5541416960,1352882
lmdb,churn,5091,16.444,0,0
lmdb,churn,5092,29.630,0,0
lmdb,churn,5093,19.211,0,0
lmdb,churn,5094,30.649,0,0
lmdb,churn,5095,22.761,0,0
lmdb,churn,5096,13.880,0,0
lmdb,churn,5097,16.817,0,0
lmdb,churn,5098,35.768,0,0
lmdb,churn,5099,18.923,0,0
lmdb,churn,5100,18.211,5543518208,1353395
lmdb,churn,5101,24.217,0,0
lmdb,churn,5102,20.507,0,0
lmdb,churn,5103,27.266,0,0
lmdb,churn,5104,17.687,0,0
lmdb,churn,5105,16.900,0,0
lmdb,churn,5106,25.190,0,0
lmdb,churn,5107,19.570,0,0
lmdb,churn,5108,15.545,0,0
lmdb,churn,5109,21.298,0,0
lmdb,churn,5110,21.399,5543530496,1353398
lmdb,churn,5111,23.174,0,0
lmdb,churn,5112,17.851,0,0
lmdb,churn,5113,17.411,0,0
lmdb,churn,5114,18.833,0,0
lmdb,churn,5115,21.887,0,0
lmdb,churn,5116,15.971,0,0
lmdb,churn,5117,17.482,0,0
lmdb,churn,5118,32.131,0,0
lmdb,churn,5119,16.540,0,0
lmdb,churn,5120,16.772,5547732992,1354424
lmdb,churn,5121,19.613,0,0
lmdb,churn,5122,16.356,0,0
lmdb,churn,5123,28.490,0,0
lmdb,churn,5124,20.749,0,0
lmdb,churn,5125,14.964,0,0
lmdb,churn,5126,17.185,0,0
lmdb,churn,5127,15.291,0,0
lmdb,churn,5128,18.799,0,0
lmdb,churn,5129,23.676,0,0
lmdb,churn,5130,15.402,5547732992,1354424
lmdb,churn,5131,20.912,0,0
lmdb,churn,5132,14.021,0,0
lmdb,churn,5133,19.385,0,0
lmdb,churn,5134,16.827,0,0
lmdb,churn,5135,22.110,0,0
lmdb,churn,5136,30.151,0,0
lmdb,churn,5137,16.584,0,0
lmdb,churn,5138,18.299,0,0
lmdb,churn,5139,27.661,0,0
lmdb,churn,5140,17.809,5551935488,1355450
lmdb,churn,5141,25.055,0,0
lmdb,churn,5142,19.008,0,0
lmdb,churn,5143,17.805,0,0
lmdb,churn,5144,38.276,0,0
lmdb,churn,5145,33.757,0,0
lmdb,churn,5146,17.392,0,0
lmdb,churn,5147,22.989,0,0
lmdb,churn,5148,18.390,0,0
lmdb,churn,5149,19.801,0,0
lmdb,churn,5150,22.974,5551935488,1355450
lmdb,churn,5151,23.690,0,0
lmdb,churn,5152,32.311,0,0
lmdb,churn,5153,23.766,0,0
lmdb,churn,5154,27.726,0,0
lmdb,churn,5155,21.538,0,0
lmdb,churn,5156,22.435,0,0
lmdb,churn,5157,18.469,0,0
lmdb,churn,5158,25.671,0,0
lmdb,churn,5159,19.025,0,0
lmdb,churn,5160,16.060,5554036736,1355963
lmdb,churn,5161,17.365,0,0
lmdb,churn,5162,19.520,0,0
lmdb,churn,5163,15.790,0,0
lmdb,churn,5164,26.892,0,0
lmdb,churn,5165,22.189,0,0
lmdb,churn,5166,25.010,0,0
lmdb,churn,5167,18.070,0,0
lmdb,churn,5168,18.159,0,0
lmdb,churn,5169,14.553,0,0
lmdb,churn,5170,19.515,5556158464,1356481
lmdb,churn,5171,15.346,0,0
lmdb,churn,5172,19.477,0,0
lmdb,churn,5173,22.254,0,0
lmdb,churn,5174,14.163,0,0
lmdb,churn,5175,16.435,0,0
lmdb,churn,5176,15.702,0,0
lmdb,churn,5177,14.910,0,0
lmdb,churn,5178,19.838,0,0
lmdb,churn,5179,18.907,0,0
lmdb,churn,5180,20.326,5558259712,1356994
lmdb,churn,5181,20.489,0,0
lmdb,churn,5182,17.719,0,0
lmdb,churn,5183,18.342,0,0
lmdb,churn,5184,24.881,0,0
lmdb,churn,5185,16.699,0,0
lmdb,churn,5186,20.038,0,0
lmdb,churn,5187,20.200,0,0
lmdb,churn,5188,20.515,0,0
lmdb,churn,5189,19.744,0,0
lmdb,churn,5190,21.007,5560360960,1357507
lmdb,churn,5191,36.283,0,0
lmdb,churn,5192,56.382,0,0
lmdb,churn,5193,17.672,0,0
lmdb,churn,5194,16.617,0,0
lmdb,churn,5195,15.921,0,0
lmdb,churn,5196,17.332,0,0
lmdb,churn,5197,20.192,0,0
lmdb,churn,5198,22.469,0,0
lmdb,churn,5199,25.645,0,0
lmdb,churn,5200,20.096,5562462208,1358020
lmdb,churn,5201,20.334,0,0
lmdb,churn,5202,20.896,0,0
lmdb,churn,5203,21.779,0,0
lmdb,churn,5204,19.711,0,0
lmdb,churn,5205,16.332,0,0
lmdb,churn,5206,20.835,0,0
lmdb,churn,5207,17.505,0,0
lmdb,churn,5208,23.435,0,0
lmdb,churn,5209,15.461,0,0
lmdb,churn,5210,18.978,5564575744,1358536
lmdb,churn,5211,24.422,0,0
lmdb,churn,5212,18.636,0,0
lmdb,churn,5213,20.338,0,0
lmdb,churn,5214,16.507,0,0
lmdb,churn,5215,30.706,0,0
lmdb,churn,5216,32.896,0,0
lmdb,churn,5217,36.124,0,0
lmdb,churn,5218,32.269,0,0
lmdb,churn,5219,36.455,0,0
lmdb,churn,5220,16.203,5566689280,1359052
lmdb,churn,5221,32.958,0,0
lmdb,churn,5222,21.156,0,0
lmdb,churn,5223,21.491,0,0
lmdb,churn,5224,16.642,0,0
lmdb,churn,5225,21.230,0,0
lmdb,churn,5226,19.246,0,0
lmdb,churn,5227,19.538,0,0
lmdb,churn,5228,19.100,0,0
lmdb,churn,5229,18.772,0,0
lmdb,churn,5230,16.142,5568802816,1359568
lmdb,churn,5231,16.249,0,0
lmdb,churn,5232,18.647,0,0
lmdb,churn,5233,15.352,0,0
lmdb,churn,5234,22.641,0,0
lmdb,churn,5235,19.110,0,0
lmdb,churn,5236,17.027,0,0
lmdb,churn,5237,16.429,0,0
lmdb,churn,5238,43.919,0,0
lmdb,churn,5239,18.917,0,0
lmdb,churn,5240,16.699,5570904064,1360081
lmdb,churn,5241,14.951,0,0
lmdb,churn,5242,18.442,0,0
lmdb,churn,5243,16.252,0,0
lmdb,churn,5244,16.594,0,0
lmdb,churn,5245,15.692,0,0
lmdb,churn,5246,15.706,0,0
lmdb,churn,5247,27.024,0,0
lmdb,churn,5248,16.827,0,0
lmdb,churn,5249,20.204,0,0
lmdb,churn,5250,19.461,5573005312,1360594
lmdb,churn,5251,15.505,0,0
lmdb,churn,5252,21.550,0,0
lmdb,churn,5253,22.551,0,0
lmdb,churn,5254,19.930,0,0
lmdb,churn,5255,22.334,0,0
lmdb,churn,5256,14.440,0,0
lmdb,churn,5257,17.666,0,0
lmdb,churn,5258,16.931,0,0
lmdb,churn,5259,18.773,0,0
lmdb,churn,5260,29.753,5575118848,1361110
lmdb,churn,5261,23.349,0,0
lmdb,churn,5262,18.826,0,0
lmdb,churn,5263,26.970,0,0
lmdb,churn,5264,17.850,0,0
lmdb,churn,5265,16.765,0,0
lmdb,churn,5266,16.236,0,0
lmdb,churn,5267,24.071,0,0
lmdb,churn,5268,16.931,0,0
lmdb,churn,5269,23.602,0,0
lmdb,churn,5270,16.943,5575118848,1361110
lmdb,churn,5271,18.180,0,0
lmdb,churn,5272,24.610,0,0
lmdb,churn,5273,16.082,0,0
lmdb,churn,5274,24.199,0,0
lmdb,churn,5275,17.901,0,0
lmdb,churn,5276,17.068,0,0
lmdb,churn,5277,20.245,0,0
lmdb,churn,5278,37.238,0,0
lmdb,churn,5279,35.146,0,0
lmdb,churn,5280,19.307,5577220096,1361623
lmdb,churn,5281,35.074,0,0
lmdb,churn,5282,20.441,0,0
lmdb,churn,5283,19.561,0,0
lmdb,churn,5284,17.644,0,0
lmdb,churn,5285,21.893,0,0
lmdb,churn,5286,26.163,0,0
lmdb,churn,5287,16.297,0,0
lmdb,churn,5288,17.002,0,0
lmdb,churn,5289,14.901,0,0
lmdb,churn,5290,16.516,5579321344,1362136
lmdb,churn,5291,22.261,0,0
lmdb,churn,5292,15.244,0,0
lmdb,churn,5293,16.505,0,0
lmdb,churn,5294,23.981,0,0
lmdb,churn,5295,20.238,0,0
lmdb,churn,5296,17.399,0,0
lmdb,churn,5297,45.460,0,0
lmdb,churn,5298,17.598,0,0
lmdb,churn,5299,47.609,0,0
lmdb,churn,5300,15.990,5581422592,1362649
lmdb,churn,5301,20.889,0,0
lmdb,churn,5302,16.468,0,0
lmdb,churn,5303,15.668,0,0
lmdb,churn,5304,17.917,0,0
lmdb,churn,5305,15.815,0,0
lmdb,churn,5306,20.841,0,0
lmdb,churn,5307,25.496,0,0
lmdb,churn,5308,15.848,0,0
lmdb,churn,5309,16.744,0,0
lmdb,churn,5310,18.444,5583536128,1363165
lmdb,churn,5311,25.406,0,0
lmdb,churn,5312,17.382,0,0
lmdb,churn,5313,22.931,0,0
lmdb,churn,5314,16.050,0,0
lmdb,churn,5315,28.877,0,0
lmdb,churn,5316,16.679,0,0
lmdb,churn,5317,18.786,0,0
lmdb,churn,5318,16.715,0,0
lmdb,churn,5319,17.307,0,0
lmdb,churn,5320,16.627,5585637376,1363678
lmdb,churn,5321,19.687,0,0
lmdb,churn,5322,20.196,0,0
lmdb,churn,5323,21.229,0,0
lmdb,churn,5324,30.389,0,0
lmdb,churn,5325,15.314,0,0
lmdb,churn,5326,20.667,0,0
lmdb,churn,5327,18.501,0,0
lmdb,churn,5328,22.483,0,0
lmdb,churn,5329,34.729,0,0
lmdb,churn,5330,14.289,5589852160,1364707
lmdb,churn,5331,19.761,0,0
lmdb,churn,5332,19.029,0,0
lmdb,churn,5333,25.986,0,0
lmdb,churn,5334,18.723,0,0
lmdb,churn,5335,16.495,0,0
lmdb,churn,5336,19.590,0,0
lmdb,churn,5337,18.115,0,0
lmdb,churn,5338,37.798,0,0
lmdb,churn,5339,41.532,0,0
lmdb,churn,5340,25.447,5589852160,1364707
lmdb,churn,5341,44.140,0,0
lmdb,churn,5342,24.301,0,0
lmdb,churn,5343,63.720,0,0
lmdb,churn,5344,31.039,0,0
lmdb,churn,5345,51.727,0,0
lmdb,churn,5346,40.805,0,0
lmdb,churn,5347,34.868,0,0
lmdb,churn,5348,31.835,0,0
lmdb,churn,5349,33.759,0,0
lmdb,churn,5350,41.480,5591953408,1365220
lmdb,churn,5351,32.780,0,0
lmdb,churn,5352,28.254,0,0
lmdb,churn,5353,27.909,0,0
lmdb,churn,5354,32.502,0,0
lmdb,churn,5355,44.123,0,0
lmdb,churn,5356,39.029,0,0
lmdb,churn,5357,46.824,0,0
lmdb,churn,5358,36.476,0,0
lmdb,churn,5359,24.130,0,0
lmdb,churn,5360,15.690,5594066944,1365736
lmdb,churn,5361,15.277,0,0
lmdb,churn,5362,18.099,0,0
lmdb,churn,5363,14.605,0,0
lmdb,churn,5364,24.001,0,0
lmdb,churn,5365,17.983,0,0
lmdb,churn,5366,23.989,0,0
lmdb,churn,5367,18.757,0,0
lmdb,churn,5368,20.823,0,0
lmdb,churn,5369,19.667,0,0
lmdb,churn,5370,23.516,5596168192,1366249
lmdb,churn,5371,21.502,0,0
lmdb,churn,5372,17.096,0,0
lmdb,churn,5373,22.560,0,0
lmdb,churn,5374,16.099,0,0
lmdb,churn,5375,16.600,0,0
lmdb,churn,5376,22.887,0,0
lmdb,churn,5377,26.022,0,0
lmdb,churn,5378,18.927,0,0
lmdb,churn,5379,17.597,0,0
lmdb,churn,5380,15.302,5598289920,1366767
lmdb,churn,5381,18.511,0,0
lmdb,churn,5382,19.947,0,0
lmdb,churn,5383,15.265,0,0
lmdb,churn,5384,17.373,0,0
lmdb,churn,5385,28.164,0,0
lmdb,churn,5386,18.021,0,0
lmdb,churn,5387,20.109,0,0
lmdb,churn,5388,24.620,0,0
lmdb,churn,5389,18.300,0,0
lmdb,churn,5390,19.473,5600391168,1367280
lmdb,churn,5391,20.187,0,0
lmdb,churn,5392,21.637,0,0
lmdb,churn,5393,15.579,0,0
lmdb,churn,5394,18.092,0,0
lmdb,churn,5395,15.675,0,0
lmdb,churn,5396,25.757,0,0
lmdb,churn,5397,18.906,0,0
lmdb,churn,5398,21.962,0,0
lmdb,churn,5399,16.989,0,0
lmdb,churn,5400,23.800,5602492416,1367793
lmdb,churn,5401,14.753,0,0
lmdb,churn,5402,19.006,0,0
lmdb,churn,5403,35.962,0,0
lmdb,churn,5404,15.103,0,0
lmdb,churn,5405,19.431,0,0
lmdb,churn,5406,22.432,0,0
lmdb,churn,5407,19.567,0,0
lmdb,churn,5408,22.437,0,0
lmdb,churn,5409,17.481,0,0
lmdb,churn,5410,25.742,5604593664,1368306
lmdb,churn,5411,28.365,0,0
lmdb,churn,5412,21.280,0,0
lmdb,churn,5413,91.529,0,0
lmdb,churn,5414,27.351,0,0
lmdb,churn,5415,28.808,0,0
lmdb,churn,5416,58.671,0,0
lmdb,churn,5417,34.190,0,0
lmdb,churn,5418,30.958,0,0
lmdb,churn,5419,30.534,0,0
lmdb,churn,5420,25.169,5606707200,1368822
lmdb,churn,5421,43.522,0,0
lmdb,churn,5422,47.002,0,0
lmdb,churn,5423,36.380,0,0
lmdb,churn,5424,19.938,0,0
lmdb,churn,5425,22.544,0,0
lmdb,churn,5426,15.337,0,0
lmdb,churn,5427,20.073,0,0
lmdb,churn,5428,16.199,0,0
lmdb,churn,5429,23.228,0,0
lmdb,churn,5430,22.062,5606707200,1368822
lmdb,churn,5431,27.684,0,0
lmdb,churn,5432,15.718,0,0
lmdb,churn,5433,19.745,0,0
lmdb,churn,5434,20.325,0,0
lmdb,churn,5435,18.694,0,0
lmdb,churn,5436,20.347,0,0
lmdb,churn,5437,16.982,0,0
lmdb,churn,5438,23.527,0,0
lmdb,churn,5439,23.161,0,0
lmdb,churn,5440,14.456,5608808448,1369335
lmdb,churn,5441,18.450,0,0
lmdb,churn,5442,21.929,0,0
lmdb,churn,5443,22.899,0,0
lmdb,churn,5444,16.158,0,0
lmdb,churn,5445,14.745,0,0
lmdb,churn,5446,16.245,0,0
lmdb,churn,5447,21.316,0,0
lmdb,churn,5448,15.306,0,0
lmdb,churn,5449,19.895,0,0
lmdb,churn,5450,18.126,5610909696,1369848
lmdb,churn,5451,22.623,0,0
lmdb,churn,5452,24.637,0,0
lmdb,churn,5453,15.963,0,0
lmdb,churn,5454,29.291,0,0
lmdb,churn,5455,16.509,0,0
lmdb,churn,5456,17.652,0,0
lmdb,churn,5457,16.434,0,0
lmdb,churn,5458,14.482,0,0
lmdb,churn,5459,22.139,0,0
lmdb,churn,5460,18.922,5613010944,1370361
lmdb,churn,5461,21.588,0,0
lmdb,churn,5462,26.875,0,0
lmdb,churn,5463,17.048,0,0
lmdb,churn,5464,16.122,0,0
lmdb,churn,5465,19.141,0,0
lmdb,churn,5466,21.142,0,0
lmdb,churn,5467,26.309,0,0
lmdb,churn,5468,22.039,0,0
lmdb,churn,5469,24.131,0,0
lmdb,churn,5470,16.918,5615112192,1370874
lmdb,churn,5471,18.489,0,0
lmdb,churn,5472,17.288,0,0
lmdb,churn,5473,19.296,0,0
lmdb,churn,5474,22.234,0,0
lmdb,churn,5475,19.631,0,0
lmdb,churn,5476,21.432,0,0
lmdb,churn,5477,41.800,0,0
lmdb,churn,5478,44.265,0,0
lmdb,churn,5479,31.774,0,0
lmdb,churn,5480,40.618,5617213440,1371387
lmdb,churn,5481,40.069,0,0
lmdb,churn,5482,17.155,0,0
lmdb,churn,5483,29.133,0,0
lmdb,churn,5484,16.762,0,0
lmdb,churn,5485,18.441,0,0
lmdb,churn,5486,15.678,0,0
lmdb,churn,5487,17.566,0,0
lmdb,churn,5488,16.894,0,0
lmdb,churn,5489,15.238,0,0
lmdb,churn,5490,15.250,5617213440,1371387
lmdb,churn,5491,23.691,0,0
lmdb,churn,5492,19.463,0,0
lmdb,churn,5493,27.268,0,0
lmdb,churn,5494,24.377,0,0
lmdb,churn,5495,18.712,0,0
lmdb,churn,5496,18.236,0,0
lmdb,churn,5497,18.946,0,0
lmdb,churn,5498,23.177,0,0
lmdb,churn,5499,15.709,0,0
lmdb,churn,5500,22.572,5621415936,1372413
lmdb,churn,5501,20.401,0,0
lmdb,churn,5502,19.418,0,0
lmdb,churn,5503,19.955,0,0
lmdb,churn,5504,19.446,0,0
lmdb,churn,5505,18.534,0,0
lmdb,churn,5506,18.550,0,0
lmdb,churn,5507,26.960,0,0
lmdb,churn,5508,17.454,0,0
lmdb,churn,5509,16.969,0,0
lmdb,churn,5510,21.926,5621415936,1372413
lmdb,churn,5511,16.059,0,0
lmdb,churn,5512,16.852,0,0
lmdb,churn,5513,22.010,0,0
lmdb,churn,5514,26.092,0,0
lmdb,churn,5515,15.553,0,0
lmdb,churn,5516,25.017,0,0
lmdb,churn,5517,23.021,0,0
lmdb,churn,5518,19.038,0,0
lmdb,churn,5519,24.988,0,0
lmdb,churn,5520,15.821,5623517184,1372926
lmdb,churn,5521,18.199,0,0
lmdb,churn,5522,15.843,0,0
lmdb,churn,5523,28.432,0,0
lmdb,churn,5524,19.292,0,0
lmdb,churn,5525,28.815,0,0
lmdb,churn,5526,28.388,0,0
lmdb,churn,5527,23.328,0,0
lmdb,churn,5528,16.802,0,0
lmdb,churn,5529,18.065,0,0
lmdb,churn,5530,50.106,5625618432,1373439
lmdb,churn,5531,16.148,0,0
lmdb,churn,5532,41.438,0,0
lmdb,churn,5533,21.413,0,0
lmdb,churn,5534,32.554,0,0
lmdb,churn,5535,21.749,0,0
lmdb,churn,5536,29.385,0,0
lmdb,churn,5537,21.190,0,0
lmdb,churn,5538,32.900,0,0
lmdb,churn,5539,18.905,0,0
lmdb,churn,5540,16.379,5627719680,1373952
lmdb,churn,5541,17.094,0,0
lmdb,churn,5542,23.073,0,0
lmdb,churn,5543,20.683,0,0
lmdb,churn,5544,22.425,0,0
lmdb,churn,5545,19.471,0,0
lmdb,churn,5546,25.349,0,0
lmdb,churn,5547,21.909,0,0
lmdb,churn,5548,41.105,0,0
lmdb,churn,5549,21.893,0,0
lmdb,churn,5550,23.022,5629820928,1374465
lmdb,churn,5551,25.664,0,0
lmdb,churn,5552,20.934,0,0
lmdb,churn,5553,16.228,0,0
lmdb,churn,5554,20.649,0,0
lmdb,churn,5555,23.329,0,0
lmdb,churn,5556,19.007,0,0
lmdb,churn,5557,19.419,0,0
lmdb,churn,5558,21.006,0,0
lmdb,churn,5559,15.088,0,0
lmdb,churn,5560,16.942,5631922176,1374978
lmdb,churn,5561,17.153,0,0
lmdb,churn,5562,18.813,0,0
lmdb,churn,5563,19.527,0,0
lmdb,churn,5564,15.484,0,0
lmdb,churn,5565,18.442,0,0
lmdb,churn,5566,19.260,0,0
lmdb,churn,5567,16.380,0,0
lmdb,churn,5568,15.520,0,0
lmdb,churn,5569,22.158,0,0
lmdb,churn,5570,20.650,5634023424,1375491
lmdb,churn,5571,19.375,0,0
lmdb,churn,5572,22.919,0,0
lmdb,churn,5573,19.079,0,0
lmdb,churn,5574,19.714,0,0
lmdb,churn,5575,21.193,0,0
lmdb,churn,5576,23.020,0,0
lmdb,churn,5577,20.128,0,0
lmdb,churn,5578,20.047,0,0
lmdb,churn,5579,14.162,0,0
lmdb,churn,5580,16.777,5636124672,1376004
lmdb,churn,5581,17.668,0,0
lmdb,churn,5582,17.448,0,0
lmdb,churn,5583,22.189,0,0
lmdb,churn,5584,17.658,0,0
lmdb,churn,5585,37.471,0,0
lmdb,churn,5586,31.330,0,0
lmdb,churn,5587,35.035,0,0
lmdb,churn,5588,31.666,0,0
lmdb,churn,5589,39.843,0,0
lmdb,churn,5590,41.179,5636124672,1376004
lmdb,churn,5591,28.206,0,0
lmdb,churn,5592,27.365,0,0
lmdb,churn,5593,36.646,0,0
lmdb,churn,5594,37.663,0,0
lmdb,churn,5595,34.318,0,0
lmdb,churn,5596,24.550,0,0
lmdb,churn,5597,16.929,0,0
lmdb,churn,5598,20.542,0,0
lmdb,churn,5599,18.051,0,0
lmdb,churn,5600,19.804,5638225920,1376517
lmdb,churn,5601,41.571,0,0
lmdb,churn,5602,32.932,0,0
lmdb,churn,5603,24.493,0,0
lmdb,churn,5604,20.677,0,0
lmdb,churn,5605,24.290,0,0
lmdb,churn,5606,16.327,0,0
lmdb,churn,5607,16.681,0,0
lmdb,churn,5608,20.104,0,0
lmdb,churn,5609,19.409,0,0
lmdb,churn,5610,27.558,5640327168,1377030
lmdb,churn,5611,24.848,0,0
lmdb,churn,5612,16.364,0,0
lmdb,churn,5613,17.491,0,0
lmdb,churn,5614,15.145,0,0
lmdb,churn,5615,15.925,0,0
lmdb,churn,5616,29.147,0,0
lmdb,churn,5617,30.369,0,0
lmdb,churn,5618,20.692,0,0
lmdb,churn,5619,17.831,0,0
lmdb,churn,5620,14.411,5642440704,1377546
lmdb,churn,5621,14.686,0,0
lmdb,churn,5622,16.287,0,0
lmdb,churn,5623,17.398,0,0
lmdb,churn,5624,19.875,0,0
lmdb,churn,5625,13.351,0,0
lmdb,churn,5626,24.811,0,0
lmdb,churn,5627,13.658,0,0
lmdb,churn,5628,16.104,0,0
lmdb,churn,5629,18.061,0,0
lmdb,churn,5630,25.286,5644541952,1378059
lmdb,churn,5631,17.441,0,0
lmdb,churn,5632,15.424,0,0
lmdb,churn,5633,22.493,0,0
lmdb,churn,5634,18.474,0,0
lmdb,churn,5635,16.349,0,0
lmdb,churn,5636,14.360,0,0
lmdb,churn,5637,13.620,0,0
lmdb,churn,5638,20.541,0,0
lmdb,churn,5639,15.670,0,0
lmdb,churn,5640,19.367,5646655488,1378575
lmdb,churn,5641,19.239,0,0
lmdb,churn,5642,23.168,0,0
lmdb,churn,5643,23.209,0,0
lmdb,churn,5644,14.923,0,0
lmdb,churn,5645,14.469,0,0
lmdb,churn,5646,20.115,0,0
lmdb,churn,5647,23.723,0,0
lmdb,churn,5648,21.552,0,0
lmdb,churn,5649,16.649,0,0
lmdb,churn,5650,23.828,5648756736,1379088
lmdb,churn,5651,16.286,0,0
lmdb,churn,5652,15.146,0,0
lmdb,churn,5653,12.691,0,0
lmdb,churn,5654,15.551,0,0
lmdb,churn,5655,21.622,0,0
lmdb,churn,5656,15.476,0,0
lmdb,churn,5657,21.000,0,0
lmdb,churn,5658,21.831,0,0
lmdb,churn,5659,23.710,0,0
lmdb,churn,5660,19.149,5650857984,1379601
lmdb,churn,5661,16.268,0,0
lmdb,churn,5662,15.313,0,0
lmdb,churn,5663,35.138,0,0
lmdb,churn,5664,35.395,0,0
lmdb,churn,5665,102.365,0,0
lmdb,churn,5666,26.382,0,0
lmdb,churn,5667,18.605,0,0
lmdb,churn,5668,24.688,0,0
lmdb,churn,5669,27.339,0,0
lmdb,churn,5670,22.467,5652959232,1380114
lmdb,churn,5671,23.013,0,0
lmdb,churn,5672,16.662,0,0
lmdb,churn,5673,23.350,0,0
lmdb,churn,5674,20.052,0,0
lmdb,churn,5675,28.710,0,0
lmdb,churn,5676,16.844,0,0
lmdb,churn,5677,17.153,0,0
lmdb,churn,5678,25.334,0,0
lmdb,churn,5679,20.742,0,0
lmdb,churn,5680,14.483,5652971520,1380117
lmdb,churn,5681,20.518,0,0
lmdb,churn,5682,24.005,0,0
lmdb,churn,5683,14.903,0,0
lmdb,churn,5684,17.911,0,0
lmdb,churn,5685,22.006,0,0
lmdb,churn,5686,17.965,0,0
lmdb,churn,5687,15.184,0,0
lmdb,churn,5688,17.398,0,0
lmdb,churn,5689,16.782,0,0
lmdb,churn,5690,22.005,5657186304,1381146
lmdb,churn,5691,23.748,0,0
lmdb,churn,5692,16.685,0,0
lmdb,churn,5693,17.875,0,0
lmdb,churn,5694,21.336,0,0
lmdb,churn,5695,18.016,0,0
lmdb,churn,5696,17.821,0,0
lmdb,churn,5697,18.325,0,0
lmdb,churn,5698,17.176,0,0
lmdb,churn,5699,18.599,0,0
lmdb,churn,5700,18.451,5657186304,1381146
lmdb,churn,5701,16.034,0,0
lmdb,churn,5702,13.783,0,0
lmdb,churn,5703,17.098,0,0
lmdb,churn,5704,16.217,0,0
lmdb,churn,5705,14.985,0,0
lmdb,churn,5706,15.090,0,0
lmdb,churn,5707,25.454,0,0
lmdb,churn,5708,14.905,0,0
lmdb,churn,5709,16.214,0,0
lmdb,churn,5710,16.184,5659287552,1381659
lmdb,churn,5711,17.937,0,0
lmdb,churn,5712,23.270,0,0
lmdb,churn,5713,32.995,0,0
lmdb,churn,5714,21.961,0,0
lmdb,churn,5715,23.599,0,0
lmdb,churn,5716,21.884,0,0
lmdb,churn,5717,16.297,0,0
lmdb,churn,5718,19.255,0,0
lmdb,churn,5719,41.469,0,0
lmdb,churn,5720,42.867,5661388800,1382172
lmdb,churn,5721,33.047,0,0
lmdb,churn,5722,34.186,0,0
lmdb,churn,5723,31.761,0,0
lmdb,churn,5724,18.530,0,0
lmdb,churn,5725,19.635,0,0
lmdb,churn,5726,25.506,0,0
lmdb,churn,5727,16.133,0,0
lmdb,churn,5728,16.889,0,0
lmdb,churn,5729,23.585,0,0
lmdb,churn,5730,29.523,5661388800,1382172
lmdb,churn,5731,21.497,0,0
lmdb,churn,5732,25.142,0,0
lmdb,churn,5733,16.498,0,0
lmdb,churn,5734,23.761,0,0
lmdb,churn,5735,49.937,0,0
lmdb,churn,5736,14.884,0,0
lmdb,churn,5737,24.607,0,0
lmdb,churn,5738,15.634,0,0
lmdb,churn,5739,15.193,0,0
lmdb,churn,5740,21.050,5665591296,1383198
lmdb,churn,5741,17.591,0,0
lmdb,churn,5742,30.301,0,0
lmdb,churn,5743,21.601,0,0
lmdb,churn,5744,16.135,0,0
lmdb,churn,5745,28.442,0,0
lmdb,churn,5746,21.478,0,0
lmdb,churn,5747,19.278,0,0
lmdb,churn,5748,19.080,0,0
lmdb,churn,5749,22.573,0,0
lmdb,churn,5750,23.924,5665591296,1383198
lmdb,churn,5751,21.060,0,0
lmdb,churn,5752,25.962,0,0
lmdb,churn,5753,16.851,0,0
lmdb,churn,5754,19.909,0,0
lmdb,churn,5755,22.120,0,0
lmdb,churn,5756,21.218,0,0
lmdb,churn,5757,16.596,0,0
lmdb,churn,5758,19.750,0,0
lmdb,churn,5759,26.165,0,0
lmdb,churn,5760,16.037,5667692544,1383711
lmdb,churn,5761,17.699,0,0
lmdb,churn,5762,15.139,0,0
lmdb,churn,5763,27.569,0,0
lmdb,churn,5764,32.471,0,0
lmdb,churn,5765,14.752,0,0
lmdb,churn,5766,18.500,0,0
lmdb,churn,5767,18.389,0,0
lmdb,churn,5768,29.447,0,0
lmdb,churn,5769,20.944,0,0
lmdb,churn,5770,27.091,5669793792,1384224
lmdb,churn,5771,24.478,0,0
lmdb,churn,5772,17.690,0,0
lmdb,churn,5773,18.968,0,0
lmdb,churn,5774,26.835,0,0
lmdb,churn,5775,20.355,0,0
lmdb,churn,5776,21.300,0,0
lmdb,churn,5777,28.388,0,0
lmdb,churn,5778,19.743,0,0
lmdb,churn,5779,15.683,0,0
lmdb,churn,5780,23.206,5671895040,1384737
lmdb,churn,5781,12.979,0,0
lmdb,churn,5782,22.421,0,0
lmdb,churn,5783,34.090,0,0
lmdb,churn,5784,24.307,0,0
lmdb,churn,5785,17.444,0,0
lmdb,churn,5786,49.552,0,0
lmdb,churn,5787,27.218,0,0
lmdb,churn,5788,16.995,0,0
lmdb,churn,5789,33.193,0,0
lmdb,churn,5790,19.357,5671907328,1384740
lmdb,churn,5791,18.976,0,0
lmdb,churn,5792,22.533,0,0
lmdb,churn,5793,26.503,0,0
lmdb,churn,5794,20.690,0,0
lmdb,churn,5795,22.488,0,0
lmdb,churn,5796,18.001,0,0
lmdb,churn,5797,17.210,0,0
lmdb,churn,5798,28.739,0,0
lmdb,churn,5799,15.466,0,0
lmdb,churn,5800,15.422,5674008576,1385253
lmdb,churn,5801,18.343,0,0
lmdb,churn,5802,15.588,0,0
lmdb,churn,5803,18.543,0,0
lmdb,churn,5804,14.060,0,0
lmdb,churn,5805,28.719,0,0
lmdb,churn,5806,23.653,0,0
lmdb,churn,5807,24.399,0,0
lmdb,churn,5808,23.521,0,0
lmdb,churn,5809,29.505,0,0
lmdb,churn,5810,16.134,5676109824,1385766
lmdb,churn,5811,19.041,0,0
lmdb,churn,5812,15.261,0,0
lmdb,churn,5813,16.208,0,0
lmdb,churn,5814,13.988,0,0
lmdb,churn,5815,22.790,0,0
lmdb,churn,5816,14.796,0,0
lmdb,churn,5817,17.739,0,0
lmdb,churn,5818,19.989,0,0
lmdb,churn,5819,31.634,0,0
lmdb,churn,5820,23.045,5678211072,1386279
lmdb,churn,5821,15.970,0,0
lmdb,churn,5822,17.916,0,0
lmdb,churn,5823,19.588,0,0
lmdb,churn,5824,24.368,0,0
lmdb,churn,5825,22.007,0,0
lmdb,churn,5826,13.781,0,0
lmdb,churn,5827,21.017,0,0
lmdb,churn,5828,15.226,0,0
lmdb,churn,5829,24.501,0,0
lmdb,churn,5830,16.797,5678211072,1386279
lmdb,churn,5831,29.953,0,0
lmdb,churn,5832,32.777,0,0
lmdb,churn,5833,16.750,0,0
lmdb,churn,5834,20.882,0,0
lmdb,churn,5835,22.464,0,0
lmdb,churn,5836,19.032,0,0
lmdb,churn,5837,25.641,0,0
lmdb,churn,5838,21.136,0,0
lmdb,churn,5839,13.474,0,0
lmdb,churn,5840,19.433,5680312320,1386792
lmdb,churn,5841,19.321,0,0
lmdb,churn,5842,15.377,0,0
lmdb,churn,5843,38.649,0,0
lmdb,churn,5844,18.161,0,0
lmdb,churn,5845,24.678,0,0
lmdb,churn,5846,14.472,0,0
lmdb,churn,5847,21.406,0,0
lmdb,churn,5848,19.135,0,0
lmdb,churn,5849,21.352,0,0
lmdb,churn,5850,42.121,5682413568,1387305
lmdb,churn,5851,22.455,0,0
lmdb,churn,5852,16.521,0,0
lmdb,churn,5853,23.489,0,0
lmdb,churn,5854,23.362,0,0
lmdb,churn,5855,17.845,0,0
lmdb,churn,5856,18.186,0,0
lmdb,churn,5857,32.724,0,0
lmdb,churn,5858,18.800,0,0
lmdb,churn,5859,33.439,0,0
lmdb,churn,5860,17.760,5684514816,1387818
lmdb,churn,5861,21.149,0,0
lmdb,churn,5862,16.791,0,0
lmdb,churn,5863,18.172,0,0
lmdb,churn,5864,16.241,0,0
lmdb,churn,5865,16.714,0,0
lmdb,churn,5866,17.801,0,0
lmdb,churn,5867,15.681,0,0
lmdb,churn,5868,24.691,0,0
lmdb,churn,5869,28.471,0,0
lmdb,churn,5870,15.801,5686616064,1388331
lmdb,churn,5871,23.039,0,0
lmdb,churn,5872,19.947,0,0
lmdb,churn,5873,16.274,0,0
lmdb,churn,5874,26.997,0,0
lmdb,churn,5875,19.507,0,0
lmdb,churn,5876,15.340,0,0
lmdb,churn,5877,22.391,0,0
lmdb,churn,5878,14.678,0,0
lmdb,churn,5879,16.644,0,0
lmdb,churn,5880,16.163,5686628352,1388334
lmdb,churn,5881,18.460,0,0
lmdb,churn,5882,26.054,0,0
lmdb,churn,5883,17.093,0,0
lmdb,churn,5884,25.593,0,0
lmdb,churn,5885,17.723,0,0
lmdb,churn,5886,22.829,0,0
lmdb,churn,5887,38.887,0,0
lmdb,churn,5888,13.974,0,0
lmdb,churn,5889,27.699,0,0
lmdb,churn,5890,17.049,5688741888,1388850
lmdb,churn,5891,14.692,0,0
lmdb,churn,5892,22.200,0,0
lmdb,churn,5893,24.829,0,0
lmdb,churn,5894,23.240,0,0
lmdb,churn,5895,27.061,0,0
lmdb,churn,5896,47.044,0,0
lmdb,churn,5897,18.170,0,0
lmdb,churn,5898,42.053,0,0
lmdb,churn,5899,17.800,0,0
lmdb,churn,5900,31.609,5690843136,1389363
lmdb,churn,5901,17.415,0,0
lmdb,churn,5902,24.217,0,0
lmdb,churn,5903,44.894,0,0
lmdb,churn,5904,17.674,0,0
lmdb,churn,5905,30.419,0,0
lmdb,churn,5906,25.042,0,0
lmdb,churn,5907,27.420,0,0
lmdb,churn,5908,20.835,0,0
lmdb,churn,5909,19.430,0,0
lmdb,churn,5910,21.456,5692944384,1389876
lmdb,churn,5911,19.909,0,0
lmdb,churn,5912,16.628,0,0
lmdb,churn,5913,19.239,0,0
lmdb,churn,5914,31.978,0,0
lmdb,churn,5915,37.250,0,0
lmdb,churn,5916,36.152,0,0
lmdb,churn,5917,29.730,0,0
lmdb,churn,5918,32.714,0,0
lmdb,churn,5919,26.067,0,0
lmdb,churn,5920,34.217,5695045632,1390389
lmdb,churn,5921,27.009,0,0
lmdb,churn,5922,36.548,0,0
lmdb,churn,5923,36.834,0,0
lmdb,churn,5924,22.981,0,0
lmdb,churn,5925,31.755,0,0
lmdb,churn,5926,20.749,0,0
lmdb,churn,5927,22.605,0,0
lmdb,churn,5928,18.888,0,0
lmdb,churn,5929,15.235,0,0
lmdb,churn,5930,21.596,5695057920,1390392
lmdb,churn,5931,19.331,0,0
lmdb,churn,5932,21.774,0,0
lmdb,churn,5933,17.248,0,0
lmdb,churn,5934,16.280,0,0
lmdb,churn,5935,16.746,0,0
lmdb,churn,5936,17.106,0,0
lmdb,churn,5937,20.382,0,0
lmdb,churn,5938,25.063,0,0
lmdb,churn,5939,17.460,0,0
lmdb,churn,5940,22.638,5699272704,1391421
lmdb,churn,5941,15.797,0,0
lmdb,churn,5942,15.954,0,0
lmdb,churn,5943,18.098,0,0
lmdb,churn,5944,16.389,0,0
lmdb,churn,5945,24.560,0,0
lmdb,churn,5946,24.064,0,0
lmdb,churn,5947,18.085,0,0
lmdb,churn,5948,15.840,0,0
lmdb,churn,5949,13.778,0,0
lmdb,churn,5950,25.323,5701373952,1391934
lmdb,churn,5951,16.598,0,0
lmdb,churn,5952,16.510,0,0
lmdb,churn,5953,18.059,0,0
lmdb,churn,5954,17.094,0,0
lmdb,churn,5955,20.335,0,0
lmdb,churn,5956,16.556,0,0
lmdb,churn,5957,16.826,0,0
lmdb,churn,5958,19.847,0,0
lmdb,churn,5959,19.630,0,0
lmdb,churn,5960,14.248,5701373952,1391934
lmdb,churn,5961,16.233,0,0
lmdb,churn,5962,15.051,0,0
lmdb,churn,5963,15.078,0,0
lmdb,churn,5964,16.478,0,0
lmdb,churn,5965,18.196,0,0
lmdb,churn,5966,14.173,0,0
lmdb,churn,5967,27.158,0,0
lmdb,churn,5968,16.180,0,0
lmdb,churn,5969,27.578,0,0
lmdb,churn,5970,25.561,5703475200,1392447
lmdb,churn,5971,17.568,0,0
lmdb,churn,5972,44.602,0,0
lmdb,churn,5973,16.764,0,0
lmdb,churn,5974,15.159,0,0
lmdb,churn,5975,17.875,0,0
lmdb,churn,5976,38.592,0,0
lmdb,churn,5977,47.307,0,0
lmdb,churn,5978,63.989,0,0
lmdb,churn,5979,50.072,0,0
lmdb,churn,5980,24.479,5705576448,1392960
lmdb,churn,5981,22.087,0,0
lmdb,churn,5982,20.767,0,0
lmdb,churn,5983,21.216,0,0
lmdb,churn,5984,15.839,0,0
lmdb,churn,5985,20.114,0,0
lmdb,churn,5986,20.112,0,0
lmdb,churn,5987,22.384,0,0
lmdb,churn,5988,33.242,0,0
lmdb,churn,5989,20.151,0,0
lmdb,churn,5990,23.235,5707677696,1393473
lmdb,churn,5991,22.539,0,0
lmdb,churn,5992,16.608,0,0
lmdb,churn,5993,25.970,0,0
lmdb,churn,5994,14.760,0,0
lmdb,churn,5995,14.275,0,0
lmdb,churn,5996,15.682,0,0
lmdb,churn,5997,15.336,0,0
lmdb,churn,5998,26.061,0,0
lmdb,churn,5999,23.037,0,0
lmdb,churn,6000,17.155,5709778944,1393986
lmdb,churn,6001,19.189,0,0
lmdb,churn,6002,17.000,0,0
lmdb,churn,6003,14.613,0,0
lmdb,churn,6004,16.355,0,0
lmdb,churn,6005,27.393,0,0
lmdb,churn,6006,23.216,0,0
lmdb,churn,6007,15.600,0,0
lmdb,churn,6008,18.595,0,0
lmdb,churn,6009,18.814,0,0
lmdb,churn,6010,46.051,5711880192,1394499
lmdb,churn,6011,32.730,0,0
lmdb,churn,6012,28.281,0,0
lmdb,churn,6013,17.464,0,0
lmdb,churn,6014,20.305,0,0
lmdb,churn,6015,21.750,0,0
lmdb,churn,6016,18.769,0,0
lmdb,churn,6017,20.283,0,0
lmdb,churn,6018,20.356,0,0
lmdb,churn,6019,22.148,0,0
lmdb,churn,6020,20.258,5713981440,1395012
lmdb,churn,6021,14.938,0,0
lmdb,churn,6022,22.734,0,0
lmdb,churn,6023,18.893,0,0
lmdb,churn,6024,22.907,0,0
lmdb,churn,6025,17.017,0,0
lmdb,churn,6026,17.619,0,0
lmdb,churn,6027,16.351,0,0
lmdb,churn,6028,22.809,0,0
lmdb,churn,6029,17.444,0,0
lmdb,churn,6030,17.398,5713981440,1395012
lmdb,churn,6031,22.414,0,0
lmdb,churn,6032,17.770,0,0
lmdb,churn,6033,17.739,0,0
lmdb,churn,6034,21.199,0,0
lmdb,churn,6035,26.843,0,0
lmdb,churn,6036,15.787,0,0
lmdb,churn,6037,16.070,0,0
lmdb,churn,6038,20.901,0,0
lmdb,churn,6039,18.167,0,0
lmdb,churn,6040,24.982,5716082688,1395525
lmdb,churn,6041,15.335,0,0
lmdb,churn,6042,27.980,0,0
lmdb,churn,6043,25.028,0,0
lmdb,churn,6044,19.112,0,0
lmdb,churn,6045,19.917,0,0
lmdb,churn,6046,21.647,0,0
lmdb,churn,6047,25.698,0,0
lmdb,churn,6048,16.561,0,0
lmdb,churn,6049,18.923,0,0
lmdb,churn,6050,16.356,5718183936,1396038
lmdb,churn,6051,22.926,0,0
lmdb,churn,6052,16.213,0,0
lmdb,churn,6053,16.818,0,0
lmdb,churn,6054,18.938,0,0
lmdb,churn,6055,23.049,0,0
lmdb,churn,6056,17.322,0,0
lmdb,churn,6057,24.854,0,0
lmdb,churn,6058,16.034,0,0
lmdb,churn,6059,19.043,0,0
lmdb,churn,6060,15.743,5720285184,1396551
lmdb,churn,6061,14.189,0,0
lmdb,churn,6062,21.435,0,0
lmdb,churn,6063,14.893,0,0
lmdb,churn,6064,17.294,0,0
lmdb,churn,6065,18.885,0,0
lmdb,churn,6066,19.435,0,0
lmdb,churn,6067,18.832,0,0
lmdb,churn,6068,15.450,0,0
lmdb,churn,6069,18.928,0,0
lmdb,churn,6070,20.636,5720309760,1396557
lmdb,churn,6071,19.994,0,0
lmdb,churn,6072,13.641,0,0
lmdb,churn,6073,24.136,0,0
lmdb,churn,6074,19.478,0,0
lmdb,churn,6075,25.852,0,0
lmdb,churn,6076,18.081,0,0
lmdb,churn,6077,18.046,0,0
lmdb,churn,6078,15.414,0,0
lmdb,churn,6079,15.905,0,0
lmdb,churn,6080,16.233,5722411008,1397070
lmdb,churn,6081,16.299,0,0
lmdb,churn,6082,17.906,0,0
lmdb,churn,6083,22.192,0,0
lmdb,churn,6084,20.134,0,0
lmdb,churn,6085,29.859,0,0
lmdb,churn,6086,15.343,0,0
lmdb,churn,6087,14.723,0,0
lmdb,churn,6088,13.616,0,0
lmdb,churn,6089,19.632,0,0
lmdb,churn,6090,14.349,5724545024,1397591
lmdb,churn,6091,14.492,0,0
lmdb,churn,6092,20.011,0,0
lmdb,churn,6093,16.660,0,0
lmdb,churn,6094,18.039,0,0
lmdb,churn,6095,16.208,0,0
lmdb,churn,6096,16.563,0,0
lmdb,churn,6097,18.495,0,0
lmdb,churn,6098,27.650,0,0
lmdb,churn,6099,25.350,0,0
lmdb,churn,6100,22.228,5726646272,1398104
lmdb,churn,6101,15.305,0,0
lmdb,churn,6102,33.227,0,0
lmdb,churn,6103,37.265,0,0
lmdb,churn,6104,18.136,0,0
lmdb,churn,6105,30.998,0,0
lmdb,churn,6106,29.214,0,0
lmdb,churn,6107,18.626,0,0
lmdb,churn,6108,26.665,0,0
lmdb,churn,6109,18.386,0,0
lmdb,churn,6110,17.605,5728747520,1398617
lmdb,churn,6111,23.468,0,0
lmdb,churn,6112,13.654,0,0
lmdb,churn,6113,17.418,0,0
lmdb,churn,6114,18.537,0,0
lmdb,churn,6115,19.679,0,0
lmdb,churn,6116,21.044,0,0
lmdb,churn,6117,37.811,0,0
lmdb,churn,6118,129.097,0,0
lmdb,churn,6119,24.609,0,0
lmdb,churn,6120,18.941,5730848768,1399130
lmdb,churn,6121,21.294,0,0
lmdb,churn,6122,25.811,0,0
lmdb,churn,6123,20.778,0,0
lmdb,churn,6124,19.922,0,0
lmdb,churn,6125,19.396,0,0
lmdb,churn,6126,24.006,0,0
lmdb,churn,6127,32.961,0,0
lmdb,churn,6128,21.167,0,0
lmdb,churn,6129,19.312,0,0
lmdb,churn,6130,19.834,5732950016,1399643
lmdb,churn,6131,21.262,0,0
lmdb,churn,6132,29.480,0,0
lmdb,churn,6133,23.635,0,0
lmdb,churn,6134,17.717,0,0
lmdb,churn,6135,19.129,0,0
lmdb,churn,6136,16.061,0,0
lmdb,churn,6137,15.095,0,0
lmdb,churn,6138,19.982,0,0
lmdb,churn,6139,30.073,0,0
lmdb,churn,6140,21.463,5735063552,1400159
lmdb,churn,6141,14.521,0,0
lmdb,churn,6142,18.872,0,0
lmdb,churn,6143,15.902,0,0
lmdb,churn,6144,17.313,0,0
lmdb,churn,6145,14.962,0,0
lmdb,churn,6146,18.626,0,0
lmdb,churn,6147,19.118,0,0
lmdb,churn,6148,23.706,0,0
lmdb,churn,6149,16.977,0,0
lmdb,churn,6150,21.375,5737164800,1400672
lmdb,churn,6151,25.455,0,0
lmdb,churn,6152,23.147,0,0
lmdb,churn,6153,18.835,0,0
lmdb,churn,6154,20.213,0,0
lmdb,churn,6155,27.882,0,0
lmdb,churn,6156,15.712,0,0
lmdb,churn,6157,17.358,0,0
lmdb,churn,6158,14.355,0,0
lmdb,churn,6159,16.012,0,0
lmdb,churn,6160,14.115,5737177088,1400675
lmdb,churn,6161,14.163,0,0
lmdb,churn,6162,15.076,0,0
lmdb,churn,6163,26.280,0,0
lmdb,churn,6164,22.685,0,0
lmdb,churn,6165,20.056,0,0
lmdb,churn,6166,17.864,0,0
lmdb,churn,6167,16.661,0,0
lmdb,churn,6168,49.849,0,0
lmdb,churn,6169,22.963,0,0
lmdb,churn,6170,46.752,5739290624,1401191
lmdb,churn,6171,19.957,0,0
lmdb,churn,6172,25.710,0,0
lmdb,churn,6173,21.006,0,0
lmdb,churn,6174,25.054,0,0
lmdb,churn,6175,16.643,0,0
lmdb,churn,6176,17.570,0,0
lmdb,churn,6177,16.572,0,0
lmdb,churn,6178,16.455,0,0
lmdb,churn,6179,15.548,0,0
lmdb,churn,6180,16.703,5741391872,1401704
lmdb,churn,6181,17.332,0,0
lmdb,churn,6182,17.271,0,0
lmdb,churn,6183,18.978,0,0
lmdb,churn,6184,20.827,0,0
lmdb,churn,6185,18.781,0,0
lmdb,churn,6186,21.485,0,0
lmdb,churn,6187,22.437,0,0
lmdb,churn,6188,16.007,0,0
lmdb,churn,6189,16.747,0,0
lmdb,churn,6190,24.328,5743505408,1402220
lmdb,churn,6191,18.144,0,0
lmdb,churn,6192,18.743,0,0
lmdb,churn,6193,15.954,0,0
lmdb,churn,6194,25.938,0,0
lmdb,churn,6195,16.654,0,0
lmdb,churn,6196,17.658,0,0
lmdb,churn,6197,19.758,0,0
lmdb,churn,6198,19.812,0,0
lmdb,churn,6199,18.298,0,0
lmdb,churn,6200,17.106,5745606656,1402733
lmdb,churn,6201,18.464,0,0
lmdb,churn,6202,40.960,0,0
lmdb,churn,6203,21.684,0,0
lmdb,churn,6204,26.737,0,0
lmdb,churn,6205,23.463,0,0
lmdb,churn,6206,35.314,0,0
lmdb,churn,6207,23.841,0,0
lmdb,churn,6208,26.985,0,0
lmdb,churn,6209,16.094,0,0
lmdb,churn,6210,16.784,5747707904,1403246
lmdb,churn,6211,14.765,0,0
lmdb,churn,6212,14.356,0,0
lmdb,churn,6213,15.380,0,0
lmdb,churn,6214,14.677,0,0
lmdb,churn,6215,22.617,0,0
lmdb,churn,6216,15.024,0,0
lmdb,churn,6217,22.019,0,0
lmdb,churn,6218,16.178,0,0
lmdb,churn,6219,28.595,0,0
lmdb,churn,6220,20.209,5749809152,1403759
lmdb,churn,6221,31.378,0,0
lmdb,churn,6222,20.751,0,0
lmdb,churn,6223,23.440,0,0
lmdb,churn,6224,20.384,0,0
lmdb,churn,6225,17.268,0,0
lmdb,churn,6226,20.896,0,0
lmdb,churn,6227,17.104,0,0
lmdb,churn,6228,16.545,0,0
lmdb,churn,6229,20.240,0,0
lmdb,churn,6230,22.065,5749829632,1403764
lmdb,churn,6231,34.062,0,0
lmdb,churn,6232,16.255,0,0
lmdb,churn,6233,18.131,0,0
lmdb,churn,6234,24.641,0,0
lmdb,churn,6235,17.960,0,0
lmdb,churn,6236,18.975,0,0
lmdb,churn,6237,17.031,0,0
lmdb,churn,6238,18.254,0,0
lmdb,churn,6239,18.604,0,0
lmdb,churn,6240,14.983,5751930880,1404277
lmdb,churn,6241,21.096,0,0
lmdb,churn,6242,15.004,0,0
lmdb,churn,6243,22.226,0,0
lmdb,churn,6244,18.398,0,0
lmdb,churn,6245,19.177,0,0
lmdb,churn,6246,20.513,0,0
lmdb,churn,6247,16.868,0,0
lmdb,churn,6248,17.036,0,0
lmdb,churn,6249,20.539,0,0
lmdb,churn,6250,23.981,5754032128,1404790
lmdb,churn,6251,19.437,0,0
lmdb,churn,6252,15.179,0,0
lmdb,churn,6253,14.208,0,0
lmdb,churn,6254,19.192,0,0
lmdb,churn,6255,15.557,0,0
lmdb,churn,6256,37.504,0,0
lmdb,churn,6257,18.838,0,0
lmdb,churn,6258,32.713,0,0
lmdb,churn,6259,19.991,0,0
lmdb,churn,6260,28.204,5756133376,1405303
lmdb,churn,6261,25.222,0,0
lmdb,churn,6262,46.429,0,0
lmdb,churn,6263,34.692,0,0
lmdb,churn,6264,49.609,0,0
lmdb,churn,6265,60.817,0,0
lmdb,churn,6266,39.275,0,0
lmdb,churn,6267,63.430,0,0
lmdb,churn,6268,28.100,0,0
lmdb,churn,6269,20.249,0,0
lmdb,churn,6270,29.224,5758234624,1405816
lmdb,churn,6271,31.463,0,0
lmdb,churn,6272,34.327,0,0
lmdb,churn,6273,34.866,0,0
lmdb,churn,6274,22.745,0,0
lmdb,churn,6275,24.531,0,0
lmdb,churn,6276,19.454,0,0
lmdb,churn,6277,19.971,0,0
lmdb,churn,6278,17.858,0,0
lmdb,churn,6279,17.661,0,0
lmdb,churn,6280,16.351,5760335872,1406329
lmdb,churn,6281,20.710,0,0
lmdb,churn,6282,20.863,0,0
lmdb,churn,6283,17.994,0,0
lmdb,churn,6284,23.688,0,0
lmdb,churn,6285,19.240,0,0
lmdb,churn,6286,17.511,0,0
lmdb,churn,6287,22.898,0,0
lmdb,churn,6288,16.407,0,0
lmdb,churn,6289,18.230,0,0
lmdb,churn,6290,19.167,5762437120,1406842
lmdb,churn,6291,18.497,0,0
lmdb,churn,6292,24.015,0,0
lmdb,churn,6293,15.793,0,0
lmdb,churn,6294,18.747,0,0
lmdb,churn,6295,23.076,0,0
lmdb,churn,6296,17.978,0,0
lmdb,churn,6297,16.312,0,0
lmdb,churn,6298,23.392,0,0
lmdb,churn,6299,15.694,0,0
lmdb,churn,6300,25.147,5764550656,1407358
lmdb,churn,6301,18.854,0,0
lmdb,churn,6302,19.778,0,0
lmdb,churn,6303,25.084,0,0
lmdb,churn,6304,17.437,0,0
lmdb,churn,6305,26.356,0,0
lmdb,churn,6306,17.724,0,0
lmdb,churn,6307,18.939,0,0
lmdb,churn,6308,27.188,0,0
lmdb,churn,6309,14.222,0,0
lmdb,churn,6310,20.973,5764571136,1407363
lmdb,churn,6311,18.071,0,0
lmdb,churn,6312,20.840,0,0
lmdb,churn,6313,16.939,0,0
lmdb,churn,6314,22.192,0,0
lmdb,churn,6315,20.732,0,0
lmdb,churn,6316,17.184,0,0
lmdb,churn,6317,22.102,0,0
lmdb,churn,6318,21.306,0,0
lmdb,churn,6319,20.302,0,0
lmdb,churn,6320,22.151,5766672384,1407876
lmdb,churn,6321,22.542,0,0
lmdb,churn,6322,17.289,0,0
lmdb,churn,6323,15.231,0,0
lmdb,churn,6324,15.230,0,0
lmdb,churn,6325,14.170,0,0
lmdb,churn,6326,28.193,0,0
lmdb,churn,6327,17.054,0,0
lmdb,churn,6328,19.674,0,0
lmdb,churn,6329,16.835,0,0
lmdb,churn,6330,17.712,5768773632,1408389
lmdb,churn,6331,18.978,0,0
lmdb,churn,6332,15.398,0,0
lmdb,churn,6333,15.903,0,0
lmdb,churn,6334,19.026,0,0
lmdb,churn,6335,23.757,0,0
lmdb,churn,6336,14.326,0,0
lmdb,churn,6337,28.735,0,0
lmdb,churn,6338,18.093,0,0
lmdb,churn,6339,18.375,0,0
lmdb,churn,6340,17.536,5770887168,1408905
lmdb,churn,6341,25.522,0,0
lmdb,churn,6342,20.976,0,0
lmdb,churn,6343,33.652,0,0
lmdb,churn,6344,16.073,0,0
lmdb,churn,6345,15.490,0,0
lmdb,churn,6346,17.241,0,0
lmdb,churn,6347,25.838,0,0
lmdb,churn,6348,16.620,0,0
lmdb,churn,6349,17.967,0,0
lmdb,churn,6350,24.444,5772988416,1409418
lmdb,churn,6351,20.416,0,0
lmdb,churn,6352,18.657,0,0
lmdb,churn,6353,15.305,0,0
lmdb,churn,6354,22.699,0,0
lmdb,churn,6355,20.748,0,0
lmdb,churn,6356,14.834,0,0
lmdb,churn,6357,21.620,0,0
lmdb,churn,6358,14.510,0,0
lmdb,churn,6359,82.938,0,0
lmdb,churn,6360,33.819,5775089664,1409931
lmdb,churn,6361,23.224,0,0
lmdb,churn,6362,28.399,0,0
lmdb,churn,6363,17.017,0,0
lmdb,churn,6364,46.768,0,0
lmdb,churn,6365,56.740,0,0
lmdb,churn,6366,35.819,0,0
lmdb,churn,6367,22.442,0,0
lmdb,churn,6368,18.031,0,0
lmdb,churn,6369,20.344,0,0
lmdb,churn,6370,30.202,5777203200,1410447
lmdb,churn,6371,34.710,0,0
lmdb,churn,6372,30.428,0,0
lmdb,churn,6373,20.233,0,0
lmdb,churn,6374,17.779,0,0
lmdb,churn,6375,18.442,0,0
lmdb,churn,6376,27.101,0,0
lmdb,churn,6377,17.370,0,0
lmdb,churn,6378,17.421,0,0
lmdb,churn,6379,17.925,0,0
lmdb,churn,6380,19.898,5777203200,1410447
lmdb,churn,6381,14.793,0,0
lmdb,churn,6382,24.561,0,0
lmdb,churn,6383,15.988,0,0
lmdb,churn,6384,19.715,0,0
lmdb,churn,6385,21.031,0,0
lmdb,churn,6386,16.588,0,0
lmdb,churn,6387,18.960,0,0
lmdb,churn,6388,27.206,0,0
lmdb,churn,6389,16.558,0,0
lmdb,churn,6390,17.535,5779304448,1410960
lmdb,churn,6391,21.333,0,0
lmdb,churn,6392,20.764,0,0
lmdb,churn,6393,15.785,0,0
lmdb,churn,6394,28.057,0,0
lmdb,churn,6395,19.713,0,0
lmdb,churn,6396,27.235,0,0
lmdb,churn,6397,20.071,0,0
lmdb,churn,6398,21.164,0,0
lmdb,churn,6399,17.810,0,0
lmdb,churn,6400,15.734,5781405696,1411473
lmdb,churn,6401,19.276,0,0
lmdb,churn,6402,17.647,0,0
lmdb,churn,6403,21.497,0,0
lmdb,churn,6404,17.680,0,0
lmdb,churn,6405,22.983,0,0
lmdb,churn,6406,17.048,0,0
lmdb,churn,6407,16.534,0,0
lmdb,churn,6408,16.886,0,0
lmdb,churn,6409,18.003,0,0
lmdb,churn,6410,17.369,5783506944,1411986
lmdb,churn,6411,22.518,0,0
lmdb,churn,6412,15.862,0,0
lmdb,churn,6413,16.227,0,0
lmdb,churn,6414,16.665,0,0
lmdb,churn,6415,15.220,0,0
lmdb,churn,6416,28.473,0,0
lmdb,churn,6417,16.478,0,0
lmdb,churn,6418,16.233,0,0
lmdb,churn,6419,26.123,0,0
lmdb,churn,6420,16.652,5785608192,1412499
lmdb,churn,6421,19.269,0,0
lmdb,churn,6422,25.056,0,0
lmdb,churn,6423,26.009,0,0
lmdb,churn,6424,24.810,0,0
lmdb,churn,6425,24.454,0,0
lmdb,churn,6426,35.758,0,0
lmdb,churn,6427,19.660,0,0
lmdb,churn,6428,19.591,0,0
lmdb,churn,6429,15.190,0,0
lmdb,churn,6430,16.951,5785608192,1412499
lmdb,churn,6431,27.206,0,0
lmdb,churn,6432,21.026,0,0
lmdb,churn,6433,26.535,0,0
lmdb,churn,6434,17.270,0,0
lmdb,churn,6435,25.782,0,0
lmdb,churn,6436,21.803,0,0
lmdb,churn,6437,19.970,0,0
lmdb,churn,6438,18.529,0,0
lmdb,churn,6439,17.683,0,0
lmdb,churn,6440,18.155,5787709440,1413012
lmdb,churn,6441,15.620,0,0
lmdb,churn,6442,14.394,0,0
lmdb,churn,6443,30.150,0,0
lmdb,churn,6444,20.776,0,0
lmdb,churn,6445,22.183,0,0
lmdb,churn,6446,26.904,0,0
lmdb,churn,6447,18.182,0,0
lmdb,churn,6448,19.519,0,0
lmdb,churn,6449,16.192,0,0
lmdb,churn,6450,26.187,5789810688,1413525
lmdb,churn,6451,24.968,0,0
lmdb,churn,6452,19.738,0,0
lmdb,churn,6453,16.808,0,0
lmdb,churn,6454,23.018,0,0
lmdb,churn,6455,15.113,0,0
lmdb,churn,6456,17.480,0,0
lmdb,churn,6457,20.693,0,0
lmdb,churn,6458,17.000,0,0
lmdb,churn,6459,24.829,0,0
lmdb,churn,6460,20.875,5791911936,1414038
lmdb,churn,6461,18.194,0,0
lmdb,churn,6462,43.490,0,0
lmdb,churn,6463,17.523,0,0
lmdb,churn,6464,15.693,0,0
lmdb,churn,6465,16.434,0,0
lmdb,churn,6466,25.020,0,0
lmdb,churn,6467,19.346,0,0
lmdb,churn,6468,20.303,0,0
lmdb,churn,6469,15.045,0,0
lmdb,churn,6470,19.626,5794013184,1414551
lmdb,churn,6471,17.425,0,0
lmdb,churn,6472,26.192,0,0
lmdb,churn,6473,22.033,0,0
lmdb,churn,6474,19.014,0,0
lmdb,churn,6475,24.893,0,0
lmdb,churn,6476,16.240,0,0
lmdb,churn,6477,17.548,0,0
lmdb,churn,6478,15.795,0,0
lmdb,churn,6479,15.424,0,0
lmdb,churn,6480,15.224,5794013184,1414551
lmdb,churn,6481,21.237,0,0
lmdb,churn,6482,19.636,0,0
lmdb,churn,6483,21.535,0,0
lmdb,churn,6484,18.833,0,0
lmdb,churn,6485,18.857,0,0
lmdb,churn,6486,24.690,0,0
lmdb,churn,6487,25.205,0,0
lmdb,churn,6488,16.804,0,0
lmdb,churn,6489,16.476,0,0
lmdb,churn,6490,13.684,5796114432,1415064
lmdb,churn,6491,21.352,0,0
lmdb,churn,6492,17.453,0,0
lmdb,churn,6493,17.193,0,0
lmdb,churn,6494,25.105,0,0
lmdb,churn,6495,19.342,0,0
lmdb,churn,6496,21.916,0,0
lmdb,churn,6497,35.764,0,0
lmdb,churn,6498,16.416,0,0
lmdb,churn,6499,19.348,0,0
lmdb,churn,6500,17.024,5800316928,1416090
lmdb,churn,6501,15.881,0,0
lmdb,churn,6502,16.531,0,0
lmdb,churn,6503,21.416,0,0
lmdb,churn,6504,22.834,0,0
lmdb,churn,6505,39.784,0,0
lmdb,churn,6506,19.153,0,0
lmdb,churn,6507,16.229,0,0
lmdb,churn,6508,19.653,0,0
lmdb,churn,6509,16.860,0,0
lmdb,churn,6510,16.485,5802418176,1416603
lmdb,churn,6511,18.238,0,0
lmdb,churn,6512,25.985,0,0
lmdb,churn,6513,18.828,0,0
lmdb,churn,6514,24.323,0,0
lmdb,churn,6515,17.225,0,0
lmdb,churn,6516,16.715,0,0
lmdb,churn,6517,16.091,0,0
lmdb,churn,6518,28.901,0,0
lmdb,churn,6519,25.915,0,0
lmdb,churn,6520,15.696,5802418176,1416603
lmdb,churn,6521,23.583,0,0
lmdb,churn,6522,17.656,0,0
lmdb,churn,6523,15.282,0,0
lmdb,churn,6524,17.040,0,0
lmdb,churn,6525,22.702,0,0
lmdb,churn,6526,22.931,0,0
lmdb,churn,6527,15.655,0,0
lmdb,churn,6528,17.742,0,0
lmdb,churn,6529,23.555,0,0
lmdb,churn,6530,35.913,5804531712,1417119
lmdb,churn,6531,24.393,0,0
lmdb,churn,6532,21.432,0,0
lmdb,churn,6533,16.852,0,0
lmdb,churn,6534,19.715,0,0
lmdb,churn,6535,18.995,0,0
lmdb,churn,6536,23.249,0,0
lmdb,churn,6537,23.697,0,0
lmdb,churn,6538,16.458,0,0
lmdb,churn,6539,19.634,0,0
lmdb,churn,6540,18.420,5806645248,1417635
lmdb,churn,6541,24.117,0,0
lmdb,churn,6542,24.813,0,0
lmdb,churn,6543,22.819,0,0
lmdb,churn,6544,15.530,0,0
lmdb,churn,6545,20.711,0,0
lmdb,churn,6546,17.895,0,0
lmdb,churn,6547,16.659,0,0
lmdb,churn,6548,17.952,0,0
lmdb,churn,6549,21.645,0,0
lmdb,churn,6550,17.131,5808746496,1418148
lmdb,churn,6551,14.396,0,0
lmdb,churn,6552,25.931,0,0
lmdb,churn,6553,16.601,0,0
lmdb,churn,6554,23.541,0,0
lmdb,churn,6555,17.173,0,0
lmdb,churn,6556,17.003,0,0
lmdb,churn,6557,51.226,0,0
lmdb,churn,6558,27.333,0,0
lmdb,churn,6559,19.852,0,0
lmdb,churn,6560,25.496,5810847744,1418661
lmdb,churn,6561,28.193,0,0
lmdb,churn,6562,27.987,0,0
lmdb,churn,6563,45.473,0,0
lmdb,churn,6564,44.154,0,0
lmdb,churn,6565,24.642,0,0
lmdb,churn,6566,19.264,0,0
lmdb,churn,6567,19.548,0,0
lmdb,churn,6568,18.731,0,0
lmdb,churn,6569,18.109,0,0
lmdb,churn,6570,31.838,5812948992,1419174
lmdb,churn,6571,21.358,0,0
lmdb,churn,6572,22.692,0,0
lmdb,churn,6573,15.842,0,0
lmdb,churn,6574,29.986,0,0
lmdb,churn,6575,15.556,0,0
lmdb,churn,6576,19.526,0,0
lmdb,churn,6577,25.044,0,0
lmdb,churn,6578,15.385,0,0
lmdb,churn,6579,24.338,0,0
lmdb,churn,6580,19.193,5815050240,1419687
lmdb,churn,6581,18.137,0,0
lmdb,churn,6582,17.037,0,0
lmdb,churn,6583,15.783,0,0
lmdb,churn,6584,22.401,0,0
lmdb,churn,6585,20.226,0,0
lmdb,churn,6586,19.055,0,0
lmdb,churn,6587,20.014,0,0
lmdb,churn,6588,16.531,0,0
lmdb,churn,6589,17.473,0,0
lmdb,churn,6590,19.181,5815062528,1419690
lmdb,churn,6591,26.495,0,0
lmdb,churn,6592,21.009,0,0
lmdb,churn,6593,16.531,0,0
lmdb,churn,6594,20.185,0,0
lmdb,churn,6595,17.633,0,0
lmdb,churn,6596,16.408,0,0
lmdb,churn,6597,15.758,0,0
lmdb,churn,6598,41.663,0,0
lmdb,churn,6599,18.382,0,0
lmdb,churn,6600,16.179,5817163776,1420203
lmdb,churn,6601,14.641,0,0
lmdb,churn,6602,20.143,0,0
lmdb,churn,6603,17.574,0,0
lmdb,churn,6604,25.229,0,0
lmdb,churn,6605,30.420,0,0
lmdb,churn,6606,32.320,0,0
lmdb,churn,6607,27.563,0,0
lmdb,churn,6608,26.008,0,0
lmdb,churn,6609,29.331,0,0
lmdb,churn,6610,30.995,5819265024,1420716
lmdb,churn,6611,29.946,0,0
lmdb,churn,6612,25.203,0,0
lmdb,churn,6613,18.121,0,0
lmdb,churn,6614,17.332,0,0
lmdb,churn,6615,18.926,0,0
lmdb,churn,6616,17.199,0,0
lmdb,churn,6617,18.089,0,0
lmdb,churn,6618,13.974,0,0
lmdb,churn,6619,26.304,0,0
lmdb,churn,6620,19.177,5821366272,1421229
lmdb,churn,6621,15.413,0,0
lmdb,churn,6622,22.166,0,0
lmdb,churn,6623,19.541,0,0
lmdb,churn,6624,27.355,0,0
lmdb,churn,6625,15.685,0,0
lmdb,churn,6626,36.329,0,0
lmdb,churn,6627,16.881,0,0
lmdb,churn,6628,17.394,0,0
lmdb,churn,6629,28.707,0,0
lmdb,churn,6630,17.731,5823488000,1421747
lmdb,churn,6631,19.077,0,0
lmdb,churn,6632,25.385,0,0
lmdb,churn,6633,18.463,0,0
lmdb,churn,6634,18.567,0,0
lmdb,churn,6635,20.194,0,0
lmdb,churn,6636,15.724,0,0
lmdb,churn,6637,16.865,0,0
lmdb,churn,6638,15.791,0,0
lmdb,churn,6639,23.797,0,0
lmdb,churn,6640,19.836,5825589248,1422260
lmdb,churn,6641,19.401,0,0
lmdb,churn,6642,27.235,0,0
lmdb,churn,6643,23.079,0,0
lmdb,churn,6644,42.742,0,0
lmdb,churn,6645,22.535,0,0
lmdb,churn,6646,21.839,0,0
lmdb,churn,6647,16.905,0,0
lmdb,churn,6648,15.824,0,0
lmdb,churn,6649,14.742,0,0
lmdb,churn,6650,17.874,5825589248,1422260
lmdb,churn,6651,19.256,0,0
lmdb,churn,6652,14.507,0,0
lmdb,churn,6653,16.981,0,0
lmdb,churn,6654,21.561,0,0
lmdb,churn,6655,17.896,0,0
lmdb,churn,6656,18.220,0,0
lmdb,churn,6657,18.833,0,0
lmdb,churn,6658,20.059,0,0
lmdb,churn,6659,17.109,0,0
lmdb,churn,6660,21.928,5827690496,1422773
lmdb,churn,6661,18.136,0,0
lmdb,churn,6662,13.987,0,0
lmdb,churn,6663,34.040,0,0
lmdb,churn,6664,26.466,0,0
lmdb,churn,6665,22.389,0,0
lmdb,churn,6666,18.912,0,0
lmdb,churn,6667,19.207,0,0
lmdb,churn,6668,22.828,0,0
lmdb,churn,6669,15.546,0,0
lmdb,churn,6670,20.178,5829791744,1423286
lmdb,churn,6671,19.040,0,0
lmdb,churn,6672,18.330,0,0
lmdb,churn,6673,15.543,0,0
lmdb,churn,6674,15.738,0,0
lmdb,churn,6675,22.503,0,0
lmdb,churn,6676,32.469,0,0
lmdb,churn,6677,35.342,0,0
lmdb,churn,6678,28.597,0,0
lmdb,churn,6679,25.672,0,0
lmdb,churn,6680,28.581,5831892992,1423799
lmdb,churn,6681,26.718,0,0
lmdb,churn,6682,21.365,0,0
lmdb,churn,6683,43.830,0,0
lmdb,churn,6684,23.766,0,0
lmdb,churn,6685,26.385,0,0
lmdb,churn,6686,22.705,0,0
lmdb,churn,6687,27.540,0,0
lmdb,churn,6688,15.114,0,0
lmdb,churn,6689,20.894,0,0
lmdb,churn,6690,18.817,5831892992,1423799
lmdb,churn,6691,23.266,0,0
lmdb,churn,6692,20.325,0,0
lmdb,churn,6693,19.973,0,0
lmdb,churn,6694,24.991,0,0
lmdb,churn,6695,21.182,0,0
lmdb,churn,6696,20.598,0,0
lmdb,churn,6697,16.968,0,0
lmdb,churn,6698,19.979,0,0
lmdb,churn,6699,17.815,0,0
lmdb,churn,6700,25.023,5833994240,1424312
lmdb,churn,6701,29.376,0,0
lmdb,churn,6702,15.569,0,0
lmdb,churn,6703,27.717,0,0
lmdb,churn,6704,20.015,0,0
lmdb,churn,6705,19.337,0,0
lmdb,churn,6706,16.930,0,0
lmdb,churn,6707,18.948,0,0
lmdb,churn,6708,26.665,0,0
lmdb,churn,6709,17.831,0,0
lmdb,churn,6710,17.861,5836095488,1424825
lmdb,churn,6711,16.571,0,0
lmdb,churn,6712,20.714,0,0
lmdb,churn,6713,23.727,0,0
lmdb,churn,6714,26.649,0,0
lmdb,churn,6715,19.978,0,0
lmdb,churn,6716,18.511,0,0
lmdb,churn,6717,20.657,0,0
lmdb,churn,6718,27.278,0,0
lmdb,churn,6719,18.200,0,0
lmdb,churn,6720,23.556,5838196736,1425338
lmdb,churn,6721,18.592,0,0
lmdb,churn,6722,24.075,0,0
lmdb,churn,6723,29.621,0,0
lmdb,churn,6724,16.644,0,0
lmdb,churn,6725,25.343,0,0
lmdb,churn,6726,24.503,0,0
lmdb,churn,6727,16.963,0,0
lmdb,churn,6728,25.577,0,0
lmdb,churn,6729,22.860,0,0
lmdb,churn,6730,28.578,5840297984,1425851
lmdb,churn,6731,28.913,0,0
lmdb,churn,6732,17.705,0,0
lmdb,churn,6733,17.663,0,0
lmdb,churn,6734,15.650,0,0
lmdb,churn,6735,14.800,0,0
lmdb,churn,6736,24.749,0,0
lmdb,churn,6737,22.486,0,0
lmdb,churn,6738,17.349,0,0
lmdb,churn,6739,23.842,0,0
lmdb,churn,6740,32.355,5842399232,1426364
lmdb,churn,6741,65.891,0,0
lmdb,churn,6742,45.591,0,0
lmdb,churn,6743,35.016,0,0
lmdb,churn,6744,34.680,0,0
lmdb,churn,6745,26.394,0,0
lmdb,churn,6746,19.293,0,0
lmdb,churn,6747,22.685,0,0
lmdb,churn,6748,19.445,0,0
lmdb,churn,6749,24.316,0,0
lmdb,churn,6750,25.484,5844500480,1426877
lmdb,churn,6751,18.962,0,0
lmdb,churn,6752,19.126,0,0
lmdb,churn,6753,20.005,0,0
lmdb,churn,6754,17.234,0,0
lmdb,churn,6755,21.038,0,0
lmdb,churn,6756,18.690,0,0
lmdb,churn,6757,17.778,0,0
lmdb,churn,6758,25.050,0,0
lmdb,churn,6759,17.663,0,0
lmdb,churn,6760,19.222,5846601728,1427390
lmdb,churn,6761,17.606,0,0
lmdb,churn,6762,17.496,0,0
lmdb,churn,6763,28.756,0,0
lmdb,churn,6764,22.074,0,0
lmdb,churn,6765,25.933,0,0
lmdb,churn,6766,16.874,0,0
lmdb,churn,6767,15.972,0,0
lmdb,churn,6768,16.664,0,0
lmdb,churn,6769,15.921,0,0
lmdb,churn,6770,20.564,5846601728,1427390
lmdb,churn,6771,18.508,0,0
lmdb,churn,6772,17.204,0,0
lmdb,churn,6773,16.197,0,0
lmdb,churn,6774,16.792,0,0
lmdb,churn,6775,23.676,0,0
lmdb,churn,6776,18.561,0,0
lmdb,churn,6777,18.966,0,0
lmdb,churn,6778,21.748,0,0
lmdb,churn,6779,15.674,0,0
lmdb,churn,6780,19.816,5848702976,1427903
lmdb,churn,6781,17.827,0,0
lmdb,churn,6782,15.749,0,0
lmdb,churn,6783,15.532,0,0
lmdb,churn,6784,20.415,0,0
lmdb,churn,6785,17.312,0,0
lmdb,churn,6786,26.167,0,0
lmdb,churn,6787,27.281,0,0
lmdb,churn,6788,32.020,0,0
lmdb,churn,6789,18.426,0,0
lmdb,churn,6790,19.070,5850804224,1428416
lmdb,churn,6791,17.346,0,0
lmdb,churn,6792,17.960,0,0
lmdb,churn,6793,15.025,0,0
lmdb,churn,6794,16.047,0,0
lmdb,churn,6795,32.553,0,0
lmdb,churn,6796,17.067,0,0
lmdb,churn,6797,20.867,0,0
lmdb,churn,6798,20.145,0,0
lmdb,churn,6799,22.840,0,0
lmdb,churn,6800,16.889,5852905472,1428929
lmdb,churn,6801,17.811,0,0
lmdb,churn,6802,16.341,0,0
lmdb,churn,6803,19.141,0,0
lmdb,churn,6804,14.241,0,0
lmdb,churn,6805,25.298,0,0
lmdb,churn,6806,18.475,0,0
lmdb,churn,6807,18.612,0,0
lmdb,churn,6808,16.195,0,0
lmdb,churn,6809,19.503,0,0
lmdb,churn,6810,21.063,5855006720,1429442
lmdb,churn,6811,16.574,0,0
lmdb,churn,6812,14.661,0,0
lmdb,churn,6813,15.274,0,0
lmdb,churn,6814,19.998,0,0
lmdb,churn,6815,18.337,0,0
lmdb,churn,6816,22.224,0,0
lmdb,churn,6817,16.703,0,0
lmdb,churn,6818,18.078,0,0
lmdb,churn,6819,17.305,0,0
lmdb,churn,6820,16.551,5857120256,1429958
lmdb,churn,6821,21.085,0,0
lmdb,churn,6822,16.982,0,0
lmdb,churn,6823,17.709,0,0
lmdb,churn,6824,20.943,0,0
lmdb,churn,6825,17.437,0,0
lmdb,churn,6826,15.747,0,0
lmdb,churn,6827,17.183,0,0
lmdb,churn,6828,19.813,0,0
lmdb,churn,6829,25.984,0,0
lmdb,churn,6830,14.419,5857120256,1429958
lmdb,churn,6831,31.556,0,0
lmdb,churn,6832,19.392,0,0
lmdb,churn,6833,20.780,0,0
lmdb,churn,6834,21.839,0,0
lmdb,churn,6835,18.882,0,0
lmdb,churn,6836,17.818,0,0
lmdb,churn,6837,16.351,0,0
lmdb,churn,6838,18.195,0,0
lmdb,churn,6839,16.909,0,0
lmdb,churn,6840,20.629,5859221504,1430471
lmdb,churn,6841,22.419,0,0
lmdb,churn,6842,17.785,0,0
lmdb,churn,6843,21.806,0,0
lmdb,churn,6844,17.268,0,0
lmdb,churn,6845,18.006,0,0
lmdb,churn,6846,21.916,0,0
lmdb,churn,6847,25.605,0,0
lmdb,churn,6848,14.522,0,0
lmdb,churn,6849,30.425,0,0
lmdb,churn,6850,33.069,5861335040,1430987
lmdb,churn,6851,30.387,0,0
lmdb,churn,6852,27.000,0,0
lmdb,churn,6853,54.827,0,0
lmdb,churn,6854,26.216,0,0
lmdb,churn,6855,18.542,0,0
lmdb,churn,6856,17.961,0,0
lmdb,churn,6857,20.261,0,0
lmdb,churn,6858,20.193,0,0
lmdb,churn,6859,19.649,0,0
lmdb,churn,6860,17.756,5863436288,1431500
lmdb,churn,6861,15.106,0,0
lmdb,churn,6862,17.636,0,0
lmdb,churn,6863,14.365,0,0
lmdb,churn,6864,16.733,0,0
lmdb,churn,6865,18.647,0,0
lmdb,churn,6866,16.832,0,0
lmdb,churn,6867,18.518,0,0
lmdb,churn,6868,20.436,0,0
lmdb,churn,6869,18.650,0,0
lmdb,churn,6870,23.148,5865537536,1432013
lmdb,churn,6871,16.386,0,0
lmdb,churn,6872,30.245,0,0
lmdb,churn,6873,15.631,0,0
lmdb,churn,6874,14.235,0,0
lmdb,churn,6875,19.642,0,0
lmdb,churn,6876,36.536,0,0
lmdb,churn,6877,19.482,0,0
lmdb,churn,6878,18.830,0,0
lmdb,churn,6879,24.708,0,0
lmdb,churn,6880,23.735,5867659264,1432531
lmdb,churn,6881,22.794,0,0
lmdb,churn,6882,26.505,0,0
lmdb,churn,6883,20.723,0,0
lmdb,churn,6884,18.024,0,0
lmdb,churn,6885,15.926,0,0
lmdb,churn,6886,29.977,0,0
lmdb,churn,6887,23.486,0,0
lmdb,churn,6888,30.343,0,0
lmdb,churn,6889,18.061,0,0
lmdb,churn,6890,16.709,5869760512,1433044
lmdb,churn,6891,20.061,0,0
lmdb,churn,6892,17.177,0,0
lmdb,churn,6893,16.271,0,0
lmdb,churn,6894,22.050,0,0
lmdb,churn,6895,19.258,0,0
lmdb,churn,6896,20.672,0,0
lmdb,churn,6897,21.017,0,0
lmdb,churn,6898,19.945,0,0
lmdb,churn,6899,19.730,0,0
lmdb,churn,6900,17.977,5871874048,1433560
lmdb,churn,6901,14.720,0,0
lmdb,churn,6902,22.717,0,0
lmdb,churn,6903,16.533,0,0
lmdb,churn,6904,17.099,0,0
lmdb,churn,6905,18.878,0,0
lmdb,churn,6906,24.148,0,0
lmdb,churn,6907,19.971,0,0
lmdb,churn,6908,15.620,0,0
lmdb,churn,6909,17.786,0,0
lmdb,churn,6910,19.761,5873975296,1434073
lmdb,churn,6911,29.517,0,0
lmdb,churn,6912,22.976,0,0
lmdb,churn,6913,26.128,0,0
lmdb,churn,6914,16.852,0,0
lmdb,churn,6915,15.864,0,0
lmdb,churn,6916,14.458,0,0
lmdb,churn,6917,25.040,0,0
lmdb,churn,6918,30.071,0,0
lmdb,churn,6919,16.204,0,0
lmdb,churn,6920,21.419,5876076544,1434586
lmdb,churn,6921,16.451,0,0
lmdb,churn,6922,25.199,0,0
lmdb,churn,6923,24.613,0,0
lmdb,churn,6924,25.389,0,0
lmdb,churn,6925,19.427,0,0
lmdb,churn,6926,17.938,0,0
lmdb,churn,6927,19.764,0,0
lmdb,churn,6928,14.219,0,0
lmdb,churn,6929,18.936,0,0
lmdb,churn,6930,19.672,5876076544,1434586
lmdb,churn,6931,24.461,0,0
lmdb,churn,6932,17.631,0,0
lmdb,churn,6933,25.653,0,0
lmdb,churn,6934,18.130,0,0
lmdb,churn,6935,19.490,0,0
lmdb,churn,6936,17.401,0,0
lmdb,churn,6937,26.761,0,0
lmdb,churn,6938,26.519,0,0
lmdb,churn,6939,31.791,0,0
lmdb,churn,6940,83.139,5880279040,1435612
lmdb,churn,6941,67.017,0,0
lmdb,churn,6942,55.347,0,0
lmdb,churn,6943,39.694,0,0
lmdb,churn,6944,42.097,0,0
lmdb,churn,6945,37.891,0,0
lmdb,churn,6946,46.760,0,0
lmdb,churn,6947,38.711,0,0
lmdb,churn,6948,36.899,0,0
lmdb,churn,6949,28.884,0,0
lmdb,churn,6950,31.719,5880279040,1435612
lmdb,churn,6951,34.071,0,0
lmdb,churn,6952,39.225,0,0
lmdb,churn,6953,20.539,0,0
lmdb,churn,6954,18.107,0,0
lmdb,churn,6955,14.601,0,0
lmdb,churn,6956,14.167,0,0
lmdb,churn,6957,16.047,0,0
lmdb,churn,6958,15.073,0,0
lmdb,churn,6959,34.218,0,0
lmdb,churn,6960,14.608,5882380288,1436125
lmdb,churn,6961,14.842,0,0
lmdb,churn,6962,14.348,0,0
lmdb,churn,6963,32.889,0,0
lmdb,churn,6964,16.583,0,0
lmdb,churn,6965,21.659,0,0
lmdb,churn,6966,17.877,0,0
lmdb,churn,6967,23.930,0,0
lmdb,churn,6968,23.754,0,0
lmdb,churn,6969,15.481,0,0
lmdb,churn,6970,24.717,5884481536,1436638
lmdb,churn,6971,24.356,0,0
lmdb,churn,6972,15.115,0,0
lmdb,churn,6973,25.148,0,0
lmdb,churn,6974,14.626,0,0
lmdb,churn,6975,26.203,0,0
lmdb,churn,6976,23.842,0,0
lmdb,churn,6977,19.069,0,0
lmdb,churn,6978,22.743,0,0
lmdb,churn,6979,20.392,0,0
lmdb,churn,6980,16.478,5886582784,1437151
lmdb,churn,6981,24.385,0,0
lmdb,churn,6982,23.331,0,0
lmdb,churn,6983,16.298,0,0
lmdb,churn,6984,17.007,0,0
lmdb,churn,6985,17.281,0,0
lmdb,churn,6986,23.688,0,0
lmdb,churn,6987,15.289,0,0
lmdb,churn,6988,18.577,0,0
lmdb,churn,6989,12.720,0,0
lmdb,churn,6990,17.016,5888684032,1437664
lmdb,churn,6991,25.433,0,0
lmdb,churn,6992,27.790,0,0
lmdb,churn,6993,21.808,0,0
lmdb,churn,6994,19.892,0,0
lmdb,churn,6995,21.070,0,0
lmdb,churn,6996,15.660,0,0
lmdb,churn,6997,14.708,0,0
lmdb,churn,6998,13.763,0,0
lmdb,churn,6999,18.413,0,0
lmdb,churn,7000,23.701,5890785280,1438177
lmdb,churn,7001,18.064,0,0
lmdb,churn,7002,22.217,0,0
lmdb,churn,7003,18.493,0,0
lmdb,churn,7004,16.502,0,0
lmdb,churn,7005,17.921,0,0
lmdb,churn,7006,15.705,0,0
lmdb,churn,7007,14.477,0,0
lmdb,churn,7008,14.590,0,0
lmdb,churn,7009,24.255,0,0
lmdb,churn,7010,16.482,5892886528,1438690
lmdb,churn,7011,16.140,0,0
lmdb,churn,7012,16.197,0,0
lmdb,churn,7013,15.833,0,0
lmdb,churn,7014,14.307,0,0
lmdb,churn,7015,18.124,0,0
lmdb,churn,7016,19.070,0,0
lmdb,churn,7017,15.007,0,0
lmdb,churn,7018,19.475,0,0
lmdb,churn,7019,17.934,0,0
lmdb,churn,7020,15.063,5894987776,1439203
lmdb,churn,7021,13.988,0,0
lmdb,churn,7022,16.223,0,0
lmdb,churn,7023,14.493,0,0
lmdb,churn,7024,17.271,0,0
lmdb,churn,7025,19.410,0,0
lmdb,churn,7026,16.875,0,0
lmdb,churn,7027,15.149,0,0
lmdb,churn,7028,19.664,0,0
lmdb,churn,7029,23.285,0,0
lmdb,churn,7030,14.648,5897089024,1439716
lmdb,churn,7031,16.796,0,0
lmdb,churn,7032,23.639,0,0
lmdb,churn,7033,15.096,0,0
lmdb,churn,7034,25.282,0,0
lmdb,churn,7035,21.075,0,0
lmdb,churn,7036,20.764,0,0
lmdb,churn,7037,17.569,0,0
lmdb,churn,7038,16.108,0,0
lmdb,churn,7039,14.844,0,0
lmdb,churn,7040,15.968,5897089024,1439716
lmdb,churn,7041,22.179,0,0
lmdb,churn,7042,17.663,0,0
lmdb,churn,7043,21.509,0,0
lmdb,churn,7044,14.630,0,0
lmdb,churn,7045,23.406,0,0
lmdb,churn,7046,17.488,0,0
lmdb,churn,7047,21.427,0,0
lmdb,churn,7048,17.583,0,0
lmdb,churn,7049,17.201,0,0
lmdb,churn,7050,17.864,5901291520,1440742
lmdb,churn,7051,19.965,0,0
lmdb,churn,7052,16.357,0,0
lmdb,churn,7053,22.011,0,0
lmdb,churn,7054,17.211,0,0
lmdb,churn,7055,19.404,0,0
lmdb,churn,7056,17.442,0,0
lmdb,churn,7057,18.552,0,0
lmdb,churn,7058,21.615,0,0
lmdb,churn,7059,20.048,0,0
lmdb,churn,7060,17.176,5903392768,1441255
lmdb,churn,7061,19.553,0,0
lmdb,churn,7062,16.868,0,0
lmdb,churn,7063,17.105,0,0
lmdb,churn,7064,16.016,0,0
lmdb,churn,7065,16.449,0,0
lmdb,churn,7066,15.916,0,0
lmdb,churn,7067,17.590,0,0
lmdb,churn,7068,19.578,0,0
lmdb,churn,7069,15.715,0,0
lmdb,churn,7070,19.561,5903392768,1441255
lmdb,churn,7071,37.053,0,0
lmdb,churn,7072,16.140,0,0
lmdb,churn,7073,20.190,0,0
lmdb,churn,7074,14.145,0,0
lmdb,churn,7075,18.026,0,0
lmdb,churn,7076,13.977,0,0
lmdb,churn,7077,15.631,0,0
lmdb,churn,7078,20.298,0,0
lmdb,churn,7079,18.492,0,0
lmdb,churn,7080,28.403,5905494016,1441768
lmdb,churn,7081,18.664,0,0
lmdb,churn,7082,19.561,0,0
lmdb,churn,7083,18.554,0,0
lmdb,churn,7084,14.211,0,0
lmdb,churn,7085,18.179,0,0
lmdb,churn,7086,19.176,0,0
lmdb,churn,7087,16.073,0,0
lmdb,churn,7088,22.191,0,0
lmdb,churn,7089,23.541,0,0
lmdb,churn,7090,16.811,5907607552,1442284
lmdb,churn,7091,19.665,0,0
lmdb,churn,7092,16.798,0,0
lmdb,churn,7093,17.728,0,0
lmdb,churn,7094,17.252,0,0
lmdb,churn,7095,17.103,0,0
lmdb,churn,7096,25.794,0,0
lmdb,churn,7097,17.600,0,0
lmdb,churn,7098,23.123,0,0
lmdb,churn,7099,26.158,0,0
lmdb,churn,7100,15.586,5909721088,1442800
lmdb,churn,7101,21.990,0,0
lmdb,churn,7102,18.033,0,0
lmdb,churn,7103,16.962,0,0
lmdb,churn,7104,16.004,0,0
lmdb,churn,7105,21.382,0,0
lmdb,churn,7106,21.330,0,0
lmdb,churn,7107,16.455,0,0
lmdb,churn,7108,19.309,0,0
lmdb,churn,7109,16.717,0,0
lmdb,churn,7110,16.938,5911842816,1443318
lmdb,churn,7111,20.132,0,0
lmdb,churn,7112,19.424,0,0
lmdb,churn,7113,17.149,0,0
lmdb,churn,7114,21.380,0,0
lmdb,churn,7115,19.263,0,0
lmdb,churn,7116,17.935,0,0
lmdb,churn,7117,21.527,0,0
lmdb,churn,7118,14.963,0,0
lmdb,churn,7119,16.141,0,0
lmdb,churn,7120,15.825,5911842816,1443318
lmdb,churn,7121,18.282,0,0
lmdb,churn,7122,44.350,0,0
lmdb,churn,7123,34.659,0,0
lmdb,churn,7124,16.728,0,0
lmdb,churn,7125,17.449,0,0
lmdb,churn,7126,22.304,0,0
lmdb,churn,7127,20.775,0,0
lmdb,churn,7128,65.660,0,0
lmdb,churn,7129,49.490,0,0
lmdb,churn,7130,44.872,5913944064,1443831
lmdb,churn,7131,32.208,0,0
lmdb,churn,7132,22.274,0,0
lmdb,churn,7133,16.990,0,0
lmdb,churn,7134,20.245,0,0
lmdb,churn,7135,21.911,0,0
lmdb,churn,7136,18.524,0,0
lmdb,churn,7137,17.706,0,0
lmdb,churn,7138,23.165,0,0
lmdb,churn,7139,19.641,0,0
lmdb,churn,7140,16.034,5916045312,1444344
lmdb,churn,7141,19.546,0,0
lmdb,churn,7142,26.229,0,0
lmdb,churn,7143,16.267,0,0
lmdb,churn,7144,17.746,0,0
lmdb,churn,7145,15.508,0,0
lmdb,churn,7146,21.218,0,0
lmdb,churn,7147,16.660,0,0
lmdb,churn,7148,23.735,0,0
lmdb,churn,7149,24.935,0,0
lmdb,churn,7150,19.165,5918158848,1444860
lmdb,churn,7151,17.649,0,0
lmdb,churn,7152,16.577,0,0
lmdb,churn,7153,24.448,0,0
lmdb,churn,7154,19.599,0,0
lmdb,churn,7155,20.828,0,0
lmdb,churn,7156,27.180,0,0
lmdb,churn,7157,21.903,0,0
lmdb,churn,7158,31.635,0,0
lmdb,churn,7159,37.793,0,0
lmdb,churn,7160,26.538,5920260096,1445373
lmdb,churn,7161,15.120,0,0
lmdb,churn,7162,14.609,0,0
lmdb,churn,7163,15.923,0,0
lmdb,churn,7164,20.419,0,0
lmdb,churn,7165,15.245,0,0
lmdb,churn,7166,21.669,0,0
lmdb,churn,7167,23.065,0,0
lmdb,churn,7168,17.855,0,0
lmdb,churn,7169,30.058,0,0
lmdb,churn,7170,21.544,5922361344,1445886
lmdb,churn,7171,18.378,0,0
lmdb,churn,7172,15.793,0,0
lmdb,churn,7173,26.641,0,0
lmdb,churn,7174,16.982,0,0
lmdb,churn,7175,22.907,0,0
lmdb,churn,7176,16.479,0,0
lmdb,churn,7177,44.618,0,0
lmdb,churn,7178,17.365,0,0
lmdb,churn,7179,23.814,0,0
lmdb,churn,7180,21.564,5924462592,1446399
lmdb,churn,7181,16.525,0,0
lmdb,churn,7182,18.209,0,0
lmdb,churn,7183,17.508,0,0
lmdb,churn,7184,20.007,0,0
lmdb,churn,7185,22.227,0,0
lmdb,churn,7186,17.160,0,0
lmdb,churn,7187,17.819,0,0
lmdb,churn,7188,17.183,0,0
lmdb,churn,7189,18.978,0,0
lmdb,churn,7190,16.460,5926588416,1446918
lmdb,churn,7191,21.909,0,0
lmdb,churn,7192,17.423,0,0
lmdb,churn,7193,15.267,0,0
lmdb,churn,7194,18.652,0,0
lmdb,churn,7195,32.936,0,0
lmdb,churn,7196,20.758,0,0
lmdb,churn,7197,17.967,0,0
lmdb,churn,7198,17.186,0,0
lmdb,churn,7199,19.013,0,0
lmdb,churn,7200,17.388,5928689664,1447431
lmdb,churn,7201,14.857,0,0
lmdb,churn,7202,21.319,0,0
lmdb,churn,7203,18.839,0,0
lmdb,churn,7204,16.245,0,0
lmdb,churn,7205,17.047,0,0
lmdb,churn,7206,16.188,0,0
lmdb,churn,7207,14.265,0,0
lmdb,churn,7208,25.939,0,0
lmdb,churn,7209,26.430,0,0
lmdb,churn,7210,17.766,5930790912,1447944
lmdb,churn,7211,35.210,0,0
lmdb,churn,7212,36.091,0,0
lmdb,churn,7213,37.211,0,0
lmdb,churn,7214,20.176,0,0
lmdb,churn,7215,63.751,0,0
lmdb,churn,7216,54.517,0,0
lmdb,churn,7217,24.052,0,0
lmdb,churn,7218,27.283,0,0
lmdb,churn,7219,32.839,0,0
lmdb,churn,7220,26.224,5932892160,1448457
lmdb,churn,7221,24.084,0,0
lmdb,churn,7222,40.595,0,0
lmdb,churn,7223,18.496,0,0
lmdb,churn,7224,21.126,0,0
lmdb,churn,7225,26.245,0,0
lmdb,churn,7226,25.807,0,0
lmdb,churn,7227,18.675,0,0
lmdb,churn,7228,17.183,0,0
lmdb,churn,7229,16.069,0,0
lmdb,churn,7230,23.350,5934993408,1448970
lmdb,churn,7231,19.609,0,0
lmdb,churn,7232,22.578,0,0
lmdb,churn,7233,18.301,0,0
lmdb,churn,7234,25.589,0,0
lmdb,churn,7235,27.038,0,0
lmdb,churn,7236,16.974,0,0
lmdb,churn,7237,25.766,0,0
lmdb,churn,7238,15.921,0,0
lmdb,churn,7239,19.848,0,0
lmdb,churn,7240,21.140,5934993408,1448970
lmdb,churn,7241,17.684,0,0
lmdb,churn,7242,16.194,0,0
lmdb,churn,7243,21.968,0,0
lmdb,churn,7244,20.381,0,0
lmdb,churn,7245,14.620,0,0
lmdb,churn,7246,17.018,0,0
lmdb,churn,7247,26.080,0,0
lmdb,churn,7248,20.046,0,0
lmdb,churn,7249,28.988,0,0
lmdb,churn,7250,16.187,5937094656,1449483
lmdb,churn,7251,15.469,0,0
lmdb,churn,7252,16.768,0,0
lmdb,churn,7253,21.890,0,0
lmdb,churn,7254,33.460,0,0
lmdb,churn,7255,24.452,0,0
lmdb,churn,7256,16.670,0,0
lmdb,churn,7257,25.656,0,0
lmdb,churn,7258,18.048,0,0
lmdb,churn,7259,27.346,0,0
lmdb,churn,7260,22.686,5939208192,1449999
lmdb,churn,7261,19.844,0,0
lmdb,churn,7262,18.391,0,0
lmdb,churn,7263,16.325,0,0
lmdb,churn,7264,15.415,0,0
lmdb,churn,7265,20.230,0,0
lmdb,churn,7266,20.313,0,0
lmdb,churn,7267,18.980,0,0
lmdb,churn,7268,24.291,0,0
lmdb,churn,7269,16.901,0,0
lmdb,churn,7270,21.274,5941309440,1450512
lmdb,churn,7271,18.871,0,0
lmdb,churn,7272,18.799,0,0
lmdb,churn,7273,19.770,0,0
lmdb,churn,7274,20.827,0,0
lmdb,churn,7275,14.979,0,0
lmdb,churn,7276,19.996,0,0
lmdb,churn,7277,16.157,0,0
lmdb,churn,7278,18.149,0,0
lmdb,churn,7279,16.660,0,0
lmdb,churn,7280,22.486,5943410688,1451025
lmdb,churn,7281,14.698,0,0
lmdb,churn,7282,18.940,0,0
lmdb,churn,7283,19.734,0,0
lmdb,churn,7284,22.606,0,0
lmdb,churn,7285,14.243,0,0
lmdb,churn,7286,15.442,0,0
lmdb,churn,7287,17.866,0,0
lmdb,churn,7288,19.879,0,0
lmdb,churn,7289,17.546,0,0
lmdb,churn,7290,25.138,5945511936,1451538
lmdb,churn,7291,16.868,0,0
lmdb,churn,7292,16.487,0,0
lmdb,churn,7293,18.581,0,0
lmdb,churn,7294,19.067,0,0
lmdb,churn,7295,17.135,0,0
lmdb,churn,7296,14.309,0,0
lmdb,churn,7297,23.983,0,0
lmdb,churn,7298,19.996,0,0
lmdb,churn,7299,18.780,0,0
lmdb,churn,7300,32.726,5947613184,1452051
lmdb,churn,7301,31.867,0,0
lmdb,churn,7302,29.014,0,0
lmdb,churn,7303,17.226,0,0
lmdb,churn,7304,41.623,0,0
lmdb,churn,7305,21.988,0,0
lmdb,churn,7306,16.593,0,0
lmdb,churn,7307,16.891,0,0
lmdb,churn,7308,17.277,0,0
lmdb,churn,7309,41.539,0,0
lmdb,churn,7310,31.764,5947613184,1452051
lmdb,churn,7311,37.550,0,0
lmdb,churn,7312,53.297,0,0
lmdb,churn,7313,26.525,0,0
lmdb,churn,7314,17.432,0,0
lmdb,churn,7315,16.256,0,0
lmdb,churn,7316,18.256,0,0
lmdb,churn,7317,22.325,0,0
lmdb,churn,7318,21.431,0,0
lmdb,churn,7319,17.411,0,0
lmdb,churn,7320,18.325,5949714432,1452564
lmdb,churn,7321,24.430,0,0
lmdb,churn,7322,14.783,0,0
lmdb,churn,7323,16.007,0,0
lmdb,churn,7324,36.670,0,0
lmdb,churn,7325,15.904,0,0
lmdb,churn,7326,21.952,0,0
lmdb,churn,7327,19.755,0,0
lmdb,churn,7328,24.541,0,0
lmdb,churn,7329,16.035,0,0
lmdb,churn,7330,18.707,5951815680,1453077
lmdb,churn,7331,15.635,0,0
lmdb,churn,7332,18.454,0,0
lmdb,churn,7333,14.235,0,0
lmdb,churn,7334,19.189,0,0
lmdb,churn,7335,21.083,0,0
lmdb,churn,7336,16.008,0,0
lmdb,churn,7337,27.160,0,0
lmdb,churn,7338,18.253,0,0
lmdb,churn,7339,19.501,0,0
lmdb,churn,7340,16.521,5953916928,1453590
lmdb,churn,7341,18.550,0,0
lmdb,churn,7342,15.622,0,0
lmdb,churn,7343,15.690,0,0
lmdb,churn,7344,15.003,0,0
lmdb,churn,7345,15.242,0,0
lmdb,churn,7346,19.144,0,0
lmdb,churn,7347,18.557,0,0
lmdb,churn,7348,24.339,0,0
lmdb,churn,7349,24.093,0,0
lmdb,churn,7350,19.209,5956018176,1454103
lmdb,churn,7351,16.278,0,0
lmdb,churn,7352,16.459,0,0
lmdb,churn,7353,17.893,0,0
lmdb,churn,7354,16.265,0,0
lmdb,churn,7355,22.180,0,0
lmdb,churn,7356,22.026,0,0
lmdb,churn,7357,20.665,0,0
lmdb,churn,7358,18.041,0,0
lmdb,churn,7359,38.855,0,0
lmdb,churn,7360,19.392,5958119424,1454616
lmdb,churn,7361,21.509,0,0
lmdb,churn,7362,28.523,0,0
lmdb,churn,7363,18.112,0,0
lmdb,churn,7364,13.799,0,0
lmdb,churn,7365,16.101,0,0
lmdb,churn,7366,20.862,0,0
lmdb,churn,7367,20.706,0,0
lmdb,churn,7368,18.088,0,0
lmdb,churn,7369,37.006,0,0
lmdb,churn,7370,25.316,5960220672,1455129
lmdb,churn,7371,32.571,0,0
lmdb,churn,7372,18.680,0,0
lmdb,churn,7373,18.820,0,0
lmdb,churn,7374,16.864,0,0
lmdb,churn,7375,14.766,0,0
lmdb,churn,7376,21.245,0,0
lmdb,churn,7377,16.744,0,0
lmdb,churn,7378,23.656,0,0
lmdb,churn,7379,18.424,0,0
lmdb,churn,7380,20.448,5962321920,1455642
lmdb,churn,7381,26.931,0,0
lmdb,churn,7382,18.505,0,0
lmdb,churn,7383,16.331,0,0
lmdb,churn,7384,16.042,0,0
lmdb,churn,7385,18.791,0,0
lmdb,churn,7386,15.508,0,0
lmdb,churn,7387,21.434,0,0
lmdb,churn,7388,14.503,0,0
lmdb,churn,7389,15.685,0,0
lmdb,churn,7390,29.827,5964423168,1456155
lmdb,churn,7391,18.791,0,0
lmdb,churn,7392,18.939,0,0
lmdb,churn,7393,16.022,0,0
lmdb,churn,7394,16.096,0,0
lmdb,churn,7395,18.415,0,0
lmdb,churn,7396,17.599,0,0
lmdb,churn,7397,25.360,0,0
lmdb,churn,7398,18.529,0,0
lmdb,churn,7399,17.620,0,0
lmdb,churn,7400,22.681,5966524416,1456668
lmdb,churn,7401,23.952,0,0
lmdb,churn,7402,21.920,0,0
lmdb,churn,7403,24.377,0,0
lmdb,churn,7404,22.013,0,0
lmdb,churn,7405,28.790,0,0
lmdb,churn,7406,16.659,0,0
lmdb,churn,7407,14.659,0,0
lmdb,churn,7408,14.396,0,0
lmdb,churn,7409,16.770,0,0
lmdb,churn,7410,21.369,5966536704,1456671
lmdb,churn,7411,17.019,0,0
lmdb,churn,7412,14.898,0,0
lmdb,churn,7413,14.951,0,0
lmdb,churn,7414,16.176,0,0
lmdb,churn,7415,19.375,0,0
lmdb,churn,7416,21.198,0,0
lmdb,churn,7417,22.778,0,0
lmdb,churn,7418,16.906,0,0
lmdb,churn,7419,16.486,0,0
lmdb,churn,7420,18.903,5968637952,1457184
lmdb,churn,7421,36.721,0,0
lmdb,churn,7422,23.804,0,0
lmdb,churn,7423,18.018,0,0
lmdb,churn,7424,19.423,0,0
lmdb,churn,7425,18.276,0,0
lmdb,churn,7426,17.912,0,0
lmdb,churn,7427,26.579,0,0
lmdb,churn,7428,20.947,0,0
lmdb,churn,7429,21.001,0,0
lmdb,churn,7430,24.234,5970739200,1457697
lmdb,churn,7431,19.382,0,0
lmdb,churn,7432,16.467,0,0
lmdb,churn,7433,22.002,0,0
lmdb,churn,7434,15.325,0,0
lmdb,churn,7435,18.984,0,0
lmdb,churn,7436,18.949,0,0
lmdb,churn,7437,18.935,0,0
lmdb,churn,7438,15.598,0,0
lmdb,churn,7439,19.615,0,0
lmdb,churn,7440,21.575,5972840448,1458210
lmdb,churn,7441,17.218,0,0
lmdb,churn,7442,18.942,0,0
lmdb,churn,7443,17.121,0,0
lmdb,churn,7444,16.324,0,0
lmdb,churn,7445,39.571,0,0
lmdb,churn,7446,41.686,0,0
lmdb,churn,7447,39.319,0,0
lmdb,churn,7448,51.546,0,0
lmdb,churn,7449,30.045,0,0
lmdb,churn,7450,56.372,5972840448,1458210
lmdb,churn,7451,24.234,0,0
lmdb,churn,7452,16.594,0,0
lmdb,churn,7453,16.800,0,0
lmdb,churn,7454,18.328,0,0
lmdb,churn,7455,17.545,0,0
lmdb,churn,7456,15.478,0,0
lmdb,churn,7457,25.994,0,0
lmdb,churn,7458,17.773,0,0
lmdb,churn,7459,21.286,0,0
lmdb,churn,7460,16.989,5977055232,1459239
lmdb,churn,7461,18.371,0,0
lmdb,churn,7462,28.398,0,0
lmdb,churn,7463,20.548,0,0
lmdb,churn,7464,15.296,0,0
lmdb,churn,7465,20.662,0,0
lmdb,churn,7466,16.443,0,0
lmdb,churn,7467,16.166,0,0
lmdb,churn,7468,18.473,0,0
lmdb,churn,7469,16.958,0,0
lmdb,churn,7470,17.019,5979156480,1459752
lmdb,churn,7471,19.269,0,0
lmdb,churn,7472,31.885,0,0
lmdb,churn,7473,14.977,0,0
lmdb,churn,7474,16.297,0,0
lmdb,churn,7475,17.685,0,0
lmdb,churn,7476,17.579,0,0
lmdb,churn,7477,17.150,0,0
lmdb,churn,7478,18.893,0,0
lmdb,churn,7479,26.354,0,0
lmdb,churn,7480,15.033,5981257728,1460265
lmdb,churn,7481,21.612,0,0
lmdb,churn,7482,25.894,0,0
lmdb,churn,7483,23.387,0,0
lmdb,churn,7484,15.542,0,0
lmdb,churn,7485,33.145,0,0
lmdb,churn,7486,24.162,0,0
lmdb,churn,7487,33.754,0,0
lmdb,churn,7488,42.818,0,0
lmdb,churn,7489,41.973,0,0
lmdb,churn,7490,32.522,5983358976,1460778
lmdb,churn,7491,111.207,0,0
lmdb,churn,7492,30.045,0,0
lmdb,churn,7493,16.325,0,0
lmdb,churn,7494,19.367,0,0
lmdb,churn,7495,17.420,0,0
lmdb,churn,7496,23.097,0,0
lmdb,churn,7497,47.325,0,0
lmdb,churn,7498,43.875,0,0
lmdb,churn,7499,55.268,0,0
lmdb,churn,7500,17.479,5985460224,1461291
lmdb,churn,7501,23.675,0,0
lmdb,churn,7502,17.025,0,0
lmdb,churn,7503,20.830,0,0
lmdb,churn,7504,20.034,0,0
lmdb,churn,7505,19.341,0,0
lmdb,churn,7506,26.595,0,0
lmdb,churn,7507,20.180,0,0
lmdb,churn,7508,42.748,0,0
lmdb,churn,7509,15.458,0,0
lmdb,churn,7510,19.186,5985460224,1461291
lmdb,churn,7511,18.605,0,0
lmdb,churn,7512,20.453,0,0
lmdb,churn,7513,23.383,0,0
lmdb,churn,7514,22.304,0,0
lmdb,churn,7515,19.419,0,0
lmdb,churn,7516,17.276,0,0
lmdb,churn,7517,14.916,0,0
lmdb,churn,7518,22.122,0,0
lmdb,churn,7519,17.671,0,0
lmdb,churn,7520,25.717,5989662720,1462317
lmdb,churn,7521,20.332,0,0
lmdb,churn,7522,16.829,0,0
lmdb,churn,7523,16.283,0,0
lmdb,churn,7524,22.405,0,0
lmdb,churn,7525,18.560,0,0
lmdb,churn,7526,17.907,0,0
lmdb,churn,7527,17.951,0,0
lmdb,churn,7528,17.772,0,0
lmdb,churn,7529,16.512,0,0
lmdb,churn,7530,16.672,5989662720,1462317
lmdb,churn,7531,17.204,0,0
lmdb,churn,7532,20.122,0,0
lmdb,churn,7533,18.612,0,0
lmdb,churn,7534,18.214,0,0
lmdb,churn,7535,19.833,0,0
lmdb,churn,7536,16.068,0,0
lmdb,churn,7537,19.460,0,0
lmdb,churn,7538,21.963,0,0
lmdb,churn,7539,19.842,0,0
lmdb,churn,7540,20.360,5991763968,1462830
lmdb,churn,7541,15.852,0,0
lmdb,churn,7542,20.977,0,0
lmdb,churn,7543,24.476,0,0
lmdb,churn,7544,18.309,0,0
lmdb,churn,7545,13.951,0,0
lmdb,churn,7546,15.353,0,0
lmdb,churn,7547,19.341,0,0
lmdb,churn,7548,16.626,0,0
lmdb,churn,7549,20.143,0,0
lmdb,churn,7550,17.337,5993865216,1463343
lmdb,churn,7551,26.990,0,0
lmdb,churn,7552,18.956,0,0
lmdb,churn,7553,15.513,0,0
lmdb,churn,7554,27.248,0,0
lmdb,churn,7555,15.410,0,0
lmdb,churn,7556,17.100,0,0
lmdb,churn,7557,17.116,0,0
lmdb,churn,7558,18.366,0,0
lmdb,churn,7559,22.570,0,0
lmdb,churn,7560,16.728,5995978752,1463859
lmdb,churn,7561,22.319,0,0
lmdb,churn,7562,18.610,0,0
lmdb,churn,7563,18.171,0,0
lmdb,churn,7564,16.429,0,0
lmdb,churn,7565,15.991,0,0
lmdb,churn,7566,16.220,0,0
lmdb,churn,7567,21.159,0,0
lmdb,churn,7568,35.623,0,0
lmdb,churn,7569,18.543,0,0
lmdb,churn,7570,21.964,5995978752,1463859
lmdb,churn,7571,45.759,0,0
lmdb,churn,7572,16.152,0,0
lmdb,churn,7573,23.635,0,0
lmdb,churn,7574,17.457,0,0
lmdb,churn,7575,18.375,0,0
lmdb,churn,7576,16.326,0,0
lmdb,churn,7577,19.630,0,0
lmdb,churn,7578,28.096,0,0
lmdb,churn,7579,24.885,0,0
lmdb,churn,7580,17.333,5998080000,1464372
lmdb,churn,7581,17.319,0,0
lmdb,churn,7582,14.690,0,0
lmdb,churn,7583,16.240,0,0
lmdb,churn,7584,14.631,0,0
lmdb,churn,7585,20.167,0,0
lmdb,churn,7586,17.020,0,0
lmdb,churn,7587,19.012,0,0
lmdb,churn,7588,14.156,0,0
lmdb,churn,7589,13.770,0,0
lmdb,churn,7590,16.891,6000181248,1464885
lmdb,churn,7591,22.121,0,0
lmdb,churn,7592,16.047,0,0
lmdb,churn,7593,17.679,0,0
lmdb,churn,7594,26.169,0,0
lmdb,churn,7595,14.985,0,0
lmdb,churn,7596,18.739,0,0
lmdb,churn,7597,23.413,0,0
lmdb,churn,7598,24.091,0,0
lmdb,churn,7599,21.933,0,0
lmdb,churn,7600,20.934,6002282496,1465398
lmdb,churn,7601,14.542,0,0
lmdb,churn,7602,14.461,0,0
lmdb,churn,7603,27.433,0,0
lmdb,churn,7604,14.652,0,0
lmdb,churn,7605,23.300,0,0
lmdb,churn,7606,21.487,0,0
lmdb,churn,7607,20.252,0,0
lmdb,churn,7608,13.995,0,0
lmdb,churn,7609,16.092,0,0
lmdb,churn,7610,20.347,6004383744,1465911
lmdb,churn,7611,17.032,0,0
lmdb,churn,7612,16.416,0,0
lmdb,churn,7613,23.753,0,0
lmdb,churn,7614,14.660,0,0
lmdb,churn,7615,19.172,0,0
lmdb,churn,7616,25.400,0,0
lmdb,churn,7617,13.936,0,0
lmdb,churn,7618,17.300,0,0
lmdb,churn,7619,22.001,0,0
lmdb,churn,7620,21.906,6006484992,1466424
lmdb,churn,7621,18.918,0,0
lmdb,churn,7622,16.668,0,0
lmdb,churn,7623,29.669,0,0
lmdb,churn,7624,16.621,0,0
lmdb,churn,7625,16.675,0,0
lmdb,churn,7626,18.979,0,0
lmdb,churn,7627,21.337,0,0
lmdb,churn,7628,32.786,0,0
lmdb,churn,7629,25.843,0,0
lmdb,churn,7630,29.696,6006484992,1466424
lmdb,churn,7631,36.325,0,0
lmdb,churn,7632,29.211,0,0
lmdb,churn,7633,32.608,0,0
lmdb,churn,7634,23.122,0,0
lmdb,churn,7635,25.554,0,0
lmdb,churn,7636,20.139,0,0
lmdb,churn,7637,43.762,0,0
lmdb,churn,7638,21.885,0,0
lmdb,churn,7639,26.204,0,0
lmdb,churn,7640,16.794,6008586240,1466937
lmdb,churn,7641,16.876,0,0
lmdb,churn,7642,24.520,0,0
lmdb,churn,7643,21.672,0,0
lmdb,churn,7644,16.619,0,0
lmdb,churn,7645,15.061,0,0
lmdb,churn,7646,14.408,0,0
lmdb,churn,7647,21.226,0,0
lmdb,churn,7648,17.281,0,0
lmdb,churn,7649,18.895,0,0
lmdb,churn,7650,17.647,6010687488,1467450
lmdb,churn,7651,22.685,0,0
lmdb,churn,7652,29.177,0,0
lmdb,churn,7653,19.273,0,0
lmdb,churn,7654,28.454,0,0
lmdb,churn,7655,18.933,0,0
lmdb,churn,7656,17.869,0,0
lmdb,churn,7657,34.108,0,0
lmdb,churn,7658,37.682,0,0
lmdb,churn,7659,30.352,0,0
lmdb,churn,7660,41.069,6012796928,1467965
lmdb,churn,7661,46.149,0,0
lmdb,churn,7662,30.904,0,0
lmdb,churn,7663,30.931,0,0
lmdb,churn,7664,41.458,0,0
lmdb,churn,7665,44.154,0,0
lmdb,churn,7666,20.451,0,0
lmdb,churn,7667,19.844,0,0
lmdb,churn,7668,16.401,0,0
lmdb,churn,7669,21.591,0,0
lmdb,churn,7670,20.352,6012796928,1467965
lmdb,churn,7671,20.094,0,0
lmdb,churn,7672,17.769,0,0
lmdb,churn,7673,21.750,0,0
lmdb,churn,7674,17.608,0,0
lmdb,churn,7675,18.770,0,0
lmdb,churn,7676,27.178,0,0
lmdb,churn,7677,16.059,0,0
lmdb,churn,7678,22.009,0,0
lmdb,churn,7679,15.842,0,0
lmdb,churn,7680,19.182,6014898176,1468478
lmdb,churn,7681,38.587,0,0
lmdb,churn,7682,20.194,0,0
lmdb,churn,7683,17.674,0,0
lmdb,churn,7684,22.625,0,0
lmdb,churn,7685,19.973,0,0
lmdb,churn,7686,15.930,0,0
lmdb,churn,7687,16.517,0,0
lmdb,churn,7688,18.828,0,0
lmdb,churn,7689,17.675,0,0
lmdb,churn,7690,15.762,6016999424,1468991
lmdb,churn,7691,21.562,0,0
lmdb,churn,7692,17.396,0,0
lmdb,churn,7693,24.168,0,0
lmdb,churn,7694,20.059,0,0
lmdb,churn,7695,17.061,0,0
lmdb,churn,7696,18.598,0,0
lmdb,churn,7697,26.923,0,0
lmdb,churn,7698,23.952,0,0
lmdb,churn,7699,15.835,0,0
lmdb,churn,7700,19.925,6019100672,1469504
lmdb,churn,7701,16.393,0,0
lmdb,churn,7702,19.162,0,0
lmdb,churn,7703,19.856,0,0
lmdb,churn,7704,21.159,0,0
lmdb,churn,7705,21.413,0,0
lmdb,churn,7706,14.886,0,0
lmdb,churn,7707,17.981,0,0
lmdb,churn,7708,20.207,0,0
lmdb,churn,7709,32.962,0,0
lmdb,churn,7710,25.749,6021201920,1470017
lmdb,churn,7711,29.753,0,0
lmdb,churn,7712,28.449,0,0
lmdb,churn,7713,32.857,0,0
lmdb,churn,7714,31.685,0,0
lmdb,churn,7715,30.358,0,0
lmdb,churn,7716,29.198,0,0
lmdb,churn,7717,31.329,0,0
lmdb,churn,7718,18.322,0,0
lmdb,churn,7719,18.204,0,0
lmdb,churn,7720,18.956,6023303168,1470530
lmdb,churn,7721,21.659,0,0
lmdb,churn,7722,16.279,0,0
lmdb,churn,7723,19.419,0,0
lmdb,churn,7724,18.662,0,0
lmdb,churn,7725,16.340,0,0
lmdb,churn,7726,20.524,0,0
lmdb,churn,7727,15.470,0,0
lmdb,churn,7728,21.438,0,0
lmdb,churn,7729,23.095,0,0
lmdb,churn,7730,21.379,6025404416,1471043
lmdb,churn,7731,24.570,0,0
lmdb,churn,7732,22.328,0,0
lmdb,churn,7733,17.803,0,0
lmdb,churn,7734,18.426,0,0
lmdb,churn,7735,18.095,0,0
lmdb,churn,7736,23.081,0,0
lmdb,churn,7737,18.095,0,0
lmdb,churn,7738,19.736,0,0
lmdb,churn,7739,23.800,0,0
lmdb,churn,7740,16.892,6027517952,1471559
lmdb,churn,7741,22.869,0,0
lmdb,churn,7742,24.118,0,0
lmdb,churn,7743,25.663,0,0
lmdb,churn,7744,19.373,0,0
lmdb,churn,7745,18.324,0,0
lmdb,churn,7746,18.794,0,0
lmdb,churn,7747,19.709,0,0
lmdb,churn,7748,16.446,0,0
lmdb,churn,7749,19.574,0,0
lmdb,churn,7750,25.383,6027550720,1471567
lmdb,churn,7751,30.513,0,0
lmdb,churn,7752,21.955,0,0
lmdb,churn,7753,25.461,0,0
lmdb,churn,7754,17.560,0,0
lmdb,churn,7755,18.327,0,0
lmdb,churn,7756,17.831,0,0
lmdb,churn,7757,16.227,0,0
lmdb,churn,7758,22.402,0,0
lmdb,churn,7759,22.045,0,0
lmdb,churn,7760,16.622,6031765504,1472596
lmdb,churn,7761,20.232,0,0
lmdb,churn,7762,20.437,0,0
lmdb,churn,7763,16.643,0,0
lmdb,churn,7764,16.404,0,0
lmdb,churn,7765,18.984,0,0
lmdb,churn,7766,27.184,0,0
lmdb,churn,7767,25.545,0,0
lmdb,churn,7768,19.363,0,0
lmdb,churn,7769,15.547,0,0
lmdb,churn,7770,17.316,6033866752,1473109
lmdb,churn,7771,24.138,0,0
lmdb,churn,7772,19.338,0,0
lmdb,churn,7773,18.240,0,0
lmdb,churn,7774,23.038,0,0
lmdb,churn,7775,22.950,0,0
lmdb,churn,7776,14.942,0,0
lmdb,churn,7777,17.211,0,0
lmdb,churn,7778,19.855,0,0
lmdb,churn,7779,17.709,0,0
lmdb,churn,7780,18.817,6035968000,1473622
lmdb,churn,7781,21.154,0,0
lmdb,churn,7782,20.846,0,0
lmdb,churn,7783,17.517,0,0
lmdb,churn,7784,18.261,0,0
lmdb,churn,7785,25.561,0,0
lmdb,churn,7786,30.249,0,0
lmdb,churn,7787,20.171,0,0
lmdb,churn,7788,15.102,0,0
lmdb,churn,7789,14.877,0,0
lmdb,churn,7790,16.779,6035968000,1473622
lmdb,churn,7791,16.696,0,0
lmdb,churn,7792,19.783,0,0
lmdb,churn,7793,17.320,0,0
lmdb,churn,7794,18.061,0,0
lmdb,churn,7795,27.307,0,0
lmdb,churn,7796,17.479,0,0
lmdb,churn,7797,24.850,0,0
lmdb,churn,7798,27.712,0,0
lmdb,churn,7799,22.146,0,0
lmdb,churn,7800,29.014,6038069248,1474135
lmdb,churn,7801,17.320,0,0
lmdb,churn,7802,20.996,0,0
lmdb,churn,7803,17.184,0,0
lmdb,churn,7804,31.773,0,0
lmdb,churn,7805,24.886,0,0
lmdb,churn,7806,18.538,0,0
lmdb,churn,7807,27.951,0,0
lmdb,churn,7808,25.183,0,0
lmdb,churn,7809,23.019,0,0
lmdb,churn,7810,18.355,6040170496,1474648
lmdb,churn,7811,20.851,0,0
lmdb,churn,7812,16.170,0,0
lmdb,churn,7813,16.271,0,0
lmdb,churn,7814,17.949,0,0
lmdb,churn,7815,20.579,0,0
lmdb,churn,7816,15.390,0,0
lmdb,churn,7817,16.565,0,0
lmdb,churn,7818,22.889,0,0
lmdb,churn,7819,17.491,0,0
lmdb,churn,7820,18.974,6040182784,1474651
lmdb,churn,7821,21.104,0,0
lmdb,churn,7822,15.821,0,0
lmdb,churn,7823,20.301,0,0
lmdb,churn,7824,25.907,0,0
lmdb,churn,7825,33.803,0,0
lmdb,churn,7826,28.854,0,0
lmdb,churn,7827,18.687,0,0
lmdb,churn,7828,15.662,0,0
lmdb,churn,7829,17.016,0,0
lmdb,churn,7830,19.403,6042284032,1475164
lmdb,churn,7831,19.712,0,0
lmdb,churn,7832,18.257,0,0
lmdb,churn,7833,17.998,0,0
lmdb,churn,7834,27.281,0,0
lmdb,churn,7835,17.154,0,0
lmdb,churn,7836,18.200,0,0
lmdb,churn,7837,16.991,0,0
lmdb,churn,7838,19.144,0,0
lmdb,churn,7839,17.264,0,0
lmdb,churn,7840,15.569,6044397568,1475680
lmdb,churn,7841,19.042,0,0
lmdb,churn,7842,21.104,0,0
lmdb,churn,7843,18.429,0,0
lmdb,churn,7844,42.748,0,0
lmdb,churn,7845,15.729,0,0
lmdb,churn,7846,17.660,0,0
lmdb,churn,7847,33.922,0,0
lmdb,churn,7848,19.988,0,0
lmdb,churn,7849,21.901,0,0
lmdb,churn,7850,21.721,6046498816,1476193
lmdb,churn,7851,21.919,0,0
lmdb,churn,7852,19.193,0,0
lmdb,churn,7853,16.856,0,0
lmdb,churn,7854,35.287,0,0
lmdb,churn,7855,33.108,0,0
lmdb,churn,7856,17.963,0,0
lmdb,churn,7857,18.160,0,0
lmdb,churn,7858,22.843,0,0
lmdb,churn,7859,17.242,0,0
lmdb,churn,7860,17.208,6048600064,1476706
lmdb,churn,7861,18.797,0,0
lmdb,churn,7862,19.515,0,0
lmdb,churn,7863,17.039,0,0
lmdb,churn,7864,22.976,0,0
lmdb,churn,7865,16.317,0,0
lmdb,churn,7866,16.186,0,0
lmdb,churn,7867,23.756,0,0
lmdb,churn,7868,19.621,0,0
lmdb,churn,7869,22.328,0,0
lmdb,churn,7870,18.382,6050701312,1477219
lmdb,churn,7871,20.002,0,0
lmdb,churn,7872,16.212,0,0
lmdb,churn,7873,16.831,0,0
lmdb,churn,7874,18.246,0,0
lmdb,churn,7875,16.286,0,0
lmdb,churn,7876,31.481,0,0
lmdb,churn,7877,35.077,0,0
lmdb,churn,7878,17.831,0,0
lmdb,churn,7879,20.977,0,0
lmdb,churn,7880,15.035,6052802560,1477732
lmdb,churn,7881,24.586,0,0
lmdb,churn,7882,24.220,0,0
lmdb,churn,7883,60.861,0,0
lmdb,churn,7884,16.272,0,0
lmdb,churn,7885,21.644,0,0
lmdb,churn,7886,22.681,0,0
lmdb,churn,7887,35.106,0,0
lmdb,churn,7888,32.734,0,0
lmdb,churn,7889,23.801,0,0
lmdb,churn,7890,17.809,6052802560,1477732
lmdb,churn,7891,15.453,0,0
lmdb,churn,7892,16.028,0,0
lmdb,churn,7893,14.528,0,0
lmdb,churn,7894,17.557,0,0
lmdb,churn,7895,21.795,0,0
lmdb,churn,7896,17.524,0,0
lmdb,churn,7897,20.581,0,0
lmdb,churn,7898,16.255,0,0
lmdb,churn,7899,15.394,0,0
lmdb,churn,7900,29.857,6057005056,1478758
lmdb,churn,7901,15.483,0,0
lmdb,churn,7902,17.977,0,0
lmdb,churn,7903,19.482,0,0
lmdb,churn,7904,18.989,0,0
lmdb,churn,7905,19.344,0,0
lmdb,churn,7906,18.473,0,0
lmdb,churn,7907,16.731,0,0
lmdb,churn,7908,17.260,0,0
lmdb,churn,7909,15.955,0,0
lmdb,churn,7910,15.782,6057005056,1478758
lmdb,churn,7911,18.261,0,0
lmdb,churn,7912,19.404,0,0
lmdb,churn,7913,15.504,0,0
lmdb,churn,7914,16.372,0,0
lmdb,churn,7915,19.754,0,0
lmdb,churn,7916,15.637,0,0
lmdb,churn,7917,21.068,0,0
lmdb,churn,7918,22.191,0,0
lmdb,churn,7919,15.230,0,0
lmdb,churn,7920,16.436,6059118592,1479274
lmdb,churn,7921,16.398,0,0
lmdb,churn,7922,21.397,0,0
lmdb,churn,7923,22.211,0,0
lmdb,churn,7924,17.327,0,0
lmdb,churn,7925,16.271,0,0
lmdb,churn,7926,17.852,0,0
lmdb,churn,7927,23.057,0,0
lmdb,churn,7928,21.127,0,0
lmdb,churn,7929,17.238,0,0
lmdb,churn,7930,17.375,6061219840,1479787
lmdb,churn,7931,16.207,0,0
lmdb,churn,7932,15.065,0,0
lmdb,churn,7933,15.542,0,0
lmdb,churn,7934,28.733,0,0
lmdb,churn,7935,15.842,0,0
lmdb,churn,7936,16.327,0,0
lmdb,churn,7937,17.572,0,0
lmdb,churn,7938,35.285,0,0
lmdb,churn,7939,31.137,0,0
lmdb,churn,7940,29.888,6063321088,1480300
lmdb,churn,7941,20.018,0,0
lmdb,churn,7942,17.807,0,0
lmdb,churn,7943,23.856,0,0
lmdb,churn,7944,17.924,0,0
lmdb,churn,7945,15.773,0,0
lmdb,churn,7946,22.644,0,0
lmdb,churn,7947,24.039,0,0
lmdb,churn,7948,22.928,0,0
lmdb,churn,7949,18.909,0,0
lmdb,churn,7950,21.236,6065434624,1480816
lmdb,churn,7951,19.230,0,0
lmdb,churn,7952,19.652,0,0
lmdb,churn,7953,22.638,0,0
lmdb,churn,7954,15.012,0,0
lmdb,churn,7955,19.720,0,0
lmdb,churn,7956,18.599,0,0
lmdb,churn,7957,17.012,0,0
lmdb,churn,7958,19.394,0,0
lmdb,churn,7959,19.557,0,0
lmdb,churn,7960,14.289,6065434624,1480816
lmdb,churn,7961,14.165,0,0
lmdb,churn,7962,16.229,0,0
lmdb,churn,7963,19.347,0,0
lmdb,churn,7964,25.332,0,0
lmdb,churn,7965,26.359,0,0
lmdb,churn,7966,26.850,0,0
lmdb,churn,7967,20.470,0,0
lmdb,churn,7968,17.172,0,0
lmdb,churn,7969,18.814,0,0
lmdb,churn,7970,16.650,6067548160,1481332
lmdb,churn,7971,17.621,0,0
lmdb,churn,7972,16.027,0,0
lmdb,churn,7973,14.612,0,0
lmdb,churn,7974,15.284,0,0
lmdb,churn,7975,20.637,0,0
lmdb,churn,7976,19.488,0,0
lmdb,churn,7977,16.039,0,0
lmdb,churn,7978,17.797,0,0
lmdb,churn,7979,30.574,0,0
lmdb,churn,7980,19.926,6069649408,1481845
lmdb,churn,7981,17.500,0,0
lmdb,churn,7982,18.993,0,0
lmdb,churn,7983,18.648,0,0
lmdb,churn,7984,16.997,0,0
lmdb,churn,7985,18.201,0,0
lmdb,churn,7986,19.498,0,0
lmdb,churn,7987,16.602,0,0
lmdb,churn,7988,18.275,0,0
lmdb,churn,7989,30.903,0,0
lmdb,churn,7990,17.273,6069649408,1481845
lmdb,churn,7991,15.867,0,0
lmdb,churn,7992,33.818,0,0
lmdb,churn,7993,20.237,0,0
lmdb,churn,7994,18.219,0,0
lmdb,churn,7995,19.042,0,0
lmdb,churn,7996,16.827,0,0
lmdb,churn,7997,14.563,0,0
lmdb,churn,7998,20.595,0,0
lmdb,churn,7999,17.368,0,0
lmdb,churn,8000,21.685,6073851904,1482871
lmdb,churn,8001,16.953,0,0
lmdb,churn,8002,18.552,0,0
lmdb,churn,8003,19.113,0,0
lmdb,churn,8004,25.697,0,0
lmdb,churn,8005,19.581,0,0
lmdb,churn,8006,20.804,0,0
lmdb,churn,8007,19.143,0,0
lmdb,churn,8008,16.140,0,0
lmdb,churn,8009,14.797,0,0
lmdb,churn,8010,23.663,6073864192,1482874
lmdb,churn,8011,20.586,0,0
lmdb,churn,8012,15.812,0,0
lmdb,churn,8013,19.202,0,0
lmdb,churn,8014,16.510,0,0
lmdb,churn,8015,15.562,0,0
lmdb,churn,8016,15.265,0,0
lmdb,churn,8017,20.462,0,0
lmdb,churn,8018,20.314,0,0
lmdb,churn,8019,16.013,0,0
lmdb,churn,8020,17.442,6075985920,1483392
lmdb,churn,8021,18.082,0,0
lmdb,churn,8022,17.493,0,0
lmdb,churn,8023,17.533,0,0
lmdb,churn,8024,20.989,0,0
lmdb,churn,8025,15.303,0,0
lmdb,churn,8026,17.915,0,0
lmdb,churn,8027,18.909,0,0
lmdb,churn,8028,18.939,0,0
lmdb,churn,8029,44.862,0,0
lmdb,churn,8030,18.122,6078087168,1483905
lmdb,churn,8031,34.753,0,0
lmdb,churn,8032,14.540,0,0
lmdb,churn,8033,17.852,0,0
lmdb,churn,8034,17.471,0,0
lmdb,churn,8035,16.122,0,0
lmdb,churn,8036,21.533,0,0
lmdb,churn,8037,16.358,0,0
lmdb,churn,8038,19.215,0,0
lmdb,churn,8039,17.820,0,0
lmdb,churn,8040,20.337,6078087168,1483905
lmdb,churn,8041,17.070,0,0
lmdb,churn,8042,18.729,0,0
lmdb,churn,8043,21.338,0,0
lmdb,churn,8044,22.825,0,0
lmdb,churn,8045,19.481,0,0
lmdb,churn,8046,25.481,0,0
lmdb,churn,8047,16.806,0,0
lmdb,churn,8048,17.202,0,0
lmdb,churn,8049,20.864,0,0
lmdb,churn,8050,14.907,6080188416,1484418
lmdb,churn,8051,14.641,0,0
lmdb,churn,8052,15.167,0,0
lmdb,churn,8053,25.656,0,0
lmdb,churn,8054,19.472,0,0
lmdb,churn,8055,18.109,0,0
lmdb,churn,8056,14.203,0,0
lmdb,churn,8057,17.258,0,0
lmdb,churn,8058,17.432,0,0
lmdb,churn,8059,16.156,0,0
lmdb,churn,8060,15.217,6082289664,1484931
lmdb,churn,8061,18.373,0,0
lmdb,churn,8062,19.487,0,0
lmdb,churn,8063,34.306,0,0
lmdb,churn,8064,26.067,0,0
lmdb,churn,8065,22.114,0,0
lmdb,churn,8066,20.603,0,0
lmdb,churn,8067,18.652,0,0
lmdb,churn,8068,21.035,0,0
lmdb,churn,8069,20.651,0,0
lmdb,churn,8070,15.620,6084390912,1485444
lmdb,churn,8071,16.809,0,0
lmdb,churn,8072,18.851,0,0
lmdb,churn,8073,26.096,0,0
lmdb,churn,8074,16.830,0,0
lmdb,churn,8075,28.218,0,0
lmdb,churn,8076,18.819,0,0
lmdb,churn,8077,17.039,0,0
lmdb,churn,8078,15.823,0,0
lmdb,churn,8079,17.066,0,0
lmdb,churn,8080,30.317,6084390912,1485444
lmdb,churn,8081,19.531,0,0
lmdb,churn,8082,25.018,0,0
lmdb,churn,8083,23.279,0,0
lmdb,churn,8084,26.132,0,0
lmdb,churn,8085,53.198,0,0
lmdb,churn,8086,45.344,0,0
lmdb,churn,8087,42.117,0,0
lmdb,churn,8088,75.411,0,0
lmdb,churn,8089,59.941,0,0
lmdb,churn,8090,32.104,6086492160,1485957
lmdb,churn,8091,18.999,0,0
lmdb,churn,8092,20.647,0,0
lmdb,churn,8093,21.097,0,0
lmdb,churn,8094,15.424,0,0
lmdb,churn,8095,19.650,0,0
lmdb,churn,8096,18.293,0,0
lmdb,churn,8097,37.148,0,0
lmdb,churn,8098,21.164,0,0
lmdb,churn,8099,18.637,0,0
lmdb,churn,8100,18.958,6088593408,1486470
lmdb,churn,8101,25.203,0,0
lmdb,churn,8102,19.245,0,0
lmdb,churn,8103,24.510,0,0
lmdb,churn,8104,20.993,0,0
lmdb,churn,8105,15.729,0,0
lmdb,churn,8106,31.287,0,0
lmdb,churn,8107,18.870,0,0
lmdb,churn,8108,13.966,0,0
lmdb,churn,8109,16.668,0,0
lmdb,churn,8110,18.569,6088593408,1486470
lmdb,churn,8111,26.206,0,0
lmdb,churn,8112,20.144,0,0
lmdb,churn,8113,18.527,0,0
lmdb,churn,8114,16.995,0,0
lmdb,churn,8115,20.116,0,0
lmdb,churn,8116,19.848,0,0
lmdb,churn,8117,20.433,0,0
lmdb,churn,8118,23.747,0,0
lmdb,churn,8119,14.515,0,0
lmdb,churn,8120,16.789,6090694656,1486983
lmdb,churn,8121,18.944,0,0
lmdb,churn,8122,28.752,0,0
lmdb,churn,8123,18.659,0,0
lmdb,churn,8124,21.925,0,0
lmdb,churn,8125,35.536,0,0
lmdb,churn,8126,20.895,0,0
lmdb,churn,8127,26.805,0,0
lmdb,churn,8128,15.488,0,0
lmdb,churn,8129,25.976,0,0
lmdb,churn,8130,27.229,6092808192,1487499
lmdb,churn,8131,18.542,0,0
lmdb,churn,8132,16.201,0,0
lmdb,churn,8133,17.731,0,0
lmdb,churn,8134,24.497,0,0
lmdb,churn,8135,15.921,0,0
lmdb,churn,8136,22.489,0,0
lmdb,churn,8137,26.620,0,0
lmdb,churn,8138,19.485,0,0
lmdb,churn,8139,16.176,0,0
lmdb,churn,8140,27.138,6094909440,1488012
lmdb,churn,8141,16.117,0,0
lmdb,churn,8142,20.350,0,0
lmdb,churn,8143,25.223,0,0
lmdb,churn,8144,20.068,0,0
lmdb,churn,8145,17.350,0,0
lmdb,churn,8146,14.727,0,0
lmdb,churn,8147,28.010,0,0
lmdb,churn,8148,15.824,0,0
lmdb,churn,8149,16.868,0,0
lmdb,churn,8150,24.824,6097010688,1488525
lmdb,churn,8151,19.942,0,0
lmdb,churn,8152,20.624,0,0
lmdb,churn,8153,22.543,0,0
lmdb,churn,8154,16.692,0,0
lmdb,churn,8155,15.894,0,0
lmdb,churn,8156,14.426,0,0
lmdb,churn,8157,17.281,0,0
lmdb,churn,8158,15.931,0,0
lmdb,churn,8159,16.668,0,0
lmdb,churn,8160,19.239,6099124224,1489041
lmdb,churn,8161,17.794,0,0
lmdb,churn,8162,20.884,0,0
lmdb,churn,8163,18.640,0,0
lmdb,churn,8164,34.672,0,0
lmdb,churn,8165,20.338,0,0
lmdb,churn,8166,19.368,0,0
lmdb,churn,8167,39.467,0,0
lmdb,churn,8168,23.440,0,0
lmdb,churn,8169,15.374,0,0
lmdb,churn,8170,39.986,6101225472,1489554
lmdb,churn,8171,58.716,0,0
lmdb,churn,8172,33.988,0,0
lmdb,churn,8173,55.631,0,0
lmdb,churn,8174,49.753,0,0
lmdb,churn,8175,39.888,0,0
lmdb,churn,8176,39.962,0,0
lmdb,churn,8177,35.381,0,0
lmdb,churn,8178,29.642,0,0
lmdb,churn,8179,33.858,0,0
lmdb,churn,8180,25.727,6101225472,1489554
lmdb,churn,8181,29.515,0,0
lmdb,churn,8182,20.194,0,0
lmdb,churn,8183,27.980,0,0
lmdb,churn,8184,17.814,0,0
lmdb,churn,8185,20.685,0,0
lmdb,churn,8186,19.737,0,0
lmdb,churn,8187,15.214,0,0
lmdb,churn,8188,22.566,0,0
lmdb,churn,8189,23.737,0,0
lmdb,churn,8190,16.968,6105427968,1490580
lmdb,churn,8191,18.048,0,0
lmdb,churn,8192,28.810,0,0
lmdb,churn,8193,15.916,0,0
lmdb,churn,8194,14.977,0,0
lmdb,churn,8195,17.942,0,0
lmdb,churn,8196,18.519,0,0
lmdb,churn,8197,25.563,0,0
lmdb,churn,8198,13.905,0,0
lmdb,churn,8199,16.859,0,0
lmdb,churn,8200,15.522,6105427968,1490580
lmdb,churn,8201,14.995,0,0
lmdb,churn,8202,14.299,0,0
lmdb,churn,8203,16.192,0,0
lmdb,churn,8204,32.091,0,0
lmdb,churn,8205,31.140,0,0
lmdb,churn,8206,19.583,0,0
lmdb,churn,8207,23.618,0,0
lmdb,churn,8208,20.885,0,0
lmdb,churn,8209,21.401,0,0
lmdb,churn,8210,21.637,6107529216,1491093
lmdb,churn,8211,14.848,0,0
lmdb,churn,8212,15.998,0,0
lmdb,churn,8213,14.104,0,0
lmdb,churn,8214,23.218,0,0
lmdb,churn,8215,13.552,0,0
lmdb,churn,8216,16.493,0,0
lmdb,churn,8217,14.534,0,0
lmdb,churn,8218,18.465,0,0
lmdb,churn,8219,15.037,0,0
lmdb,churn,8220,24.589,6109630464,1491606
lmdb,churn,8221,18.936,0,0
lmdb,churn,8222,22.698,0,0
lmdb,churn,8223,26.370,0,0
lmdb,churn,8224,27.437,0,0
lmdb,churn,8225,25.410,0,0
lmdb,churn,8226,34.560,0,0
lmdb,churn,8227,22.264,0,0
lmdb,churn,8228,25.731,0,0
lmdb,churn,8229,20.227,0,0
lmdb,churn,8230,20.973,6111731712,1492119
lmdb,churn,8231,16.422,0,0
lmdb,churn,8232,20.402,0,0
lmdb,churn,8233,15.942,0,0
lmdb,churn,8234,20.700,0,0
lmdb,churn,8235,17.043,0,0
lmdb,churn,8236,19.978,0,0
lmdb,churn,8237,15.610,0,0
lmdb,churn,8238,20.197,0,0
lmdb,churn,8239,22.156,0,0
lmdb,churn,8240,21.492,6113832960,1492632
lmdb,churn,8241,21.933,0,0
lmdb,churn,8242,22.435,0,0
lmdb,churn,8243,17.961,0,0
lmdb,churn,8244,19.448,0,0
lmdb,churn,8245,18.353,0,0
lmdb,churn,8246,16.527,0,0
lmdb,churn,8247,20.417,0,0
lmdb,churn,8248,19.277,0,0
lmdb,churn,8249,19.245,0,0
lmdb,churn,8250,18.808,6115934208,1493145
lmdb,churn,8251,22.875,0,0
lmdb,churn,8252,19.081,0,0
lmdb,churn,8253,18.791,0,0
lmdb,churn,8254,17.074,0,0
lmdb,churn,8255,27.127,0,0
lmdb,churn,8256,14.727,0,0
lmdb,churn,8257,38.826,0,0
lmdb,churn,8258,30.134,0,0
lmdb,churn,8259,23.030,0,0
lmdb,churn,8260,17.715,6118035456,1493658
lmdb,churn,8261,22.922,0,0
lmdb,churn,8262,23.226,0,0
lmdb,churn,8263,23.037,0,0
lmdb,churn,8264,22.188,0,0
lmdb,churn,8265,29.426,0,0
lmdb,churn,8266,15.956,0,0
lmdb,churn,8267,41.175,0,0
lmdb,churn,8268,32.092,0,0
lmdb,churn,8269,34.788,0,0
lmdb,churn,8270,41.789,6120157184,1494176
lmdb,churn,8271,15.950,0,0
lmdb,churn,8272,44.612,0,0
lmdb,churn,8273,18.003,0,0
lmdb,churn,8274,18.342,0,0
lmdb,churn,8275,15.176,0,0
lmdb,churn,8276,18.768,0,0
lmdb,churn,8277,14.499,0,0
lmdb,churn,8278,20.517,0,0
lmdb,churn,8279,17.254,0,0
lmdb,churn,8280,14.452,6120157184,1494176
lmdb,churn,8281,24.954,0,0
lmdb,churn,8282,23.595,0,0
lmdb,churn,8283,20.270,0,0
lmdb,churn,8284,20.496,0,0
lmdb,churn,8285,20.015,0,0
lmdb,churn,8286,22.861,0,0
lmdb,churn,8287,19.690,0,0
lmdb,churn,8288,25.188,0,0
lmdb,churn,8289,20.376,0,0
lmdb,churn,8290,24.771,6122258432,1494689
lmdb,churn,8291,19.978,0,0
lmdb,churn,8292,18.445,0,0
lmdb,churn,8293,18.792,0,0
lmdb,churn,8294,22.074,0,0
lmdb,churn,8295,19.492,0,0
lmdb,churn,8296,18.688,0,0
lmdb,churn,8297,18.608,0,0
lmdb,churn,8298,28.773,0,0
lmdb,churn,8299,30.281,0,0
lmdb,churn,8300,20.603,6124359680,1495202
lmdb,churn,8301,17.150,0,0
lmdb,churn,8302,16.535,0,0
lmdb,churn,8303,22.224,0,0
lmdb,churn,8304,18.737,0,0
lmdb,churn,8305,17.638,0,0
lmdb,churn,8306,18.770,0,0
lmdb,churn,8307,22.678,0,0
lmdb,churn,8308,37.656,0,0
lmdb,churn,8309,31.716,0,0
lmdb,churn,8310,19.727,6126460928,1495715
lmdb,churn,8311,16.663,0,0
lmdb,churn,8312,16.700,0,0
lmdb,churn,8313,14.833,0,0
lmdb,churn,8314,21.822,0,0
lmdb,churn,8315,20.489,0,0
lmdb,churn,8316,20.656,0,0
lmdb,churn,8317,17.427,0,0
lmdb,churn,8318,20.297,0,0
lmdb,churn,8319,19.420,0,0
lmdb,churn,8320,14.874,6128562176,1496228
lmdb,churn,8321,16.111,0,0
lmdb,churn,8322,17.296,0,0
lmdb,churn,8323,22.897,0,0
lmdb,churn,8324,19.611,0,0
lmdb,churn,8325,23.428,0,0
lmdb,churn,8326,15.838,0,0
lmdb,churn,8327,15.047,0,0
lmdb,churn,8328,18.544,0,0
lmdb,churn,8329,28.708,0,0
lmdb,churn,8330,17.286,6130663424,1496741
lmdb,churn,8331,19.486,0,0
lmdb,churn,8332,18.874,0,0
lmdb,churn,8333,19.912,0,0
lmdb,churn,8334,17.259,0,0
lmdb,churn,8335,16.412,0,0
lmdb,churn,8336,19.776,0,0
lmdb,churn,8337,18.178,0,0
lmdb,churn,8338,18.802,0,0
lmdb,churn,8339,21.389,0,0
lmdb,churn,8340,20.517,6132764672,1497254
lmdb,churn,8341,21.318,0,0
lmdb,churn,8342,24.182,0,0
lmdb,churn,8343,24.247,0,0
lmdb,churn,8344,17.154,0,0
lmdb,churn,8345,24.349,0,0
lmdb,churn,8346,18.999,0,0
lmdb,churn,8347,17.098,0,0
lmdb,churn,8348,22.810,0,0
lmdb,churn,8349,16.366,0,0
lmdb,churn,8350,19.363,6132764672,1497254
lmdb,churn,8351,16.642,0,0
lmdb,churn,8352,23.548,0,0
lmdb,churn,8353,15.745,0,0
lmdb,churn,8354,18.975,0,0
lmdb,churn,8355,20.252,0,0
lmdb,churn,8356,19.585,0,0
lmdb,churn,8357,27.666,0,0
lmdb,churn,8358,33.359,0,0
lmdb,churn,8359,26.688,0,0
lmdb,churn,8360,37.566,6134865920,1497767
lmdb,churn,8361,26.398,0,0
lmdb,churn,8362,24.361,0,0
lmdb,churn,8363,36.108,0,0
lmdb,churn,8364,32.830,0,0
lmdb,churn,8365,35.728,0,0
lmdb,churn,8366,36.343,0,0
lmdb,churn,8367,31.581,0,0
lmdb,churn,8368,16.161,0,0
lmdb,churn,8369,16.786,0,0
lmdb,churn,8370,18.074,6136967168,1498280
lmdb,churn,8371,21.825,0,0
lmdb,churn,8372,18.645,0,0
lmdb,churn,8373,20.897,0,0
lmdb,churn,8374,18.685,0,0
lmdb,churn,8375,18.103,0,0
lmdb,churn,8376,15.660,0,0
lmdb,churn,8377,17.683,0,0
lmdb,churn,8378,21.144,0,0
lmdb,churn,8379,18.256,0,0
lmdb,churn,8380,17.143,6139068416,1498793
lmdb,churn,8381,17.520,0,0
lmdb,churn,8382,18.847,0,0
lmdb,churn,8383,21.044,0,0
lmdb,churn,8384,16.102,0,0
lmdb,churn,8385,19.302,0,0
lmdb,churn,8386,18.381,0,0
lmdb,churn,8387,17.316,0,0
lmdb,churn,8388,15.210,0,0
lmdb,churn,8389,15.514,0,0
lmdb,churn,8390,20.102,6141169664,1499306
lmdb,churn,8391,20.208,0,0
lmdb,churn,8392,39.503,0,0
lmdb,churn,8393,30.102,0,0
lmdb,churn,8394,18.023,0,0
lmdb,churn,8395,19.580,0,0
lmdb,churn,8396,15.732,0,0
lmdb,churn,8397,18.422,0,0
lmdb,churn,8398,18.949,0,0
lmdb,churn,8399,18.167,0,0
lmdb,churn,8400,21.035,6141169664,1499306
lmdb,churn,8401,18.429,0,0
lmdb,churn,8402,15.815,0,0
lmdb,churn,8403,24.519,0,0
lmdb,churn,8404,15.937,0,0
lmdb,churn,8405,19.765,0,0
lmdb,churn,8406,28.047,0,0
lmdb,churn,8407,16.429,0,0
lmdb,churn,8408,16.176,0,0
lmdb,churn,8409,17.679,0,0
lmdb,churn,8410,33.554,6143283200,1499822
lmdb,churn,8411,18.876,0,0
lmdb,churn,8412,19.217,0,0
lmdb,churn,8413,37.590,0,0
lmdb,churn,8414,22.974,0,0
lmdb,churn,8415,20.675,0,0
lmdb,churn,8416,20.455,0,0
lmdb,churn,8417,18.633,0,0
lmdb,churn,8418,34.348,0,0
lmdb,churn,8419,26.964,0,0
lmdb,churn,8420,19.725,6145384448,1500335
lmdb,churn,8421,20.277,0,0
lmdb,churn,8422,18.079,0,0
lmdb,churn,8423,17.314,0,0
lmdb,churn,8424,21.239,0,0
lmdb,churn,8425,26.436,0,0
lmdb,churn,8426,23.415,0,0
lmdb,churn,8427,32.245,0,0
lmdb,churn,8428,17.293,0,0
lmdb,churn,8429,19.605,0,0
lmdb,churn,8430,15.997,6147485696,1500848
lmdb,churn,8431,23.995,0,0
lmdb,churn,8432,21.843,0,0
lmdb,churn,8433,16.325,0,0
lmdb,churn,8434,15.156,0,0
lmdb,churn,8435,19.089,0,0
lmdb,churn,8436,30.768,0,0
lmdb,churn,8437,16.367,0,0
lmdb,churn,8438,18.612,0,0
lmdb,churn,8439,21.090,0,0
lmdb,churn,8440,21.486,6149586944,1501361
lmdb,churn,8441,19.247,0,0
lmdb,churn,8442,47.205,0,0
lmdb,churn,8443,31.208,0,0
lmdb,churn,8444,24.319,0,0
lmdb,churn,8445,49.328,0,0
lmdb,churn,8446,23.652,0,0
lmdb,churn,8447,63.604,0,0
lmdb,churn,8448,39.725,0,0
lmdb,churn,8449,34.117,0,0
lmdb,churn,8450,33.556,6151688192,1501874
lmdb,churn,8451,37.612,0,0
lmdb,churn,8452,30.299,0,0
lmdb,churn,8453,18.429,0,0
lmdb,churn,8454,27.342,0,0
lmdb,churn,8455,43.274,0,0
lmdb,churn,8456,27.916,0,0
lmdb,churn,8457,26.456,0,0
lmdb,churn,8458,33.623,0,0
lmdb,churn,8459,17.140,0,0
lmdb,churn,8460,18.242,6153789440,1502387
lmdb,churn,8461,19.926,0,0
lmdb,churn,8462,22.504,0,0
lmdb,churn,8463,22.388,0,0
lmdb,churn,8464,17.527,0,0
lmdb,churn,8465,23.952,0,0
lmdb,churn,8466,25.198,0,0
lmdb,churn,8467,21.279,0,0
lmdb,churn,8468,18.806,0,0
lmdb,churn,8469,36.401,0,0
lmdb,churn,8470,21.089,6155890688,1502900
lmdb,churn,8471,21.871,0,0
lmdb,churn,8472,21.186,0,0
lmdb,churn,8473,18.277,0,0
lmdb,churn,8474,24.840,0,0
lmdb,churn,8475,30.225,0,0
lmdb,churn,8476,23.303,0,0
lmdb,churn,8477,18.768,0,0
lmdb,churn,8478,21.177,0,0
lmdb,churn,8479,20.226,0,0
lmdb,churn,8480,23.558,6158016512,1503419
lmdb,churn,8481,17.588,0,0
lmdb,churn,8482,15.552,0,0
lmdb,churn,8483,24.807,0,0
lmdb,churn,8484,36.780,0,0
lmdb,churn,8485,17.549,0,0
lmdb,churn,8486,14.380,0,0
lmdb,churn,8487,18.202,0,0
lmdb,churn,8488,15.978,0,0
lmdb,churn,8489,21.513,0,0
lmdb,churn,8490,33.219,6160117760,1503932
lmdb,churn,8491,21.375,0,0
lmdb,churn,8492,21.494,0,0
lmdb,churn,8493,18.327,0,0
lmdb,churn,8494,18.279,0,0
lmdb,churn,8495,21.105,0,0
lmdb,churn,8496,20.573,0,0
lmdb,churn,8497,16.366,0,0
lmdb,churn,8498,28.843,0,0
lmdb,churn,8499,23.260,0,0
lmdb,churn,8500,20.582,6162219008,1504445
lmdb,churn,8501,17.582,0,0
lmdb,churn,8502,30.240,0,0
lmdb,churn,8503,16.189,0,0
lmdb,churn,8504,26.650,0,0
lmdb,churn,8505,18.725,0,0
lmdb,churn,8506,24.222,0,0
lmdb,churn,8507,17.646,0,0
lmdb,churn,8508,24.248,0,0
lmdb,churn,8509,23.862,0,0
lmdb,churn,8510,23.043,6164320256,1504958
lmdb,churn,8511,26.861,0,0
lmdb,churn,8512,20.185,0,0
lmdb,churn,8513,22.512,0,0
lmdb,churn,8514,21.374,0,0
lmdb,churn,8515,20.203,0,0
lmdb,churn,8516,25.961,0,0
lmdb,churn,8517,15.373,0,0
lmdb,churn,8518,22.059,0,0
lmdb,churn,8519,22.429,0,0
lmdb,churn,8520,32.331,6166433792,1505474
lmdb,churn,8521,30.412,0,0
lmdb,churn,8522,27.136,0,0
lmdb,churn,8523,17.543,0,0
lmdb,churn,8524,15.786,0,0
lmdb,churn,8525,17.578,0,0
lmdb,churn,8526,25.708,0,0
lmdb,churn,8527,21.367,0,0
lmdb,churn,8528,14.095,0,0
lmdb,churn,8529,19.025,0,0
lmdb,churn,8530,23.709,6168535040,1505987
lmdb,churn,8531,33.328,0,0
lmdb,churn,8532,20.870,0,0
lmdb,churn,8533,19.129,0,0
lmdb,churn,8534,23.833,0,0
lmdb,churn,8535,19.019,0,0
lmdb,churn,8536,16.077,0,0
lmdb,churn,8537,17.410,0,0
lmdb,churn,8538,19.260,0,0
lmdb,churn,8539,15.190,0,0
lmdb,churn,8540,24.162,6168547328,1505990
lmdb,churn,8541,15.852,0,0
lmdb,churn,8542,22.882,0,0
lmdb,churn,8543,20.331,0,0
lmdb,churn,8544,16.258,0,0
lmdb,churn,8545,23.680,0,0
lmdb,churn,8546,29.354,0,0
lmdb,churn,8547,17.324,0,0
lmdb,churn,8548,27.544,0,0
lmdb,churn,8549,17.956,0,0
lmdb,churn,8550,22.510,6170648576,1506503
lmdb,churn,8551,17.905,0,0
lmdb,churn,8552,15.989,0,0
lmdb,churn,8553,14.078,0,0
lmdb,churn,8554,22.165,0,0
lmdb,churn,8555,15.460,0,0
lmdb,churn,8556,16.440,0,0
lmdb,churn,8557,15.999,0,0
lmdb,churn,8558,16.809,0,0
lmdb,churn,8559,22.765,0,0
lmdb,churn,8560,14.980,6172749824,1507016
lmdb,churn,8561,17.434,0,0
lmdb,churn,8562,25.741,0,0
lmdb,churn,8563,18.560,0,0
lmdb,churn,8564,18.522,0,0
lmdb,churn,8565,16.281,0,0
lmdb,churn,8566,16.559,0,0
lmdb,churn,8567,21.872,0,0
lmdb,churn,8568,18.541,0,0
lmdb,churn,8569,16.287,0,0
lmdb,churn,8570,20.973,6174851072,1507529
lmdb,churn,8571,15.574,0,0
lmdb,churn,8572,17.352,0,0
lmdb,churn,8573,15.672,0,0
lmdb,churn,8574,20.428,0,0
lmdb,churn,8575,18.564,0,0
lmdb,churn,8576,16.087,0,0
lmdb,churn,8577,17.085,0,0
lmdb,churn,8578,16.354,0,0
lmdb,churn,8579,22.413,0,0
lmdb,churn,8580,26.267,6176952320,1508042
lmdb,churn,8581,15.803,0,0
lmdb,churn,8582,26.886,0,0
lmdb,churn,8583,22.050,0,0
lmdb,churn,8584,16.600,0,0
lmdb,churn,8585,18.477,0,0
lmdb,churn,8586,36.356,0,0
lmdb,churn,8587,15.952,0,0
lmdb,churn,8588,41.027,0,0
lmdb,churn,8589,15.252,0,0
lmdb,churn,8590,19.669,6176952320,1508042
lmdb,churn,8591,22.256,0,0
lmdb,churn,8592,17.332,0,0
lmdb,churn,8593,23.235,0,0
lmdb,churn,8594,16.477,0,0
lmdb,churn,8595,21.244,0,0
lmdb,churn,8596,21.879,0,0
lmdb,churn,8597,16.792,0,0
lmdb,churn,8598,14.566,0,0
lmdb,churn,8599,24.632,0,0
lmdb,churn,8600,17.300,6179053568,1508555
lmdb,churn,8601,17.186,0,0
lmdb,churn,8602,17.213,0,0
lmdb,churn,8603,17.686,0,0
lmdb,churn,8604,22.675,0,0
lmdb,churn,8605,19.149,0,0
lmdb,churn,8606,24.109,0,0
lmdb,churn,8607,25.844,0,0
lmdb,churn,8608,18.053,0,0
lmdb,churn,8609,16.788,0,0
lmdb,churn,8610,18.021,6181154816,1509068
lmdb,churn,8611,19.121,0,0
lmdb,churn,8612,17.200,0,0
lmdb,churn,8613,16.203,0,0
lmdb,churn,8614,16.362,0,0
lmdb,churn,8615,18.298,0,0
lmdb,churn,8616,24.524,0,0
lmdb,churn,8617,21.240,0,0
lmdb,churn,8618,22.325,0,0
lmdb,churn,8619,29.690,0,0
lmdb,churn,8620,14.553,6183256064,1509581
lmdb,churn,8621,18.944,0,0
lmdb,churn,8622,16.081,0,0
lmdb,churn,8623,17.808,0,0
lmdb,churn,8624,20.173,0,0
lmdb,churn,8625,20.579,0,0
lmdb,churn,8626,20.841,0,0
lmdb,churn,8627,18.926,0,0
lmdb,churn,8628,17.535,0,0
lmdb,churn,8629,20.310,0,0
lmdb,churn,8630,23.678,6185357312,1510094
lmdb,churn,8631,15.527,0,0
lmdb,churn,8632,21.291,0,0
lmdb,churn,8633,15.676,0,0
lmdb,churn,8634,17.536,0,0
lmdb,churn,8635,15.810,0,0
lmdb,churn,8636,23.123,0,0
lmdb,churn,8637,14.845,0,0
lmdb,churn,8638,33.757,0,0
lmdb,churn,8639,30.477,0,0
lmdb,churn,8640,39.682,6187470848,1510610
lmdb,churn,8641,18.991,0,0
lmdb,churn,8642,19.507,0,0
lmdb,churn,8643,28.875,0,0
lmdb,churn,8644,18.305,0,0
lmdb,churn,8645,18.874,0,0
lmdb,churn,8646,17.724,0,0
lmdb,churn,8647,23.598,0,0
lmdb,churn,8648,25.623,0,0
lmdb,churn,8649,20.192,0,0
lmdb,churn,8650,26.550,6189584384,1511126
lmdb,churn,8651,22.476,0,0
lmdb,churn,8652,20.370,0,0
lmdb,churn,8653,19.516,0,0
lmdb,churn,8654,17.148,0,0
lmdb,churn,8655,20.009,0,0
lmdb,churn,8656,15.128,0,0
lmdb,churn,8657,14.696,0,0
lmdb,churn,8658,22.829,0,0
lmdb,churn,8659,14.748,0,0
lmdb,churn,8660,36.239,6189584384,1511126
lmdb,churn,8661,15.511,0,0
lmdb,churn,8662,14.708,0,0
lmdb,churn,8663,13.503,0,0
lmdb,churn,8664,20.475,0,0
lmdb,churn,8665,14.425,0,0
lmdb,churn,8666,24.394,0,0
lmdb,churn,8667,30.425,0,0
lmdb,churn,8668,18.937,0,0
lmdb,churn,8669,15.947,0,0
lmdb,churn,8670,16.064,6191685632,1511639
lmdb,churn,8671,22.213,0,0
lmdb,churn,8672,15.940,0,0
lmdb,churn,8673,21.406,0,0
lmdb,churn,8674,40.928,0,0
lmdb,churn,8675,26.242,0,0
lmdb,churn,8676,17.216,0,0
lmdb,churn,8677,19.515,0,0
lmdb,churn,8678,18.170,0,0
lmdb,churn,8679,18.890,0,0
lmdb,churn,8680,17.234,6193786880,1512152
lmdb,churn,8681,16.991,0,0
lmdb,churn,8682,24.480,0,0
lmdb,churn,8683,18.481,0,0
lmdb,churn,8684,15.841,0,0
lmdb,churn,8685,19.774,0,0
lmdb,churn,8686,23.145,0,0
lmdb,churn,8687,20.333,0,0
lmdb,churn,8688,37.789,0,0
lmdb,churn,8689,24.601,0,0
lmdb,churn,8690,23.898,6195888128,1512665
lmdb,churn,8691,19.442,0,0
lmdb,churn,8692,14.969,0,0
lmdb,churn,8693,15.157,0,0
lmdb,churn,8694,20.973,0,0
lmdb,churn,8695,15.202,0,0
lmdb,churn,8696,17.564,0,0
lmdb,churn,8697,28.935,0,0
lmdb,churn,8698,17.873,0,0
lmdb,churn,8699,16.986,0,0
lmdb,churn,8700,15.728,6197989376,1513178
lmdb,churn,8701,23.207,0,0
lmdb,churn,8702,18.894,0,0
lmdb,churn,8703,15.091,0,0
lmdb,churn,8704,19.007,0,0
lmdb,churn,8705,14.443,0,0
lmdb,churn,8706,18.150,0,0
lmdb,churn,8707,20.555,0,0
lmdb,churn,8708,15.443,0,0
lmdb,churn,8709,21.453,0,0
lmdb,churn,8710,17.361,6200090624,1513691
lmdb,churn,8711,17.574,0,0
lmdb,churn,8712,17.859,0,0
lmdb,churn,8713,15.882,0,0
lmdb,churn,8714,16.863,0,0
lmdb,churn,8715,26.316,0,0
lmdb,churn,8716,17.661,0,0
lmdb,churn,8717,17.501,0,0
lmdb,churn,8718,19.842,0,0
lmdb,churn,8719,19.228,0,0
lmdb,churn,8720,17.241,6202191872,1514204
lmdb,churn,8721,29.774,0,0
lmdb,churn,8722,28.374,0,0
lmdb,churn,8723,26.024,0,0
lmdb,churn,8724,15.542,0,0
lmdb,churn,8725,16.420,0,0
lmdb,churn,8726,15.302,0,0
lmdb,churn,8727,15.058,0,0
lmdb,churn,8728,14.626,0,0
lmdb,churn,8729,18.064,0,0
lmdb,churn,8730,17.337,6204293120,1514717
lmdb,churn,8731,17.633,0,0
lmdb,churn,8732,26.112,0,0
lmdb,churn,8733,16.788,0,0
lmdb,churn,8734,20.424,0,0
lmdb,churn,8735,22.840,0,0
lmdb,churn,8736,16.047,0,0
lmdb,churn,8737,17.082,0,0
lmdb,churn,8738,28.257,0,0
lmdb,churn,8739,14.850,0,0
lmdb,churn,8740,19.366,6206406656,1515233
lmdb,churn,8741,23.066,0,0
lmdb,churn,8742,16.540,0,0
lmdb,churn,8743,15.110,0,0
lmdb,churn,8744,23.738,0,0
lmdb,churn,8745,18.259,0,0
lmdb,churn,8746,17.002,0,0
lmdb,churn,8747,22.141,0,0
lmdb,churn,8748,17.713,0,0
lmdb,churn,8749,16.442,0,0
lmdb,churn,8750,13.605,6206406656,1515233
lmdb,churn,8751,22.695,0,0
lmdb,churn,8752,15.635,0,0
lmdb,churn,8753,17.407,0,0
lmdb,churn,8754,18.351,0,0
lmdb,churn,8755,18.298,0,0
lmdb,churn,8756,15.339,0,0
lmdb,churn,8757,17.285,0,0
lmdb,churn,8758,18.847,0,0
lmdb,churn,8759,15.703,0,0
lmdb,churn,8760,33.209,6208520192,1515749
lmdb,churn,8761,29.999,0,0
lmdb,churn,8762,19.338,0,0
lmdb,churn,8763,19.706,0,0
lmdb,churn,8764,17.324,0,0
lmdb,churn,8765,19.378,0,0
lmdb,churn,8766,17.694,0,0
lmdb,churn,8767,17.883,0,0
lmdb,churn,8768,18.903,0,0
lmdb,churn,8769,16.288,0,0
lmdb,churn,8770,32.745,6210621440,1516262
lmdb,churn,8771,15.347,0,0
lmdb,churn,8772,22.496,0,0
lmdb,churn,8773,17.026,0,0
lmdb,churn,8774,21.923,0,0
lmdb,churn,8775,30.457,0,0
lmdb,churn,8776,18.541,0,0
lmdb,churn,8777,27.334,0,0
lmdb,churn,8778,31.490,0,0
lmdb,churn,8779,21.989,0,0
lmdb,churn,8780,24.619,6212734976,1516778
lmdb,churn,8781,19.932,0,0
lmdb,churn,8782,15.609,0,0
lmdb,churn,8783,15.116,0,0
lmdb,churn,8784,15.835,0,0
lmdb,churn,8785,24.902,0,0
lmdb,churn,8786,16.679,0,0
lmdb,churn,8787,23.583,0,0
lmdb,churn,8788,18.618,0,0
lmdb,churn,8789,14.875,0,0
lmdb,churn,8790,18.433,6214836224,1517291
lmdb,churn,8791,23.013,0,0
lmdb,churn,8792,45.968,0,0
lmdb,churn,8793,16.096,0,0
lmdb,churn,8794,16.637,0,0
lmdb,churn,8795,16.486,0,0
lmdb,churn,8796,16.752,0,0
lmdb,churn,8797,14.918,0,0
lmdb,churn,8798,25.015,0,0
lmdb,churn,8799,16.001,0,0
lmdb,churn,8800,22.933,6216937472,1517804
lmdb,churn,8801,17.099,0,0
lmdb,churn,8802,16.506,0,0
lmdb,churn,8803,21.489,0,0
lmdb,churn,8804,14.061,0,0
lmdb,churn,8805,14.590,0,0
lmdb,churn,8806,14.832,0,0
lmdb,churn,8807,20.166,0,0
lmdb,churn,8808,16.758,0,0
lmdb,churn,8809,17.738,0,0
lmdb,churn,8810,31.353,6219038720,1518317
lmdb,churn,8811,22.081,0,0
lmdb,churn,8812,16.998,0,0
lmdb,churn,8813,14.714,0,0
lmdb,churn,8814,15.215,0,0
lmdb,churn,8815,15.560,0,0
lmdb,churn,8816,14.363,0,0
lmdb,churn,8817,18.672,0,0
lmdb,churn,8818,19.261,0,0
lmdb,churn,8819,16.678,0,0
lmdb,churn,8820,16.715,6221152256,1518833
lmdb,churn,8821,25.634,0,0
lmdb,churn,8822,17.975,0,0
lmdb,churn,8823,17.234,0,0
lmdb,churn,8824,32.872,0,0
lmdb,churn,8825,28.811,0,0
lmdb,churn,8826,30.231,0,0
lmdb,churn,8827,29.675,0,0
lmdb,churn,8828,37.235,0,0
lmdb,churn,8829,32.037,0,0
lmdb,churn,8830,40.801,6223253504,1519346
lmdb,churn,8831,33.267,0,0
lmdb,churn,8832,33.322,0,0
lmdb,churn,8833,39.006,0,0
lmdb,churn,8834,32.848,0,0
lmdb,churn,8835,46.961,0,0
lmdb,churn,8836,25.000,0,0
lmdb,churn,8837,23.081,0,0
lmdb,churn,8838,16.989,0,0
lmdb,churn,8839,21.822,0,0
lmdb,churn,8840,20.979,6225354752,1519859
lmdb,churn,8841,13.852,0,0
lmdb,churn,8842,16.746,0,0
lmdb,churn,8843,16.137,0,0
lmdb,churn,8844,15.646,0,0
lmdb,churn,8845,23.894,0,0
lmdb,churn,8846,21.040,0,0
lmdb,churn,8847,22.393,0,0
lmdb,churn,8848,17.733,0,0
lmdb,churn,8849,16.819,0,0
lmdb,churn,8850,26.505,6227456000,1520372
lmdb,churn,8851,16.842,0,0
lmdb,churn,8852,19.919,0,0
lmdb,churn,8853,15.698,0,0
lmdb,churn,8854,15.296,0,0
lmdb,churn,8855,32.201,0,0
lmdb,churn,8856,24.414,0,0
lmdb,churn,8857,22.066,0,0
lmdb,churn,8858,14.625,0,0
lmdb,churn,8859,24.526,0,0
lmdb,churn,8860,14.354,6229557248,1520885
lmdb,churn,8861,22.637,0,0
lmdb,churn,8862,18.216,0,0
lmdb,churn,8863,17.911,0,0
lmdb,churn,8864,16.718,0,0
lmdb,churn,8865,14.691,0,0
lmdb,churn,8866,23.192,0,0
lmdb,churn,8867,17.448,0,0
lmdb,churn,8868,17.308,0,0
lmdb,churn,8869,16.235,0,0
lmdb,churn,8870,15.318,6229557248,1520885
lmdb,churn,8871,22.870,0,0
lmdb,churn,8872,14.812,0,0
lmdb,churn,8873,19.077,0,0
lmdb,churn,8874,15.574,0,0
lmdb,churn,8875,16.241,0,0
lmdb,churn,8876,18.554,0,0
lmdb,churn,8877,14.607,0,0
lmdb,churn,8878,27.421,0,0
lmdb,churn,8879,21.474,0,0
lmdb,churn,8880,14.224,6231670784,1521401
lmdb,churn,8881,15.667,0,0
lmdb,churn,8882,21.407,0,0
lmdb,churn,8883,19.144,0,0
lmdb,churn,8884,13.918,0,0
lmdb,churn,8885,16.372,0,0
lmdb,churn,8886,17.019,0,0
lmdb,churn,8887,17.933,0,0
lmdb,churn,8888,15.309,0,0
lmdb,churn,8889,23.175,0,0
lmdb,churn,8890,17.352,6233772032,1521914
lmdb,churn,8891,16.215,0,0
lmdb,churn,8892,14.848,0,0
lmdb,churn,8893,16.030,0,0
lmdb,churn,8894,15.854,0,0
lmdb,churn,8895,25.436,0,0
lmdb,churn,8896,21.234,0,0
lmdb,churn,8897,23.255,0,0
lmdb,churn,8898,30.864,0,0
lmdb,churn,8899,18.293,0,0
lmdb,churn,8900,17.006,6235885568,1522430
lmdb,churn,8901,16.752,0,0
lmdb,churn,8902,32.098,0,0
lmdb,churn,8903,39.619,0,0
lmdb,churn,8904,31.034,0,0
lmdb,churn,8905,38.916,0,0
lmdb,churn,8906,31.828,0,0
lmdb,churn,8907,114.070,0,0
lmdb,churn,8908,19.441,0,0
lmdb,churn,8909,13.953,0,0
lmdb,churn,8910,16.714,6237986816,1522943
lmdb,churn,8911,25.783,0,0
lmdb,churn,8912,16.825,0,0
lmdb,churn,8913,17.052,0,0
lmdb,churn,8914,22.908,0,0
lmdb,churn,8915,32.112,0,0
lmdb,churn,8916,20.830,0,0
lmdb,churn,8917,15.250,0,0
lmdb,churn,8918,18.558,0,0
lmdb,churn,8919,32.252,0,0
lmdb,churn,8920,15.139,6237986816,1522943
lmdb,churn,8921,16.256,0,0
lmdb,churn,8922,15.389,0,0
lmdb,churn,8923,27.317,0,0
lmdb,churn,8924,14.196,0,0
lmdb,churn,8925,20.441,0,0
lmdb,churn,8926,23.586,0,0
lmdb,churn,8927,25.078,0,0
lmdb,churn,8928,14.050,0,0
lmdb,churn,8929,16.900,0,0
lmdb,churn,8930,15.406,6240088064,1523456
lmdb,churn,8931,20.845,0,0
lmdb,churn,8932,20.115,0,0
lmdb,churn,8933,15.197,0,0
lmdb,churn,8934,16.359,0,0
lmdb,churn,8935,24.889,0,0
lmdb,churn,8936,17.254,0,0
lmdb,churn,8937,15.901,0,0
lmdb,churn,8938,18.842,0,0
lmdb,churn,8939,17.647,0,0
lmdb,churn,8940,14.175,6242189312,1523969
lmdb,churn,8941,16.551,0,0
lmdb,churn,8942,20.948,0,0
lmdb,churn,8943,14.951,0,0
lmdb,churn,8944,19.607,0,0
lmdb,churn,8945,22.056,0,0
lmdb,churn,8946,18.149,0,0
lmdb,churn,8947,22.497,0,0
lmdb,churn,8948,19.437,0,0
lmdb,churn,8949,15.628,0,0
lmdb,churn,8950,20.810,6244290560,1524482
lmdb,churn,8951,17.747,0,0
lmdb,churn,8952,27.694,0,0
lmdb,churn,8953,18.176,0,0
lmdb,churn,8954,18.979,0,0
lmdb,churn,8955,15.431,0,0
lmdb,churn,8956,15.749,0,0
lmdb,churn,8957,16.385,0,0
lmdb,churn,8958,26.114,0,0
lmdb,churn,8959,25.008,0,0
lmdb,churn,8960,26.879,6246391808,1524995
lmdb,churn,8961,18.197,0,0
lmdb,churn,8962,15.855,0,0
lmdb,churn,8963,18.081,0,0
lmdb,churn,8964,17.157,0,0
lmdb,churn,8965,15.654,0,0
lmdb,churn,8966,17.553,0,0
lmdb,churn,8967,21.010,0,0
lmdb,churn,8968,15.927,0,0
lmdb,churn,8969,17.926,0,0
lmdb,churn,8970,14.946,6246391808,1524995
lmdb,churn,8971,17.488,0,0
lmdb,churn,8972,15.093,0,0
lmdb,churn,8973,21.040,0,0
lmdb,churn,8974,23.968,0,0
lmdb,churn,8975,25.574,0,0
lmdb,churn,8976,23.243,0,0
lmdb,churn,8977,18.340,0,0
lmdb,churn,8978,22.824,0,0
lmdb,churn,8979,15.898,0,0
lmdb,churn,8980,20.409,6248493056,1525508
lmdb,churn,8981,14.542,0,0
lmdb,churn,8982,16.358,0,0
lmdb,churn,8983,23.295,0,0
lmdb,churn,8984,30.102,0,0
lmdb,churn,8985,15.383,0,0
lmdb,churn,8986,17.622,0,0
lmdb,churn,8987,36.768,0,0
lmdb,churn,8988,16.906,0,0
lmdb,churn,8989,16.160,0,0
lmdb,churn,8990,20.072,6250594304,1526021
lmdb,churn,8991,17.037,0,0
lmdb,churn,8992,34.118,0,0
lmdb,churn,8993,19.615,0,0
lmdb,churn,8994,18.760,0,0
lmdb,churn,8995,31.644,0,0
lmdb,churn,8996,18.000,0,0
lmdb,churn,8997,16.833,0,0
lmdb,churn,8998,21.621,0,0
lmdb,churn,8999,20.188,0,0
lmdb,churn,9000,31.126,6252695552,1526534
lmdb,churn,9001,32.059,0,0
lmdb,churn,9002,16.452,0,0
lmdb,churn,9003,18.621,0,0
lmdb,churn,9004,16.971,0,0
lmdb,churn,9005,21.109,0,0
lmdb,churn,9006,19.388,0,0
lmdb,churn,9007,20.226,0,0
lmdb,churn,9008,27.302,0,0
lmdb,churn,9009,22.471,0,0
lmdb,churn,9010,27.623,6254796800,1527047
lmdb,churn,9011,21.490,0,0
lmdb,churn,9012,30.648,0,0
lmdb,churn,9013,17.044,0,0
lmdb,churn,9014,20.916,0,0
lmdb,churn,9015,24.659,0,0
lmdb,churn,9016,16.608,0,0
lmdb,churn,9017,15.367,0,0
lmdb,churn,9018,19.668,0,0
lmdb,churn,9019,21.742,0,0
lmdb,churn,9020,22.919,6256898048,1527560
lmdb,churn,9021,25.490,0,0
lmdb,churn,9022,19.792,0,0
lmdb,churn,9023,27.449,0,0
lmdb,churn,9024,19.914,0,0
lmdb,churn,9025,19.485,0,0
lmdb,churn,9026,16.604,0,0
lmdb,churn,9027,35.120,0,0
lmdb,churn,9028,45.495,0,0
lmdb,churn,9029,36.412,0,0
lmdb,churn,9030,34.967,6258999296,1528073
lmdb,churn,9031,37.046,0,0
lmdb,churn,9032,57.029,0,0
lmdb,churn,9033,47.170,0,0
lmdb,churn,9034,31.453,0,0
lmdb,churn,9035,101.244,0,0
lmdb,churn,9036,48.155,0,0
lmdb,churn,9037,38.541,0,0
lmdb,churn,9038,64.768,0,0
lmdb,churn,9039,38.957,0,0
lmdb,churn,9040,38.763,6258999296,1528073
lmdb,churn,9041,32.766,0,0
lmdb,churn,9042,18.026,0,0
lmdb,churn,9043,22.324,0,0
lmdb,churn,9044,23.301,0,0
lmdb,churn,9045,32.339,0,0
lmdb,churn,9046,30.942,0,0
lmdb,churn,9047,34.239,0,0
lmdb,churn,9048,20.966,0,0
lmdb,churn,9049,17.613,0,0
lmdb,churn,9050,15.830,6261100544,1528586
lmdb,churn,9051,15.527,0,0
lmdb,churn,9052,32.280,0,0
lmdb,churn,9053,17.825,0,0
lmdb,churn,9054,24.137,0,0
lmdb,churn,9055,23.010,0,0
lmdb,churn,9056,31.246,0,0
lmdb,churn,9057,32.663,0,0
lmdb,churn,9058,23.107,0,0
lmdb,churn,9059,36.291,0,0
lmdb,churn,9060,23.675,6263201792,1529099
lmdb,churn,9061,15.259,0,0
lmdb,churn,9062,16.838,0,0
lmdb,churn,9063,19.914,0,0
lmdb,churn,9064,16.020,0,0
lmdb,churn,9065,17.603,0,0
lmdb,churn,9066,16.648,0,0
lmdb,churn,9067,16.573,0,0
lmdb,churn,9068,20.089,0,0
lmdb,churn,9069,21.332,0,0
lmdb,churn,9070,19.159,6265303040,1529612
lmdb,churn,9071,16.531,0,0
lmdb,churn,9072,18.192,0,0
lmdb,churn,9073,20.154,0,0
lmdb,churn,9074,29.152,0,0
lmdb,churn,9075,21.667,0,0
lmdb,churn,9076,22.072,0,0
lmdb,churn,9077,22.794,0,0
lmdb,churn,9078,17.799,0,0
lmdb,churn,9079,28.797,0,0
lmdb,churn,9080,17.314,6267404288,1530125
lmdb,churn,9081,14.957,0,0
lmdb,churn,9082,24.449,0,0
lmdb,churn,9083,17.343,0,0
lmdb,churn,9084,20.183,0,0
lmdb,churn,9085,25.690,0,0
lmdb,churn,9086,17.277,0,0
lmdb,churn,9087,22.490,0,0
lmdb,churn,9088,16.408,0,0
lmdb,churn,9089,20.857,0,0
lmdb,churn,9090,19.507,6267424768,1530130
lmdb,churn,9091,21.518,0,0
lmdb,churn,9092,16.871,0,0
lmdb,churn,9093,22.526,0,0
lmdb,churn,9094,25.387,0,0
lmdb,churn,9095,32.438,0,0
lmdb,churn,9096,26.147,0,0
lmdb,churn,9097,27.918,0,0
lmdb,churn,9098,24.672,0,0
lmdb,churn,9099,41.740,0,0
lmdb,churn,9100,27.786,6271627264,1531156
lmdb,churn,9101,29.013,0,0
lmdb,churn,9102,36.736,0,0
lmdb,churn,9103,25.509,0,0
lmdb,churn,9104,25.219,0,0
lmdb,churn,9105,27.485,0,0
lmdb,churn,9106,36.190,0,0
lmdb,churn,9107,37.787,0,0
lmdb,churn,9108,37.666,0,0
lmdb,churn,9109,30.737,0,0
lmdb,churn,9110,38.309,6273728512,1531669
lmdb,churn,9111,18.133,0,0
lmdb,churn,9112,23.282,0,0
lmdb,churn,9113,16.857,0,0
lmdb,churn,9114,30.767,0,0
lmdb,churn,9115,33.809,0,0
lmdb,churn,9116,55.386,0,0
lmdb,churn,9117,29.024,0,0
lmdb,churn,9118,43.805,0,0
lmdb,churn,9119,32.935,0,0
lmdb,churn,9120,22.307,6273728512,1531669
lmdb,churn,9121,38.334,0,0
lmdb,churn,9122,14.669,0,0
lmdb,churn,9123,20.527,0,0
lmdb,churn,9124,16.524,0,0
lmdb,churn,9125,19.164,0,0
lmdb,churn,9126,17.007,0,0
lmdb,churn,9127,17.301,0,0
lmdb,churn,9128,35.411,0,0
lmdb,churn,9129,17.996,0,0
lmdb,churn,9130,29.517,6277943296,1532698
lmdb,churn,9131,16.467,0,0
lmdb,churn,9132,23.210,0,0
lmdb,churn,9133,21.569,0,0
lmdb,churn,9134,18.090,0,0
lmdb,churn,9135,18.476,0,0
lmdb,churn,9136,22.982,0,0
lmdb,churn,9137,19.093,0,0
lmdb,churn,9138,33.805,0,0
lmdb,churn,9139,26.430,0,0
lmdb,churn,9140,15.959,6277943296,1532698
lmdb,churn,9141,15.934,0,0
lmdb,churn,9142,19.651,0,0
lmdb,churn,9143,19.719,0,0
lmdb,churn,9144,13.958,0,0
lmdb,churn,9145,19.316,0,0
lmdb,churn,9146,20.275,0,0
lmdb,churn,9147,18.528,0,0
lmdb,churn,9148,22.412,0,0
lmdb,churn,9149,21.508,0,0
lmdb,churn,9150,25.876,6280044544,1533211
lmdb,churn,9151,17.221,0,0
lmdb,churn,9152,19.187,0,0
lmdb,churn,9153,19.005,0,0
lmdb,churn,9154,21.419,0,0
lmdb,churn,9155,16.745,0,0
lmdb,churn,9156,22.340,0,0
lmdb,churn,9157,19.691,0,0
lmdb,churn,9158,16.153,0,0
lmdb,churn,9159,24.587,0,0
lmdb,churn,9160,27.351,6282145792,1533724
lmdb,churn,9161,18.790,0,0
lmdb,churn,9162,32.155,0,0
lmdb,churn,9163,15.175,0,0
lmdb,churn,9164,15.261,0,0
lmdb,churn,9165,19.151,0,0
lmdb,churn,9166,25.708,0,0
lmdb,churn,9167,23.591,0,0
lmdb,churn,9168,33.515,0,0
lmdb,churn,9169,31.816,0,0
lmdb,churn,9170,51.578,6286368768,1534755
lmdb,churn,9171,34.761,0,0
lmdb,churn,9172,31.507,0,0
lmdb,churn,9173,23.240,0,0
lmdb,churn,9174,16.515,0,0
lmdb,churn,9175,19.218,0,0
lmdb,churn,9176,25.028,0,0
lmdb,churn,9177,13.202,0,0
lmdb,churn,9178,20.774,0,0
lmdb,churn,9179,15.984,0,0
lmdb,churn,9180,15.790,6286368768,1534755
lmdb,churn,9181,14.655,0,0
lmdb,churn,9182,13.705,0,0
lmdb,churn,9183,21.221,0,0
lmdb,churn,9184,14.574,0,0
lmdb,churn,9185,18.504,0,0
lmdb,churn,9186,17.995,0,0
lmdb,churn,9187,24.885,0,0
lmdb,churn,9188,18.743,0,0
lmdb,churn,9189,21.303,0,0
lmdb,churn,9190,17.218,6288490496,1535273
lmdb,churn,9191,13.677,0,0
lmdb,churn,9192,20.077,0,0
lmdb,churn,9193,18.780,0,0
lmdb,churn,9194,21.865,0,0
lmdb,churn,9195,47.515,0,0
lmdb,churn,9196,38.298,0,0
lmdb,churn,9197,26.467,0,0
lmdb,churn,9198,19.368,0,0
lmdb,churn,9199,37.861,0,0
lmdb,churn,9200,42.302,6290591744,1535786
lmdb,churn,9201,35.733,0,0
lmdb,churn,9202,38.440,0,0
lmdb,churn,9203,44.375,0,0
lmdb,churn,9204,27.144,0,0
lmdb,churn,9205,18.053,0,0
lmdb,churn,9206,18.560,0,0
lmdb,churn,9207,19.420,0,0
lmdb,churn,9208,18.642,0,0
lmdb,churn,9209,36.199,0,0
lmdb,churn,9210,15.878,6290604032,1535789
lmdb,churn,9211,26.327,0,0
lmdb,churn,9212,23.426,0,0
lmdb,churn,9213,19.270,0,0
lmdb,churn,9214,31.393,0,0
lmdb,churn,9215,21.650,0,0
lmdb,churn,9216,16.385,0,0
lmdb,churn,9217,19.750,0,0
lmdb,churn,9218,20.593,0,0
lmdb,churn,9219,17.028,0,0
lmdb,churn,9220,27.802,6294818816,1536818
lmdb,churn,9221,16.796,0,0
lmdb,churn,9222,20.644,0,0
lmdb,churn,9223,27.617,0,0
lmdb,churn,9224,25.144,0,0
lmdb,churn,9225,25.064,0,0
lmdb,churn,9226,17.084,0,0
lmdb,churn,9227,25.087,0,0
lmdb,churn,9228,18.584,0,0
lmdb,churn,9229,23.644,0,0
lmdb,churn,9230,48.240,6296920064,1537331
lmdb,churn,9231,22.381,0,0
lmdb,churn,9232,22.197,0,0
lmdb,churn,9233,31.460,0,0
lmdb,churn,9234,32.000,0,0
lmdb,churn,9235,25.697,0,0
lmdb,churn,9236,29.597,0,0
lmdb,churn,9237,16.284,0,0
lmdb,churn,9238,18.718,0,0
lmdb,churn,9239,14.666,0,0
lmdb,churn,9240,22.073,6299021312,1537844
lmdb,churn,9241,21.763,0,0
lmdb,churn,9242,25.672,0,0
lmdb,churn,9243,39.920,0,0
lmdb,churn,9244,20.924,0,0
lmdb,churn,9245,15.219,0,0
lmdb,churn,9246,17.392,0,0
lmdb,churn,9247,20.730,0,0
lmdb,churn,9248,20.196,0,0
lmdb,churn,9249,19.558,0,0
lmdb,churn,9250,19.000,6301122560,1538357
lmdb,churn,9251,20.162,0,0
lmdb,churn,9252,35.306,0,0
lmdb,churn,9253,20.276,0,0
lmdb,churn,9254,22.544,0,0
lmdb,churn,9255,16.064,0,0
lmdb,churn,9256,14.390,0,0
lmdb,churn,9257,13.835,0,0
lmdb,churn,9258,18.886,0,0
lmdb,churn,9259,22.366,0,0
lmdb,churn,9260,21.034,6303223808,1538870
lmdb,churn,9261,15.400,0,0
lmdb,churn,9262,17.776,0,0
lmdb,churn,9263,20.882,0,0
lmdb,churn,9264,17.080,0,0
lmdb,churn,9265,18.381,0,0
lmdb,churn,9266,17.691,0,0
lmdb,churn,9267,18.286,0,0
lmdb,churn,9268,17.801,0,0
lmdb,churn,9269,14.927,0,0
lmdb,churn,9270,20.275,6305337344,1539386
lmdb,churn,9271,16.227,0,0
lmdb,churn,9272,14.670,0,0
lmdb,churn,9273,15.595,0,0
lmdb,churn,9274,17.938,0,0
lmdb,churn,9275,24.931,0,0
lmdb,churn,9276,23.481,0,0
lmdb,churn,9277,20.711,0,0
lmdb,churn,9278,22.585,0,0
lmdb,churn,9279,20.112,0,0
lmdb,churn,9280,20.918,6307438592,1539899
lmdb,churn,9281,27.546,0,0
lmdb,churn,9282,21.667,0,0
lmdb,churn,9283,17.530,0,0
lmdb,churn,9284,20.375,0,0
lmdb,churn,9285,15.527,0,0
lmdb,churn,9286,18.591,0,0
lmdb,churn,9287,16.940,0,0
lmdb,churn,9288,17.809,0,0
lmdb,churn,9289,18.709,0,0
lmdb,churn,9290,17.138,6309539840,1540412
lmdb,churn,9291,17.818,0,0
lmdb,churn,9292,29.743,0,0
lmdb,churn,9293,19.635,0,0
lmdb,churn,9294,15.942,0,0
lmdb,churn,9295,24.150,0,0
lmdb,churn,9296,22.073,0,0
lmdb,churn,9297,18.983,0,0
lmdb,churn,9298,15.702,0,0
lmdb,churn,9299,24.687,0,0
lmdb,churn,9300,21.206,6311641088,1540925
lmdb,churn,9301,20.963,0,0
lmdb,churn,9302,17.643,0,0
lmdb,churn,9303,27.978,0,0
lmdb,churn,9304,23.624,0,0
lmdb,churn,9305,19.376,0,0
lmdb,churn,9306,17.140,0,0
lmdb,churn,9307,14.330,0,0
lmdb,churn,9308,29.084,0,0
lmdb,churn,9309,13.858,0,0
lmdb,churn,9310,27.595,6313742336,1541438
lmdb,churn,9311,17.837,0,0
lmdb,churn,9312,18.785,0,0
lmdb,churn,9313,18.603,0,0
lmdb,churn,9314,16.354,0,0
lmdb,churn,9315,18.393,0,0
lmdb,churn,9316,19.310,0,0
lmdb,churn,9317,18.071,0,0
lmdb,churn,9318,18.251,0,0
lmdb,churn,9319,21.191,0,0
lmdb,churn,9320,15.619,6315855872,1541954
lmdb,churn,9321,18.660,0,0
lmdb,churn,9322,31.679,0,0
lmdb,churn,9323,21.252,0,0
lmdb,churn,9324,18.849,0,0
lmdb,churn,9325,31.666,0,0
lmdb,churn,9326,31.875,0,0
lmdb,churn,9327,35.946,0,0
lmdb,churn,9328,15.502,0,0
lmdb,churn,9329,16.881,0,0
lmdb,churn,9330,15.692,6315855872,1541954
lmdb,churn,9331,21.715,0,0
lmdb,churn,9332,19.834,0,0
lmdb,churn,9333,32.029,0,0
lmdb,churn,9334,17.863,0,0
lmdb,churn,9335,21.074,0,0
lmdb,churn,9336,21.057,0,0
lmdb,churn,9337,19.657,0,0
lmdb,churn,9338,19.843,0,0
lmdb,churn,9339,25.297,0,0
lmdb,churn,9340,19.027,6317957120,1542467
lmdb,churn,9341,25.462,0,0
lmdb,churn,9342,15.709,0,0
lmdb,churn,9343,18.606,0,0
lmdb,churn,9344,20.808,0,0
lmdb,churn,9345,24.962,0,0
lmdb,churn,9346,18.951,0,0
lmdb,churn,9347,25.269,0,0
lmdb,churn,9348,34.229,0,0
lmdb,churn,9349,15.986,0,0
lmdb,churn,9350,19.631,6320058368,1542980
lmdb,churn,9351,16.434,0,0
lmdb,churn,9352,24.637,0,0
lmdb,churn,9353,22.835,0,0
lmdb,churn,9354,19.005,0,0
lmdb,churn,9355,19.472,0,0
lmdb,churn,9356,19.101,0,0
lmdb,churn,9357,21.679,0,0
lmdb,churn,9358,28.463,0,0
lmdb,churn,9359,22.102,0,0
lmdb,churn,9360,28.628,6322171904,1543496
lmdb,churn,9361,20.921,0,0
lmdb,churn,9362,18.395,0,0
lmdb,churn,9363,16.092,0,0
lmdb,churn,9364,28.514,0,0
lmdb,churn,9365,16.477,0,0
lmdb,churn,9366,20.760,0,0
lmdb,churn,9367,20.696,0,0
lmdb,churn,9368,16.250,0,0
lmdb,churn,9369,15.473,0,0
lmdb,churn,9370,26.870,6322171904,1543496
lmdb,churn,9371,23.098,0,0
lmdb,churn,9372,25.467,0,0
lmdb,churn,9373,16.329,0,0
lmdb,churn,9374,16.919,0,0
lmdb,churn,9375,26.845,0,0
lmdb,churn,9376,19.873,0,0
lmdb,churn,9377,27.805,0,0
lmdb,churn,9378,16.481,0,0
lmdb,churn,9379,22.126,0,0
lmdb,churn,9380,41.263,6324285440,1544012
lmdb,churn,9381,18.219,0,0
lmdb,churn,9382,19.672,0,0
lmdb,churn,9383,21.366,0,0
lmdb,churn,9384,29.012,0,0
lmdb,churn,9385,28.808,0,0
lmdb,churn,9386,27.540,0,0
lmdb,churn,9387,27.683,0,0
lmdb,churn,9388,22.826,0,0
lmdb,churn,9389,15.307,0,0
lmdb,churn,9390,19.569,6326398976,1544528
lmdb,churn,9391,19.504,0,0
lmdb,churn,9392,19.709,0,0
lmdb,churn,9393,24.910,0,0
lmdb,churn,9394,17.485,0,0
lmdb,churn,9395,18.487,0,0
lmdb,churn,9396,30.719,0,0
lmdb,churn,9397,24.481,0,0
lmdb,churn,9398,19.515,0,0
lmdb,churn,9399,19.686,0,0
lmdb,churn,9400,18.812,6328500224,1545041
lmdb,churn,9401,19.868,0,0
lmdb,churn,9402,17.315,0,0
lmdb,churn,9403,23.411,0,0
lmdb,churn,9404,19.048,0,0
lmdb,churn,9405,19.946,0,0
lmdb,churn,9406,17.417,0,0
lmdb,churn,9407,15.431,0,0
lmdb,churn,9408,16.615,0,0
lmdb,churn,9409,28.045,0,0
lmdb,churn,9410,20.670,6330601472,1545554
lmdb,churn,9411,17.936,0,0
lmdb,churn,9412,28.825,0,0
lmdb,churn,9413,27.349,0,0
lmdb,churn,9414,25.775,0,0
lmdb,churn,9415,16.461,0,0
lmdb,churn,9416,15.946,0,0
lmdb,churn,9417,22.336,0,0
lmdb,churn,9418,33.333,0,0
lmdb,churn,9419,14.802,0,0
lmdb,churn,9420,15.704,6330613760,1545557
lmdb,churn,9421,16.497,0,0
lmdb,churn,9422,21.099,0,0
lmdb,churn,9423,23.672,0,0
lmdb,churn,9424,29.955,0,0
lmdb,churn,9425,26.807,0,0
lmdb,churn,9426,38.040,0,0
lmdb,churn,9427,29.137,0,0
lmdb,churn,9428,16.456,0,0
lmdb,churn,9429,25.974,0,0
lmdb,churn,9430,19.447,6332715008,1546070
lmdb,churn,9431,22.015,0,0
lmdb,churn,9432,26.402,0,0
lmdb,churn,9433,21.968,0,0
lmdb,churn,9434,19.023,0,0
lmdb,churn,9435,22.075,0,0
lmdb,churn,9436,13.448,0,0
lmdb,churn,9437,20.401,0,0
lmdb,churn,9438,20.102,0,0
lmdb,churn,9439,20.656,0,0
lmdb,churn,9440,21.189,6336917504,1547096
lmdb,churn,9441,20.488,0,0
lmdb,churn,9442,21.058,0,0
lmdb,churn,9443,32.536,0,0
lmdb,churn,9444,24.114,0,0
lmdb,churn,9445,20.670,0,0
lmdb,churn,9446,27.299,0,0
lmdb,churn,9447,15.268,0,0
lmdb,churn,9448,18.549,0,0
lmdb,churn,9449,17.800,0,0
lmdb,churn,9450,20.457,6336917504,1547096
lmdb,churn,9451,15.291,0,0
lmdb,churn,9452,31.248,0,0
lmdb,churn,9453,22.352,0,0
lmdb,churn,9454,26.356,0,0
lmdb,churn,9455,16.240,0,0
lmdb,churn,9456,20.037,0,0
lmdb,churn,9457,16.632,0,0
lmdb,churn,9458,28.335,0,0
lmdb,churn,9459,22.475,0,0
lmdb,churn,9460,15.916,6339018752,1547609
lmdb,churn,9461,16.786,0,0
lmdb,churn,9462,20.552,0,0
lmdb,churn,9463,24.586,0,0
lmdb,churn,9464,17.643,0,0
lmdb,churn,9465,26.296,0,0
lmdb,churn,9466,30.237,0,0
lmdb,churn,9467,27.893,0,0
lmdb,churn,9468,18.434,0,0
lmdb,churn,9469,17.617,0,0
lmdb,churn,9470,23.816,6341140480,1548127
lmdb,churn,9471,24.812,0,0
lmdb,churn,9472,24.447,0,0
lmdb,churn,9473,26.112,0,0
lmdb,churn,9474,20.324,0,0
lmdb,churn,9475,21.664,0,0
lmdb,churn,9476,17.759,0,0
lmdb,churn,9477,15.193,0,0
lmdb,churn,9478,17.764,0,0
lmdb,churn,9479,15.190,0,0
lmdb,churn,9480,19.322,6343241728,1548640
lmdb,churn,9481,15.647,0,0
lmdb,churn,9482,16.121,0,0
lmdb,churn,9483,26.498,0,0
lmdb,churn,9484,17.887,0,0
lmdb,churn,9485,21.623,0,0
lmdb,churn,9486,19.762,0,0
lmdb,churn,9487,23.747,0,0
lmdb,churn,9488,19.143,0,0
lmdb,churn,9489,19.030,0,0
lmdb,churn,9490,35.633,6345355264,1549156
lmdb,churn,9491,26.426,0,0
lmdb,churn,9492,33.619,0,0
lmdb,churn,9493,17.919,0,0
lmdb,churn,9494,39.334,0,0
lmdb,churn,9495,16.587,0,0
lmdb,churn,9496,19.617,0,0
lmdb,churn,9497,15.282,0,0
lmdb,churn,9498,18.293,0,0
lmdb,churn,9499,16.677,0,0
lmdb,churn,9500,19.727,6345375744,1549161
lmdb,churn,9501,19.612,0,0
lmdb,churn,9502,13.722,0,0
lmdb,churn,9503,14.376,0,0
lmdb,churn,9504,21.112,0,0
lmdb,churn,9505,20.208,0,0
lmdb,churn,9506,27.412,0,0
lmdb,churn,9507,22.015,0,0
lmdb,churn,9508,20.334,0,0
lmdb,churn,9509,15.858,0,0
lmdb,churn,9510,27.828,6349578240,1550187
lmdb,churn,9511,17.033,0,0
lmdb,churn,9512,19.677,0,0
lmdb,churn,9513,16.584,0,0
lmdb,churn,9514,18.215,0,0
lmdb,churn,9515,17.413,0,0
lmdb,churn,9516,15.460,0,0
lmdb,churn,9517,21.508,0,0
lmdb,churn,9518,24.941,0,0
lmdb,churn,9519,44.310,0,0
lmdb,churn,9520,15.751,6349578240,1550187
lmdb,churn,9521,16.343,0,0
lmdb,churn,9522,24.423,0,0
lmdb,churn,9523,25.050,0,0
lmdb,churn,9524,23.832,0,0
lmdb,churn,9525,38.140,0,0
lmdb,churn,9526,36.533,0,0
lmdb,churn,9527,30.423,0,0
lmdb,churn,9528,34.729,0,0
lmdb,churn,9529,14.480,0,0
lmdb,churn,9530,15.531,6351691776,1550703
lmdb,churn,9531,21.369,0,0
lmdb,churn,9532,16.789,0,0
lmdb,churn,9533,15.424,0,0
lmdb,churn,9534,19.779,0,0
lmdb,churn,9535,14.519,0,0
lmdb,churn,9536,25.752,0,0
lmdb,churn,9537,16.901,0,0
lmdb,churn,9538,26.435,0,0
lmdb,churn,9539,15.704,0,0
lmdb,churn,9540,14.487,6353793024,1551216
lmdb,churn,9541,19.882,0,0
lmdb,churn,9542,16.882,0,0
lmdb,churn,9543,23.234,0,0
lmdb,churn,9544,16.809,0,0
lmdb,churn,9545,17.574,0,0
lmdb,churn,9546,19.270,0,0
lmdb,churn,9547,20.271,0,0
lmdb,churn,9548,14.837,0,0
lmdb,churn,9549,17.218,0,0
lmdb,churn,9550,16.843,6355894272,1551729
lmdb,churn,9551,17.912,0,0
lmdb,churn,9552,23.719,0,0
lmdb,churn,9553,18.304,0,0
lmdb,churn,9554,21.197,0,0
lmdb,churn,9555,20.754,0,0
lmdb,churn,9556,17.429,0,0
lmdb,churn,9557,19.993,0,0
lmdb,churn,9558,16.845,0,0
lmdb,churn,9559,45.258,0,0
lmdb,churn,9560,28.185,6357995520,1552242
lmdb,churn,9561,32.704,0,0
lmdb,churn,9562,16.524,0,0
lmdb,churn,9563,27.718,0,0
lmdb,churn,9564,30.611,0,0
lmdb,churn,9565,67.789,0,0
lmdb,churn,9566,29.572,0,0
lmdb,churn,9567,38.645,0,0
lmdb,churn,9568,18.829,0,0
lmdb,churn,9569,29.063,0,0
lmdb,churn,9570,24.649,6360096768,1552755
lmdb,churn,9571,16.096,0,0
lmdb,churn,9572,20.068,0,0
lmdb,churn,9573,22.395,0,0
lmdb,churn,9574,14.454,0,0
lmdb,churn,9575,19.670,0,0
lmdb,churn,9576,20.761,0,0
lmdb,churn,9577,25.606,0,0
lmdb,churn,9578,17.996,0,0
lmdb,churn,9579,18.219,0,0
lmdb,churn,9580,16.102,6362198016,1553268
lmdb,churn,9581,21.678,0,0
lmdb,churn,9582,24.894,0,0
lmdb,churn,9583,18.007,0,0
lmdb,churn,9584,20.092,0,0
lmdb,churn,9585,28.416,0,0
lmdb,churn,9586,26.066,0,0
lmdb,churn,9587,20.643,0,0
lmdb,churn,9588,24.924,0,0
lmdb,churn,9589,23.867,0,0
lmdb,churn,9590,24.145,6364299264,1553781
lmdb,churn,9591,18.689,0,0
lmdb,churn,9592,21.046,0,0
lmdb,churn,9593,37.526,0,0
lmdb,churn,9594,30.002,0,0
lmdb,churn,9595,30.700,0,0
lmdb,churn,9596,35.127,0,0
lmdb,churn,9597,36.847,0,0
lmdb,churn,9598,39.816,0,0
lmdb,churn,9599,17.577,0,0
lmdb,churn,9600,17.921,6366412800,1554297
lmdb,churn,9601,20.441,0,0
lmdb,churn,9602,19.231,0,0
lmdb,churn,9603,21.941,0,0
lmdb,churn,9604,23.842,0,0
lmdb,churn,9605,14.692,0,0
lmdb,churn,9606,17.147,0,0
lmdb,churn,9607,16.584,0,0
lmdb,churn,9608,16.890,0,0
lmdb,churn,9609,19.550,0,0
lmdb,churn,9610,17.909,6368534528,1554815
lmdb,churn,9611,21.520,0,0
lmdb,churn,9612,15.852,0,0
lmdb,churn,9613,16.056,0,0
lmdb,churn,9614,14.923,0,0
lmdb,churn,9615,29.479,0,0
lmdb,churn,9616,17.085,0,0
lmdb,churn,9617,17.705,0,0
lmdb,churn,9618,15.990,0,0
lmdb,churn,9619,19.692,0,0
lmdb,churn,9620,18.425,6370635776,1555328
lmdb,churn,9621,17.650,0,0
lmdb,churn,9622,26.705,0,0
lmdb,churn,9623,19.680,0,0
lmdb,churn,9624,15.773,0,0
lmdb,churn,9625,16.501,0,0
lmdb,churn,9626,23.299,0,0
lmdb,churn,9627,22.593,0,0
lmdb,churn,9628,18.814,0,0
lmdb,churn,9629,23.691,0,0
lmdb,churn,9630,20.907,6372737024,1555841
lmdb,churn,9631,17.442,0,0
lmdb,churn,9632,18.289,0,0
lmdb,churn,9633,22.909,0,0
lmdb,churn,9634,16.250,0,0
lmdb,churn,9635,33.080,0,0
lmdb,churn,9636,16.212,0,0
lmdb,churn,9637,15.980,0,0
lmdb,churn,9638,15.037,0,0
lmdb,churn,9639,24.665,0,0
lmdb,churn,9640,15.505,6372737024,1555841
lmdb,churn,9641,28.249,0,0
lmdb,churn,9642,17.223,0,0
lmdb,churn,9643,20.237,0,0
lmdb,churn,9644,34.976,0,0
lmdb,churn,9645,17.012,0,0
lmdb,churn,9646,32.754,0,0
lmdb,churn,9647,18.248,0,0
lmdb,churn,9648,28.590,0,0
lmdb,churn,9649,19.016,0,0
lmdb,churn,9650,20.787,6376939520,1556867
lmdb,churn,9651,15.564,0,0
lmdb,churn,9652,16.966,0,0
lmdb,churn,9653,20.064,0,0
lmdb,churn,9654,15.172,0,0
lmdb,churn,9655,15.756,0,0
lmdb,churn,9656,18.432,0,0
lmdb,churn,9657,20.003,0,0
lmdb,churn,9658,15.010,0,0
lmdb,churn,9659,19.715,0,0
lmdb,churn,9660,26.371,6379053056,1557383
lmdb,churn,9661,15.251,0,0
lmdb,churn,9662,18.865,0,0
lmdb,churn,9663,16.759,0,0
lmdb,churn,9664,15.927,0,0
lmdb,churn,9665,19.048,0,0
lmdb,churn,9666,17.830,0,0
lmdb,churn,9667,15.572,0,0
lmdb,churn,9668,16.332,0,0
lmdb,churn,9669,17.870,0,0
lmdb,churn,9670,17.882,6379077632,1557389
lmdb,churn,9671,26.419,0,0
lmdb,churn,9672,16.678,0,0
lmdb,churn,9673,28.341,0,0
lmdb,churn,9674,18.125,0,0
lmdb,churn,9675,19.270,0,0
lmdb,churn,9676,19.342,0,0
lmdb,churn,9677,22.520,0,0
lmdb,churn,9678,19.871,0,0
lmdb,churn,9679,16.820,0,0
lmdb,churn,9680,16.105,6381178880,1557902
lmdb,churn,9681,15.798,0,0
lmdb,churn,9682,25.380,0,0
lmdb,churn,9683,19.879,0,0
lmdb,churn,9684,15.286,0,0
lmdb,churn,9685,14.519,0,0
lmdb,churn,9686,19.806,0,0
lmdb,churn,9687,23.400,0,0
lmdb,churn,9688,17.834,0,0
lmdb,churn,9689,24.538,0,0
lmdb,churn,9690,18.670,6383280128,1558415
lmdb,churn,9691,35.691,0,0
lmdb,churn,9692,35.888,0,0
lmdb,churn,9693,35.328,0,0
lmdb,churn,9694,68.655,0,0
lmdb,churn,9695,19.570,0,0
lmdb,churn,9696,23.737,0,0
lmdb,churn,9697,14.786,0,0
lmdb,churn,9698,22.350,0,0
lmdb,churn,9699,15.816,0,0
lmdb,churn,9700,23.129,6385401856,1558933
lmdb,churn,9701,22.825,0,0
lmdb,churn,9702,18.798,0,0
lmdb,churn,9703,17.042,0,0
lmdb,churn,9704,19.423,0,0
lmdb,churn,9705,22.373,0,0
lmdb,churn,9706,14.426,0,0
lmdb,churn,9707,18.149,0,0
lmdb,churn,9708,14.474,0,0
lmdb,churn,9709,26.104,0,0
lmdb,churn,9710,19.355,6385401856,1558933
lmdb,churn,9711,16.555,0,0
lmdb,churn,9712,17.765,0,0
lmdb,churn,9713,21.639,0,0
lmdb,churn,9714,16.949,0,0
lmdb,churn,9715,17.009,0,0
lmdb,churn,9716,18.860,0,0
lmdb,churn,9717,16.116,0,0
lmdb,churn,9718,18.162,0,0
lmdb,churn,9719,20.886,0,0
lmdb,churn,9720,15.965,6387515392,1559449
lmdb,churn,9721,21.499,0,0
lmdb,churn,9722,37.552,0,0
lmdb,churn,9723,21.507,0,0
lmdb,churn,9724,23.492,0,0
lmdb,churn,9725,27.047,0,0
lmdb,churn,9726,16.682,0,0
lmdb,churn,9727,27.875,0,0
lmdb,churn,9728,20.060,0,0
lmdb,churn,9729,20.846,0,0
lmdb,churn,9730,15.831,6389616640,1559962
lmdb,churn,9731,18.125,0,0
lmdb,churn,9732,23.199,0,0
lmdb,churn,9733,32.450,0,0
lmdb,churn,9734,18.575,0,0
lmdb,churn,9735,18.848,0,0
lmdb,churn,9736,31.337,0,0
lmdb,churn,9737,41.839,0,0
lmdb,churn,9738,30.703,0,0
lmdb,churn,9739,23.271,0,0
lmdb,churn,9740,20.728,6391717888,1560475
lmdb,churn,9741,18.511,0,0
lmdb,churn,9742,20.409,0,0
lmdb,churn,9743,34.130,0,0
lmdb,churn,9744,21.525,0,0
lmdb,churn,9745,18.129,0,0
lmdb,churn,9746,23.852,0,0
lmdb,churn,9747,21.881,0,0
lmdb,churn,9748,25.987,0,0
lmdb,churn,9749,18.605,0,0
lmdb,churn,9750,16.663,6393819136,1560988
lmdb,churn,9751,24.748,0,0
lmdb,churn,9752,19.601,0,0
lmdb,churn,9753,16.267,0,0
lmdb,churn,9754,17.046,0,0
lmdb,churn,9755,18.543,0,0
lmdb,churn,9756,17.063,0,0
lmdb,churn,9757,17.610,0,0
lmdb,churn,9758,25.957,0,0
lmdb,churn,9759,17.870,0,0
lmdb,churn,9760,16.167,6395920384,1561501
lmdb,churn,9761,16.259,0,0
lmdb,churn,9762,16.736,0,0
lmdb,churn,9763,15.834,0,0
lmdb,churn,9764,13.568,0,0
lmdb,churn,9765,20.923,0,0
lmdb,churn,9766,24.083,0,0
lmdb,churn,9767,19.344,0,0
lmdb,churn,9768,26.693,0,0
lmdb,churn,9769,30.903,0,0
lmdb,churn,9770,17.178,6398021632,1562014
lmdb,churn,9771,23.591,0,0
lmdb,churn,9772,18.240,0,0
lmdb,churn,9773,13.452,0,0
lmdb,churn,9774,18.348,0,0
lmdb,churn,9775,19.493,0,0
lmdb,churn,9776,20.083,0,0
lmdb,churn,9777,14.677,0,0
lmdb,churn,9778,20.678,0,0
lmdb,churn,9779,23.861,0,0
lmdb,churn,9780,19.881,6400122880,1562527
lmdb,churn,9781,19.204,0,0
lmdb,churn,9782,23.520,0,0
lmdb,churn,9783,19.116,0,0
lmdb,churn,9784,20.272,0,0
lmdb,churn,9785,16.623,0,0
lmdb,churn,9786,26.026,0,0
lmdb,churn,9787,23.193,0,0
lmdb,churn,9788,15.022,0,0
lmdb,churn,9789,16.643,0,0
lmdb,churn,9790,16.341,6400122880,1562527
lmdb,churn,9791,20.495,0,0
lmdb,churn,9792,17.898,0,0
lmdb,churn,9793,18.567,0,0
lmdb,churn,9794,16.487,0,0
lmdb,churn,9795,15.775,0,0
lmdb,churn,9796,28.171,0,0
lmdb,churn,9797,19.804,0,0
lmdb,churn,9798,19.557,0,0
lmdb,churn,9799,17.230,0,0
lmdb,churn,9800,24.144,6404325376,1563553
lmdb,churn,9801,15.097,0,0
lmdb,churn,9802,18.688,0,0
lmdb,churn,9803,23.142,0,0
lmdb,churn,9804,20.488,0,0
lmdb,churn,9805,20.944,0,0
lmdb,churn,9806,14.999,0,0
lmdb,churn,9807,19.451,0,0
lmdb,churn,9808,13.236,0,0
lmdb,churn,9809,17.306,0,0
lmdb,churn,9810,16.036,6404325376,1563553
lmdb,churn,9811,25.147,0,0
lmdb,churn,9812,17.271,0,0
lmdb,churn,9813,16.760,0,0
lmdb,churn,9814,26.125,0,0
lmdb,churn,9815,32.296,0,0
lmdb,churn,9816,18.385,0,0
lmdb,churn,9817,16.820,0,0
lmdb,churn,9818,29.524,0,0
lmdb,churn,9819,16.536,0,0
lmdb,churn,9820,16.551,6408540160,1564582
lmdb,churn,9821,19.748,0,0
lmdb,churn,9822,16.417,0,0
lmdb,churn,9823,21.794,0,0
lmdb,churn,9824,14.417,0,0
lmdb,churn,9825,16.411,0,0
lmdb,churn,9826,21.140,0,0
lmdb,churn,9827,15.210,0,0
lmdb,churn,9828,16.856,0,0
lmdb,churn,9829,14.679,0,0
lmdb,churn,9830,18.729,6408540160,1564582
lmdb,churn,9831,18.155,0,0
lmdb,churn,9832,14.902,0,0
lmdb,churn,9833,15.473,0,0
lmdb,churn,9834,20.463,0,0
lmdb,churn,9835,14.949,0,0
lmdb,churn,9836,24.225,0,0
lmdb,churn,9837,14.145,0,0
lmdb,churn,9838,15.403,0,0
lmdb,churn,9839,38.804,0,0
lmdb,churn,9840,19.142,6410641408,1565095
lmdb,churn,9841,14.600,0,0
lmdb,churn,9842,19.798,0,0
lmdb,churn,9843,14.127,0,0
lmdb,churn,9844,26.745,0,0
lmdb,churn,9845,18.407,0,0
lmdb,churn,9846,15.357,0,0
lmdb,churn,9847,16.625,0,0
lmdb,churn,9848,21.255,0,0
lmdb,churn,9849,17.879,0,0
lmdb,churn,9850,17.069,6412742656,1565608
lmdb,churn,9851,19.681,0,0
lmdb,churn,9852,23.045,0,0
lmdb,churn,9853,18.358,0,0
lmdb,churn,9854,13.582,0,0
lmdb,churn,9855,23.809,0,0
lmdb,churn,9856,14.914,0,0
lmdb,churn,9857,23.801,0,0
lmdb,churn,9858,20.846,0,0
lmdb,churn,9859,15.434,0,0
lmdb,churn,9860,22.630,6414843904,1566121
lmdb,churn,9861,17.879,0,0
lmdb,churn,9862,15.452,0,0
lmdb,churn,9863,21.405,0,0
lmdb,churn,9864,16.641,0,0
lmdb,churn,9865,24.349,0,0
lmdb,churn,9866,20.774,0,0
lmdb,churn,9867,19.646,0,0
lmdb,churn,9868,18.128,0,0
lmdb,churn,9869,16.055,0,0
lmdb,churn,9870,21.302,6416945152,1566634
lmdb,churn,9871,16.404,0,0
lmdb,churn,9872,13.836,0,0
lmdb,churn,9873,13.779,0,0
lmdb,churn,9874,14.137,0,0
lmdb,churn,9875,14.146,0,0
lmdb,churn,9876,14.544,0,0
lmdb,churn,9877,15.002,0,0
lmdb,churn,9878,15.232,0,0
lmdb,churn,9879,19.613,0,0
lmdb,churn,9880,13.400,6419046400,1567147
lmdb,churn,9881,18.502,0,0
lmdb,churn,9882,20.688,0,0
lmdb,churn,9883,18.749,0,0
lmdb,churn,9884,19.599,0,0
lmdb,churn,9885,23.097,0,0
lmdb,churn,9886,37.732,0,0
lmdb,churn,9887,22.411,0,0
lmdb,churn,9888,21.990,0,0
lmdb,churn,9889,18.087,0,0
lmdb,churn,9890,18.594,6421159936,1567663
lmdb,churn,9891,14.750,0,0
lmdb,churn,9892,16.908,0,0
lmdb,churn,9893,23.802,0,0
lmdb,churn,9894,20.312,0,0
lmdb,churn,9895,17.335,0,0
lmdb,churn,9896,18.190,0,0
lmdb,churn,9897,14.896,0,0
lmdb,churn,9898,15.811,0,0
lmdb,churn,9899,13.484,0,0
lmdb,churn,9900,15.080,6421180416,1567668
lmdb,churn,9901,19.189,0,0
lmdb,churn,9902,19.711,0,0
lmdb,churn,9903,16.084,0,0
lmdb,churn,9904,15.837,0,0
lmdb,churn,9905,22.077,0,0
lmdb,churn,9906,21.432,0,0
lmdb,churn,9907,15.244,0,0
lmdb,churn,9908,16.876,0,0
lmdb,churn,9909,14.603,0,0
lmdb,churn,9910,24.056,6423281664,1568181
lmdb,churn,9911,15.667,0,0
lmdb,churn,9912,23.329,0,0
lmdb,churn,9913,29.759,0,0
lmdb,churn,9914,24.020,0,0
lmdb,churn,9915,20.354,0,0
lmdb,churn,9916,30.274,0,0
lmdb,churn,9917,14.230,0,0
lmdb,churn,9918,17.419,0,0
lmdb,churn,9919,24.744,0,0
lmdb,churn,9920,17.026,6425395200,1568697
lmdb,churn,9921,20.712,0,0
lmdb,churn,9922,22.757,0,0
lmdb,churn,9923,16.322,0,0
lmdb,churn,9924,21.100,0,0
lmdb,churn,9925,23.212,0,0
lmdb,churn,9926,27.732,0,0
lmdb,churn,9927,18.642,0,0
lmdb,churn,9928,25.056,0,0
lmdb,churn,9929,16.251,0,0
lmdb,churn,9930,16.215,6427508736,1569213
lmdb,churn,9931,21.725,0,0
lmdb,churn,9932,20.269,0,0
lmdb,churn,9933,33.050,0,0
lmdb,churn,9934,30.406,0,0
lmdb,churn,9935,31.791,0,0
lmdb,churn,9936,22.085,0,0
lmdb,churn,9937,32.191,0,0
lmdb,churn,9938,23.211,0,0
lmdb,churn,9939,26.943,0,0
lmdb,churn,9940,38.822,6429609984,1569726
lmdb,churn,9941,33.936,0,0
lmdb,churn,9942,15.806,0,0
lmdb,churn,9943,45.537,0,0
lmdb,churn,9944,16.718,0,0
lmdb,churn,9945,21.687,0,0
lmdb,churn,9946,18.040,0,0
lmdb,churn,9947,19.135,0,0
lmdb,churn,9948,24.227,0,0
lmdb,churn,9949,31.559,0,0
lmdb,churn,9950,32.044,6431711232,1570239
lmdb,churn,9951,31.182,0,0
lmdb,churn,9952,28.437,0,0
lmdb,churn,9953,19.646,0,0
lmdb,churn,9954,19.569,0,0
lmdb,churn,9955,18.459,0,0
lmdb,churn,9956,20.416,0,0
lmdb,churn,9957,17.813,0,0
lmdb,churn,9958,17.872,0,0
lmdb,churn,9959,24.180,0,0
lmdb,churn,9960,17.994,6433812480,1570752
lmdb,churn,9961,30.423,0,0
lmdb,churn,9962,28.902,0,0
lmdb,churn,9963,20.864,0,0
lmdb,churn,9964,19.984,0,0
lmdb,churn,9965,16.195,0,0
lmdb,churn,9966,20.078,0,0
lmdb,churn,9967,23.139,0,0
lmdb,churn,9968,19.429,0,0
lmdb,churn,9969,16.632,0,0
lmdb,churn,9970,29.370,6433845248,1570760
lmdb,churn,9971,32.602,0,0
lmdb,churn,9972,71.007,0,0
lmdb,churn,9973,16.576,0,0
lmdb,churn,9974,20.088,0,0
lmdb,churn,9975,18.688,0,0
lmdb,churn,9976,19.884,0,0
lmdb,churn,9977,18.678,0,0
lmdb,churn,9978,24.920,0,0
lmdb,churn,9979,18.962,0,0
lmdb,churn,9980,16.518,6435958784,1571276
lmdb,churn,9981,15.301,0,0
lmdb,churn,9982,26.025,0,0
lmdb,churn,9983,15.689,0,0
lmdb,churn,9984,28.533,0,0
lmdb,churn,9985,15.020,0,0
lmdb,churn,9986,16.833,0,0
lmdb,churn,9987,28.262,0,0
lmdb,churn,9988,25.280,0,0
lmdb,churn,9989,49.095,0,0
lmdb,churn,9990,19.124,6438072320,1571792
lmdb,churn,9991,13.915,0,0
lmdb,churn,9992,17.301,0,0
lmdb,churn,9993,22.357,0,0
lmdb,churn,9994,25.152,0,0
lmdb,churn,9995,29.939,0,0
lmdb,churn,9996,33.857,0,0
lmdb,churn,9997,22.058,0,0
lmdb,churn,9998,15.970,0,0
lmdb,churn,9999,21.314,6440173568,1572305
lmdb,pressure,0,24.826,6442274816,1572818
lmdb,pressure,1,17.329,0,0
lmdb,pressure,2,18.270,0,0
lmdb,pressure,3,29.587,0,0
lmdb,pressure,4,21.267,0,0
lmdb,pressure,5,13.523,6450679808,1574870
lmdb,pressure,6,19.416,0,0
lmdb,pressure,7,36.128,0,0
lmdb,pressure,8,17.196,0,0
lmdb,pressure,9,18.285,0,0
lmdb,pressure,10,16.654,6461411328,1577490
lmdb,pressure,11,15.294,0,0
lmdb,pressure,12,15.352,0,0
lmdb,pressure,13,13.901,0,0
lmdb,pressure,14,13.479,0,0
lmdb,pressure,15,15.063,6473297920,1580392
lmdb,pressure,16,17.958,0,0
lmdb,pressure,17,14.066,0,0
lmdb,pressure,18,14.717,0,0
lmdb,pressure,19,15.253,0,0
lmdb,pressure,20,13.149,6485389312,1583344
lmdb,pressure,21,15.115,0,0
lmdb,pressure,22,14.855,0,0
lmdb,pressure,23,15.980,0,0
lmdb,pressure,24,21.509,0,0
lmdb,pressure,25,21.041,6497509376,1586303
lmdb,pressure,26,13.742,0,0
lmdb,pressure,27,14.814,0,0
lmdb,pressure,28,14.330,0,0
lmdb,pressure,29,24.431,0,0
lmdb,pressure,30,19.058,6509518848,1589235
lmdb,pressure,31,20.523,0,0
lmdb,pressure,32,14.112,0,0
lmdb,pressure,33,17.194,0,0
lmdb,pressure,34,13.940,0,0
lmdb,pressure,35,13.686,6521753600,1592222
lmdb,pressure,36,26.347,0,0
lmdb,pressure,37,16.564,0,0
lmdb,pressure,38,15.049,0,0
lmdb,pressure,39,19.138,0,0
lmdb,pressure,40,18.813,6533820416,1595168
lmdb,pressure,41,15.229,0,0
lmdb,pressure,42,21.112,0,0
lmdb,pressure,43,15.102,0,0
lmdb,pressure,44,18.829,0,0
lmdb,pressure,45,22.817,6545965056,1598133
lmdb,pressure,46,18.776,0,0
lmdb,pressure,47,14.948,0,0
lmdb,pressure,48,15.601,0,0
lmdb,pressure,49,14.674,0,0
lmdb,pressure,50,19.454,6558060544,1601086
lmdb,pressure,51,13.828,0,0
lmdb,pressure,52,16.597,0,0
lmdb,pressure,53,18.768,0,0
lmdb,pressure,54,31.938,0,0
lmdb,pressure,55,16.280,6570041344,1604011
lmdb,pressure,56,14.169,0,0
lmdb,pressure,57,16.844,0,0
lmdb,pressure,58,20.793,0,0
lmdb,pressure,59,14.647,0,0
lmdb,pressure,60,21.712,6582112256,1606958
lmdb,pressure,61,17.872,0,0
lmdb,pressure,62,16.372,0,0
lmdb,pressure,63,14.057,0,0
lmdb,pressure,64,21.251,0,0
lmdb,pressure,65,15.622,6594125824,1609891
lmdb,pressure,66,20.087,0,0
lmdb,pressure,67,15.724,0,0
lmdb,pressure,68,16.459,0,0
lmdb,pressure,69,22.078,0,0
lmdb,pressure,70,24.031,6606315520,1612867
lmdb,pressure,71,29.152,0,0
lmdb,pressure,72,18.136,0,0
lmdb,pressure,73,27.784,0,0
lmdb,pressure,74,25.267,0,0
lmdb,pressure,75,15.291,6618595328,1615865
lmdb,pressure,76,25.980,0,0
lmdb,pressure,77,21.049,0,0
lmdb,pressure,78,22.576,0,0
lmdb,pressure,79,21.116,0,0
lmdb,pressure,80,41.439,6630731776,1618828
lmdb,pressure,81,30.947,0,0
lmdb,pressure,82,32.476,0,0
lmdb,pressure,83,46.201,0,0
lmdb,pressure,84,36.441,0,0
lmdb,pressure,85,15.970,6642823168,1621780
lmdb,pressure,86,21.273,0,0
lmdb,pressure,87,21.797,0,0
lmdb,pressure,88,19.491,0,0
lmdb,pressure,89,20.253,0,0
lmdb,pressure,90,18.555,6654984192,1624749
lmdb,pressure,91,21.134,0,0
lmdb,pressure,92,16.350,0,0
lmdb,pressure,93,23.889,0,0
lmdb,pressure,94,14.163,0,0
lmdb,pressure,95,20.993,6666932224,1627666
lmdb,pressure,96,27.266,0,0
lmdb,pressure,97,17.077,0,0
lmdb,pressure,98,16.100,0,0
lmdb,pressure,99,25.491,6676656128,1630040
lmdb,pinned,0,34.360,6680825856,1631058
lmdb,pinned,1,22.281,0,0
lmdb,pinned,2,16.751,0,0
lmdb,pinned,3,17.219,0,0
lmdb,pinned,4,15.385,0,0
lmdb,pinned,5,19.493,0,0
lmdb,pinned,6,26.299,0,0
lmdb,pinned,7,19.584,0,0
lmdb,pinned,8,47.871,0,0
lmdb,pinned,9,24.113,0,0
lmdb,pinned,10,24.233,6778707968,1654955
lmdb,pinned,11,18.721,0,0
lmdb,pinned,12,22.406,0,0
lmdb,pinned,13,22.040,0,0
lmdb,pinned,14,16.304,0,0
lmdb,pinned,15,23.702,0,0
lmdb,pinned,16,18.143,0,0
lmdb,pinned,17,25.539,0,0
lmdb,pinned,18,15.438,0,0
lmdb,pinned,19,22.083,0,0
lmdb,pinned,20,15.562,6893551616,1682993
lmdb,pinned,21,17.600,0,0
lmdb,pinned,22,37.689,0,0
lmdb,pinned,23,22.236,0,0
lmdb,pinned,24,17.260,0,0
lmdb,pinned,25,27.606,0,0
lmdb,pinned,26,15.969,0,0
lmdb,pinned,27,23.536,0,0
lmdb,pinned,28,25.253,0,0
lmdb,pinned,29,22.014,0,0
lmdb,pinned,30,23.973,7008395264,1711031
lmdb,pinned,31,42.483,0,0
lmdb,pinned,32,43.293,0,0
lmdb,pinned,33,41.160,0,0
lmdb,pinned,34,36.631,0,0
lmdb,pinned,35,20.694,0,0
lmdb,pinned,36,23.576,0,0
lmdb,pinned,37,14.308,0,0
lmdb,pinned,38,15.129,0,0
lmdb,pinned,39,17.337,0,0
lmdb,pinned,40,15.604,7134109696,1741723
lmdb,pinned,41,18.572,0,0
lmdb,pinned,42,22.516,0,0
lmdb,pinned,43,16.483,0,0
lmdb,pinned,44,28.695,0,0
lmdb,pinned,45,35.780,0,0
lmdb,pinned,46,33.667,0,0
lmdb,pinned,47,20.268,0,0
lmdb,pinned,48,26.096,0,0
lmdb,pinned,49,30.705,0,0
lmdb,pinned,50,24.966,7260372992,1772549
lmdb,pinned,51,23.196,0,0
lmdb,pinned,52,25.746,0,0
lmdb,pinned,53,29.752,0,0
lmdb,pinned,54,19.734,0,0
lmdb,pinned,55,24.128,0,0
lmdb,pinned,56,29.538,0,0
lmdb,pinned,57,21.731,0,0
lmdb,pinned,58,16.600,0,0
lmdb,pinned,59,23.163,0,0
lmdb,pinned,60,27.325,7387299840,1803537
lmdb,pinned,61,18.912,0,0
lmdb,pinned,62,24.221,0,0
lmdb,pinned,63,15.359,0,0
lmdb,pinned,64,15.866,0,0
lmdb,pinned,65,30.700,0,0
lmdb,pinned,66,26.683,0,0
lmdb,pinned,67,23.895,0,0
lmdb,pinned,68,44.255,0,0
lmdb,pinned,69,23.670,0,0
lmdb,pinned,70,27.933,7513808896,1834423
lmdb,pinned,71,28.480,0,0
lmdb,pinned,72,22.128,0,0
lmdb,pinned,73,38.748,0,0
lmdb,pinned,74,31.152,0,0
lmdb,pinned,75,40.425,0,0
lmdb,pinned,76,42.626,0,0
lmdb,pinned,77,46.644,0,0
lmdb,pinned,78,118.694,0,0
lmdb,pinned,79,18.099,0,0
lmdb,pinned,80,23.388,7640731648,1865410
lmdb,pinned,81,16.845,0,0
lmdb,pinned,82,22.109,0,0
lmdb,pinned,83,18.263,0,0
lmdb,pinned,84,25.165,0,0
lmdb,pinned,85,18.491,0,0
lmdb,pinned,86,20.086,0,0
lmdb,pinned,87,26.246,0,0
lmdb,pinned,88,16.699,0,0
lmdb,pinned,89,16.721,0,0
lmdb,pinned,90,16.620,7767310336,1896313
lmdb,pinned,91,20.292,0,0
lmdb,pinned,92,18.980,0,0
lmdb,pinned,93,16.799,0,0
lmdb,pinned,94,19.824,0,0
lmdb,pinned,95,32.554,0,0
lmdb,pinned,96,26.986,0,0
lmdb,pinned,97,24.261,0,0
lmdb,pinned,98,24.253,0,0
lmdb,pinned,99,25.363,0,0
lmdb,pinned,100,18.299,7894147072,1927279
lmdb,pinned,101,29.783,0,0
lmdb,pinned,102,28.143,0,0
lmdb,pinned,103,23.051,0,0
lmdb,pinned,104,27.415,0,0
lmdb,pinned,105,33.978,0,0
lmdb,pinned,106,24.264,0,0
lmdb,pinned,107,28.949,0,0
lmdb,pinned,108,19.922,0,0
lmdb,pinned,109,18.141,0,0
lmdb,pinned,110,19.929,8020873216,1958218
lmdb,pinned,111,29.461,0,0
lmdb,pinned,112,28.032,0,0
lmdb,pinned,113,15.521,0,0
lmdb,pinned,114,23.081,0,0
lmdb,pinned,115,17.069,0,0
lmdb,pinned,116,28.932,0,0
lmdb,pinned,117,32.288,0,0
lmdb,pinned,118,35.905,0,0
lmdb,pinned,119,28.933,0,0
lmdb,pinned,120,32.775,8147542016,1989143
lmdb,pinned,121,17.503,0,0
lmdb,pinned,122,28.112,0,0
lmdb,pinned,123,36.415,0,0
lmdb,pinned,124,31.721,0,0
lmdb,pinned,125,42.849,0,0
lmdb,pinned,126,25.725,0,0
lmdb,pinned,127,21.377,0,0
lmdb,pinned,128,25.012,0,0
lmdb,pinned,129,20.230,0,0
lmdb,pinned,130,18.503,8273993728,2020015
lmdb,pinned,131,21.160,0,0
lmdb,pinned,132,37.540,0,0
lmdb,pinned,133,29.059,0,0
lmdb,pinned,134,27.127,0,0
lmdb,pinned,135,17.174,0,0
lmdb,pinned,136,18.161,0,0
lmdb,pinned,137,21.925,0,0
lmdb,pinned,138,17.851,0,0
lmdb,pinned,139,20.457,0,0
lmdb,pinned,140,15.028,8400613376,2050928
lmdb,pinned,141,14.351,0,0
lmdb,pinned,142,20.621,0,0
lmdb,pinned,143,17.604,0,0
lmdb,pinned,144,18.677,0,0
lmdb,pinned,145,19.112,0,0
lmdb,pinned,146,19.208,0,0
lmdb,pinned,147,23.259,0,0
lmdb,pinned,148,16.589,0,0
lmdb,pinned,149,23.348,0,0
lmdb,pinned,150,21.540,8527249408,2081845
lmdb,pinned,151,19.025,0,0
lmdb,pinned,152,20.889,0,0
lmdb,pinned,153,18.972,0,0
lmdb,pinned,154,18.353,0,0
lmdb,pinned,155,15.809,0,0
lmdb,pinned,156,27.573,0,0
lmdb,pinned,157,24.679,0,0
lmdb,pinned,158,27.892,0,0
lmdb,pinned,159,42.637,0,0
lmdb,pinned,160,32.429,8654041088,2112800
lmdb,pinned,161,41.369,0,0
lmdb,pinned,162,35.617,0,0
lmdb,pinned,163,22.083,0,0
lmdb,pinned,164,22.374,0,0
lmdb,pinned,165,25.562,0,0
lmdb,pinned,166,17.677,0,0
lmdb,pinned,167,20.975,0,0
lmdb,pinned,168,20.397,0,0
lmdb,pinned,169,26.219,0,0
lmdb,pinned,170,19.096,8780574720,2143692
lmdb,pinned,171,26.883,0,0
lmdb,pinned,172,15.620,0,0
lmdb,pinned,173,15.081,0,0
lmdb,pinned,174,19.204,0,0
lmdb,pinned,175,14.252,0,0
lmdb,pinned,176,20.598,0,0
lmdb,pinned,177,20.729,0,0
lmdb,pinned,178,16.983,0,0
lmdb,pinned,179,13.967,0,0
lmdb,pinned,180,20.026,8907497472,2174679
lmdb,pinned,181,21.123,0,0
lmdb,pinned,182,15.139,0,0
lmdb,pinned,183,24.578,0,0
lmdb,pinned,184,22.517,0,0
lmdb,pinned,185,35.268,0,0
lmdb,pinned,186,30.645,0,0
lmdb,pinned,187,26.340,0,0
lmdb,pinned,188,21.413,0,0
lmdb,pinned,189,22.097,0,0
lmdb,pinned,190,23.053,9034797056,2205758
lmdb,pinned,191,19.497,0,0
lmdb,pinned,192,16.232,0,0
lmdb,pinned,193,25.785,0,0
lmdb,pinned,194,19.126,0,0
lmdb,pinned,195,25.057,0,0
lmdb,pinned,196,26.759,0,0
lmdb,pinned,197,35.463,0,0
lmdb,pinned,198,40.183,0,0
lmdb,pinned,199,43.369,0,0
lmdb,pinned,200,26.819,9161498624,2236691
lmdb,pinned,201,40.157,0,0
lmdb,pinned,202,36.730,0,0
lmdb,pinned,203,45.464,0,0
lmdb,pinned,204,32.409,0,0
lmdb,pinned,205,36.955,0,0
lmdb,pinned,206,43.093,0,0
lmdb,pinned,207,35.710,0,0
lmdb,pinned,208,26.014,0,0
lmdb,pinned,209,22.461,0,0
lmdb,pinned,210,22.547,9288298496,2267648
lmdb,pinned,211,21.392,0,0
lmdb,pinned,212,21.842,0,0
lmdb,pinned,213,22.868,0,0
lmdb,pinned,214,16.284,0,0
lmdb,pinned,215,20.703,0,0
lmdb,pinned,216,24.795,0,0
lmdb,pinned,217,22.154,0,0
lmdb,pinned,218,21.977,0,0
lmdb,pinned,219,22.768,0,0
lmdb,pinned,220,22.298,9415114752,2298609
lmdb,pinned,221,19.913,0,0
lmdb,pinned,222,23.526,0,0
lmdb,pinned,223,16.630,0,0
lmdb,pinned,224,14.235,0,0
lmdb,pinned,225,14.828,0,0
lmdb,pinned,226,24.916,0,0
lmdb,pinned,227,23.718,0,0
lmdb,pinned,228,27.961,0,0
lmdb,pinned,229,23.652,0,0
lmdb,pinned,230,27.758,9541922816,2329568
lmdb,pinned,231,18.518,0,0
lmdb,pinned,232,15.571,0,0
lmdb,pinned,233,17.574,0,0
lmdb,pinned,234,16.411,0,0
lmdb,pinned,235,19.427,0,0
lmdb,pinned,236,15.863,0,0
lmdb,pinned,237,18.853,0,0
lmdb,pinned,238,16.240,0,0
lmdb,pinned,239,20.342,0,0
lmdb,pinned,240,27.640,9668775936,2360538
lmdb,pinned,241,22.008,0,0
lmdb,pinned,242,34.705,0,0
lmdb,pinned,243,30.452,0,0
lmdb,pinned,244,26.620,0,0
lmdb,pinned,245,39.159,0,0
lmdb,pinned,246,20.177,0,0
lmdb,pinned,247,26.884,0,0
lmdb,pinned,248,17.077,0,0
lmdb,pinned,249,27.639,0,0
lmdb,pinned,250,44.259,9795518464,2391481
lmdb,pinned,251,22.473,0,0
lmdb,pinned,252,15.052,0,0
lmdb,pinned,253,14.901,0,0
lmdb,pinned,254,16.949,0,0
lmdb,pinned,255,20.665,0,0
lmdb,pinned,256,14.696,0,0
lmdb,pinned,257,18.088,0,0
lmdb,pinned,258,20.841,0,0
lmdb,pinned,259,18.369,0,0
lmdb,pinned,260,15.692,9922215936,2422413
lmdb,pinned,261,22.499,0,0
lmdb,pinned,262,24.121,0,0
lmdb,pinned,263,24.436,0,0
lmdb,pinned,264,15.272,0,0
lmdb,pinned,265,24.469,0,0
lmdb,pinned,266,16.923,0,0
lmdb,pinned,267,28.317,0,0
lmdb,pinned,268,20.241,0,0
lmdb,pinned,269,15.533,0,0
lmdb,pinned,270,18.443,10049146880,2453402
lmdb,pinned,271,22.172,0,0
lmdb,pinned,272,18.107,0,0
lmdb,pinned,273,18.852,0,0
lmdb,pinned,274,17.320,0,0
lmdb,pinned,275,21.693,0,0
lmdb,pinned,276,15.695,0,0
lmdb,pinned,277,22.922,0,0
lmdb,pinned,278,20.977,0,0
lmdb,pinned,279,28.429,0,0
lmdb,pinned,280,26.990,10175893504,2484346
lmdb,pinned,281,31.128,0,0
lmdb,pinned,282,23.009,0,0
lmdb,pinned,283,27.431,0,0
lmdb,pinned,284,32.748,0,0
lmdb,pinned,285,37.678,0,0
lmdb,pinned,286,32.407,0,0
lmdb,pinned,287,29.082,0,0
lmdb,pinned,288,25.342,0,0
lmdb,pinned,289,29.162,0,0
lmdb,pinned,290,83.308,10302529536,2515263
lmdb,pinned,291,19.214,0,0
lmdb,pinned,292,22.240,0,0
lmdb,pinned,293,18.467,0,0
lmdb,pinned,294,17.389,0,0
lmdb,pinned,295,20.839,0,0
lmdb,pinned,296,17.459,0,0
lmdb,pinned,297,24.088,0,0
lmdb,pinned,298,18.680,0,0
lmdb,pinned,299,18.332,0,0
lmdb,pinned,300,17.975,10429370368,2546230
lmdb,pinned,301,19.205,0,0
lmdb,pinned,302,19.672,0,0
lmdb,pinned,303,23.849,0,0
lmdb,pinned,304,23.583,0,0
lmdb,pinned,305,23.526,0,0
lmdb,pinned,306,23.520,0,0
lmdb,pinned,307,29.332,0,0
lmdb,pinned,308,16.596,0,0
lmdb,pinned,309,21.966,0,0
lmdb,pinned,310,20.078,10555854848,2577110
lmdb,pinned,311,23.265,0,0
lmdb,pinned,312,22.944,0,0
lmdb,pinned,313,26.376,0,0
lmdb,pinned,314,22.442,0,0
lmdb,pinned,315,19.633,0,0
lmdb,pinned,316,23.410,0,0
lmdb,pinned,317,18.022,0,0
lmdb,pinned,318,22.666,0,0
lmdb,pinned,319,19.051,0,0
lmdb,pinned,320,33.311,10682490880,2608027
lmdb,pinned,321,27.431,0,0
lmdb,pinned,322,15.958,0,0
lmdb,pinned,323,15.539,0,0
lmdb,pinned,324,18.548,0,0
lmdb,pinned,325,34.459,0,0
lmdb,pinned,326,17.660,0,0
lmdb,pinned,327,18.836,0,0
lmdb,pinned,328,16.713,0,0
lmdb,pinned,329,53.859,0,0
lmdb,pinned,330,30.435,10809430016,2639018
lmdb,pinned,331,23.229,0,0
lmdb,pinned,332,28.092,0,0
lmdb,pinned,333,20.691,0,0
lmdb,pinned,334,27.046,0,0
lmdb,pinned,335,29.962,0,0
lmdb,pinned,336,32.172,0,0
lmdb,pinned,337,26.729,0,0
lmdb,pinned,338,18.312,0,0
lmdb,pinned,339,17.253,0,0
lmdb,pinned,340,17.685,10936352768,2670005
lmdb,pinned,341,24.611,0,0
lmdb,pinned,342,25.852,0,0
lmdb,pinned,343,20.779,0,0
lmdb,pinned,344,17.068,0,0
lmdb,pinned,345,19.936,0,0
lmdb,pinned,346,22.065,0,0
lmdb,pinned,347,15.107,0,0
lmdb,pinned,348,18.789,0,0
lmdb,pinned,349,26.554,0,0
lmdb,pinned,350,14.693,11063074816,2700943
lmdb,pinned,351,22.768,0,0
lmdb,pinned,352,32.087,0,0
lmdb,pinned,353,33.892,0,0
lmdb,pinned,354,40.649,0,0
lmdb,pinned,355,49.808,0,0
lmdb,pinned,356,26.065,0,0
lmdb,pinned,357,36.090,0,0
lmdb,pinned,358,49.180,0,0
lmdb,pinned,359,28.835,0,0
lmdb,pinned,360,37.902,11190112256,2731958
lmdb,pinned,361,17.781,0,0
lmdb,pinned,362,40.234,0,0
lmdb,pinned,363,23.719,0,0
lmdb,pinned,364,27.417,0,0
lmdb,pinned,365,20.658,0,0
lmdb,pinned,366,25.916,0,0
lmdb,pinned,367,38.177,0,0
lmdb,pinned,368,19.179,0,0
lmdb,pinned,369,16.233,0,0
lmdb,pinned,370,29.089,11316736000,2762872
lmdb,pinned,371,32.062,0,0
lmdb,pinned,372,29.485,0,0
lmdb,pinned,373,29.794,0,0
lmdb,pinned,374,26.795,0,0
lmdb,pinned,375,25.995,0,0
lmdb,pinned,376,22.741,0,0
lmdb,pinned,377,22.245,0,0
lmdb,pinned,378,19.416,0,0
lmdb,pinned,379,15.785,0,0
lmdb,pinned,380,17.686,11443265536,2793763
lmdb,pinned,381,22.518,0,0
lmdb,pinned,382,18.870,0,0
lmdb,pinned,383,32.065,0,0
lmdb,pinned,384,26.081,0,0
lmdb,pinned,385,23.849,0,0
lmdb,pinned,386,22.698,0,0
lmdb,pinned,387,20.004,0,0
lmdb,pinned,388,23.447,0,0
lmdb,pinned,389,21.704,0,0
lmdb,pinned,390,29.464,11570159616,2824743
lmdb,pinned,391,27.747,0,0
lmdb,pinned,392,35.919,0,0
lmdb,pinned,393,18.538,0,0
lmdb,pinned,394,27.099,0,0
lmdb,pinned,395,18.600,0,0
lmdb,pinned,396,26.512,0,0
lmdb,pinned,397,16.964,0,0
lmdb,pinned,398,15.089,0,0
lmdb,pinned,399,22.079,0,0
lmdb,pinned,400,17.395,11696726016,2855643
lmdb,pinned,401,24.834,0,0
lmdb,pinned,402,23.673,0,0
lmdb,pinned,403,17.728,0,0
lmdb,pinned,404,18.293,0,0
lmdb,pinned,405,18.532,0,0
lmdb,pinned,406,18.017,0,0
lmdb,pinned,407,15.808,0,0
lmdb,pinned,408,15.175,0,0
lmdb,pinned,409,18.018,0,0
lmdb,pinned,410,20.522,11823616000,2886622
lmdb,pinned,411,19.773,0,0
lmdb,pinned,412,16.597,0,0
lmdb,pinned,413,16.056,0,0
lmdb,pinned,414,20.088,0,0
lmdb,pinned,415,15.702,0,0
lmdb,pinned,416,15.834,0,0
lmdb,pinned,417,21.248,0,0
lmdb,pinned,418,35.189,0,0
lmdb,pinned,419,23.788,0,0
lmdb,pinned,420,31.666,11950653440,2917637
lmdb,pinned,421,26.370,0,0
lmdb,pinned,422,28.530,0,0
lmdb,pinned,423,32.490,0,0
lmdb,pinned,424,16.563,0,0
lmdb,pinned,425,16.534,0,0
lmdb,pinned,426,14.808,0,0
lmdb,pinned,427,16.566,0,0
lmdb,pinned,428,23.787,0,0
lmdb,pinned,429,19.190,0,0
lmdb,pinned,430,23.184,12077338624,2948566
lmdb,pinned,431,19.366,0,0
lmdb,pinned,432,15.167,0,0
lmdb,pinned,433,17.067,0,0
lmdb,pinned,434,27.390,0,0
lmdb,pinned,435,31.119,0,0
lmdb,pinned,436,23.386,0,0
lmdb,pinned,437,17.851,0,0
lmdb,pinned,438,29.560,0,0
lmdb,pinned,439,20.048,0,0
lmdb,pinned,440,19.157,12204101632,2979514
lmdb,pinned,441,17.966,0,0
lmdb,pinned,442,20.720,0,0
lmdb,pinned,443,25.132,0,0
lmdb,pinned,444,15.427,0,0
lmdb,pinned,445,16.204,0,0
lmdb,pinned,446,20.553,0,0
lmdb,pinned,447,29.522,0,0
lmdb,pinned,448,18.716,0,0
lmdb,pinned,449,15.627,0,0
lmdb,pinned,450,22.593,12330958848,3010485
lmdb,pinned,451,22.817,0,0
lmdb,pinned,452,17.896,0,0
lmdb,pinned,453,22.821,0,0
lmdb,pinned,454,68.395,0,0
lmdb,pinned,455,28.572,0,0
lmdb,pinned,456,27.609,0,0
lmdb,pinned,457,25.748,0,0
lmdb,pinned,458,24.076,0,0
lmdb,pinned,459,29.976,0,0
lmdb,pinned,460,27.308,12457672704,3041421
lmdb,pinned,461,27.553,0,0
lmdb,pinned,462,31.319,0,0
lmdb,pinned,463,21.780,0,0
lmdb,pinned,464,26.420,0,0
lmdb,pinned,465,29.982,0,0
lmdb,pinned,466,31.102,0,0
lmdb,pinned,467,35.989,0,0
lmdb,pinned,468,29.329,0,0
lmdb,pinned,469,15.556,0,0
lmdb,pinned,470,18.614,12584300544,3072336
lmdb,pinned,471,26.638,0,0
lmdb,pinned,472,25.432,0,0
lmdb,pinned,473,27.725,0,0
lmdb,pinned,474,24.275,0,0
lmdb,pinned,475,22.602,0,0
lmdb,pinned,476,25.046,0,0
lmdb,pinned,477,21.096,0,0
lmdb,pinned,478,24.877,0,0
lmdb,pinned,479,20.218,0,0
lmdb,pinned,480,28.778,12711026688,3103275
lmdb,pinned,481,23.466,0,0
lmdb,pinned,482,14.196,0,0
lmdb,pinned,483,24.636,0,0
lmdb,pinned,484,19.154,0,0
lmdb,pinned,485,34.272,0,0
lmdb,pinned,486,17.201,0,0
lmdb,pinned,487,17.514,0,0
lmdb,pinned,488,19.848,0,0
lmdb,pinned,489,17.755,0,0
lmdb,pinned,490,21.639,12837744640,3134212
lmdb,pinned,491,27.091,0,0
lmdb,pinned,492,25.807,0,0
lmdb,pinned,493,26.511,0,0
lmdb,pinned,494,30.010,0,0
lmdb,pinned,495,31.221,0,0
lmdb,pinned,496,26.466,0,0
lmdb,pinned,497,36.598,0,0
lmdb,pinned,498,24.744,0,0
lmdb,pinned,499,32.928,0,0
lmdb,pinned,500,34.145,12964409344,3165136
lmdb,pinned,501,29.614,0,0
lmdb,pinned,502,26.977,0,0
lmdb,pinned,503,16.583,0,0
lmdb,pinned,504,23.488,0,0
lmdb,pinned,505,24.381,0,0
lmdb,pinned,506,16.396,0,0
lmdb,pinned,507,24.497,0,0
lmdb,pinned,508,14.083,0,0
lmdb,pinned,509,15.329,0,0
lmdb,pinned,510,19.228,13091278848,3196110
lmdb,pinned,511,24.085,0,0
lmdb,pinned,512,15.592,0,0
lmdb,pinned,513,15.332,0,0
lmdb,pinned,514,24.141,0,0
lmdb,pinned,515,21.214,0,0
lmdb,pinned,516,17.980,0,0
lmdb,pinned,517,27.026,0,0
lmdb,pinned,518,22.578,0,0
lmdb,pinned,519,22.517,0,0
lmdb,pinned,520,16.309,13218308096,3227123
lmdb,pinned,521,19.400,0,0
lmdb,pinned,522,19.889,0,0
lmdb,pinned,523,14.713,0,0
lmdb,pinned,524,16.651,0,0
lmdb,pinned,525,19.553,0,0
lmdb,pinned,526,20.001,0,0
lmdb,pinned,527,18.933,0,0
lmdb,pinned,528,14.356,0,0
lmdb,pinned,529,15.195,0,0
lmdb,pinned,530,19.417,13345206272,3258104
lmdb,pinned,531,21.233,0,0
lmdb,pinned,532,22.639,0,0
lmdb,pinned,533,19.082,0,0
lmdb,pinned,534,21.072,0,0
lmdb,pinned,535,25.679,0,0
lmdb,pinned,536,17.404,0,0
lmdb,pinned,537,25.711,0,0
lmdb,pinned,538,17.349,0,0
lmdb,pinned,539,24.091,0,0
lmdb,pinned,540,19.799,13472215040,3289112
lmdb,pinned,541,23.467,0,0
lmdb,pinned,542,19.625,0,0
lmdb,pinned,543,20.287,0,0
lmdb,pinned,544,28.992,0,0
lmdb,pinned,545,30.914,0,0
lmdb,pinned,546,22.975,0,0
lmdb,pinned,547,24.481,0,0
lmdb,pinned,548,18.746,0,0
lmdb,pinned,549,14.741,0,0
lmdb,pinned,550,19.845,13599051776,3320078
lmdb,pinned,551,18.960,0,0
lmdb,pinned,552,16.691,0,0
lmdb,pinned,553,15.337,0,0
lmdb,pinned,554,18.967,0,0
lmdb,pinned,555,18.845,0,0
lmdb,pinned,556,23.634,0,0
lmdb,pinned,557,19.489,0,0
lmdb,pinned,558,26.592,0,0
lmdb,pinned,559,14.976,0,0
lmdb,pinned,560,16.553,13725855744,3351036
lmdb,pinned,561,25.050,0,0
lmdb,pinned,562,19.094,0,0
lmdb,pinned,563,24.437,0,0
lmdb,pinned,564,19.857,0,0
lmdb,pinned,565,28.072,0,0
lmdb,pinned,566,19.289,0,0
lmdb,pinned,567,19.238,0,0
lmdb,pinned,568,21.961,0,0
lmdb,pinned,569,45.865,0,0
lmdb,pinned,570,19.819,13852606464,3381981
lmdb,pinned,571,23.658,0,0
lmdb,pinned,572,16.719,0,0
lmdb,pinned,573,14.827,0,0
lmdb,pinned,574,20.733,0,0
lmdb,pinned,575,16.334,0,0
lmdb,pinned,576,24.890,0,0
lmdb,pinned,577,17.725,0,0
lmdb,pinned,578,25.473,0,0
lmdb,pinned,579,27.308,0,0
lmdb,pinned,580,25.435,13979152384,3412876
lmdb,pinned,581,16.360,0,0
lmdb,pinned,582,18.149,0,0
lmdb,pinned,583,24.631,0,0
lmdb,pinned,584,15.216,0,0
lmdb,pinned,585,22.768,0,0
lmdb,pinned,586,21.508,0,0
lmdb,pinned,587,24.436,0,0
lmdb,pinned,588,16.899,0,0
lmdb,pinned,589,19.535,0,0
lmdb,pinned,590,17.818,14105939968,3443830
lmdb,pinned,591,21.650,0,0
lmdb,pinned,592,15.848,0,0
lmdb,pinned,593,16.983,0,0
lmdb,pinned,594,23.083,0,0
lmdb,pinned,595,22.661,0,0
lmdb,pinned,596,29.004,0,0
lmdb,pinned,597,16.470,0,0
lmdb,pinned,598,16.961,0,0
lmdb,pinned,599,25.532,0,0
lmdb,pinned,600,19.020,14232449024,3474716
lmdb,pinned,601,17.263,0,0
lmdb,pinned,602,25.139,0,0
lmdb,pinned,603,20.706,0,0
lmdb,pinned,604,18.230,0,0
lmdb,pinned,605,22.815,0,0
lmdb,pinned,606,20.983,0,0
lmdb,pinned,607,18.088,0,0
lmdb,pinned,608,27.433,0,0
lmdb,pinned,609,35.258,0,0
lmdb,pinned,610,26.259,14359035904,3505621
lmdb,pinned,611,29.393,0,0
lmdb,pinned,612,29.873,0,0
lmdb,pinned,613,17.114,0,0
lmdb,pinned,614,34.301,0,0
lmdb,pinned,615,17.287,0,0
lmdb,pinned,616,30.596,0,0
lmdb,pinned,617,23.333,0,0
lmdb,pinned,618,19.569,0,0
lmdb,pinned,619,20.395,0,0
lmdb,pinned,620,23.399,14485782528,3536565
lmdb,pinned,621,17.066,0,0
lmdb,pinned,622,18.692,0,0
lmdb,pinned,623,18.920,0,0
lmdb,pinned,624,23.205,0,0
lmdb,pinned,625,16.921,0,0
lmdb,pinned,626,25.559,0,0
lmdb,pinned,627,23.489,0,0
lmdb,pinned,628,16.920,0,0
lmdb,pinned,629,17.489,0,0
lmdb,pinned,630,19.315,14612471808,3567495
lmdb,pinned,631,20.019,0,0
lmdb,pinned,632,15.187,0,0
lmdb,pinned,633,18.784,0,0
lmdb,pinned,634,15.871,0,0
lmdb,pinned,635,26.664,0,0
lmdb,pinned,636,16.540,0,0
lmdb,pinned,637,16.927,0,0
lmdb,pinned,638,16.266,0,0
lmdb,pinned,639,22.991,0,0
lmdb,pinned,640,17.090,14739542016,3598518
lmdb,pinned,641,23.164,0,0
lmdb,pinned,642,19.310,0,0
lmdb,pinned,643,21.032,0,0
lmdb,pinned,644,22.299,0,0
lmdb,pinned,645,26.437,0,0
lmdb,pinned,646,14.300,0,0
lmdb,pinned,647,20.979,0,0
lmdb,pinned,648,19.462,0,0
lmdb,pinned,649,17.872,0,0
lmdb,pinned,650,22.117,14865854464,3629356
lmdb,pinned,651,20.991,0,0
lmdb,pinned,652,18.920,0,0
lmdb,pinned,653,17.987,0,0
lmdb,pinned,654,20.223,0,0
lmdb,pinned,655,25.471,0,0
lmdb,pinned,656,18.884,0,0
lmdb,pinned,657,24.360,0,0
lmdb,pinned,658,18.017,0,0
lmdb,pinned,659,42.085,0,0
lmdb,pinned,660,23.227,14992449536,3660263
lmdb,pinned,661,27.694,0,0
lmdb,pinned,662,23.151,0,0
lmdb,pinned,663,15.950,0,0
lmdb,pinned,664,22.909,0,0
lmdb,pinned,665,21.439,0,0
lmdb,pinned,666,26.623,0,0
lmdb,pinned,667,52.369,0,0
lmdb,pinned,668,20.287,0,0
lmdb,pinned,669,18.210,0,0
lmdb,pinned,670,17.593,15119433728,3691265
lmdb,pinned,671,20.921,0,0
lmdb,pinned,672,23.406,0,0
lmdb,pinned,673,17.547,0,0
lmdb,pinned,674,15.191,0,0
lmdb,pinned,675,17.648,0,0
lmdb,pinned,676,14.252,0,0
lmdb,pinned,677,19.009,0,0
lmdb,pinned,678,34.270,0,0
lmdb,pinned,679,35.899,0,0
lmdb,pinned,680,24.052,15246180352,3722209
lmdb,pinned,681,23.044,0,0
lmdb,pinned,682,25.614,0,0
lmdb,pinned,683,29.013,0,0
lmdb,pinned,684,25.880,0,0
lmdb,pinned,685,18.206,0,0
lmdb,pinned,686,28.688,0,0
lmdb,pinned,687,24.881,0,0
lmdb,pinned,688,18.887,0,0
lmdb,pinned,689,31.905,0,0
lmdb,pinned,690,24.660,15372738560,3753107
lmdb,pinned,691,23.076,0,0
lmdb,pinned,692,23.105,0,0
lmdb,pinned,693,20.972,0,0
lmdb,pinned,694,31.609,0,0
lmdb,pinned,695,20.383,0,0
lmdb,pinned,696,18.407,0,0
lmdb,pinned,697,27.606,0,0
lmdb,pinned,698,16.589,0,0
lmdb,pinned,699,19.455,0,0
lmdb,pinned,700,15.563,15499280384,3784001
lmdb,pinned,701,17.713,0,0
lmdb,pinned,702,23.403,0,0
lmdb,pinned,703,27.144,0,0
lmdb,pinned,704,15.396,0,0
lmdb,pinned,705,20.533,0,0
lmdb,pinned,706,23.274,0,0
lmdb,pinned,707,22.396,0,0
lmdb,pinned,708,17.752,0,0
lmdb,pinned,709,15.740,0,0
lmdb,pinned,710,33.374,15626047488,3814950
lmdb,pinned,711,26.292,0,0
lmdb,pinned,712,38.067,0,0
lmdb,pinned,713,22.418,0,0
lmdb,pinned,714,16.767,0,0
lmdb,pinned,715,20.201,0,0
lmdb,pinned,716,14.992,0,0
lmdb,pinned,717,19.907,0,0
lmdb,pinned,718,17.517,0,0
lmdb,pinned,719,22.173,0,0
lmdb,pinned,720,13.957,15753146368,3845980
lmdb,pinned,721,22.339,0,0
lmdb,pinned,722,24.129,0,0
lmdb,pinned,723,33.764,0,0
lmdb,pinned,724,17.591,0,0
lmdb,pinned,725,25.703,0,0
lmdb,pinned,726,30.767,0,0
lmdb,pinned,727,42.481,0,0
lmdb,pinned,728,34.534,0,0
lmdb,pinned,729,18.109,0,0
lmdb,pinned,730,31.240,15879856128,3876915
lmdb,pinned,731,20.337,0,0
lmdb,pinned,732,49.871,0,0
lmdb,pinned,733,16.812,0,0
lmdb,pinned,734,61.680,0,0
lmdb,pinned,735,58.257,0,0
lmdb,pinned,736,102.417,0,0
lmdb,pinned,737,17.452,0,0
lmdb,pinned,738,41.389,0,0
lmdb,pinned,739,20.523,0,0
lmdb,pinned,740,40.281,16006598656,3907858
lmdb,pinned,741,17.223,0,0
lmdb,pinned,742,27.051,0,0
lmdb,pinned,743,19.602,0,0
lmdb,pinned,744,20.284,0,0
lmdb,pinned,745,22.848,0,0
lmdb,pinned,746,26.680,0,0
lmdb,pinned,747,18.207,0,0
lmdb,pinned,748,16.960,0,0
lmdb,pinned,749,22.210,0,0
lmdb,pinned,750,24.731,16133226496,3938773
lmdb,pinned,751,22.303,0,0
lmdb,pinned,752,22.418,0,0
lmdb,pinned,753,21.426,0,0
lmdb,pinned,754,22.274,0,0
lmdb,pinned,755,23.931,0,0
lmdb,pinned,756,19.981,0,0
lmdb,pinned,757,17.480,0,0
lmdb,pinned,758,29.749,0,0
lmdb,pinned,759,24.541,0,0
lmdb,pinned,760,26.469,16259907584,3969701
lmdb,pinned,761,25.341,0,0
lmdb,pinned,762,14.624,0,0
lmdb,pinned,763,14.796,0,0
lmdb,pinned,764,18.502,0,0
lmdb,pinned,765,23.887,0,0
lmdb,pinned,766,24.779,0,0
lmdb,pinned,767,29.938,0,0
lmdb,pinned,768,17.643,0,0
lmdb,pinned,769,24.987,0,0
lmdb,pinned,770,24.381,16386109440,4000512
lmdb,pinned,771,16.282,0,0
lmdb,pinned,772,28.859,0,0
lmdb,pinned,773,27.425,0,0
lmdb,pinned,774,35.760,0,0
lmdb,pinned,775,25.142,0,0
lmdb,pinned,776,21.487,0,0
lmdb,pinned,777,29.576,0,0
lmdb,pinned,778,21.173,0,0
lmdb,pinned,779,17.896,0,0
lmdb,pinned,780,15.646,16512598016,4031393
lmdb,pinned,781,22.292,0,0
lmdb,pinned,782,15.399,0,0
lmdb,pinned,783,16.555,0,0
lmdb,pinned,784,17.050,0,0
lmdb,pinned,785,19.463,0,0
lmdb,pinned,786,25.188,0,0
lmdb,pinned,787,29.945,0,0
lmdb,pinned,788,15.877,0,0
lmdb,pinned,789,24.024,0,0
lmdb,pinned,790,17.578,16638889984,4062226
lmdb,pinned,791,18.797,0,0
lmdb,pinned,792,16.665,0,0
lmdb,pinned,793,16.839,0,0
lmdb,pinned,794,19.015,0,0
lmdb,pinned,795,16.874,0,0
lmdb,pinned,796,30.804,0,0
lmdb,pinned,797,25.648,0,0
lmdb,pinned,798,25.138,0,0
lmdb,pinned,799,23.853,0,0
lmdb,pinned,800,15.006,16765784064,4093206
lmdb,pinned,801,16.348,0,0
lmdb,pinned,802,22.687,0,0
lmdb,pinned,803,34.039,0,0
lmdb,pinned,804,37.354,0,0
lmdb,pinned,805,20.080,0,0
lmdb,pinned,806,24.284,0,0
lmdb,pinned,807,37.620,0,0
lmdb,pinned,808,23.505,0,0
lmdb,pinned,809,28.902,0,0
lmdb,pinned,810,55.701,16892530688,4124150
lmdb,pinned,811,75.976,0,0
lmdb,pinned,812,23.388,0,0
lmdb,pinned,813,33.824,0,0
lmdb,pinned,814,58.345,0,0
lmdb,pinned,815,22.036,0,0
lmdb,pinned,816,22.764,0,0
lmdb,pinned,817,23.575,0,0
lmdb,pinned,818,25.322,0,0
lmdb,pinned,819,52.379,0,0
lmdb,pinned,820,23.357,17019441152,4155134
lmdb,pinned,821,21.970,0,0
lmdb,pinned,822,16.932,0,0
lmdb,pinned,823,24.775,0,0
lmdb,pinned,824,19.207,0,0
lmdb,pinned,825,17.659,0,0
lmdb,pinned,826,26.266,0,0
lmdb,pinned,827,18.147,0,0
lmdb,pinned,828,19.892,0,0
lmdb,pinned,829,24.165,0,0
lmdb,pinned,830,16.340,17146269696,4186098
lmdb,pinned,831,25.378,0,0
lmdb,pinned,832,34.138,0,0
lmdb,pinned,833,23.994,0,0
lmdb,pinned,834,21.130,0,0
lmdb,pinned,835,26.146,0,0
lmdb,pinned,836,19.840,0,0
lmdb,pinned,837,34.419,0,0
lmdb,pinned,838,21.235,0,0
lmdb,pinned,839,23.571,0,0
lmdb,pinned,840,28.999,17272971264,4217031
lmdb,pinned,841,28.270,0,0
lmdb,pinned,842,20.738,0,0
lmdb,pinned,843,32.972,0,0
lmdb,pinned,844,14.883,0,0
lmdb,pinned,845,25.461,0,0
lmdb,pinned,846,25.958,0,0
lmdb,pinned,847,26.361,0,0
lmdb,pinned,848,17.937,0,0
lmdb,pinned,849,21.069,0,0
lmdb,pinned,850,17.249,17399619584,4247951
lmdb,pinned,851,21.824,0,0
lmdb,pinned,852,15.465,0,0
lmdb,pinned,853,18.223,0,0
lmdb,pinned,854,16.439,0,0
lmdb,pinned,855,18.694,0,0
lmdb,pinned,856,21.804,0,0
lmdb,pinned,857,23.211,0,0
lmdb,pinned,858,21.360,0,0
lmdb,pinned,859,15.980,0,0
lmdb,pinned,860,16.886,17526345728,4278890
lmdb,pinned,861,29.488,0,0
lmdb,pinned,862,16.951,0,0
lmdb,pinned,863,17.874,0,0
lmdb,pinned,864,19.103,0,0
lmdb,pinned,865,15.096,0,0
lmdb,pinned,866,16.661,0,0
lmdb,pinned,867,23.403,0,0
lmdb,pinned,868,17.574,0,0
lmdb,pinned,869,20.706,0,0
lmdb,pinned,870,18.147,17653010432,4309814
lmdb,pinned,871,20.466,0,0
lmdb,pinned,872,21.911,0,0
lmdb,pinned,873,17.013,0,0
lmdb,pinned,874,30.578,0,0
lmdb,pinned,875,27.946,0,0
lmdb,pinned,876,21.303,0,0
lmdb,pinned,877,21.372,0,0
lmdb,pinned,878,25.648,0,0
lmdb,pinned,879,24.138,0,0
lmdb,pinned,880,20.567,17779671040,4340737
lmdb,pinned,881,23.124,0,0
lmdb,pinned,882,23.524,0,0
lmdb,pinned,883,23.971,0,0
lmdb,pinned,884,21.183,0,0
lmdb,pinned,885,26.541,0,0
lmdb,pinned,886,19.890,0,0
lmdb,pinned,887,23.440,0,0
lmdb,pinned,888,25.970,0,0
lmdb,pinned,889,18.536,0,0
lmdb,pinned,890,21.893,17906565120,4371717
lmdb,pinned,891,18.568,0,0
lmdb,pinned,892,19.802,0,0
lmdb,pinned,893,15.113,0,0
lmdb,pinned,894,17.719,0,0
lmdb,pinned,895,15.467,0,0
lmdb,pinned,896,32.804,0,0
lmdb,pinned,897,20.894,0,0
lmdb,pinned,898,18.060,0,0
lmdb,pinned,899,16.399,0,0
lmdb,pinned,900,28.674,18033217536,4402638
lmdb,pinned,901,22.769,0,0
lmdb,pinned,902,25.711,0,0
lmdb,pinned,903,18.144,0,0
lmdb,pinned,904,17.533,0,0
lmdb,pinned,905,24.380,0,0
lmdb,pinned,906,29.334,0,0
lmdb,pinned,907,17.220,0,0
lmdb,pinned,908,16.740,0,0
lmdb,pinned,909,22.867,0,0
lmdb,pinned,910,32.550,18159521792,4433474
lmdb,pinned,911,22.814,0,0
lmdb,pinned,912,20.876,0,0
lmdb,pinned,913,31.581,0,0
lmdb,pinned,914,22.311,0,0
lmdb,pinned,915,30.291,0,0
lmdb,pinned,916,21.577,0,0
lmdb,pinned,917,47.187,0,0
lmdb,pinned,918,23.229,0,0
lmdb,pinned,919,34.759,0,0
lmdb,pinned,920,33.355,18285961216,4464343
lmdb,pinned,921,25.851,0,0
lmdb,pinned,922,23.015,0,0
lmdb,pinned,923,29.846,0,0
lmdb,pinned,924,30.968,0,0
lmdb,pinned,925,35.342,0,0
lmdb,pinned,926,22.062,0,0
lmdb,pinned,927,33.651,0,0
lmdb,pinned,928,26.552,0,0
lmdb,pinned,929,30.704,0,0
lmdb,pinned,930,35.210,18412785664,4495306
lmdb,pinned,931,19.339,0,0
lmdb,pinned,932,26.254,0,0
lmdb,pinned,933,16.206,0,0
lmdb,pinned,934,24.934,0,0
lmdb,pinned,935,25.404,0,0
lmdb,pinned,936,16.556,0,0
lmdb,pinned,937,20.688,0,0
lmdb,pinned,938,24.136,0,0
lmdb,pinned,939,21.966,0,0
lmdb,pinned,940,15.370,18539614208,4526270
lmdb,pinned,941,17.630,0,0
lmdb,pinned,942,16.839,0,0
lmdb,pinned,943,25.454,0,0
lmdb,pinned,944,23.802,0,0
lmdb,pinned,945,18.756,0,0
lmdb,pinned,946,22.264,0,0
lmdb,pinned,947,27.306,0,0
lmdb,pinned,948,17.262,0,0
lmdb,pinned,949,34.233,0,0
lmdb,pinned,950,33.135,18666164224,4557166
lmdb,pinned,951,29.638,0,0
lmdb,pinned,952,21.046,0,0
lmdb,pinned,953,16.377,0,0
lmdb,pinned,954,47.419,0,0
lmdb,pinned,955,47.563,0,0
lmdb,pinned,956,18.039,0,0
lmdb,pinned,957,15.597,0,0
lmdb,pinned,958,15.366,0,0
lmdb,pinned,959,16.140,0,0
lmdb,pinned,960,15.001,18793033728,4588140
lmdb,pinned,961,19.345,0,0
lmdb,pinned,962,18.024,0,0
lmdb,pinned,963,21.868,0,0
lmdb,pinned,964,24.290,0,0
lmdb,pinned,965,34.472,0,0
lmdb,pinned,966,29.157,0,0
lmdb,pinned,967,15.429,0,0
lmdb,pinned,968,21.821,0,0
lmdb,pinned,969,16.791,0,0
lmdb,pinned,970,25.265,18919600128,4619040
lmdb,pinned,971,23.357,0,0
lmdb,pinned,972,19.255,0,0
lmdb,pinned,973,26.486,0,0
lmdb,pinned,974,16.372,0,0
lmdb,pinned,975,17.539,0,0
lmdb,pinned,976,17.312,0,0
lmdb,pinned,977,17.352,0,0
lmdb,pinned,978,21.123,0,0
lmdb,pinned,979,22.103,0,0
lmdb,pinned,980,15.438,19046531072,4650029
lmdb,pinned,981,28.344,0,0
lmdb,pinned,982,41.691,0,0
lmdb,pinned,983,21.166,0,0
lmdb,pinned,984,22.849,0,0
lmdb,pinned,985,17.045,0,0
lmdb,pinned,986,16.580,0,0
lmdb,pinned,987,23.414,0,0
lmdb,pinned,988,22.761,0,0
lmdb,pinned,989,17.470,0,0
lmdb,pinned,990,20.127,19173130240,4680937
lmdb,pinned,991,17.915,0,0
lmdb,pinned,992,17.332,0,0
lmdb,pinned,993,26.969,0,0
lmdb,pinned,994,23.848,0,0
lmdb,pinned,995,32.782,0,0
lmdb,pinned,996,19.621,0,0
lmdb,pinned,997,17.117,0,0
lmdb,pinned,998,17.427,0,0
lmdb,pinned,999,25.630,0,0
lmdb,pinned,1000,24.982,19300061184,4711926
lmdb,pinned,1001,21.633,0,0
lmdb,pinned,1002,17.527,0,0
lmdb,pinned,1003,30.637,0,0
lmdb,pinned,1004,24.611,0,0
lmdb,pinned,1005,19.874,0,0
lmdb,pinned,1006,15.957,0,0
lmdb,pinned,1007,22.020,0,0
lmdb,pinned,1008,16.540,0,0
lmdb,pinned,1009,22.856,0,0
lmdb,pinned,1010,21.546,19426930688,4742900
lmdb,pinned,1011,24.939,0,0
lmdb,pinned,1012,15.040,0,0
lmdb,pinned,1013,14.990,0,0
lmdb,pinned,1014,24.239,0,0
lmdb,pinned,1015,14.888,0,0
lmdb,pinned,1016,18.208,0,0
lmdb,pinned,1017,19.473,0,0
lmdb,pinned,1018,19.880,0,0
lmdb,pinned,1019,16.563,0,0
lmdb,pinned,1020,16.809,19553660928,4773840
lmdb,pinned,1021,14.907,0,0
lmdb,pinned,1022,14.353,0,0
lmdb,pinned,1023,20.964,0,0
lmdb,pinned,1024,19.976,0,0
lmdb,pinned,1025,17.704,0,0
lmdb,pinned,1026,16.809,0,0
lmdb,pinned,1027,16.964,0,0
lmdb,pinned,1028,21.060,0,0
lmdb,pinned,1029,21.001,0,0
lmdb,pinned,1030,19.524,19680329728,4804765
lmdb,pinned,1031,15.838,0,0
lmdb,pinned,1032,28.977,0,0
lmdb,pinned,1033,19.416,0,0
lmdb,pinned,1034,25.770,0,0
lmdb,pinned,1035,19.150,0,0
lmdb,pinned,1036,14.593,0,0
lmdb,pinned,1037,15.309,0,0
lmdb,pinned,1038,21.906,0,0
lmdb,pinned,1039,15.956,0,0
lmdb,pinned,1040,16.558,19806892032,4835664
lmdb,pinned,1041,21.909,0,0
lmdb,pinned,1042,23.044,0,0
lmdb,pinned,1043,16.494,0,0
lmdb,pinned,1044,17.573,0,0
lmdb,pinned,1045,17.845,0,0
lmdb,pinned,1046,15.602,0,0
lmdb,pinned,1047,15.335,0,0
lmdb,pinned,1048,16.813,0,0
lmdb,pinned,1049,21.680,0,0
lmdb,pinned,1050,25.799,19933294592,4866524
lmdb,pinned,1051,16.903,0,0
lmdb,pinned,1052,27.054,0,0
lmdb,pinned,1053,19.098,0,0
lmdb,pinned,1054,20.323,0,0
lmdb,pinned,1055,14.885,0,0
lmdb,pinned,1056,23.776,0,0
lmdb,pinned,1057,18.468,0,0
lmdb,pinned,1058,16.197,0,0
lmdb,pinned,1059,22.165,0,0
lmdb,pinned,1060,15.204,20060020736,4897463
lmdb,pinned,1061,24.399,0,0
lmdb,pinned,1062,22.978,0,0
lmdb,pinned,1063,24.007,0,0
lmdb,pinned,1064,15.645,0,0
lmdb,pinned,1065,23.704,0,0
lmdb,pinned,1066,18.348,0,0
lmdb,pinned,1067,27.965,0,0
lmdb,pinned,1068,26.770,0,0
lmdb,pinned,1069,20.383,0,0
lmdb,pinned,1070,25.861,20186660864,4928381
lmdb,pinned,1071,19.899,0,0
lmdb,pinned,1072,16.458,0,0
lmdb,pinned,1073,19.907,0,0
lmdb,pinned,1074,15.515,0,0
lmdb,pinned,1075,18.225,0,0
lmdb,pinned,1076,22.829,0,0
lmdb,pinned,1077,19.286,0,0
lmdb,pinned,1078,15.167,0,0
lmdb,pinned,1079,18.372,0,0
lmdb,pinned,1080,17.299,20313456640,4959337
lmdb,pinned,1081,25.463,0,0
lmdb,pinned,1082,14.414,0,0
lmdb,pinned,1083,18.596,0,0
lmdb,pinned,1084,22.397,0,0
lmdb,pinned,1085,24.132,0,0
lmdb,pinned,1086,20.565,0,0
lmdb,pinned,1087,16.666,0,0
lmdb,pinned,1088,24.424,0,0
lmdb,pinned,1089,21.332,0,0
lmdb,pinned,1090,18.735,20440539136,4990363
lmdb,pinned,1091,21.398,0,0
lmdb,pinned,1092,16.488,0,0
lmdb,pinned,1093,22.048,0,0
lmdb,pinned,1094,18.781,0,0
lmdb,pinned,1095,17.002,0,0
lmdb,pinned,1096,22.944,0,0
lmdb,pinned,1097,14.381,0,0
lmdb,pinned,1098,16.798,0,0
lmdb,pinned,1099,14.241,0,0
lmdb,pinned,1100,13.319,20567203840,5021287
lmdb,pinned,1101,14.667,0,0
lmdb,pinned,1102,33.277,0,0
lmdb,pinned,1103,30.191,0,0
lmdb,pinned,1104,17.463,0,0
lmdb,pinned,1105,14.263,0,0
lmdb,pinned,1106,16.875,0,0
lmdb,pinned,1107,14.768,0,0
lmdb,pinned,1108,15.910,0,0
lmdb,pinned,1109,15.464,0,0
lmdb,pinned,1110,29.405,20694134784,5052276
lmdb,pinned,1111,20.373,0,0
lmdb,pinned,1112,17.409,0,0
lmdb,pinned,1113,22.768,0,0
lmdb,pinned,1114,15.390,0,0
lmdb,pinned,1115,15.467,0,0
lmdb,pinned,1116,18.284,0,0
lmdb,pinned,1117,19.778,0,0
lmdb,pinned,1118,18.207,0,0
lmdb,pinned,1119,30.209,0,0
lmdb,pinned,1120,16.663,20821016576,5083253
lmdb,pinned,1121,20.331,0,0
lmdb,pinned,1122,19.712,0,0
lmdb,pinned,1123,25.719,0,0
lmdb,pinned,1124,19.043,0,0
lmdb,pinned,1125,18.772,0,0
lmdb,pinned,1126,16.890,0,0
lmdb,pinned,1127,19.921,0,0
lmdb,pinned,1128,15.999,0,0
lmdb,pinned,1129,30.826,0,0
lmdb,pinned,1130,18.111,20947308544,5114086
lmdb,pinned,1131,22.556,0,0
lmdb,pinned,1132,21.804,0,0
lmdb,pinned,1133,14.892,0,0
lmdb,pinned,1134,15.865,0,0
lmdb,pinned,1135,24.941,0,0
lmdb,pinned,1136,17.062,0,0
lmdb,pinned,1137,21.285,0,0
lmdb,pinned,1138,22.877,0,0
lmdb,pinned,1139,35.763,0,0
lmdb,pinned,1140,16.722,21073940480,5145002
lmdb,pinned,1141,17.833,0,0
lmdb,pinned,1142,17.239,0,0
lmdb,pinned,1143,20.951,0,0
lmdb,pinned,1144,19.208,0,0
lmdb,pinned,1145,19.172,0,0
lmdb,pinned,1146,26.145,0,0
lmdb,pinned,1147,24.117,0,0
lmdb,pinned,1148,22.148,0,0
lmdb,pinned,1149,18.141,0,0
lmdb,pinned,1150,16.117,21200707584,5175951
lmdb,pinned,1151,14.764,0,0
lmdb,pinned,1152,22.024,0,0
lmdb,pinned,1153,14.828,0,0
lmdb,pinned,1154,16.816,0,0
lmdb,pinned,1155,18.416,0,0
lmdb,pinned,1156,17.427,0,0
lmdb,pinned,1157,15.657,0,0
lmdb,pinned,1158,23.131,0,0
lmdb,pinned,1159,15.038,0,0
lmdb,pinned,1160,18.149,21327798272,5206979
lmdb,pinned,1161,15.400,0,0
lmdb,pinned,1162,21.410,0,0
lmdb,pinned,1163,18.493,0,0
lmdb,pinned,1164,24.441,0,0
lmdb,pinned,1165,16.060,0,0
lmdb,pinned,1166,28.510,0,0
lmdb,pinned,1167,17.091,0,0
lmdb,pinned,1168,14.515,0,0
lmdb,pinned,1169,19.902,0,0
lmdb,pinned,1170,15.216,21454274560,5237857
lmdb,pinned,1171,17.570,0,0
lmdb,pinned,1172,15.224,0,0
lmdb,pinned,1173,14.902,0,0
lmdb,pinned,1174,14.531,0,0
lmdb,pinned,1175,15.227,0,0
lmdb,pinned,1176,21.931,0,0
lmdb,pinned,1177,22.767,0,0
lmdb,pinned,1178,19.094,0,0
lmdb,pinned,1179,19.175,0,0
lmdb,pinned,1180,19.471,21581271040,5268862
lmdb,pinned,1181,24.693,0,0
lmdb,pinned,1182,17.410,0,0
lmdb,pinned,1183,21.205,0,0
lmdb,pinned,1184,15.689,0,0
lmdb,pinned,1185,23.086,0,0
lmdb,pinned,1186,14.522,0,0
lmdb,pinned,1187,15.084,0,0
lmdb,pinned,1188,14.809,0,0
lmdb,pinned,1189,24.024,0,0
lmdb,pinned,1190,18.225,21707710464,5299731
lmdb,pinned,1191,16.769,0,0
lmdb,pinned,1192,18.153,0,0
lmdb,pinned,1193,15.630,0,0
lmdb,pinned,1194,22.604,0,0
lmdb,pinned,1195,19.637,0,0
lmdb,pinned,1196,24.642,0,0
lmdb,pinned,1197,18.337,0,0
lmdb,pinned,1198,17.984,0,0
lmdb,pinned,1199,21.679,0,0
lmdb,pinned,1200,20.938,21834498048,5330685
lmdb,pinned,1201,22.517,0,0
lmdb,pinned,1202,22.640,0,0
lmdb,pinned,1203,27.822,0,0
lmdb,pinned,1204,20.447,0,0
lmdb,pinned,1205,30.299,0,0
lmdb,pinned,1206,24.656,0,0
lmdb,pinned,1207,22.013,0,0
lmdb,pinned,1208,19.582,0,0
lmdb,pinned,1209,14.412,0,0
lmdb,pinned,1210,17.392,21961195520,5361617
lmdb,pinned,1211,17.384,0,0
lmdb,pinned,1212,25.405,0,0
lmdb,pinned,1213,36.290,0,0
lmdb,pinned,1214,15.016,0,0
lmdb,pinned,1215,18.766,0,0
lmdb,pinned,1216,17.898,0,0
lmdb,pinned,1217,15.240,0,0
lmdb,pinned,1218,23.627,0,0
lmdb,pinned,1219,32.354,0,0
lmdb,pinned,1220,16.275,22087880704,5392546
lmdb,pinned,1221,22.452,0,0
lmdb,pinned,1222,17.539,0,0
lmdb,pinned,1223,16.770,0,0
lmdb,pinned,1224,18.558,0,0
lmdb,pinned,1225,20.462,0,0
lmdb,pinned,1226,17.054,0,0
lmdb,pinned,1227,13.775,0,0
lmdb,pinned,1228,20.369,0,0
lmdb,pinned,1229,18.493,0,0
lmdb,pinned,1230,20.660,22214610944,5423486
lmdb,pinned,1231,29.225,0,0
lmdb,pinned,1232,17.826,0,0
lmdb,pinned,1233,14.206,0,0
lmdb,pinned,1234,23.611,0,0
lmdb,pinned,1235,23.434,0,0
lmdb,pinned,1236,14.487,0,0
lmdb,pinned,1237,29.859,0,0
lmdb,pinned,1238,21.018,0,0
lmdb,pinned,1239,20.277,0,0
lmdb,pinned,1240,16.793,22341177344,5454386
lmdb,pinned,1241,14.135,0,0
lmdb,pinned,1242,21.271,0,0
lmdb,pinned,1243,36.892,0,0
lmdb,pinned,1244,40.332,0,0
lmdb,pinned,1245,25.279,0,0
lmdb,pinned,1246,23.753,0,0
lmdb,pinned,1247,28.027,0,0
lmdb,pinned,1248,24.622,0,0
lmdb,pinned,1249,31.957,0,0
lmdb,pinned,1250,28.585,22467657728,5485265
lmdb,pinned,1251,20.566,0,0
lmdb,pinned,1252,16.032,0,0
lmdb,pinned,1253,16.356,0,0
lmdb,pinned,1254,20.747,0,0
lmdb,pinned,1255,20.045,0,0
lmdb,pinned,1256,15.025,0,0
lmdb,pinned,1257,18.810,0,0
lmdb,pinned,1258,17.325,0,0
lmdb,pinned,1259,16.516,0,0
lmdb,pinned,1260,18.623,22594502656,5516233
lmdb,pinned,1261,24.885,0,0
lmdb,pinned,1262,19.277,0,0
lmdb,pinned,1263,32.648,0,0
lmdb,pinned,1264,17.317,0,0
lmdb,pinned,1265,17.651,0,0
lmdb,pinned,1266,17.566,0,0
lmdb,pinned,1267,26.240,0,0
lmdb,pinned,1268,24.981,0,0
lmdb,pinned,1269,15.448,0,0
lmdb,pinned,1270,33.602,22721134592,5547149
lmdb,pinned,1271,35.150,0,0
lmdb,pinned,1272,19.574,0,0
lmdb,pinned,1273,21.305,0,0
lmdb,pinned,1274,21.592,0,0
lmdb,pinned,1275,24.653,0,0
lmdb,pinned,1276,42.961,0,0
lmdb,pinned,1277,44.821,0,0
lmdb,pinned,1278,38.462,0,0
lmdb,pinned,1279,16.155,0,0
lmdb,pinned,1280,25.079,22847770624,5578066
lmdb,pinned,1281,15.651,0,0
lmdb,pinned,1282,17.106,0,0
lmdb,pinned,1283,24.976,0,0
lmdb,pinned,1284,25.038,0,0
lmdb,pinned,1285,31.425,0,0
lmdb,pinned,1286,23.797,0,0
lmdb,pinned,1287,31.064,0,0
lmdb,pinned,1288,24.888,0,0
lmdb,pinned,1289,28.772,0,0
lmdb,pinned,1290,26.461,22974459904,5608996
lmdb,pinned,1291,24.477,0,0
lmdb,pinned,1292,21.617,0,0
lmdb,pinned,1293,30.658,0,0
lmdb,pinned,1294,27.569,0,0
lmdb,pinned,1295,24.263,0,0
lmdb,pinned,1296,31.570,0,0
lmdb,pinned,1297,37.614,0,0
lmdb,pinned,1298,25.054,0,0
lmdb,pinned,1299,18.765,0,0
lmdb,pinned,1300,23.691,23101161472,5639929
lmdb,pinned,1301,22.649,0,0
lmdb,pinned,1302,22.328,0,0
lmdb,pinned,1303,28.321,0,0
lmdb,pinned,1304,20.417,0,0
lmdb,pinned,1305,35.014,0,0
lmdb,pinned,1306,47.966,0,0
lmdb,pinned,1307,22.419,0,0
lmdb,pinned,1308,26.197,0,0
lmdb,pinned,1309,17.966,0,0
lmdb,pinned,1310,20.780,23227666432,5670814
lmdb,pinned,1311,28.716,0,0
lmdb,pinned,1312,26.464,0,0
lmdb,pinned,1313,18.811,0,0
lmdb,pinned,1314,15.967,0,0
lmdb,pinned,1315,16.085,0,0
lmdb,pinned,1316,17.692,0,0
lmdb,pinned,1317,26.196,0,0
lmdb,pinned,1318,23.236,0,0
lmdb,pinned,1319,25.555,0,0
lmdb,pinned,1320,22.102,23354511360,5701782
lmdb,pinned,1321,36.014,0,0
lmdb,pinned,1322,30.518,0,0
lmdb,pinned,1323,23.738,0,0
lmdb,pinned,1324,37.350,0,0
lmdb,pinned,1325,24.143,0,0
lmdb,pinned,1326,36.994,0,0
lmdb,pinned,1327,19.043,0,0
lmdb,pinned,1328,27.461,0,0
lmdb,pinned,1329,15.494,0,0
lmdb,pinned,1330,26.578,23480848384,5732626
lmdb,pinned,1331,15.102,0,0
lmdb,pinned,1332,17.359,0,0
lmdb,pinned,1333,23.904,0,0
lmdb,pinned,1334,21.829,0,0
lmdb,pinned,1335,16.122,0,0
lmdb,pinned,1336,17.816,0,0
lmdb,pinned,1337,23.319,0,0
lmdb,pinned,1338,19.069,0,0
lmdb,pinned,1339,17.965,0,0
lmdb,pinned,1340,23.439,23607947264,5763656
lmdb,pinned,1341,14.567,0,0
lmdb,pinned,1342,16.964,0,0
lmdb,pinned,1343,22.682,0,0
lmdb,pinned,1344,23.169,0,0
lmdb,pinned,1345,19.096,0,0
lmdb,pinned,1346,24.302,0,0
lmdb,pinned,1347,19.891,0,0
lmdb,pinned,1348,24.823,0,0
lmdb,pinned,1349,21.453,0,0
lmdb,pinned,1350,16.172,23734497280,5794552
lmdb,pinned,1351,14.691,0,0
lmdb,pinned,1352,29.783,0,0
lmdb,pinned,1353,22.262,0,0
lmdb,pinned,1354,23.780,0,0
lmdb,pinned,1355,16.485,0,0
lmdb,pinned,1356,17.762,0,0
lmdb,pinned,1357,19.482,0,0
lmdb,pinned,1358,21.476,0,0
lmdb,pinned,1359,19.539,0,0
lmdb,pinned,1360,21.686,23861157888,5825475
lmdb,pinned,1361,20.540,0,0
lmdb,pinned,1362,17.372,0,0
lmdb,pinned,1363,17.672,0,0
lmdb,pinned,1364,21.218,0,0
lmdb,pinned,1365,25.548,0,0
lmdb,pinned,1366,24.368,0,0
lmdb,pinned,1367,16.502,0,0
lmdb,pinned,1368,14.850,0,0
lmdb,pinned,1369,25.617,0,0
lmdb,pinned,1370,15.086,23987482624,5856316
lmdb,pinned,1371,30.055,0,0
lmdb,pinned,1372,21.241,0,0
lmdb,pinned,1373,18.724,0,0
lmdb,pinned,1374,19.077,0,0
lmdb,pinned,1375,14.098,0,0
lmdb,pinned,1376,18.294,0,0
lmdb,pinned,1377,17.581,0,0
lmdb,pinned,1378,17.432,0,0
lmdb,pinned,1379,16.379,0,0
lmdb,pinned,1380,22.635,24114483200,5887322
lmdb,pinned,1381,15.599,0,0
lmdb,pinned,1382,17.351,0,0
lmdb,pinned,1383,21.106,0,0
lmdb,pinned,1384,23.414,0,0
lmdb,pinned,1385,28.206,0,0
lmdb,pinned,1386,17.546,0,0
lmdb,pinned,1387,23.349,0,0
lmdb,pinned,1388,13.619,0,0
lmdb,pinned,1389,16.655,0,0
lmdb,pinned,1390,15.120,24241037312,5918219
lmdb,pinned,1391,17.791,0,0
lmdb,pinned,1392,19.188,0,0
lmdb,pinned,1393,25.699,0,0
lmdb,pinned,1394,14.708,0,0
lmdb,pinned,1395,15.975,0,0
lmdb,pinned,1396,16.543,0,0
lmdb,pinned,1397,13.955,0,0
lmdb,pinned,1398,43.498,0,0
lmdb,pinned,1399,24.840,0,0
lmdb,pinned,1400,26.407,24367288320,5949042
lmdb,pinned,1401,20.530,0,0
lmdb,pinned,1402,30.922,0,0
lmdb,pinned,1403,26.918,0,0
lmdb,pinned,1404,32.621,0,0
lmdb,pinned,1405,28.956,0,0
lmdb,pinned,1406,22.063,0,0
lmdb,pinned,1407,17.359,0,0
lmdb,pinned,1408,14.523,0,0
lmdb,pinned,1409,22.468,0,0
lmdb,pinned,1410,22.876,24494059520,5979992
lmdb,pinned,1411,22.309,0,0
lmdb,pinned,1412,22.778,0,0
lmdb,pinned,1413,17.395,0,0
lmdb,pinned,1414,30.904,0,0
lmdb,pinned,1415,22.696,0,0
lmdb,pinned,1416,33.875,0,0
lmdb,pinned,1417,17.310,0,0
lmdb,pinned,1418,27.279,0,0
lmdb,pinned,1419,15.669,0,0
lmdb,pinned,1420,18.174,24620666880,6010902
lmdb,pinned,1421,20.519,0,0
lmdb,pinned,1422,21.982,0,0
lmdb,pinned,1423,22.495,0,0
lmdb,pinned,1424,27.436,0,0
lmdb,pinned,1425,20.049,0,0
lmdb,pinned,1426,24.776,0,0
lmdb,pinned,1427,17.161,0,0
lmdb,pinned,1428,15.525,0,0
lmdb,pinned,1429,18.815,0,0
lmdb,pinned,1430,25.989,24747634688,6041900
lmdb,pinned,1431,18.944,0,0
lmdb,pinned,1432,16.741,0,0
lmdb,pinned,1433,18.292,0,0
lmdb,pinned,1434,30.535,0,0
lmdb,pinned,1435,17.089,0,0
lmdb,pinned,1436,14.861,0,0
lmdb,pinned,1437,23.693,0,0
lmdb,pinned,1438,17.762,0,0
lmdb,pinned,1439,30.409,0,0
lmdb,pinned,1440,23.185,24874328064,6072831
lmdb,pinned,1441,23.437,0,0
lmdb,pinned,1442,27.547,0,0
lmdb,pinned,1443,28.239,0,0
lmdb,pinned,1444,34.145,0,0
lmdb,pinned,1445,18.660,0,0
lmdb,pinned,1446,46.931,0,0
lmdb,pinned,1447,29.121,0,0
lmdb,pinned,1448,24.768,0,0
lmdb,pinned,1449,56.772,0,0
lmdb,pinned,1450,33.750,25001246720,6103817
lmdb,pinned,1451,21.547,0,0
lmdb,pinned,1452,20.725,0,0
lmdb,pinned,1453,17.998,0,0
lmdb,pinned,1454,14.815,0,0
lmdb,pinned,1455,23.057,0,0
lmdb,pinned,1456,18.953,0,0
lmdb,pinned,1457,15.655,0,0
lmdb,pinned,1458,21.538,0,0
lmdb,pinned,1459,17.222,0,0
lmdb,pinned,1460,19.026,25128062976,6134778
lmdb,pinned,1461,28.255,0,0
lmdb,pinned,1462,16.655,0,0
lmdb,pinned,1463,19.057,0,0
lmdb,pinned,1464,14.409,0,0
lmdb,pinned,1465,16.676,0,0
lmdb,pinned,1466,15.188,0,0
lmdb,pinned,1467,19.937,0,0
lmdb,pinned,1468,17.062,0,0
lmdb,pinned,1469,17.398,0,0
lmdb,pinned,1470,22.433,25254703104,6165696
lmdb,pinned,1471,21.484,0,0
lmdb,pinned,1472,16.497,0,0
lmdb,pinned,1473,25.739,0,0
lmdb,pinned,1474,25.788,0,0
lmdb,pinned,1475,24.419,0,0
lmdb,pinned,1476,23.833,0,0
lmdb,pinned,1477,33.613,0,0
lmdb,pinned,1478,22.685,0,0
lmdb,pinned,1479,27.471,0,0
lmdb,pinned,1480,24.814,25381650432,6196689
lmdb,pinned,1481,22.058,0,0
lmdb,pinned,1482,18.022,0,0
lmdb,pinned,1483,24.084,0,0
lmdb,pinned,1484,20.737,0,0
lmdb,pinned,1485,26.447,0,0
lmdb,pinned,1486,43.029,0,0
lmdb,pinned,1487,29.410,0,0
lmdb,pinned,1488,28.024,0,0
lmdb,pinned,1489,21.795,0,0
lmdb,pinned,1490,26.797,25508720640,6227712
lmdb,pinned,1491,36.268,0,0
lmdb,pinned,1492,23.866,0,0
lmdb,pinned,1493,23.918,0,0
lmdb,pinned,1494,15.944,0,0
lmdb,pinned,1495,17.770,0,0
lmdb,pinned,1496,24.698,0,0
lmdb,pinned,1497,21.951,0,0
lmdb,pinned,1498,26.805,0,0
lmdb,pinned,1499,22.355,0,0
lmdb,pinned,1500,19.362,25635913728,6258765
lmdb,pinned,1501,18.009,0,0
lmdb,pinned,1502,18.551,0,0
lmdb,pinned,1503,22.131,0,0
lmdb,pinned,1504,16.419,0,0
lmdb,pinned,1505,16.131,0,0
lmdb,pinned,1506,18.392,0,0
lmdb,pinned,1507,16.376,0,0
lmdb,pinned,1508,18.516,0,0
lmdb,pinned,1509,29.448,0,0
lmdb,pinned,1510,38.383,25762590720,6289692
lmdb,pinned,1511,24.912,0,0
lmdb,pinned,1512,17.562,0,0
lmdb,pinned,1513,23.768,0,0
lmdb,pinned,1514,21.832,0,0
lmdb,pinned,1515,20.336,0,0
lmdb,pinned,1516,19.025,0,0
lmdb,pinned,1517,20.405,0,0
lmdb,pinned,1518,18.596,0,0
lmdb,pinned,1519,26.650,0,0
lmdb,pinned,1520,15.422,25889243136,6320613
lmdb,pinned,1521,14.543,0,0
lmdb,pinned,1522,23.852,0,0
lmdb,pinned,1523,19.064,0,0
lmdb,pinned,1524,17.694,0,0
lmdb,pinned,1525,15.028,0,0
lmdb,pinned,1526,20.771,0,0
lmdb,pinned,1527,28.702,0,0
lmdb,pinned,1528,16.080,0,0
lmdb,pinned,1529,20.285,0,0
lmdb,pinned,1530,15.457,26015711232,6351489
lmdb,pinned,1531,18.363,0,0
lmdb,pinned,1532,14.760,0,0
lmdb,pinned,1533,28.868,0,0
lmdb,pinned,1534,20.534,0,0
lmdb,pinned,1535,24.817,0,0
lmdb,pinned,1536,21.387,0,0
lmdb,pinned,1537,21.703,0,0
lmdb,pinned,1538,19.131,0,0
lmdb,pinned,1539,30.368,0,0
lmdb,pinned,1540,14.002,26142691328,6382490
lmdb,pinned,1541,14.933,0,0
lmdb,pinned,1542,19.481,0,0
lmdb,pinned,1543,14.792,0,0
lmdb,pinned,1544,25.200,0,0
lmdb,pinned,1545,29.541,0,0
lmdb,pinned,1546,22.103,0,0
lmdb,pinned,1547,21.579,0,0
lmdb,pinned,1548,21.331,0,0
lmdb,pinned,1549,21.183,0,0
lmdb,pinned,1550,15.879,26269446144,6413436
lmdb,pinned,1551,15.554,0,0
lmdb,pinned,1552,40.734,0,0
lmdb,pinned,1553,23.488,0,0
lmdb,pinned,1554,30.018,0,0
lmdb,pinned,1555,33.135,0,0
lmdb,pinned,1556,27.689,0,0
lmdb,pinned,1557,24.185,0,0
lmdb,pinned,1558,29.413,0,0
lmdb,pinned,1559,49.181,0,0
lmdb,pinned,1560,18.247,26396262400,6444397
lmdb,pinned,1561,19.993,0,0
lmdb,pinned,1562,24.827,0,0
lmdb,pinned,1563,59.512,0,0
lmdb,pinned,1564,53.053,0,0
lmdb,pinned,1565,33.897,0,0
lmdb,pinned,1566,27.211,0,0
lmdb,pinned,1567,23.850,0,0
lmdb,pinned,1568,16.366,0,0
lmdb,pinned,1569,23.032,0,0
lmdb,pinned,1570,19.068,26522943488,6475325
lmdb,pinned,1571,21.991,0,0
lmdb,pinned,1572,15.772,0,0
lmdb,pinned,1573,17.071,0,0
lmdb,pinned,1574,14.951,0,0
lmdb,pinned,1575,19.348,0,0
lmdb,pinned,1576,22.355,0,0
lmdb,pinned,1577,15.470,0,0
lmdb,pinned,1578,24.102,0,0
lmdb,pinned,1579,18.015,0,0
lmdb,pinned,1580,26.911,26649837568,6506305
lmdb,pinned,1581,19.960,0,0
lmdb,pinned,1582,24.968,0,0
lmdb,pinned,1583,17.883,0,0
lmdb,pinned,1584,15.553,0,0
lmdb,pinned,1585,14.479,0,0
lmdb,pinned,1586,14.763,0,0
lmdb,pinned,1587,23.229,0,0
lmdb,pinned,1588,17.410,0,0
lmdb,pinned,1589,24.934,0,0
lmdb,pinned,1590,21.027,26776465408,6537220
lmdb,pinned,1591,15.635,0,0
lmdb,pinned,1592,29.907,0,0
lmdb,pinned,1593,34.353,0,0
lmdb,pinned,1594,29.080,0,0
lmdb,pinned,1595,29.279,0,0
lmdb,pinned,1596,27.037,0,0
lmdb,pinned,1597,22.884,0,0
lmdb,pinned,1598,30.771,0,0
lmdb,pinned,1599,29.304,0,0
lmdb,pinned,1600,21.349,26903203840,6568162
lmdb,pinned,1601,30.162,0,0
lmdb,pinned,1602,25.359,0,0
lmdb,pinned,1603,25.950,0,0
lmdb,pinned,1604,20.046,0,0
lmdb,pinned,1605,19.127,0,0
lmdb,pinned,1606,18.799,0,0
lmdb,pinned,1607,23.644,0,0
lmdb,pinned,1608,26.498,0,0
lmdb,pinned,1609,20.481,0,0
lmdb,pinned,1610,23.724,27029925888,6599100
lmdb,pinned,1611,14.056,0,0
lmdb,pinned,1612,18.731,0,0
lmdb,pinned,1613,17.964,0,0
lmdb,pinned,1614,23.581,0,0
lmdb,pinned,1615,15.975,0,0
lmdb,pinned,1616,18.725,0,0
lmdb,pinned,1617,24.163,0,0
lmdb,pinned,1618,17.425,0,0
lmdb,pinned,1619,28.485,0,0
lmdb,pinned,1620,18.021,27156692992,6630049
lmdb,pinned,1621,15.881,0,0
lmdb,pinned,1622,15.748,0,0
lmdb,pinned,1623,14.999,0,0
lmdb,pinned,1624,16.890,0,0
lmdb,pinned,1625,17.058,0,0
lmdb,pinned,1626,20.336,0,0
lmdb,pinned,1627,20.353,0,0
lmdb,pinned,1628,20.295,0,0
lmdb,pinned,1629,22.644,0,0
lmdb,pinned,1630,14.012,27283521536,6661013
lmdb,pinned,1631,24.231,0,0
lmdb,pinned,1632,17.284,0,0
lmdb,pinned,1633,13.794,0,0
lmdb,pinned,1634,15.071,0,0
lmdb,pinned,1635,31.622,0,0
lmdb,pinned,1636,23.842,0,0
lmdb,pinned,1637,31.449,0,0
lmdb,pinned,1638,21.448,0,0
lmdb,pinned,1639,22.759,0,0
lmdb,pinned,1640,24.782,27410190336,6691938
lmdb,pinned,1641,15.739,0,0
lmdb,pinned,1642,20.382,0,0
lmdb,pinned,1643,21.478,0,0
lmdb,pinned,1644,16.821,0,0
lmdb,pinned,1645,13.767,0,0
lmdb,pinned,1646,20.737,0,0
lmdb,pinned,1647,19.289,0,0
lmdb,pinned,1648,15.357,0,0
lmdb,pinned,1649,15.226,0,0
lmdb,pinned,1650,16.892,27536703488,6722825
lmdb,pinned,1651,26.644,0,0
lmdb,pinned,1652,30.389,0,0
lmdb,pinned,1653,20.517,0,0
lmdb,pinned,1654,32.243,0,0
lmdb,pinned,1655,17.220,0,0
lmdb,pinned,1656,15.521,0,0
lmdb,pinned,1657,17.883,0,0
lmdb,pinned,1658,21.255,0,0
lmdb,pinned,1659,22.364,0,0
lmdb,pinned,1660,19.154,27663732736,6753838
lmdb,pinned,1661,25.612,0,0
lmdb,pinned,1662,16.673,0,0
lmdb,pinned,1663,20.027,0,0
lmdb,pinned,1664,16.465,0,0
lmdb,pinned,1665,21.681,0,0
lmdb,pinned,1666,15.543,0,0
lmdb,pinned,1667,13.690,0,0
lmdb,pinned,1668,18.442,0,0
lmdb,pinned,1669,18.327,0,0
lmdb,pinned,1670,15.744,27790258176,6784728
lmdb,pinned,1671,19.521,0,0
lmdb,pinned,1672,16.846,0,0
lmdb,pinned,1673,17.408,0,0
lmdb,pinned,1674,17.194,0,0
lmdb,pinned,1675,17.726,0,0
lmdb,pinned,1676,14.987,0,0
lmdb,pinned,1677,15.923,0,0
lmdb,pinned,1678,23.221,0,0
lmdb,pinned,1679,15.057,0,0
lmdb,pinned,1680,24.606,27917185024,6815716
lmdb,pinned,1681,15.109,0,0
lmdb,pinned,1682,15.824,0,0
lmdb,pinned,1683,24.434,0,0
lmdb,pinned,1684,20.239,0,0
lmdb,pinned,1685,21.122,0,0
lmdb,pinned,1686,27.067,0,0
lmdb,pinned,1687,22.065,0,0
lmdb,pinned,1688,23.394,0,0
lmdb,pinned,1689,26.983,0,0
lmdb,pinned,1690,22.829,28043739136,6846613
lmdb,pinned,1691,20.902,0,0
lmdb,pinned,1692,23.737,0,0
lmdb,pinned,1693,24.451,0,0
lmdb,pinned,1694,32.848,0,0
lmdb,pinned,1695,36.490,0,0
lmdb,pinned,1696,29.818,0,0
lmdb,pinned,1697,24.766,0,0
lmdb,pinned,1698,34.840,0,0
lmdb,pinned,1699,32.127,0,0
lmdb,pinned,1700,15.879,28170604544,6877586
lmdb,pinned,1701,17.721,0,0
lmdb,pinned,1702,17.696,0,0
lmdb,pinned,1703,23.422,0,0
lmdb,pinned,1704,15.616,0,0
lmdb,pinned,1705,25.005,0,0
lmdb,pinned,1706,18.452,0,0
lmdb,pinned,1707,31.997,0,0
lmdb,pinned,1708,29.755,0,0
lmdb,pinned,1709,47.437,0,0
lmdb,pinned,1710,33.729,28297437184,6908551
lmdb,pinned,1711,58.816,0,0
lmdb,pinned,1712,35.835,0,0
lmdb,pinned,1713,23.034,0,0
lmdb,pinned,1714,18.513,0,0
lmdb,pinned,1715,20.796,0,0
lmdb,pinned,1716,19.575,0,0
lmdb,pinned,1717,22.481,0,0
lmdb,pinned,1718,21.746,0,0
lmdb,pinned,1719,15.229,0,0
lmdb,pinned,1720,14.855,28424040448,6939460
lmdb,pinned,1721,23.926,0,0
lmdb,pinned,1722,35.261,0,0
lmdb,pinned,1723,32.739,0,0
lmdb,pinned,1724,27.387,0,0
lmdb,pinned,1725,32.486,0,0
lmdb,pinned,1726,15.296,0,0
lmdb,pinned,1727,14.186,0,0
lmdb,pinned,1728,15.783,0,0
lmdb,pinned,1729,21.395,0,0
lmdb,pinned,1730,13.286,28550963200,6970447
lmdb,pinned,1731,14.197,0,0
lmdb,pinned,1732,16.955,0,0
lmdb,pinned,1733,26.573,0,0
lmdb,pinned,1734,15.449,0,0
lmdb,pinned,1735,20.955,0,0
lmdb,pinned,1736,25.242,0,0
lmdb,pinned,1737,16.462,0,0
lmdb,pinned,1738,13.832,0,0
lmdb,pinned,1739,25.612,0,0
lmdb,pinned,1740,20.204,28677742592,7001399
lmdb,pinned,1741,15.535,0,0
lmdb,pinned,1742,15.047,0,0
lmdb,pinned,1743,17.437,0,0
lmdb,pinned,1744,17.026,0,0
lmdb,pinned,1745,14.961,0,0
lmdb,pinned,1746,14.078,0,0
lmdb,pinned,1747,14.234,0,0
lmdb,pinned,1748,21.304,0,0
lmdb,pinned,1749,36.737,0,0
lmdb,pinned,1750,26.622,28804423680,7032327
lmdb,pinned,1751,34.945,0,0
lmdb,pinned,1752,22.044,0,0
lmdb,pinned,1753,32.774,0,0
lmdb,pinned,1754,18.538,0,0
lmdb,pinned,1755,22.656,0,0
lmdb,pinned,1756,19.224,0,0
lmdb,pinned,1757,17.474,0,0
lmdb,pinned,1758,18.760,0,0
lmdb,pinned,1759,14.787,0,0
lmdb,pinned,1760,17.569,28931227648,7063285
lmdb,pinned,1761,17.125,0,0
lmdb,pinned,1762,16.113,0,0
lmdb,pinned,1763,19.456,0,0
lmdb,pinned,1764,17.190,0,0
lmdb,pinned,1765,20.853,0,0
lmdb,pinned,1766,14.919,0,0
lmdb,pinned,1767,15.766,0,0
lmdb,pinned,1768,14.977,0,0
lmdb,pinned,1769,26.717,0,0
lmdb,pinned,1770,24.123,29058158592,7094274
lmdb,pinned,1771,16.985,0,0
lmdb,pinned,1772,14.878,0,0
lmdb,pinned,1773,18.316,0,0
lmdb,pinned,1774,27.584,0,0
lmdb,pinned,1775,19.743,0,0
lmdb,pinned,1776,17.353,0,0
lmdb,pinned,1777,21.487,0,0
lmdb,pinned,1778,26.382,0,0
lmdb,pinned,1779,14.536,0,0
lmdb,pinned,1780,15.448,29185032192,7125249
lmdb,pinned,1781,23.977,0,0
lmdb,pinned,1782,23.947,0,0
lmdb,pinned,1783,28.386,0,0
lmdb,pinned,1784,14.488,0,0
lmdb,pinned,1785,15.886,0,0
lmdb,pinned,1786,24.930,0,0
lmdb,pinned,1787,21.572,0,0
lmdb,pinned,1788,15.419,0,0
lmdb,pinned,1789,17.516,0,0
lmdb,pinned,1790,26.722,29311684608,7156170
lmdb,pinned,1791,23.976,0,0
lmdb,pinned,1792,18.465,0,0
lmdb,pinned,1793,18.837,0,0
lmdb,pinned,1794,21.883,0,0
lmdb,pinned,1795,23.576,0,0
lmdb,pinned,1796,36.633,0,0
lmdb,pinned,1797,28.584,0,0
lmdb,pinned,1798,24.367,0,0
lmdb,pinned,1799,19.446,0,0
lmdb,pinned,1800,14.674,29438586880,7187152
lmdb,pinned,1801,14.539,0,0
lmdb,pinned,1802,36.573,0,0
lmdb,pinned,1803,15.202,0,0
lmdb,pinned,1804,19.923,0,0
lmdb,pinned,1805,23.254,0,0
lmdb,pinned,1806,17.950,0,0
lmdb,pinned,1807,16.450,0,0
lmdb,pinned,1808,22.783,0,0
lmdb,pinned,1809,35.908,0,0
lmdb,pinned,1810,27.594,29565173760,7218057
lmdb,pinned,1811,24.183,0,0
lmdb,pinned,1812,21.426,0,0
lmdb,pinned,1813,34.585,0,0
lmdb,pinned,1814,31.383,0,0
lmdb,pinned,1815,27.075,0,0
lmdb,pinned,1816,26.271,0,0
lmdb,pinned,1817,22.302,0,0
lmdb,pinned,1818,25.278,0,0
lmdb,pinned,1819,28.953,0,0
lmdb,pinned,1820,22.703,29692071936,7249038
lmdb,pinned,1821,17.539,0,0
lmdb,pinned,1822,19.361,0,0
lmdb,pinned,1823,15.294,0,0
lmdb,pinned,1824,26.306,0,0
lmdb,pinned,1825,37.916,0,0
lmdb,pinned,1826,22.028,0,0
lmdb,pinned,1827,20.452,0,0
lmdb,pinned,1828,17.473,0,0
lmdb,pinned,1829,22.253,0,0
lmdb,pinned,1830,42.173,29818970112,7280019
lmdb,pinned,1831,18.503,0,0
lmdb,pinned,1832,14.566,0,0
lmdb,pinned,1833,14.897,0,0
lmdb,pinned,1834,17.378,0,0
lmdb,pinned,1835,17.529,0,0
lmdb,pinned,1836,24.483,0,0
lmdb,pinned,1837,17.303,0,0
lmdb,pinned,1838,16.181,0,0
lmdb,pinned,1839,16.078,0,0
lmdb,pinned,1840,15.791,29945950208,7311020
lmdb,pinned,1841,21.314,0,0
lmdb,pinned,1842,26.681,0,0
lmdb,pinned,1843,24.872,0,0
lmdb,pinned,1844,22.290,0,0
lmdb,pinned,1845,28.620,0,0
lmdb,pinned,1846,24.959,0,0
lmdb,pinned,1847,56.401,0,0
lmdb,pinned,1848,24.975,0,0
lmdb,pinned,1849,24.717,0,0
lmdb,pinned,1850,16.537,30072446976,7341903
lmdb,pinned,1851,33.296,0,0
lmdb,pinned,1852,16.697,0,0
lmdb,pinned,1853,19.457,0,0
lmdb,pinned,1854,46.797,0,0
lmdb,pinned,1855,21.063,0,0
lmdb,pinned,1856,15.551,0,0
lmdb,pinned,1857,17.633,0,0
lmdb,pinned,1858,20.315,0,0
lmdb,pinned,1859,41.573,0,0
lmdb,pinned,1860,19.298,30199246848,7372860
lmdb,pinned,1861,24.973,0,0
lmdb,pinned,1862,17.534,0,0
lmdb,pinned,1863,26.417,0,0
lmdb,pinned,1864,31.083,0,0
lmdb,pinned,1865,20.257,0,0
lmdb,pinned,1866,18.209,0,0
lmdb,pinned,1867,22.086,0,0
lmdb,pinned,1868,15.369,0,0
lmdb,pinned,1869,22.107,0,0
lmdb,pinned,1870,17.838,30325514240,7403687
lmdb,pinned,1871,22.544,0,0
lmdb,pinned,1872,16.779,0,0
lmdb,pinned,1873,23.361,0,0
lmdb,pinned,1874,23.921,0,0
lmdb,pinned,1875,15.474,0,0
lmdb,pinned,1876,17.136,0,0
lmdb,pinned,1877,18.067,0,0
lmdb,pinned,1878,28.121,0,0
lmdb,pinned,1879,19.051,0,0
lmdb,pinned,1880,15.391,30452305920,7434642
lmdb,pinned,1881,24.905,0,0
lmdb,pinned,1882,24.658,0,0
lmdb,pinned,1883,20.589,0,0
lmdb,pinned,1884,34.323,0,0
lmdb,pinned,1885,21.194,0,0
lmdb,pinned,1886,23.981,0,0
lmdb,pinned,1887,16.145,0,0
lmdb,pinned,1888,18.561,0,0
lmdb,pinned,1889,16.277,0,0
lmdb,pinned,1890,27.049,30578765824,7465516
lmdb,pinned,1891,15.166,0,0
lmdb,pinned,1892,15.738,0,0
lmdb,pinned,1893,25.633,0,0
lmdb,pinned,1894,21.357,0,0
lmdb,pinned,1895,16.150,0,0
lmdb,pinned,1896,18.240,0,0
lmdb,pinned,1897,52.342,0,0
lmdb,pinned,1898,43.281,0,0
lmdb,pinned,1899,28.776,0,0
lmdb,pinned,1900,32.127,30705971200,7496572
lmdb,pinned,1901,29.398,0,0
lmdb,pinned,1902,29.886,0,0
lmdb,pinned,1903,29.720,0,0
lmdb,pinned,1904,19.417,0,0
lmdb,pinned,1905,23.533,0,0
lmdb,pinned,1906,17.520,0,0
lmdb,pinned,1907,18.931,0,0
lmdb,pinned,1908,17.619,0,0
lmdb,pinned,1909,25.208,0,0
lmdb,pinned,1910,18.426,30832504832,7527464
lmdb,pinned,1911,23.467,0,0
lmdb,pinned,1912,18.981,0,0
lmdb,pinned,1913,17.311,0,0
lmdb,pinned,1914,23.476,0,0
lmdb,pinned,1915,17.707,0,0
lmdb,pinned,1916,19.504,0,0
lmdb,pinned,1917,20.343,0,0
lmdb,pinned,1918,18.940,0,0
lmdb,pinned,1919,15.450,0,0
lmdb,pinned,1920,18.980,30959427584,7558451
lmdb,pinned,1921,18.644,0,0
lmdb,pinned,1922,14.962,0,0
lmdb,pinned,1923,16.112,0,0
lmdb,pinned,1924,19.004,0,0
lmdb,pinned,1925,24.364,0,0
lmdb,pinned,1926,22.828,0,0
lmdb,pinned,1927,19.123,0,0
lmdb,pinned,1928,15.132,0,0
lmdb,pinned,1929,17.015,0,0
lmdb,pinned,1930,21.133,31085801472,7589304
lmdb,pinned,1931,15.800,0,0
lmdb,pinned,1932,14.969,0,0
lmdb,pinned,1933,16.517,0,0
lmdb,pinned,1934,18.180,0,0
lmdb,pinned,1935,21.221,0,0
lmdb,pinned,1936,20.458,0,0
lmdb,pinned,1937,21.637,0,0
lmdb,pinned,1938,28.920,0,0
lmdb,pinned,1939,32.095,0,0
lmdb,pinned,1940,37.668,31212765184,7620301
lmdb,pinned,1941,41.285,0,0
lmdb,pinned,1942,25.516,0,0
lmdb,pinned,1943,27.085,0,0
lmdb,pinned,1944,25.536,0,0
lmdb,pinned,1945,33.932,0,0
lmdb,pinned,1946,34.420,0,0
lmdb,pinned,1947,29.717,0,0
lmdb,pinned,1948,32.218,0,0
lmdb,pinned,1949,28.009,0,0
lmdb,pinned,1950,36.410,31339442176,7651228
lmdb,pinned,1951,23.734,0,0
lmdb,pinned,1952,22.951,0,0
lmdb,pinned,1953,30.143,0,0
lmdb,pinned,1954,24.951,0,0
lmdb,pinned,1955,21.044,0,0
lmdb,pinned,1956,15.846,0,0
lmdb,pinned,1957,16.760,0,0
lmdb,pinned,1958,16.956,0,0
lmdb,pinned,1959,20.174,0,0
lmdb,pinned,1960,18.794,31466360832,7682214
lmdb,pinned,1961,15.218,0,0
lmdb,pinned,1962,14.624,0,0
lmdb,pinned,1963,22.237,0,0
lmdb,pinned,1964,23.710,0,0
lmdb,pinned,1965,28.522,0,0
lmdb,pinned,1966,16.078,0,0
lmdb,pinned,1967,14.714,0,0
lmdb,pinned,1968,24.644,0,0
lmdb,pinned,1969,20.385,0,0
lmdb,pinned,1970,17.926,31593000960,7713132
lmdb,pinned,1971,26.170,0,0
lmdb,pinned,1972,14.447,0,0
lmdb,pinned,1973,16.528,0,0
lmdb,pinned,1974,17.145,0,0
lmdb,pinned,1975,19.374,0,0
lmdb,pinned,1976,16.183,0,0
lmdb,pinned,1977,18.779,0,0
lmdb,pinned,1978,22.125,0,0
lmdb,pinned,1979,17.668,0,0
lmdb,pinned,1980,16.286,31719788544,7744086
lmdb,pinned,1981,20.084,0,0
lmdb,pinned,1982,18.803,0,0
lmdb,pinned,1983,16.064,0,0
lmdb,pinned,1984,18.271,0,0
lmdb,pinned,1985,15.316,0,0
lmdb,pinned,1986,16.871,0,0
lmdb,pinned,1987,16.577,0,0
lmdb,pinned,1988,19.215,0,0
lmdb,pinned,1989,17.563,0,0
lmdb,pinned,1990,18.635,31846522880,7775027
lmdb,pinned,1991,19.664,0,0
lmdb,pinned,1992,16.375,0,0
lmdb,pinned,1993,48.616,0,0
lmdb,pinned,1994,31.638,0,0
lmdb,pinned,1995,15.761,0,0
lmdb,pinned,1996,15.612,0,0
lmdb,pinned,1997,32.183,0,0
lmdb,pinned,1998,27.408,0,0
lmdb,pinned,1999,24.076,0,0
lmdb,pinned,2000,29.473,31973199872,7805954
lmdb,pinned,2001,62.078,0,0
lmdb,pinned,2002,24.591,0,0
lmdb,pinned,2003,24.739,0,0
lmdb,pinned,2004,19.310,0,0
lmdb,pinned,2005,22.817,0,0
lmdb,pinned,2006,18.915,0,0
lmdb,pinned,2007,15.780,0,0
lmdb,pinned,2008,23.284,0,0
lmdb,pinned,2009,19.951,0,0
lmdb,pinned,2010,29.283,32099758080,7836852
lmdb,pinned,2011,37.073,0,0
lmdb,pinned,2012,26.221,0,0
lmdb,pinned,2013,34.727,0,0
lmdb,pinned,2014,33.078,0,0
lmdb,pinned,2015,28.473,0,0
lmdb,pinned,2016,28.631,0,0
lmdb,pinned,2017,28.855,0,0
lmdb,pinned,2018,36.141,0,0
lmdb,pinned,2019,29.251,0,0
lmdb,pinned,2020,22.024,32226729984,7867851
lmdb,pinned,2021,30.128,0,0
lmdb,pinned,2022,34.362,0,0
lmdb,pinned,2023,18.956,0,0
lmdb,pinned,2024,14.965,0,0
lmdb,pinned,2025,20.975,0,0
lmdb,pinned,2026,14.503,0,0
lmdb,pinned,2027,18.756,0,0
lmdb,pinned,2028,16.621,0,0
lmdb,pinned,2029,16.145,0,0
lmdb,pinned,2030,21.633,32353787904,7898871
lmdb,pinned,2031,23.642,0,0
lmdb,pinned,2032,29.854,0,0
lmdb,pinned,2033,17.051,0,0
lmdb,pinned,2034,25.507,0,0
lmdb,pinned,2035,21.459,0,0
lmdb,pinned,2036,13.859,0,0
lmdb,pinned,2037,20.230,0,0
lmdb,pinned,2038,20.229,0,0
lmdb,pinned,2039,16.734,0,0
lmdb,pinned,2040,15.977,32480632832,7929839
lmdb,pinned,2041,16.303,0,0
lmdb,pinned,2042,15.709,0,0
lmdb,pinned,2043,15.931,0,0
lmdb,pinned,2044,18.225,0,0
lmdb,pinned,2045,14.483,0,0
lmdb,pinned,2046,14.872,0,0
lmdb,pinned,2047,23.221,0,0
lmdb,pinned,2048,22.775,0,0
lmdb,pinned,2049,19.633,0,0
lmdb,pinned,2050,22.213,32607490048,7960810
lmdb,pinned,2051,19.539,0,0
lmdb,pinned,2052,19.655,0,0
lmdb,pinned,2053,22.946,0,0
lmdb,pinned,2054,23.141,0,0
lmdb,pinned,2055,25.871,0,0
lmdb,pinned,2056,19.250,0,0
lmdb,pinned,2057,29.213,0,0
lmdb,pinned,2058,27.509,0,0
lmdb,pinned,2059,27.436,0,0
lmdb,pinned,2060,34.047,32734162944,7991736
lmdb,pinned,2061,23.475,0,0
lmdb,pinned,2062,30.065,0,0
lmdb,pinned,2063,36.761,0,0
lmdb,pinned,2064,30.544,0,0
lmdb,pinned,2065,32.717,0,0
lmdb,pinned,2066,36.233,0,0
lmdb,pinned,2067,30.219,0,0
lmdb,pinned,2068,37.017,0,0
lmdb,pinned,2069,27.688,0,0
lmdb,pinned,2070,30.398,32861184000,8022747
lmdb,pinned,2071,28.447,0,0
lmdb,pinned,2072,26.680,0,0
lmdb,pinned,2073,32.314,0,0
lmdb,pinned,2074,21.596,0,0
lmdb,pinned,2075,22.612,0,0
lmdb,pinned,2076,18.103,0,0
lmdb,pinned,2077,25.323,0,0
lmdb,pinned,2078,22.967,0,0
lmdb,pinned,2079,17.657,0,0
lmdb,pinned,2080,15.134,32987766784,8053651
lmdb,pinned,2081,24.954,0,0
lmdb,pinned,2082,22.788,0,0
lmdb,pinned,2083,15.772,0,0
lmdb,pinned,2084,19.060,0,0
lmdb,pinned,2085,19.477,0,0
lmdb,pinned,2086,24.049,0,0
lmdb,pinned,2087,15.965,0,0
lmdb,pinned,2088,15.296,0,0
lmdb,pinned,2089,34.601,0,0
lmdb,pinned,2090,16.637,33114542080,8084602
lmdb,pinned,2091,23.421,0,0
lmdb,pinned,2092,18.253,0,0
lmdb,pinned,2093,22.499,0,0
lmdb,pinned,2094,15.112,0,0
lmdb,pinned,2095,19.847,0,0
lmdb,pinned,2096,14.892,0,0
lmdb,pinned,2097,16.955,0,0
lmdb,pinned,2098,15.098,0,0
lmdb,pinned,2099,20.427,0,0
lmdb,pinned,2100,21.300,33241235456,8115533
lmdb,pinned,2101,19.268,0,0
lmdb,pinned,2102,15.327,0,0
lmdb,pinned,2103,23.190,0,0
lmdb,pinned,2104,16.181,0,0
lmdb,pinned,2105,20.272,0,0
lmdb,pinned,2106,21.527,0,0
lmdb,pinned,2107,22.669,0,0
lmdb,pinned,2108,14.427,0,0
lmdb,pinned,2109,24.224,0,0
lmdb,pinned,2110,17.488,33368150016,8146518
lmdb,pinned,2111,15.408,0,0
lmdb,pinned,2112,19.491,0,0
lmdb,pinned,2113,17.836,0,0
lmdb,pinned,2114,24.423,0,0
lmdb,pinned,2115,24.357,0,0
lmdb,pinned,2116,26.851,0,0
lmdb,pinned,2117,20.195,0,0
lmdb,pinned,2118,26.196,0,0
lmdb,pinned,2119,28.055,0,0
lmdb,pinned,2120,20.930,33494802432,8177439
lmdb,pinned,2121,29.054,0,0
lmdb,pinned,2122,18.957,0,0
lmdb,pinned,2123,25.662,0,0
lmdb,pinned,2124,21.517,0,0
lmdb,pinned,2125,15.326,0,0
lmdb,pinned,2126,20.064,0,0
lmdb,pinned,2127,48.453,0,0
lmdb,pinned,2128,21.730,0,0
lmdb,pinned,2129,18.294,0,0
lmdb,pinned,2130,27.203,33621323776,8208328
lmdb,pinned,2131,23.102,0,0
lmdb,pinned,2132,17.592,0,0
lmdb,pinned,2133,18.989,0,0
lmdb,pinned,2134,37.977,0,0
lmdb,pinned,2135,54.862,0,0
lmdb,pinned,2136,18.515,0,0
lmdb,pinned,2137,33.593,0,0
lmdb,pinned,2138,14.134,0,0
lmdb,pinned,2139,15.757,0,0
lmdb,pinned,2140,22.984,33748332544,8239336
lmdb,pinned,2141,21.972,0,0
lmdb,pinned,2142,15.588,0,0
lmdb,pinned,2143,17.147,0,0
lmdb,pinned,2144,16.745,0,0
lmdb,pinned,2145,23.415,0,0
lmdb,pinned,2146,24.449,0,0
lmdb,pinned,2147,20.441,0,0
lmdb,pinned,2148,21.877,0,0
lmdb,pinned,2149,32.503,0,0
lmdb,pinned,2150,21.741,33875177472,8270304
lmdb,pinned,2151,14.937,0,0
lmdb,pinned,2152,30.792,0,0
lmdb,pinned,2153,15.718,0,0
lmdb,pinned,2154,15.297,0,0
lmdb,pinned,2155,19.540,0,0
lmdb,pinned,2156,16.451,0,0
lmdb,pinned,2157,21.459,0,0
lmdb,pinned,2158,31.035,0,0
lmdb,pinned,2159,21.032,0,0
lmdb,pinned,2160,21.471,34001903616,8301243
lmdb,pinned,2161,19.008,0,0
lmdb,pinned,2162,27.832,0,0
lmdb,pinned,2163,23.466,0,0
lmdb,pinned,2164,40.255,0,0
lmdb,pinned,2165,33.438,0,0
lmdb,pinned,2166,29.126,0,0
lmdb,pinned,2167,20.978,0,0
lmdb,pinned,2168,15.312,0,0
lmdb,pinned,2169,21.302,0,0
lmdb,pinned,2170,22.549,34128551936,8332163
lmdb,pinned,2171,22.508,0,0
lmdb,pinned,2172,33.339,0,0
lmdb,pinned,2173,16.057,0,0
lmdb,pinned,2174,18.262,0,0
lmdb,pinned,2175,22.123,0,0
lmdb,pinned,2176,18.866,0,0
lmdb,pinned,2177,20.210,0,0
lmdb,pinned,2178,21.598,0,0
lmdb,pinned,2179,17.265,0,0
lmdb,pinned,2180,18.898,34255216640,8363087
lmdb,pinned,2181,28.942,0,0
lmdb,pinned,2182,26.992,0,0
lmdb,pinned,2183,21.158,0,0
lmdb,pinned,2184,22.138,0,0
lmdb,pinned,2185,20.429,0,0
lmdb,pinned,2186,19.947,0,0
lmdb,pinned,2187,20.477,0,0
lmdb,pinned,2188,23.528,0,0
lmdb,pinned,2189,19.827,0,0
lmdb,pinned,2190,29.917,34381742080,8393977
lmdb,pinned,2191,20.860,0,0
lmdb,pinned,2192,19.144,0,0
lmdb,pinned,2193,24.237,0,0
lmdb,pinned,2194,14.882,0,0
lmdb,pinned,2195,21.718,0,0
lmdb,pinned,2196,28.916,0,0
lmdb,pinned,2197,29.148,0,0
lmdb,pinned,2198,29.795,0,0
lmdb,pinned,2199,47.203,0,0
lmdb,pinned,2200,24.650,34508410880,8424902
lmdb,pinned,2201,29.836,0,0
lmdb,pinned,2202,14.784,0,0
lmdb,pinned,2203,23.954,0,0
lmdb,pinned,2204,16.927,0,0
lmdb,pinned,2205,26.466,0,0
lmdb,pinned,2206,18.476,0,0
lmdb,pinned,2207,24.402,0,0
lmdb,pinned,2208,20.263,0,0
lmdb,pinned,2209,28.013,0,0
lmdb,pinned,2210,25.675,34635182080,8455852
lmdb,pinned,2211,32.044,0,0
lmdb,pinned,2212,32.525,0,0
lmdb,pinned,2213,20.794,0,0
lmdb,pinned,2214,23.590,0,0
lmdb,pinned,2215,20.598,0,0
lmdb,pinned,2216,19.761,0,0
lmdb,pinned,2217,23.147,0,0
lmdb,pinned,2218,20.640,0,0
lmdb,pinned,2219,24.278,0,0
lmdb,pinned,2220,22.118,34761674752,8486734
lmdb,pinned,2221,23.951,0,0
lmdb,pinned,2222,20.912,0,0
lmdb,pinned,2223,23.172,0,0
lmdb,pinned,2224,14.408,0,0
lmdb,pinned,2225,21.578,0,0
lmdb,pinned,2226,20.888,0,0
lmdb,pinned,2227,19.584,0,0
lmdb,pinned,2228,26.424,0,0
lmdb,pinned,2229,24.316,0,0
lmdb,pinned,2230,22.853,34888458240,8517687
lmdb,pinned,2231,24.814,0,0
lmdb,pinned,2232,16.005,0,0
lmdb,pinned,2233,16.033,0,0
lmdb,pinned,2234,38.874,0,0
lmdb,pinned,2235,32.625,0,0
lmdb,pinned,2236,23.517,0,0
lmdb,pinned,2237,34.186,0,0
lmdb,pinned,2238,26.596,0,0
lmdb,pinned,2239,38.190,0,0
lmdb,pinned,2240,24.435,35015081984,8548601
lmdb,pinned,2241,26.403,0,0
lmdb,pinned,2242,37.749,0,0
lmdb,pinned,2243,25.462,0,0
lmdb,pinned,2244,40.630,0,0
lmdb,pinned,2245,31.377,0,0
lmdb,pinned,2246,24.377,0,0
lmdb,pinned,2247,29.246,0,0
lmdb,pinned,2248,30.763,0,0
lmdb,pinned,2249,22.893,0,0
lmdb,pinned,2250,21.832,35141365760,8579432
lmdb,pinned,2251,21.367,0,0
lmdb,pinned,2252,31.520,0,0
lmdb,pinned,2253,13.358,0,0
lmdb,pinned,2254,15.620,0,0
lmdb,pinned,2255,16.408,0,0
lmdb,pinned,2256,14.722,0,0
lmdb,pinned,2257,17.100,0,0
lmdb,pinned,2258,31.109,0,0
lmdb,pinned,2259,28.134,0,0
lmdb,pinned,2260,15.597,35268354048,8610435
lmdb,pinned,2261,24.154,0,0
lmdb,pinned,2262,30.247,0,0
lmdb,pinned,2263,33.453,0,0
lmdb,pinned,2264,34.682,0,0
lmdb,pinned,2265,30.815,0,0
lmdb,pinned,2266,26.094,0,0
lmdb,pinned,2267,56.628,0,0
lmdb,pinned,2268,40.511,0,0
lmdb,pinned,2269,36.234,0,0
lmdb,pinned,2270,32.775,35395174400,8641397
lmdb,pinned,2271,40.640,0,0
lmdb,pinned,2272,36.567,0,0
lmdb,pinned,2273,34.594,0,0
lmdb,pinned,2274,27.797,0,0
lmdb,pinned,2275,17.010,0,0
lmdb,pinned,2276,15.365,0,0
lmdb,pinned,2277,15.505,0,0
lmdb,pinned,2278,24.796,0,0
lmdb,pinned,2279,15.111,0,0
lmdb,pinned,2280,14.983,35522027520,8672367
lmdb,pinned,2281,20.059,0,0
lmdb,pinned,2282,14.993,0,0
lmdb,pinned,2283,16.799,0,0
lmdb,pinned,2284,14.360,0,0
lmdb,pinned,2285,17.635,0,0
lmdb,pinned,2286,17.362,0,0
lmdb,pinned,2287,16.829,0,0
lmdb,pinned,2288,17.272,0,0
lmdb,pinned,2289,23.216,0,0
lmdb,pinned,2290,18.796,35648737280,8703302
lmdb,pinned,2291,16.897,0,0
lmdb,pinned,2292,23.696,0,0
lmdb,pinned,2293,15.201,0,0
lmdb,pinned,2294,27.198,0,0
lmdb,pinned,2295,30.507,0,0
lmdb,pinned,2296,25.756,0,0
lmdb,pinned,2297,34.770,0,0
lmdb,pinned,2298,30.860,0,0
lmdb,pinned,2299,38.622,0,0
lmdb,pinned,2300,27.140,35775262720,8734192
lmdb,pinned,2301,19.984,0,0
lmdb,pinned,2302,22.110,0,0
lmdb,pinned,2303,22.577,0,0
lmdb,pinned,2304,25.308,0,0
lmdb,pinned,2305,26.132,0,0
lmdb,pinned,2306,16.726,0,0
lmdb,pinned,2307,27.642,0,0
lmdb,pinned,2308,16.544,0,0
lmdb,pinned,2309,21.656,0,0
lmdb,pinned,2310,17.588,35901845504,8765096
lmdb,pinned,2311,16.589,0,0
lmdb,pinned,2312,17.397,0,0
lmdb,pinned,2313,23.847,0,0
lmdb,pinned,2314,17.297,0,0
lmdb,pinned,2315,16.176,0,0
lmdb,pinned,2316,14.115,0,0
lmdb,pinned,2317,14.916,0,0
lmdb,pinned,2318,13.933,0,0
lmdb,pinned,2319,24.342,0,0
lmdb,pinned,2320,26.823,36028555264,8796031
lmdb,pinned,2321,26.248,0,0
lmdb,pinned,2322,29.332,0,0
lmdb,pinned,2323,20.202,0,0
lmdb,pinned,2324,24.435,0,0
lmdb,pinned,2325,18.125,0,0
lmdb,pinned,2326,20.057,0,0
lmdb,pinned,2327,21.761,0,0
lmdb,pinned,2328,79.052,0,0
lmdb,pinned,2329,18.708,0,0
lmdb,pinned,2330,19.535,36155412480,8827002
lmdb,pinned,2331,19.364,0,0
lmdb,pinned,2332,28.275,0,0
lmdb,pinned,2333,18.751,0,0
lmdb,pinned,2334,17.815,0,0
lmdb,pinned,2335,17.748,0,0
lmdb,pinned,2336,18.576,0,0
lmdb,pinned,2337,21.012,0,0
lmdb,pinned,2338,23.653,0,0
lmdb,pinned,2339,19.507,0,0
lmdb,pinned,2340,35.149,36282355712,8857994
lmdb,pinned,2341,25.517,0,0
lmdb,pinned,2342,25.563,0,0
lmdb,pinned,2343,29.677,0,0
lmdb,pinned,2344,32.028,0,0
lmdb,pinned,2345,27.418,0,0
lmdb,pinned,2346,26.068,0,0
lmdb,pinned,2347,40.750,0,0
lmdb,pinned,2348,26.312,0,0
lmdb,pinned,2349,24.792,0,0
lmdb,pinned,2350,21.819,36409204736,8888963
lmdb,pinned,2351,26.090,0,0
lmdb,pinned,2352,23.288,0,0
lmdb,pinned,2353,26.590,0,0
lmdb,pinned,2354,23.248,0,0
lmdb,pinned,2355,30.073,0,0
lmdb,pinned,2356,34.626,0,0
lmdb,pinned,2357,35.017,0,0
lmdb,pinned,2358,29.162,0,0
lmdb,pinned,2359,22.740,0,0
lmdb,pinned,2360,20.989,36536164352,8919959
lmdb,pinned,2361,27.965,0,0
lmdb,pinned,2362,28.895,0,0
lmdb,pinned,2363,31.459,0,0
lmdb,pinned,2364,20.631,0,0
lmdb,pinned,2365,47.567,0,0
lmdb,pinned,2366,23.519,0,0
lmdb,pinned,2367,24.479,0,0
lmdb,pinned,2368,15.038,0,0
lmdb,pinned,2369,15.482,0,0
lmdb,pinned,2370,14.965,36662976512,8950919
lmdb,pinned,2371,18.869,0,0
lmdb,pinned,2372,17.397,0,0
lmdb,pinned,2373,20.098,0,0
lmdb,pinned,2374,24.168,0,0
lmdb,pinned,2375,13.601,0,0
lmdb,pinned,2376,19.131,0,0
lmdb,pinned,2377,16.632,0,0
lmdb,pinned,2378,27.272,0,0
lmdb,pinned,2379,38.926,0,0
lmdb,pinned,2380,31.859,36789477376,8981803
lmdb,pinned,2381,42.013,0,0
lmdb,pinned,2382,36.464,0,0
lmdb,pinned,2383,43.554,0,0
lmdb,pinned,2384,28.506,0,0
lmdb,pinned,2385,22.261,0,0
lmdb,pinned,2386,26.462,0,0
lmdb,pinned,2387,34.251,0,0
lmdb,pinned,2388,28.210,0,0
lmdb,pinned,2389,16.919,0,0
lmdb,pinned,2390,19.379,36916121600,9012722
lmdb,pinned,2391,16.613,0,0
lmdb,pinned,2392,23.540,0,0
lmdb,pinned,2393,32.192,0,0
lmdb,pinned,2394,22.480,0,0
lmdb,pinned,2395,23.116,0,0
lmdb,pinned,2396,14.745,0,0
lmdb,pinned,2397,16.405,0,0
lmdb,pinned,2398,28.118,0,0
lmdb,pinned,2399,30.057,0,0
lmdb,pinned,2400,37.865,37042745344,9043636
lmdb,pinned,2401,18.190,0,0
lmdb,pinned,2402,49.737,0,0
lmdb,pinned,2403,45.883,0,0
lmdb,pinned,2404,39.557,0,0
lmdb,pinned,2405,41.424,0,0
lmdb,pinned,2406,26.784,0,0
lmdb,pinned,2407,40.271,0,0
lmdb,pinned,2408,37.938,0,0
lmdb,pinned,2409,19.245,0,0
lmdb,pinned,2410,20.107,37169270784,9074526
lmdb,pinned,2411,23.941,0,0
lmdb,pinned,2412,24.649,0,0
lmdb,pinned,2413,25.793,0,0
lmdb,pinned,2414,36.493,0,0
lmdb,pinned,2415,28.113,0,0
lmdb,pinned,2416,34.439,0,0
lmdb,pinned,2417,30.430,0,0
lmdb,pinned,2418,31.861,0,0
lmdb,pinned,2419,32.783,0,0
lmdb,pinned,2420,28.552,37295669248,9105385
lmdb,pinned,2421,20.647,0,0
lmdb,pinned,2422,29.865,0,0
lmdb,pinned,2423,24.668,0,0
lmdb,pinned,2424,23.929,0,0
lmdb,pinned,2425,20.175,0,0
lmdb,pinned,2426,23.118,0,0
lmdb,pinned,2427,40.996,0,0
lmdb,pinned,2428,35.148,0,0
lmdb,pinned,2429,24.294,0,0
lmdb,pinned,2430,28.037,37422465024,9136341
lmdb,pinned,2431,25.082,0,0
lmdb,pinned,2432,28.564,0,0
lmdb,pinned,2433,34.736,0,0
lmdb,pinned,2434,33.866,0,0
lmdb,pinned,2435,26.479,0,0
lmdb,pinned,2436,24.559,0,0
lmdb,pinned,2437,27.570,0,0
lmdb,pinned,2438,27.232,0,0
lmdb,pinned,2439,28.131,0,0
lmdb,pinned,2440,28.389,37548982272,9167229
lmdb,pinned,2441,33.627,0,0
lmdb,pinned,2442,35.246,0,0
lmdb,pinned,2443,38.290,0,0
lmdb,pinned,2444,31.351,0,0
lmdb,pinned,2445,36.987,0,0
lmdb,pinned,2446,22.160,0,0
lmdb,pinned,2447,23.946,0,0
lmdb,pinned,2448,21.578,0,0
lmdb,pinned,2449,32.231,0,0
lmdb,pinned,2450,24.080,37675356160,9198082
lmdb,pinned,2451,21.351,0,0
lmdb,pinned,2452,21.325,0,0
lmdb,pinned,2453,24.727,0,0
lmdb,pinned,2454,21.107,0,0
lmdb,pinned,2455,23.749,0,0
lmdb,pinned,2456,15.992,0,0
lmdb,pinned,2457,28.830,0,0
lmdb,pinned,2458,17.296,0,0
lmdb,pinned,2459,23.955,0,0
lmdb,pinned,2460,36.387,37802221568,9229055
lmdb,pinned,2461,16.195,0,0
lmdb,pinned,2462,24.902,0,0
lmdb,pinned,2463,21.965,0,0
lmdb,pinned,2464,24.722,0,0
lmdb,pinned,2465,21.236,0,0
lmdb,pinned,2466,23.996,0,0
lmdb,pinned,2467,31.524,0,0
lmdb,pinned,2468,27.445,0,0
lmdb,pinned,2469,24.950,0,0
lmdb,pinned,2470,35.267,37928857600,9259972
lmdb,pinned,2471,23.856,0,0
lmdb,pinned,2472,35.694,0,0
lmdb,pinned,2473,27.783,0,0
lmdb,pinned,2474,38.019,0,0
lmdb,pinned,2475,33.019,0,0
lmdb,pinned,2476,26.584,0,0
lmdb,pinned,2477,34.262,0,0
lmdb,pinned,2478,29.858,0,0
lmdb,pinned,2479,31.643,0,0
lmdb,pinned,2480,31.904,38055731200,9290947
lmdb,pinned,2481,27.675,0,0
lmdb,pinned,2482,33.612,0,0
lmdb,pinned,2483,31.767,0,0
lmdb,pinned,2484,25.703,0,0
lmdb,pinned,2485,13.978,0,0
lmdb,pinned,2486,20.550,0,0
lmdb,pinned,2487,26.966,0,0
lmdb,pinned,2488,14.483,0,0
lmdb,pinned,2489,15.794,0,0
lmdb,pinned,2490,18.562,38182580224,9321916
lmdb,pinned,2491,21.499,0,0
lmdb,pinned,2492,15.010,0,0
lmdb,pinned,2493,21.139,0,0
lmdb,pinned,2494,26.852,0,0
lmdb,pinned,2495,39.501,0,0
lmdb,pinned,2496,32.717,0,0
lmdb,pinned,2497,25.044,0,0
lmdb,pinned,2498,26.482,0,0
lmdb,pinned,2499,26.561,38296621056,9349758
