backend,phase,iteration,op_ms,disk_bytes,extra
leveldb,prefill,1000,0.000,0,0
leveldb,prefill,2000,0.000,0,0
leveldb,prefill,3000,0.000,0,0
leveldb,prefill,4000,0.000,0,0
leveldb,prefill,5000,0.000,3715997,0
leveldb,prefill,6000,0.000,0,0
leveldb,prefill,7000,0.000,0,0
leveldb,prefill,8000,0.000,0,0
leveldb,prefill,9000,0.000,0,0
leveldb,prefill,10000,0.000,3408282,0
leveldb,prefill,11000,0.000,0,0
leveldb,prefill,12000,0.000,0,0
leveldb,prefill,13000,0.000,0,0
leveldb,prefill,14000,0.000,0,0
leveldb,prefill,15000,0.000,10855255,0
leveldb,prefill,16000,0.000,0,0
leveldb,prefill,17000,0.000,0,0
leveldb,prefill,18000,0.000,0,0
leveldb,prefill,19000,0.000,0,0
leveldb,prefill,20000,0.000,8843870,0
leveldb,prefill,21000,0.000,0,0
leveldb,prefill,22000,0.000,0,0
leveldb,prefill,23000,0.000,0,0
leveldb,prefill,24000,0.000,0,0
leveldb,prefill,25000,0.000,10997311,0
leveldb,prefill,26000,0.000,0,0
leveldb,prefill,27000,0.000,0,0
leveldb,prefill,28000,0.000,0,0
leveldb,prefill,29000,0.000,0,0
leveldb,prefill,30000,0.000,16867938,0
leveldb,prefill,31000,0.000,0,0
leveldb,prefill,32000,0.000,0,0
leveldb,prefill,33000,0.000,0,0
leveldb,prefill,34000,0.000,0,0
leveldb,prefill,35000,0.000,14201497,0
leveldb,prefill,36000,0.000,0,0
leveldb,prefill,37000,0.000,0,0
leveldb,prefill,38000,0.000,0,0
leveldb,prefill,39000,0.000,0,0
leveldb,prefill,40000,0.000,14531764,0
leveldb,prefill,41000,0.000,0,0
leveldb,prefill,42000,0.000,0,0
leveldb,prefill,43000,0.000,0,0
leveldb,prefill,44000,0.000,0,0
leveldb,prefill,45000,0.000,13741876,0
leveldb,prefill,46000,0.000,0,0
leveldb,prefill,47000,0.000,0,0
leveldb,prefill,48000,0.000,0,0
leveldb,prefill,49000,0.000,0,0
leveldb,prefill,50000,0.000,17784092,0
leveldb,prefill,51000,0.000,0,0
leveldb,prefill,52000,0.000,0,0
leveldb,prefill,53000,0.000,0,0
leveldb,prefill,54000,0.000,0,0
leveldb,prefill,55000,0.000,18768926,0
leveldb,prefill,56000,0.000,0,0
leveldb,prefill,57000,0.000,0,0
leveldb,prefill,58000,0.000,0,0
leveldb,prefill,59000,0.000,0,0
leveldb,prefill,60000,0.000,24437110,0
leveldb,prefill,61000,0.000,0,0
leveldb,prefill,62000,0.000,0,0
leveldb,prefill,63000,0.000,0,0
leveldb,prefill,64000,0.000,0,0
leveldb,prefill,65000,0.000,35509739,0
leveldb,prefill,66000,0.000,0,0
leveldb,prefill,67000,0.000,0,0
leveldb,prefill,68000,0.000,0,0
leveldb,prefill,69000,0.000,0,0
leveldb,prefill,70000,0.000,38931906,0
leveldb,prefill,71000,0.000,0,0
leveldb,prefill,72000,0.000,0,0
leveldb,prefill,73000,0.000,0,0
leveldb,prefill,74000,0.000,0,0
leveldb,prefill,75000,0.000,39324466,0
leveldb,prefill,76000,0.000,0,0
leveldb,prefill,77000,0.000,0,0
leveldb,prefill,78000,0.000,0,0
leveldb,prefill,79000,0.000,0,0
leveldb,prefill,80000,0.000,33696535,0
leveldb,prefill,81000,0.000,0,0
leveldb,prefill,82000,0.000,0,0
leveldb,prefill,83000,0.000,0,0
leveldb,prefill,84000,0.000,0,0
leveldb,prefill,85000,0.000,30781281,0
leveldb,prefill,86000,0.000,0,0
leveldb,prefill,87000,0.000,0,0
leveldb,prefill,88000,0.000,0,0
leveldb,prefill,89000,0.000,0,0
leveldb,prefill,90000,0.000,27363749,0
leveldb,prefill,91000,0.000,0,0
leveldb,prefill,92000,0.000,0,0
leveldb,prefill,93000,0.000,0,0
leveldb,prefill,94000,0.000,0,0
leveldb,prefill,95000,0.000,44179741,0
leveldb,prefill,96000,0.000,0,0
leveldb,prefill,97000,0.000,0,0
leveldb,prefill,98000,0.000,0,0
leveldb,prefill,99000,0.000,0,0
leveldb,prefill,100000,0.000,38255577,0
leveldb,prefill,101000,0.000,0,0
leveldb,prefill,102000,0.000,0,0
leveldb,prefill,103000,0.000,0,0
leveldb,prefill,104000,0.000,0,0
leveldb,prefill,105000,0.000,33719809,0
leveldb,prefill,106000,0.000,0,0
leveldb,prefill,107000,0.000,0,0
leveldb,prefill,108000,0.000,0,0
leveldb,prefill,109000,0.000,0,0
leveldb,prefill,110000,0.000,33155523,0
leveldb,prefill,111000,0.000,0,0
leveldb,prefill,112000,0.000,0,0
leveldb,prefill,113000,0.000,0,0
leveldb,prefill,114000,0.000,0,0
leveldb,prefill,115000,0.000,37121079,0
leveldb,prefill,116000,0.000,0,0
leveldb,prefill,117000,0.000,0,0
leveldb,prefill,118000,0.000,0,0
leveldb,prefill,119000,0.000,0,0
leveldb,prefill,120000,0.000,41505825,0
leveldb,prefill,121000,0.000,0,0
leveldb,prefill,122000,0.000,0,0
leveldb,prefill,123000,0.000,0,0
leveldb,prefill,124000,0.000,0,0
leveldb,prefill,125000,0.000,38866451,0
leveldb,prefill,126000,0.000,0,0
leveldb,prefill,127000,0.000,0,0
leveldb,prefill,128000,0.000,0,0
leveldb,prefill,129000,0.000,0,0
leveldb,prefill,130000,0.000,45337971,0
leveldb,prefill,131000,0.000,0,0
leveldb,prefill,132000,0.000,0,0
leveldb,prefill,133000,0.000,0,0
leveldb,prefill,134000,0.000,0,0
leveldb,prefill,135000,0.000,46879472,0
leveldb,prefill,136000,0.000,0,0
leveldb,prefill,137000,0.000,0,0
leveldb,prefill,138000,0.000,0,0
leveldb,prefill,139000,0.000,0,0
leveldb,prefill,140000,0.000,42938111,0
leveldb,prefill,141000,0.000,0,0
leveldb,prefill,142000,0.000,0,0
leveldb,prefill,143000,0.000,0,0
leveldb,prefill,144000,0.000,0,0
leveldb,prefill,145000,0.000,42914120,0
leveldb,prefill,146000,0.000,0,0
leveldb,prefill,147000,0.000,0,0
leveldb,prefill,148000,0.000,0,0
leveldb,prefill,149000,0.000,0,0
leveldb,prefill,150000,0.000,46238024,0
leveldb,prefill,151000,0.000,0,0
leveldb,prefill,152000,0.000,0,0
leveldb,prefill,153000,0.000,0,0
leveldb,prefill,154000,0.000,0,0
leveldb,prefill,155000,0.000,50255969,0
leveldb,prefill,156000,0.000,0,0
leveldb,prefill,157000,0.000,0,0
leveldb,prefill,158000,0.000,0,0
leveldb,prefill,159000,0.000,0,0
leveldb,prefill,160000,0.000,57769457,0
leveldb,prefill,161000,0.000,0,0
leveldb,prefill,162000,0.000,0,0
leveldb,prefill,163000,0.000,0,0
leveldb,prefill,164000,0.000,0,0
leveldb,prefill,165000,0.000,52766228,0
leveldb,prefill,166000,0.000,0,0
leveldb,prefill,167000,0.000,0,0
leveldb,prefill,168000,0.000,0,0
leveldb,prefill,169000,0.000,0,0
leveldb,prefill,170000,0.000,58846034,0
leveldb,prefill,171000,0.000,0,0
leveldb,prefill,172000,0.000,0,0
leveldb,prefill,173000,0.000,0,0
leveldb,prefill,174000,0.000,0,0
leveldb,prefill,175000,0.000,66009141,0
leveldb,prefill,176000,0.000,0,0
leveldb,prefill,177000,0.000,0,0
leveldb,prefill,178000,0.000,0,0
leveldb,prefill,179000,0.000,0,0
leveldb,prefill,180000,0.000,59033296,0
leveldb,prefill,181000,0.000,0,0
leveldb,prefill,182000,0.000,0,0
leveldb,prefill,183000,0.000,0,0
leveldb,prefill,184000,0.000,0,0
leveldb,prefill,185000,0.000,57180020,0
leveldb,prefill,186000,0.000,0,0
leveldb,prefill,187000,0.000,0,0
leveldb,prefill,188000,0.000,0,0
leveldb,prefill,189000,0.000,0,0
leveldb,prefill,190000,0.000,57794469,0
leveldb,prefill,191000,0.000,0,0
leveldb,prefill,192000,0.000,0,0
leveldb,prefill,193000,0.000,0,0
leveldb,prefill,194000,0.000,0,0
leveldb,prefill,195000,0.000,56183032,0
leveldb,prefill,196000,0.000,0,0
leveldb,prefill,197000,0.000,0,0
leveldb,prefill,198000,0.000,0,0
leveldb,prefill,199000,0.000,0,0
leveldb,prefill,200000,0.000,63518079,0
leveldb,prefill,201000,0.000,0,0
leveldb,prefill,202000,0.000,0,0
leveldb,prefill,203000,0.000,0,0
leveldb,prefill,204000,0.000,0,0
leveldb,prefill,205000,0.000,67038437,0
leveldb,prefill,206000,0.000,0,0
leveldb,prefill,207000,0.000,0,0
leveldb,prefill,208000,0.000,0,0
leveldb,prefill,209000,0.000,0,0
leveldb,prefill,210000,0.000,70097738,0
leveldb,prefill,211000,0.000,0,0
leveldb,prefill,212000,0.000,0,0
leveldb,prefill,213000,0.000,0,0
leveldb,prefill,214000,0.000,0,0
leveldb,prefill,215000,0.000,68201574,0
leveldb,prefill,216000,0.000,0,0
leveldb,prefill,217000,0.000,0,0
leveldb,prefill,218000,0.000,0,0
leveldb,prefill,219000,0.000,0,0
leveldb,prefill,220000,0.000,77960489,0
leveldb,prefill,221000,0.000,0,0
leveldb,prefill,222000,0.000,0,0
leveldb,prefill,223000,0.000,0,0
leveldb,prefill,224000,0.000,0,0
leveldb,prefill,225000,0.000,74766857,0
leveldb,prefill,226000,0.000,0,0
leveldb,prefill,227000,0.000,0,0
leveldb,prefill,228000,0.000,0,0
leveldb,prefill,229000,0.000,0,0
leveldb,prefill,230000,0.000,66950534,0
leveldb,prefill,231000,0.000,0,0
leveldb,prefill,232000,0.000,0,0
leveldb,prefill,233000,0.000,0,0
leveldb,prefill,234000,0.000,0,0
leveldb,prefill,235000,0.000,89256975,0
leveldb,prefill,236000,0.000,0,0
leveldb,prefill,237000,0.000,0,0
leveldb,prefill,238000,0.000,0,0
leveldb,prefill,239000,0.000,0,0
leveldb,prefill,240000,0.000,74583045,0
leveldb,prefill,241000,0.000,0,0
leveldb,prefill,242000,0.000,0,0
leveldb,prefill,243000,0.000,0,0
leveldb,prefill,244000,0.000,0,0
leveldb,prefill,245000,0.000,69118656,0
leveldb,prefill,246000,0.000,0,0
leveldb,prefill,247000,0.000,0,0
leveldb,prefill,248000,0.000,0,0
leveldb,prefill,249000,0.000,0,0
leveldb,prefill,250000,0.000,86456721,0
leveldb,prefill,251000,0.000,0,0
leveldb,prefill,252000,0.000,0,0
leveldb,prefill,253000,0.000,0,0
leveldb,prefill,254000,0.000,0,0
leveldb,prefill,255000,0.000,82608970,0
leveldb,prefill,256000,0.000,0,0
leveldb,prefill,257000,0.000,0,0
leveldb,prefill,258000,0.000,0,0
leveldb,prefill,259000,0.000,0,0
leveldb,prefill,260000,0.000,85773059,0
leveldb,prefill,261000,0.000,0,0
leveldb,prefill,262000,0.000,0,0
leveldb,prefill,263000,0.000,0,0
leveldb,prefill,264000,0.000,0,0
leveldb,prefill,265000,0.000,80664257,0
leveldb,prefill,266000,0.000,0,0
leveldb,prefill,267000,0.000,0,0
leveldb,prefill,268000,0.000,0,0
leveldb,prefill,269000,0.000,0,0
leveldb,prefill,270000,0.000,82827061,0
leveldb,prefill,271000,0.000,0,0
leveldb,prefill,272000,0.000,0,0
leveldb,prefill,273000,0.000,0,0
leveldb,prefill,274000,0.000,0,0
leveldb,prefill,275000,0.000,84419741,0
leveldb,prefill,276000,0.000,0,0
leveldb,prefill,277000,0.000,0,0
leveldb,prefill,278000,0.000,0,0
leveldb,prefill,279000,0.000,0,0
leveldb,prefill,280000,0.000,97112018,0
leveldb,prefill,281000,0.000,0,0
leveldb,prefill,282000,0.000,0,0
leveldb,prefill,283000,0.000,0,0
leveldb,prefill,284000,0.000,0,0
leveldb,prefill,285000,0.000,92783984,0
leveldb,prefill,286000,0.000,0,0
leveldb,prefill,287000,0.000,0,0
leveldb,prefill,288000,0.000,0,0
leveldb,prefill,289000,0.000,0,0
leveldb,prefill,290000,0.000,92624946,0
leveldb,prefill,291000,0.000,0,0
leveldb,prefill,292000,0.000,0,0
leveldb,prefill,293000,0.000,0,0
leveldb,prefill,294000,0.000,0,0
leveldb,prefill,295000,0.000,87786735,0
leveldb,prefill,296000,0.000,0,0
leveldb,prefill,297000,0.000,0,0
leveldb,prefill,298000,0.000,0,0
leveldb,prefill,299000,0.000,0,0
leveldb,prefill,300000,0.000,88925398,0
leveldb,prefill,301000,0.000,0,0
leveldb,prefill,302000,0.000,0,0
leveldb,prefill,303000,0.000,0,0
leveldb,prefill,304000,0.000,0,0
leveldb,prefill,305000,0.000,102954895,0
leveldb,prefill,306000,0.000,0,0
leveldb,prefill,307000,0.000,0,0
leveldb,prefill,308000,0.000,0,0
leveldb,prefill,309000,0.000,0,0
leveldb,prefill,310000,0.000,94719960,0
leveldb,prefill,311000,0.000,0,0
leveldb,prefill,312000,0.000,0,0
leveldb,prefill,313000,0.000,0,0
leveldb,prefill,314000,0.000,0,0
leveldb,prefill,315000,0.000,93460506,0
leveldb,prefill,316000,0.000,0,0
leveldb,prefill,317000,0.000,0,0
leveldb,prefill,318000,0.000,0,0
leveldb,prefill,319000,0.000,0,0
leveldb,prefill,320000,0.000,101107020,0
leveldb,prefill,321000,0.000,0,0
leveldb,prefill,322000,0.000,0,0
leveldb,prefill,323000,0.000,0,0
leveldb,prefill,324000,0.000,0,0
leveldb,prefill,325000,0.000,109562229,0
leveldb,prefill,326000,0.000,0,0
leveldb,prefill,327000,0.000,0,0
leveldb,prefill,328000,0.000,0,0
leveldb,prefill,329000,0.000,0,0
leveldb,prefill,330000,0.000,96696198,0
leveldb,prefill,331000,0.000,0,0
leveldb,prefill,332000,0.000,0,0
leveldb,prefill,333000,0.000,0,0
leveldb,prefill,334000,0.000,0,0
leveldb,prefill,335000,0.000,102208976,0
leveldb,prefill,336000,0.000,0,0
leveldb,prefill,337000,0.000,0,0
leveldb,prefill,338000,0.000,0,0
leveldb,prefill,339000,0.000,0,0
leveldb,prefill,340000,0.000,100529606,0
leveldb,prefill,341000,0.000,0,0
leveldb,prefill,342000,0.000,0,0
leveldb,prefill,343000,0.000,0,0
leveldb,prefill,344000,0.000,0,0
leveldb,prefill,345000,0.000,102294052,0
leveldb,prefill,346000,0.000,0,0
leveldb,prefill,347000,0.000,0,0
leveldb,prefill,348000,0.000,0,0
leveldb,prefill,349000,0.000,0,0
leveldb,prefill,350000,0.000,120823852,0
leveldb,prefill,351000,0.000,0,0
leveldb,prefill,352000,0.000,0,0
leveldb,prefill,353000,0.000,0,0
leveldb,prefill,354000,0.000,0,0
leveldb,prefill,355000,0.000,114918372,0
leveldb,prefill,356000,0.000,0,0
leveldb,prefill,357000,0.000,0,0
leveldb,prefill,358000,0.000,0,0
leveldb,prefill,359000,0.000,0,0
leveldb,prefill,360000,0.000,108253497,0
leveldb,prefill,361000,0.000,0,0
leveldb,prefill,362000,0.000,0,0
leveldb,prefill,363000,0.000,0,0
leveldb,prefill,364000,0.000,0,0
leveldb,prefill,365000,0.000,107757332,0
leveldb,prefill,366000,0.000,0,0
leveldb,prefill,367000,0.000,0,0
leveldb,prefill,368000,0.000,0,0
leveldb,prefill,369000,0.000,0,0
leveldb,prefill,370000,0.000,124352902,0
leveldb,prefill,371000,0.000,0,0
leveldb,prefill,372000,0.000,0,0
leveldb,prefill,373000,0.000,0,0
leveldb,prefill,374000,0.000,0,0
leveldb,prefill,375000,0.000,118766907,0
leveldb,prefill,376000,0.000,0,0
leveldb,prefill,377000,0.000,0,0
leveldb,prefill,378000,0.000,0,0
leveldb,prefill,379000,0.000,0,0
leveldb,prefill,380000,0.000,114538796,0
leveldb,prefill,381000,0.000,0,0
leveldb,prefill,382000,0.000,0,0
leveldb,prefill,383000,0.000,0,0
leveldb,prefill,384000,0.000,0,0
leveldb,prefill,385000,0.000,111808711,0
leveldb,prefill,386000,0.000,0,0
leveldb,prefill,387000,0.000,0,0
leveldb,prefill,388000,0.000,0,0
leveldb,prefill,389000,0.000,0,0
leveldb,prefill,390000,0.000,127510972,0
leveldb,prefill,391000,0.000,0,0
leveldb,prefill,392000,0.000,0,0
leveldb,prefill,393000,0.000,0,0
leveldb,prefill,394000,0.000,0,0
leveldb,prefill,395000,0.000,118765063,0
leveldb,prefill,396000,0.000,0,0
leveldb,prefill,397000,0.000,0,0
leveldb,prefill,398000,0.000,0,0
leveldb,prefill,399000,0.000,0,0
leveldb,prefill,400000,0.000,118453980,0
leveldb,prefill,400008,0.000,118552334,0
leveldb,churn,0,14.484,122383708,0
leveldb,churn,1,15.449,0,0
leveldb,churn,2,13.829,0,0
leveldb,churn,3,8.105,0,0
leveldb,churn,4,13.944,0,0
leveldb,churn,5,10.810,0,0
leveldb,churn,6,9.959,0,0
leveldb,churn,7,13.777,0,0
leveldb,churn,8,10.939,0,0
leveldb,churn,9,11.408,0,0
leveldb,churn,10,9.329,118872891,0
leveldb,churn,11,9.348,0,0
leveldb,churn,12,31.229,0,0
leveldb,churn,13,10.424,0,0
leveldb,churn,14,14.481,0,0
leveldb,churn,15,15.152,0,0
leveldb,churn,16,10.528,0,0
leveldb,churn,17,17.284,0,0
leveldb,churn,18,14.898,0,0
leveldb,churn,19,13.505,0,0
leveldb,churn,20,14.146,129078846,0
leveldb,churn,21,12.688,0,0
leveldb,churn,22,9.565,0,0
leveldb,churn,23,12.709,0,0
leveldb,churn,24,18.490,0,0
leveldb,churn,25,15.521,0,0
leveldb,churn,26,13.380,0,0
leveldb,churn,27,15.941,0,0
leveldb,churn,28,15.142,0,0
leveldb,churn,29,15.644,0,0
leveldb,churn,30,11.922,122771638,0
leveldb,churn,31,12.961,0,0
leveldb,churn,32,12.141,0,0
leveldb,churn,33,16.825,0,0
leveldb,churn,34,10.522,0,0
leveldb,churn,35,14.258,0,0
leveldb,churn,36,15.622,0,0
leveldb,churn,37,11.226,0,0
leveldb,churn,38,15.236,0,0
leveldb,churn,39,14.678,0,0
leveldb,churn,40,12.215,124289603,0
leveldb,churn,41,22.412,0,0
leveldb,churn,42,16.994,0,0
leveldb,churn,43,12.669,0,0
leveldb,churn,44,10.914,0,0
leveldb,churn,45,16.013,0,0
leveldb,churn,46,14.019,0,0
leveldb,churn,47,13.070,0,0
leveldb,churn,48,23.184,0,0
leveldb,churn,49,12.411,0,0
leveldb,churn,50,12.907,121531894,0
leveldb,churn,51,16.593,0,0
leveldb,churn,52,19.002,0,0
leveldb,churn,53,10.704,0,0
leveldb,churn,54,15.270,0,0
leveldb,churn,55,14.314,0,0
leveldb,churn,56,13.713,0,0
leveldb,churn,57,18.401,0,0
leveldb,churn,58,14.180,0,0
leveldb,churn,59,18.322,0,0
leveldb,churn,60,24.434,137460000,0
leveldb,churn,61,13.065,0,0
leveldb,churn,62,16.256,0,0
leveldb,churn,63,23.850,0,0
leveldb,churn,64,24.180,0,0
leveldb,churn,65,19.288,0,0
leveldb,churn,66,19.609,0,0
leveldb,churn,67,19.481,0,0
leveldb,churn,68,18.200,0,0
leveldb,churn,69,14.365,0,0
leveldb,churn,70,16.692,124299678,0
leveldb,churn,71,17.545,0,0
leveldb,churn,72,14.928,0,0
leveldb,churn,73,20.488,0,0
leveldb,churn,74,20.086,0,0
leveldb,churn,75,18.759,0,0
leveldb,churn,76,17.272,0,0
leveldb,churn,77,17.704,0,0
leveldb,churn,78,16.966,0,0
leveldb,churn,79,16.802,0,0
leveldb,churn,80,15.565,127168263,0
leveldb,churn,81,18.544,0,0
leveldb,churn,82,16.646,0,0
leveldb,churn,83,12.234,0,0
leveldb,churn,84,13.910,0,0
leveldb,churn,85,14.951,0,0
leveldb,churn,86,19.582,0,0
leveldb,churn,87,14.861,0,0
leveldb,churn,88,13.648,0,0
leveldb,churn,89,17.224,0,0
leveldb,churn,90,12.111,130683468,0
leveldb,churn,91,20.559,0,0
leveldb,churn,92,14.906,0,0
leveldb,churn,93,19.652,0,0
leveldb,churn,94,19.110,0,0
leveldb,churn,95,14.723,0,0
leveldb,churn,96,20.019,0,0
leveldb,churn,97,17.425,0,0
leveldb,churn,98,19.969,0,0
leveldb,churn,99,18.581,0,0
leveldb,churn,100,18.278,126414802,0
leveldb,churn,101,10.690,0,0
leveldb,churn,102,12.570,0,0
leveldb,churn,103,14.268,0,0
leveldb,churn,104,13.509,0,0
leveldb,churn,105,13.655,0,0
leveldb,churn,106,15.249,0,0
leveldb,churn,107,15.910,0,0
leveldb,churn,108,15.598,0,0
leveldb,churn,109,15.238,0,0
leveldb,churn,110,13.145,130469117,0
leveldb,churn,111,14.188,0,0
leveldb,churn,112,18.191,0,0
leveldb,churn,113,11.918,0,0
leveldb,churn,114,19.625,0,0
leveldb,churn,115,19.479,0,0
leveldb,churn,116,14.389,0,0
leveldb,churn,117,12.457,0,0
leveldb,churn,118,18.305,0,0
leveldb,churn,119,20.046,0,0
leveldb,churn,120,12.431,123967633,0
leveldb,churn,121,10.923,0,0
leveldb,churn,122,14.104,0,0
leveldb,churn,123,18.925,0,0
leveldb,churn,124,19.469,0,0
leveldb,churn,125,13.744,0,0
leveldb,churn,126,20.693,0,0
leveldb,churn,127,19.707,0,0
leveldb,churn,128,13.509,0,0
leveldb,churn,129,15.429,0,0
leveldb,churn,130,17.378,128315087,0
leveldb,churn,131,16.917,0,0
leveldb,churn,132,11.334,0,0
leveldb,churn,133,20.836,0,0
leveldb,churn,134,16.372,0,0
leveldb,churn,135,24.917,0,0
leveldb,churn,136,18.345,0,0
leveldb,churn,137,18.857,0,0
leveldb,churn,138,13.548,0,0
leveldb,churn,139,21.138,0,0
leveldb,churn,140,17.277,128336507,0
leveldb,churn,141,19.454,0,0
leveldb,churn,142,17.838,0,0
leveldb,churn,143,22.619,0,0
leveldb,churn,144,15.998,0,0
leveldb,churn,145,23.379,0,0
leveldb,churn,146,20.124,0,0
leveldb,churn,147,22.576,0,0
leveldb,churn,148,18.654,0,0
leveldb,churn,149,20.128,0,0
leveldb,churn,150,18.229,126270122,0
leveldb,churn,151,27.490,0,0
leveldb,churn,152,20.119,0,0
leveldb,churn,153,19.327,0,0
leveldb,churn,154,32.840,0,0
leveldb,churn,155,19.517,0,0
leveldb,churn,156,25.624,0,0
leveldb,churn,157,34.609,0,0
leveldb,churn,158,23.247,0,0
leveldb,churn,159,15.025,0,0
leveldb,churn,160,15.361,127252745,0
leveldb,churn,161,14.317,0,0
leveldb,churn,162,19.420,0,0
leveldb,churn,163,10.694,0,0
leveldb,churn,164,21.655,0,0
leveldb,churn,165,13.220,0,0
leveldb,churn,166,23.513,0,0
leveldb,churn,167,16.554,0,0
leveldb,churn,168,15.110,0,0
leveldb,churn,169,15.194,0,0
leveldb,churn,170,22.281,126122282,0
leveldb,churn,171,19.873,0,0
leveldb,churn,172,18.988,0,0
leveldb,churn,173,14.358,0,0
leveldb,churn,174,20.917,0,0
leveldb,churn,175,17.194,0,0
leveldb,churn,176,21.008,0,0
leveldb,churn,177,15.933,0,0
leveldb,churn,178,20.999,0,0
leveldb,churn,179,17.577,0,0
leveldb,churn,180,33.215,130976908,0
leveldb,churn,181,22.398,0,0
leveldb,churn,182,17.955,0,0
leveldb,churn,183,16.891,0,0
leveldb,churn,184,19.738,0,0
leveldb,churn,185,16.564,0,0
leveldb,churn,186,24.076,0,0
leveldb,churn,187,19.925,0,0
leveldb,churn,188,17.484,0,0
leveldb,churn,189,14.228,0,0
leveldb,churn,190,22.931,128857302,0
leveldb,churn,191,18.723,0,0
leveldb,churn,192,20.184,0,0
leveldb,churn,193,13.906,0,0
leveldb,churn,194,14.938,0,0
leveldb,churn,195,22.429,0,0
leveldb,churn,196,13.698,0,0
leveldb,churn,197,14.069,0,0
leveldb,churn,198,12.342,0,0
leveldb,churn,199,19.980,0,0
leveldb,churn,200,15.198,134088296,0
leveldb,churn,201,17.800,0,0
leveldb,churn,202,16.146,0,0
leveldb,churn,203,12.107,0,0
leveldb,churn,204,13.939,0,0
leveldb,churn,205,13.952,0,0
leveldb,churn,206,12.330,0,0
leveldb,churn,207,11.453,0,0
leveldb,churn,208,11.695,0,0
leveldb,churn,209,12.700,0,0
leveldb,churn,210,24.033,133399182,0
leveldb,churn,211,16.717,0,0
leveldb,churn,212,20.673,0,0
leveldb,churn,213,19.154,0,0
leveldb,churn,214,16.954,0,0
leveldb,churn,215,31.609,0,0
leveldb,churn,216,17.702,0,0
leveldb,churn,217,19.076,0,0
leveldb,churn,218,17.294,0,0
leveldb,churn,219,18.918,0,0
leveldb,churn,220,24.102,125998845,0
leveldb,churn,221,21.747,0,0
leveldb,churn,222,24.002,0,0
leveldb,churn,223,18.810,0,0
leveldb,churn,224,16.782,0,0
leveldb,churn,225,12.562,0,0
leveldb,churn,226,18.508,0,0
leveldb,churn,227,25.626,0,0
leveldb,churn,228,17.651,0,0
leveldb,churn,229,18.420,0,0
leveldb,churn,230,17.233,127574444,0
leveldb,churn,231,13.686,0,0
leveldb,churn,232,18.823,0,0
leveldb,churn,233,17.106,0,0
leveldb,churn,234,14.390,0,0
leveldb,churn,235,17.698,0,0
leveldb,churn,236,22.011,0,0
leveldb,churn,237,16.679,0,0
leveldb,churn,238,20.230,0,0
leveldb,churn,239,16.183,0,0
leveldb,churn,240,16.922,132058352,0
leveldb,churn,241,15.953,0,0
leveldb,churn,242,15.825,0,0
leveldb,churn,243,15.786,0,0
leveldb,churn,244,13.227,0,0
leveldb,churn,245,15.520,0,0
leveldb,churn,246,18.880,0,0
leveldb,churn,247,25.642,0,0
leveldb,churn,248,20.024,0,0
leveldb,churn,249,19.842,0,0
leveldb,churn,250,19.476,131238237,0
leveldb,churn,251,18.084,0,0
leveldb,churn,252,18.489,0,0
leveldb,churn,253,21.465,0,0
leveldb,churn,254,14.482,0,0
leveldb,churn,255,12.057,0,0
leveldb,churn,256,20.079,0,0
leveldb,churn,257,18.433,0,0
leveldb,churn,258,18.949,0,0
leveldb,churn,259,19.689,0,0
leveldb,churn,260,23.901,135192659,0
leveldb,churn,261,22.110,0,0
leveldb,churn,262,17.286,0,0
leveldb,churn,263,18.001,0,0
leveldb,churn,264,26.493,0,0
leveldb,churn,265,15.110,0,0
leveldb,churn,266,26.817,0,0
leveldb,churn,267,13.669,0,0
leveldb,churn,268,16.666,0,0
leveldb,churn,269,14.295,0,0
leveldb,churn,270,12.556,129957415,0
leveldb,churn,271,15.145,0,0
leveldb,churn,272,20.245,0,0
leveldb,churn,273,12.079,0,0
leveldb,churn,274,12.256,0,0
leveldb,churn,275,14.243,0,0
leveldb,churn,276,11.517,0,0
leveldb,churn,277,12.504,0,0
leveldb,churn,278,12.584,0,0
leveldb,churn,279,15.628,0,0
leveldb,churn,280,21.501,128367991,0
leveldb,churn,281,17.416,0,0
leveldb,churn,282,13.558,0,0
leveldb,churn,283,17.619,0,0
leveldb,churn,284,16.401,0,0
leveldb,churn,285,18.712,0,0
leveldb,churn,286,12.199,0,0
leveldb,churn,287,19.251,0,0
leveldb,churn,288,16.069,0,0
leveldb,churn,289,20.214,0,0
leveldb,churn,290,16.620,130846982,0
leveldb,churn,291,17.981,0,0
leveldb,churn,292,13.262,0,0
leveldb,churn,293,18.346,0,0
leveldb,churn,294,18.335,0,0
leveldb,churn,295,15.571,0,0
leveldb,churn,296,18.744,0,0
leveldb,churn,297,17.812,0,0
leveldb,churn,298,18.800,0,0
leveldb,churn,299,19.899,0,0
leveldb,churn,300,20.305,137036036,0
leveldb,churn,301,16.107,0,0
leveldb,churn,302,12.737,0,0
leveldb,churn,303,18.238,0,0
leveldb,churn,304,18.041,0,0
leveldb,churn,305,14.715,0,0
leveldb,churn,306,21.980,0,0
leveldb,churn,307,23.269,0,0
leveldb,churn,308,23.695,0,0
leveldb,churn,309,26.239,0,0
leveldb,churn,310,22.858,138064832,0
leveldb,churn,311,19.559,0,0
leveldb,churn,312,14.103,0,0
leveldb,churn,313,12.546,0,0
leveldb,churn,314,12.734,0,0
leveldb,churn,315,17.289,0,0
leveldb,churn,316,20.762,0,0
leveldb,churn,317,14.994,0,0
leveldb,churn,318,17.057,0,0
leveldb,churn,319,23.948,0,0
leveldb,churn,320,17.731,145021031,0
leveldb,churn,321,16.974,0,0
leveldb,churn,322,18.975,0,0
leveldb,churn,323,22.197,0,0
leveldb,churn,324,14.872,0,0
leveldb,churn,325,16.147,0,0
leveldb,churn,326,12.009,0,0
leveldb,churn,327,18.642,0,0
leveldb,churn,328,13.263,0,0
leveldb,churn,329,21.728,0,0
leveldb,churn,330,16.278,137327147,0
leveldb,churn,331,11.979,0,0
leveldb,churn,332,13.223,0,0
leveldb,churn,333,14.782,0,0
leveldb,churn,334,18.507,0,0
leveldb,churn,335,14.063,0,0
leveldb,churn,336,18.264,0,0
leveldb,churn,337,13.435,0,0
leveldb,churn,338,21.242,0,0
leveldb,churn,339,20.766,0,0
leveldb,churn,340,13.855,134161940,0
leveldb,churn,341,17.287,0,0
leveldb,churn,342,15.964,0,0
leveldb,churn,343,16.542,0,0
leveldb,churn,344,18.936,0,0
leveldb,churn,345,13.341,0,0
leveldb,churn,346,11.531,0,0
leveldb,churn,347,17.947,0,0
leveldb,churn,348,14.055,0,0
leveldb,churn,349,12.997,0,0
leveldb,churn,350,16.042,126059703,0
leveldb,churn,351,16.105,0,0
leveldb,churn,352,14.868,0,0
leveldb,churn,353,17.864,0,0
leveldb,churn,354,21.539,0,0
leveldb,churn,355,20.648,0,0
leveldb,churn,356,13.801,0,0
leveldb,churn,357,16.577,0,0
leveldb,churn,358,20.473,0,0
leveldb,churn,359,13.684,0,0
leveldb,churn,360,15.748,135392259,0
leveldb,churn,361,19.525,0,0
leveldb,churn,362,16.040,0,0
leveldb,churn,363,14.493,0,0
leveldb,churn,364,31.044,0,0
leveldb,churn,365,17.240,0,0
leveldb,churn,366,15.669,0,0
leveldb,churn,367,18.845,0,0
leveldb,churn,368,18.620,0,0
leveldb,churn,369,16.001,0,0
leveldb,churn,370,16.030,130268984,0
leveldb,churn,371,18.504,0,0
leveldb,churn,372,15.861,0,0
leveldb,churn,373,18.494,0,0
leveldb,churn,374,16.254,0,0
leveldb,churn,375,17.978,0,0
leveldb,churn,376,28.753,0,0
leveldb,churn,377,28.846,0,0
leveldb,churn,378,23.746,0,0
leveldb,churn,379,20.582,0,0
leveldb,churn,380,26.163,146696276,0
leveldb,churn,381,17.992,0,0
leveldb,churn,382,18.691,0,0
leveldb,churn,383,14.910,0,0
leveldb,churn,384,21.002,0,0
leveldb,churn,385,19.722,0,0
leveldb,churn,386,19.928,0,0
leveldb,churn,387,14.433,0,0
leveldb,churn,388,30.092,0,0
leveldb,churn,389,21.532,0,0
leveldb,churn,390,35.907,129078273,0
leveldb,churn,391,24.207,0,0
leveldb,churn,392,31.164,0,0
leveldb,churn,393,33.811,0,0
leveldb,churn,394,34.087,0,0
leveldb,churn,395,20.615,0,0
leveldb,churn,396,22.956,0,0
leveldb,churn,397,29.809,0,0
leveldb,churn,398,18.123,0,0
leveldb,churn,399,31.876,0,0
leveldb,churn,400,23.205,133829814,0
leveldb,churn,401,17.978,0,0
leveldb,churn,402,34.361,0,0
leveldb,churn,403,21.345,0,0
leveldb,churn,404,22.211,0,0
leveldb,churn,405,15.350,0,0
leveldb,churn,406,16.974,0,0
leveldb,churn,407,20.929,0,0
leveldb,churn,408,15.471,0,0
leveldb,churn,409,16.118,0,0
leveldb,churn,410,19.156,130582214,0
leveldb,churn,411,19.001,0,0
leveldb,churn,412,15.392,0,0
leveldb,churn,413,17.459,0,0
leveldb,churn,414,16.276,0,0
leveldb,churn,415,20.383,0,0
leveldb,churn,416,20.801,0,0
leveldb,churn,417,15.783,0,0
leveldb,churn,418,19.656,0,0
leveldb,churn,419,17.832,0,0
leveldb,churn,420,19.663,129734908,0
leveldb,churn,421,17.892,0,0
leveldb,churn,422,20.439,0,0
leveldb,churn,423,26.087,0,0
leveldb,churn,424,17.566,0,0
leveldb,churn,425,19.240,0,0
leveldb,churn,426,22.394,0,0
leveldb,churn,427,26.705,0,0
leveldb,churn,428,23.053,0,0
leveldb,churn,429,17.262,0,0
leveldb,churn,430,22.466,133027941,0
leveldb,churn,431,22.860,0,0
leveldb,churn,432,19.147,0,0
leveldb,churn,433,13.462,0,0
leveldb,churn,434,20.254,0,0
leveldb,churn,435,18.626,0,0
leveldb,churn,436,15.484,0,0
leveldb,churn,437,16.687,0,0
leveldb,churn,438,15.196,0,0
leveldb,churn,439,22.923,0,0
leveldb,churn,440,16.943,130269015,0
leveldb,churn,441,24.159,0,0
leveldb,churn,442,21.313,0,0
leveldb,churn,443,21.192,0,0
leveldb,churn,444,21.178,0,0
leveldb,churn,445,20.985,0,0
leveldb,churn,446,16.344,0,0
leveldb,churn,447,14.632,0,0
leveldb,churn,448,20.693,0,0
leveldb,churn,449,19.155,0,0
leveldb,churn,450,23.492,134211397,0
leveldb,churn,451,17.529,0,0
leveldb,churn,452,15.824,0,0
leveldb,churn,453,12.003,0,0
leveldb,churn,454,14.633,0,0
leveldb,churn,455,11.406,0,0
leveldb,churn,456,11.066,0,0
leveldb,churn,457,15.398,0,0
leveldb,churn,458,24.683,0,0
leveldb,churn,459,13.202,0,0
leveldb,churn,460,15.314,140307486,0
leveldb,churn,461,14.928,0,0
leveldb,churn,462,17.092,0,0
leveldb,churn,463,15.515,0,0
leveldb,churn,464,16.353,0,0
leveldb,churn,465,11.471,0,0
leveldb,churn,466,10.498,0,0
leveldb,churn,467,20.452,0,0
leveldb,churn,468,15.779,0,0
leveldb,churn,469,13.691,0,0
leveldb,churn,470,26.817,130918138,0
leveldb,churn,471,14.082,0,0
leveldb,churn,472,19.079,0,0
leveldb,churn,473,14.301,0,0
leveldb,churn,474,21.565,0,0
leveldb,churn,475,21.360,0,0
leveldb,churn,476,11.984,0,0
leveldb,churn,477,15.323,0,0
leveldb,churn,478,15.799,0,0
leveldb,churn,479,17.695,0,0
leveldb,churn,480,11.124,129545557,0
leveldb,churn,481,12.015,0,0
leveldb,churn,482,18.934,0,0
leveldb,churn,483,20.807,0,0
leveldb,churn,484,15.281,0,0
leveldb,churn,485,22.616,0,0
leveldb,churn,486,23.124,0,0
leveldb,churn,487,36.685,0,0
leveldb,churn,488,22.690,0,0
leveldb,churn,489,21.131,0,0
leveldb,churn,490,20.505,136695786,0
leveldb,churn,491,15.554,0,0
leveldb,churn,492,15.182,0,0
leveldb,churn,493,19.803,0,0
leveldb,churn,494,24.717,0,0
leveldb,churn,495,27.842,0,0
leveldb,churn,496,17.445,0,0
leveldb,churn,497,11.765,0,0
leveldb,churn,498,15.146,0,0
leveldb,churn,499,21.400,0,0
leveldb,churn,500,11.535,131727315,0
leveldb,churn,501,13.742,0,0
leveldb,churn,502,21.163,0,0
leveldb,churn,503,18.707,0,0
leveldb,churn,504,14.016,0,0
leveldb,churn,505,10.930,0,0
leveldb,churn,506,16.324,0,0
leveldb,churn,507,12.563,0,0
leveldb,churn,508,16.603,0,0
leveldb,churn,509,18.737,0,0
leveldb,churn,510,13.876,136999259,0
leveldb,churn,511,14.900,0,0
leveldb,churn,512,16.979,0,0
leveldb,churn,513,17.070,0,0
leveldb,churn,514,21.236,0,0
leveldb,churn,515,24.977,0,0
leveldb,churn,516,19.485,0,0
leveldb,churn,517,19.539,0,0
leveldb,churn,518,17.385,0,0
leveldb,churn,519,18.617,0,0
leveldb,churn,520,14.022,133649038,0
leveldb,churn,521,18.235,0,0
leveldb,churn,522,20.543,0,0
leveldb,churn,523,22.388,0,0
leveldb,churn,524,21.037,0,0
leveldb,churn,525,18.906,0,0
leveldb,churn,526,17.559,0,0
leveldb,churn,527,19.680,0,0
leveldb,churn,528,15.240,0,0
leveldb,churn,529,19.133,0,0
leveldb,churn,530,20.509,132001344,0
leveldb,churn,531,16.850,0,0
leveldb,churn,532,15.643,0,0
leveldb,churn,533,17.269,0,0
leveldb,churn,534,18.608,0,0
leveldb,churn,535,22.617,0,0
leveldb,churn,536,21.588,0,0
leveldb,churn,537,20.415,0,0
leveldb,churn,538,18.154,0,0
leveldb,churn,539,17.614,0,0
leveldb,churn,540,17.234,131200002,0
leveldb,churn,541,19.630,0,0
leveldb,churn,542,16.703,0,0
leveldb,churn,543,19.587,0,0
leveldb,churn,544,20.111,0,0
leveldb,churn,545,20.008,0,0
leveldb,churn,546,24.318,0,0
leveldb,churn,547,21.761,0,0
leveldb,churn,548,23.141,0,0
leveldb,churn,549,19.330,0,0
leveldb,churn,550,17.313,147272516,0
leveldb,churn,551,20.385,0,0
leveldb,churn,552,21.594,0,0
leveldb,churn,553,11.314,0,0
leveldb,churn,554,12.429,0,0
leveldb,churn,555,23.322,0,0
leveldb,churn,556,13.928,0,0
leveldb,churn,557,18.020,0,0
leveldb,churn,558,15.000,0,0
leveldb,churn,559,18.967,0,0
leveldb,churn,560,16.952,138764802,0
leveldb,churn,561,21.028,0,0
leveldb,churn,562,20.154,0,0
leveldb,churn,563,22.118,0,0
leveldb,churn,564,16.082,0,0
leveldb,churn,565,18.600,0,0
leveldb,churn,566,20.120,0,0
leveldb,churn,567,20.632,0,0
leveldb,churn,568,18.175,0,0
leveldb,churn,569,23.330,0,0
leveldb,churn,570,15.313,135976358,0
leveldb,churn,571,17.406,0,0
leveldb,churn,572,22.253,0,0
leveldb,churn,573,16.539,0,0
leveldb,churn,574,22.930,0,0
leveldb,churn,575,16.494,0,0
leveldb,churn,576,19.609,0,0
leveldb,churn,577,14.747,0,0
leveldb,churn,578,24.553,0,0
leveldb,churn,579,25.129,0,0
leveldb,churn,580,16.320,137575647,0
leveldb,churn,581,24.136,0,0
leveldb,churn,582,25.937,0,0
leveldb,churn,583,20.179,0,0
leveldb,churn,584,20.213,0,0
leveldb,churn,585,21.107,0,0
leveldb,churn,586,21.898,0,0
leveldb,churn,587,25.229,0,0
leveldb,churn,588,17.725,0,0
leveldb,churn,589,15.632,0,0
leveldb,churn,590,13.606,130837476,0
leveldb,churn,591,16.510,0,0
leveldb,churn,592,10.763,0,0
leveldb,churn,593,13.015,0,0
leveldb,churn,594,16.024,0,0
leveldb,churn,595,22.128,0,0
leveldb,churn,596,13.269,0,0
leveldb,churn,597,16.380,0,0
leveldb,churn,598,19.730,0,0
leveldb,churn,599,16.774,0,0
leveldb,churn,600,12.993,128849564,0
leveldb,churn,601,16.390,0,0
leveldb,churn,602,18.865,0,0
leveldb,churn,603,14.391,0,0
leveldb,churn,604,18.098,0,0
leveldb,churn,605,16.589,0,0
leveldb,churn,606,20.973,0,0
leveldb,churn,607,14.002,0,0
leveldb,churn,608,12.066,0,0
leveldb,churn,609,19.324,0,0
leveldb,churn,610,17.964,137835339,0
leveldb,churn,611,19.212,0,0
leveldb,churn,612,21.368,0,0
leveldb,churn,613,15.829,0,0
leveldb,churn,614,19.466,0,0
leveldb,churn,615,21.017,0,0
leveldb,churn,616,15.124,0,0
leveldb,churn,617,15.555,0,0
leveldb,churn,618,13.349,0,0
leveldb,churn,619,14.214,0,0
leveldb,churn,620,16.846,133646254,0
leveldb,churn,621,11.421,0,0
leveldb,churn,622,21.571,0,0
leveldb,churn,623,18.831,0,0
leveldb,churn,624,20.725,0,0
leveldb,churn,625,19.864,0,0
leveldb,churn,626,17.720,0,0
leveldb,churn,627,18.432,0,0
leveldb,churn,628,18.418,0,0
leveldb,churn,629,18.660,0,0
leveldb,churn,630,22.453,128835204,0
leveldb,churn,631,21.412,0,0
leveldb,churn,632,17.645,0,0
leveldb,churn,633,18.160,0,0
leveldb,churn,634,22.686,0,0
leveldb,churn,635,20.936,0,0
leveldb,churn,636,15.780,0,0
leveldb,churn,637,16.727,0,0
leveldb,churn,638,13.186,0,0
leveldb,churn,639,21.199,0,0
leveldb,churn,640,17.752,135598028,0
leveldb,churn,641,36.011,0,0
leveldb,churn,642,20.195,0,0
leveldb,churn,643,23.390,0,0
leveldb,churn,644,19.510,0,0
leveldb,churn,645,16.685,0,0
leveldb,churn,646,17.688,0,0
leveldb,churn,647,18.655,0,0
leveldb,churn,648,19.159,0,0
leveldb,churn,649,16.516,0,0
leveldb,churn,650,30.813,133018511,0
leveldb,churn,651,16.180,0,0
leveldb,churn,652,24.198,0,0
leveldb,churn,653,13.647,0,0
leveldb,churn,654,18.176,0,0
leveldb,churn,655,18.898,0,0
leveldb,churn,656,24.046,0,0
leveldb,churn,657,17.802,0,0
leveldb,churn,658,22.167,0,0
leveldb,churn,659,19.836,0,0
leveldb,churn,660,16.877,135428179,0
leveldb,churn,661,21.003,0,0
leveldb,churn,662,16.451,0,0
leveldb,churn,663,22.168,0,0
leveldb,churn,664,14.361,0,0
leveldb,churn,665,36.586,0,0
leveldb,churn,666,23.541,0,0
leveldb,churn,667,18.975,0,0
leveldb,churn,668,27.208,0,0
leveldb,churn,669,25.712,0,0
leveldb,churn,670,33.957,133934613,0
leveldb,churn,671,35.987,0,0
leveldb,churn,672,23.135,0,0
leveldb,churn,673,28.653,0,0
leveldb,churn,674,21.565,0,0
leveldb,churn,675,14.620,0,0
leveldb,churn,676,19.847,0,0
leveldb,churn,677,16.460,0,0
leveldb,churn,678,19.074,0,0
leveldb,churn,679,22.269,0,0
leveldb,churn,680,18.327,138313285,0
leveldb,churn,681,19.863,0,0
leveldb,churn,682,18.186,0,0
leveldb,churn,683,19.646,0,0
leveldb,churn,684,18.028,0,0
leveldb,churn,685,19.465,0,0
leveldb,churn,686,17.981,0,0
leveldb,churn,687,20.510,0,0
leveldb,churn,688,18.367,0,0
leveldb,churn,689,18.615,0,0
leveldb,churn,690,22.686,145185427,0
leveldb,churn,691,21.716,0,0
leveldb,churn,692,22.270,0,0
leveldb,churn,693,26.321,0,0
leveldb,churn,694,20.907,0,0
leveldb,churn,695,36.700,0,0
leveldb,churn,696,18.069,0,0
leveldb,churn,697,31.349,0,0
leveldb,churn,698,26.061,0,0
leveldb,churn,699,32.015,0,0
leveldb,churn,700,18.260,132538709,0
leveldb,churn,701,20.611,0,0
leveldb,churn,702,18.130,0,0
leveldb,churn,703,20.066,0,0
leveldb,churn,704,16.732,0,0
leveldb,churn,705,22.554,0,0
leveldb,churn,706,21.353,0,0
leveldb,churn,707,21.668,0,0
leveldb,churn,708,16.451,0,0
leveldb,churn,709,24.127,0,0
leveldb,churn,710,15.754,139877818,0
leveldb,churn,711,24.971,0,0
leveldb,churn,712,17.637,0,0
leveldb,churn,713,20.221,0,0
leveldb,churn,714,22.698,0,0
leveldb,churn,715,21.533,0,0
leveldb,churn,716,19.665,0,0
leveldb,churn,717,19.866,0,0
leveldb,churn,718,17.990,0,0
leveldb,churn,719,21.237,0,0
leveldb,churn,720,18.378,132567156,0
leveldb,churn,721,16.004,0,0
leveldb,churn,722,19.205,0,0
leveldb,churn,723,16.853,0,0
leveldb,churn,724,20.085,0,0
leveldb,churn,725,16.732,0,0
leveldb,churn,726,25.805,0,0
leveldb,churn,727,12.802,0,0
leveldb,churn,728,16.949,0,0
leveldb,churn,729,19.863,0,0
leveldb,churn,730,17.418,133485058,0
leveldb,churn,731,23.159,0,0
leveldb,churn,732,17.624,0,0
leveldb,churn,733,14.552,0,0
leveldb,churn,734,14.931,0,0
leveldb,churn,735,17.089,0,0
leveldb,churn,736,18.299,0,0
leveldb,churn,737,15.375,0,0
leveldb,churn,738,17.408,0,0
leveldb,churn,739,15.054,0,0
leveldb,churn,740,18.493,139806234,0
leveldb,churn,741,17.486,0,0
leveldb,churn,742,16.435,0,0
leveldb,churn,743,18.251,0,0
leveldb,churn,744,14.639,0,0
leveldb,churn,745,14.605,0,0
leveldb,churn,746,20.292,0,0
leveldb,churn,747,12.902,0,0
leveldb,churn,748,18.826,0,0
leveldb,churn,749,19.284,0,0
leveldb,churn,750,12.446,148072554,0
leveldb,churn,751,15.148,0,0
leveldb,churn,752,19.366,0,0
leveldb,churn,753,11.620,0,0
leveldb,churn,754,14.620,0,0
leveldb,churn,755,13.995,0,0
leveldb,churn,756,13.652,0,0
leveldb,churn,757,11.406,0,0
leveldb,churn,758,16.055,0,0
leveldb,churn,759,13.673,0,0
leveldb,churn,760,14.044,135599274,0
leveldb,churn,761,13.003,0,0
leveldb,churn,762,13.005,0,0
leveldb,churn,763,12.137,0,0
leveldb,churn,764,15.440,0,0
leveldb,churn,765,17.887,0,0
leveldb,churn,766,12.669,0,0
leveldb,churn,767,14.742,0,0
leveldb,churn,768,16.784,0,0
leveldb,churn,769,12.599,0,0
leveldb,churn,770,14.761,131959462,0
leveldb,churn,771,11.247,0,0
leveldb,churn,772,12.087,0,0
leveldb,churn,773,13.164,0,0
leveldb,churn,774,16.253,0,0
leveldb,churn,775,15.992,0,0
leveldb,churn,776,10.831,0,0
leveldb,churn,777,17.347,0,0
leveldb,churn,778,21.667,0,0
leveldb,churn,779,21.269,0,0
leveldb,churn,780,17.392,136546254,0
leveldb,churn,781,12.634,0,0
leveldb,churn,782,13.415,0,0
leveldb,churn,783,13.982,0,0
leveldb,churn,784,12.368,0,0
leveldb,churn,785,23.642,0,0
leveldb,churn,786,19.903,0,0
leveldb,churn,787,19.120,0,0
leveldb,churn,788,16.800,0,0
leveldb,churn,789,20.331,0,0
leveldb,churn,790,12.521,138750587,0
leveldb,churn,791,15.213,0,0
leveldb,churn,792,13.229,0,0
leveldb,churn,793,13.221,0,0
leveldb,churn,794,21.229,0,0
leveldb,churn,795,22.106,0,0
leveldb,churn,796,13.885,0,0
leveldb,churn,797,11.621,0,0
leveldb,churn,798,17.799,0,0
leveldb,churn,799,20.673,0,0
leveldb,churn,800,19.614,137848666,0
leveldb,churn,801,14.503,0,0
leveldb,churn,802,12.352,0,0
leveldb,churn,803,12.964,0,0
leveldb,churn,804,10.074,0,0
leveldb,churn,805,17.865,0,0
leveldb,churn,806,18.799,0,0
leveldb,churn,807,15.982,0,0
leveldb,churn,808,12.875,0,0
leveldb,churn,809,13.050,0,0
leveldb,churn,810,13.648,136530334,0
leveldb,churn,811,13.247,0,0
leveldb,churn,812,17.061,0,0
leveldb,churn,813,19.966,0,0
leveldb,churn,814,19.485,0,0
leveldb,churn,815,16.629,0,0
leveldb,churn,816,16.941,0,0
leveldb,churn,817,15.292,0,0
leveldb,churn,818,19.373,0,0
leveldb,churn,819,12.741,0,0
leveldb,churn,820,14.512,133518405,0
leveldb,churn,821,16.292,0,0
leveldb,churn,822,15.288,0,0
leveldb,churn,823,11.771,0,0
leveldb,churn,824,10.583,0,0
leveldb,churn,825,14.579,0,0
leveldb,churn,826,12.303,0,0
leveldb,churn,827,12.976,0,0
leveldb,churn,828,16.270,0,0
leveldb,churn,829,14.324,0,0
leveldb,churn,830,14.313,133351850,0
leveldb,churn,831,15.226,0,0
leveldb,churn,832,12.125,0,0
leveldb,churn,833,17.148,0,0
leveldb,churn,834,13.361,0,0
leveldb,churn,835,17.012,0,0
leveldb,churn,836,15.925,0,0
leveldb,churn,837,14.744,0,0
leveldb,churn,838,19.509,0,0
leveldb,churn,839,14.032,0,0
leveldb,churn,840,16.458,139165011,0
leveldb,churn,841,14.759,0,0
leveldb,churn,842,13.070,0,0
leveldb,churn,843,13.548,0,0
leveldb,churn,844,15.668,0,0
leveldb,churn,845,18.959,0,0
leveldb,churn,846,16.795,0,0
leveldb,churn,847,14.797,0,0
leveldb,churn,848,15.043,0,0
leveldb,churn,849,12.045,0,0
leveldb,churn,850,19.811,140609416,0
leveldb,churn,851,16.315,0,0
leveldb,churn,852,13.535,0,0
leveldb,churn,853,26.104,0,0
leveldb,churn,854,17.065,0,0
leveldb,churn,855,17.849,0,0
leveldb,churn,856,14.253,0,0
leveldb,churn,857,13.675,0,0
leveldb,churn,858,13.769,0,0
leveldb,churn,859,13.974,0,0
leveldb,churn,860,15.009,138093053,0
leveldb,churn,861,19.516,0,0
leveldb,churn,862,11.195,0,0
leveldb,churn,863,15.887,0,0
leveldb,churn,864,14.504,0,0
leveldb,churn,865,20.207,0,0
leveldb,churn,866,20.180,0,0
leveldb,churn,867,16.982,0,0
leveldb,churn,868,13.274,0,0
leveldb,churn,869,10.868,0,0
leveldb,churn,870,13.293,146157026,0
leveldb,churn,871,16.915,0,0
leveldb,churn,872,13.558,0,0
leveldb,churn,873,15.046,0,0
leveldb,churn,874,17.023,0,0
leveldb,churn,875,15.273,0,0
leveldb,churn,876,16.227,0,0
leveldb,churn,877,12.914,0,0
leveldb,churn,878,13.066,0,0
leveldb,churn,879,15.985,0,0
leveldb,churn,880,13.192,135559849,0
leveldb,churn,881,11.790,0,0
leveldb,churn,882,12.279,0,0
leveldb,churn,883,16.344,0,0
leveldb,churn,884,16.506,0,0
leveldb,churn,885,12.775,0,0
leveldb,churn,886,17.270,0,0
leveldb,churn,887,15.336,0,0
leveldb,churn,888,19.370,0,0
leveldb,churn,889,14.773,0,0
leveldb,churn,890,14.217,134226970,0
leveldb,churn,891,15.997,0,0
leveldb,churn,892,19.404,0,0
leveldb,churn,893,15.761,0,0
leveldb,churn,894,11.197,0,0
leveldb,churn,895,15.329,0,0
leveldb,churn,896,18.750,0,0
leveldb,churn,897,14.226,0,0
leveldb,churn,898,15.431,0,0
leveldb,churn,899,13.534,0,0
leveldb,churn,900,12.249,143394431,0
leveldb,churn,901,13.347,0,0
leveldb,churn,902,11.566,0,0
leveldb,churn,903,13.422,0,0
leveldb,churn,904,18.009,0,0
leveldb,churn,905,12.365,0,0
leveldb,churn,906,18.690,0,0
leveldb,churn,907,13.272,0,0
leveldb,churn,908,16.685,0,0
leveldb,churn,909,16.127,0,0
leveldb,churn,910,15.836,138757910,0
leveldb,churn,911,15.276,0,0
leveldb,churn,912,17.618,0,0
leveldb,churn,913,16.294,0,0
leveldb,churn,914,16.713,0,0
leveldb,churn,915,13.633,0,0
leveldb,churn,916,12.324,0,0
leveldb,churn,917,14.477,0,0
leveldb,churn,918,16.785,0,0
leveldb,churn,919,17.808,0,0
leveldb,churn,920,11.082,131061825,0
leveldb,churn,921,28.445,0,0
leveldb,churn,922,14.398,0,0
leveldb,churn,923,13.336,0,0
leveldb,churn,924,16.825,0,0
leveldb,churn,925,12.883,0,0
leveldb,churn,926,17.647,0,0
leveldb,churn,927,15.761,0,0
leveldb,churn,928,17.553,0,0
leveldb,churn,929,17.479,0,0
leveldb,churn,930,13.939,134237085,0
leveldb,churn,931,17.149,0,0
leveldb,churn,932,12.988,0,0
leveldb,churn,933,15.437,0,0
leveldb,churn,934,14.159,0,0
leveldb,churn,935,18.415,0,0
leveldb,churn,936,19.990,0,0
leveldb,churn,937,19.944,0,0
leveldb,churn,938,19.426,0,0
leveldb,churn,939,12.346,0,0
leveldb,churn,940,16.061,145355132,0
leveldb,churn,941,15.717,0,0
leveldb,churn,942,11.645,0,0
leveldb,churn,943,13.518,0,0
leveldb,churn,944,11.804,0,0
leveldb,churn,945,11.390,0,0
leveldb,churn,946,12.273,0,0
leveldb,churn,947,11.791,0,0
leveldb,churn,948,13.952,0,0
leveldb,churn,949,18.788,0,0
leveldb,churn,950,10.808,134292539,0
leveldb,churn,951,16.678,0,0
leveldb,churn,952,13.697,0,0
leveldb,churn,953,10.353,0,0
leveldb,churn,954,16.536,0,0
leveldb,churn,955,12.076,0,0
leveldb,churn,956,10.346,0,0
leveldb,churn,957,9.630,0,0
leveldb,churn,958,13.192,0,0
leveldb,churn,959,15.861,0,0
leveldb,churn,960,10.801,137764906,0
leveldb,churn,961,14.657,0,0
leveldb,churn,962,15.585,0,0
leveldb,churn,963,19.292,0,0
leveldb,churn,964,16.711,0,0
leveldb,churn,965,16.394,0,0
leveldb,churn,966,13.057,0,0
leveldb,churn,967,14.858,0,0
leveldb,churn,968,24.416,0,0
leveldb,churn,969,28.066,0,0
leveldb,churn,970,39.028,142830988,0
leveldb,churn,971,12.602,0,0
leveldb,churn,972,15.180,0,0
leveldb,churn,973,16.960,0,0
leveldb,churn,974,17.401,0,0
leveldb,churn,975,13.298,0,0
leveldb,churn,976,13.416,0,0
leveldb,churn,977,13.619,0,0
leveldb,churn,978,18.607,0,0
leveldb,churn,979,15.060,0,0
leveldb,churn,980,14.505,140407268,0
leveldb,churn,981,17.030,0,0
leveldb,churn,982,18.903,0,0
leveldb,churn,983,11.564,0,0
leveldb,churn,984,20.850,0,0
leveldb,churn,985,25.183,0,0
leveldb,churn,986,19.764,0,0
leveldb,churn,987,24.314,0,0
leveldb,churn,988,16.429,0,0
leveldb,churn,989,12.817,0,0
leveldb,churn,990,15.318,135915224,0
leveldb,churn,991,30.660,0,0
leveldb,churn,992,16.164,0,0
leveldb,churn,993,24.181,0,0
leveldb,churn,994,32.263,0,0
leveldb,churn,995,20.502,0,0
leveldb,churn,996,24.061,0,0
leveldb,churn,997,13.194,0,0
leveldb,churn,998,24.662,0,0
leveldb,churn,999,20.297,0,0
leveldb,churn,1000,13.340,134173652,0
leveldb,churn,1001,19.748,0,0
leveldb,churn,1002,16.811,0,0
leveldb,churn,1003,13.832,0,0
leveldb,churn,1004,19.308,0,0
leveldb,churn,1005,11.730,0,0
leveldb,churn,1006,14.090,0,0
leveldb,churn,1007,19.981,0,0
leveldb,churn,1008,24.651,0,0
leveldb,churn,1009,27.608,0,0
leveldb,churn,1010,15.222,136305363,0
leveldb,churn,1011,16.883,0,0
leveldb,churn,1012,12.157,0,0
leveldb,churn,1013,21.372,0,0
leveldb,churn,1014,11.898,0,0
leveldb,churn,1015,12.708,0,0
leveldb,churn,1016,11.756,0,0
leveldb,churn,1017,10.915,0,0
leveldb,churn,1018,18.042,0,0
leveldb,churn,1019,13.850,0,0
leveldb,churn,1020,15.057,136353383,0
leveldb,churn,1021,18.913,0,0
leveldb,churn,1022,17.650,0,0
leveldb,churn,1023,13.581,0,0
leveldb,churn,1024,18.627,0,0
leveldb,churn,1025,14.507,0,0
leveldb,churn,1026,16.225,0,0
leveldb,churn,1027,14.134,0,0
leveldb,churn,1028,10.948,0,0
leveldb,churn,1029,13.331,0,0
leveldb,churn,1030,11.216,135204436,0
leveldb,churn,1031,16.772,0,0
leveldb,churn,1032,14.900,0,0
leveldb,churn,1033,15.201,0,0
leveldb,churn,1034,11.725,0,0
leveldb,churn,1035,21.381,0,0
leveldb,churn,1036,10.321,0,0
leveldb,churn,1037,16.551,0,0
leveldb,churn,1038,14.372,0,0
leveldb,churn,1039,13.095,0,0
leveldb,churn,1040,16.263,135214493,0
leveldb,churn,1041,17.151,0,0
leveldb,churn,1042,14.955,0,0
leveldb,churn,1043,16.381,0,0
leveldb,churn,1044,10.375,0,0
leveldb,churn,1045,14.625,0,0
leveldb,churn,1046,15.628,0,0
leveldb,churn,1047,16.044,0,0
leveldb,churn,1048,11.956,0,0
leveldb,churn,1049,13.811,0,0
leveldb,churn,1050,14.013,139553581,0
leveldb,churn,1051,13.983,0,0
leveldb,churn,1052,17.737,0,0
leveldb,churn,1053,15.834,0,0
leveldb,churn,1054,12.482,0,0
leveldb,churn,1055,13.080,0,0
leveldb,churn,1056,10.969,0,0
leveldb,churn,1057,13.820,0,0
leveldb,churn,1058,17.216,0,0
leveldb,churn,1059,16.679,0,0
leveldb,churn,1060,10.447,137525017,0
leveldb,churn,1061,19.477,0,0
leveldb,churn,1062,22.938,0,0
leveldb,churn,1063,25.104,0,0
leveldb,churn,1064,14.350,0,0
leveldb,churn,1065,13.935,0,0
leveldb,churn,1066,16.046,0,0
leveldb,churn,1067,15.378,0,0
leveldb,churn,1068,16.661,0,0
leveldb,churn,1069,14.288,0,0
leveldb,churn,1070,11.857,140749254,0
leveldb,churn,1071,13.459,0,0
leveldb,churn,1072,20.757,0,0
leveldb,churn,1073,15.871,0,0
leveldb,churn,1074,16.412,0,0
leveldb,churn,1075,19.745,0,0
leveldb,churn,1076,16.812,0,0
leveldb,churn,1077,12.434,0,0
leveldb,churn,1078,15.822,0,0
leveldb,churn,1079,15.897,0,0
leveldb,churn,1080,11.374,136626123,0
leveldb,churn,1081,12.159,0,0
leveldb,churn,1082,16.365,0,0
leveldb,churn,1083,14.105,0,0
leveldb,churn,1084,14.559,0,0
leveldb,churn,1085,17.716,0,0
leveldb,churn,1086,22.461,0,0
leveldb,churn,1087,15.159,0,0
leveldb,churn,1088,19.841,0,0
leveldb,churn,1089,18.010,0,0
leveldb,churn,1090,13.310,130798408,0
leveldb,churn,1091,13.485,0,0
leveldb,churn,1092,14.651,0,0
leveldb,churn,1093,17.766,0,0
leveldb,churn,1094,10.934,0,0
leveldb,churn,1095,18.005,0,0
leveldb,churn,1096,15.669,0,0
leveldb,churn,1097,15.574,0,0
leveldb,churn,1098,18.514,0,0
leveldb,churn,1099,16.406,0,0
leveldb,churn,1100,11.723,136027205,0
leveldb,churn,1101,28.257,0,0
leveldb,churn,1102,14.307,0,0
leveldb,churn,1103,16.437,0,0
leveldb,churn,1104,16.073,0,0
leveldb,churn,1105,13.841,0,0
leveldb,churn,1106,22.817,0,0
leveldb,churn,1107,15.070,0,0
leveldb,churn,1108,12.690,0,0
leveldb,churn,1109,15.052,0,0
leveldb,churn,1110,15.237,139260516,0
leveldb,churn,1111,12.621,0,0
leveldb,churn,1112,17.614,0,0
leveldb,churn,1113,13.539,0,0
leveldb,churn,1114,16.760,0,0
leveldb,churn,1115,17.208,0,0
leveldb,churn,1116,15.529,0,0
leveldb,churn,1117,13.985,0,0
leveldb,churn,1118,12.660,0,0
leveldb,churn,1119,16.252,0,0
leveldb,churn,1120,16.504,138904497,0
leveldb,churn,1121,15.823,0,0
leveldb,churn,1122,12.527,0,0
leveldb,churn,1123,12.482,0,0
leveldb,churn,1124,18.366,0,0
leveldb,churn,1125,14.783,0,0
leveldb,churn,1126,13.368,0,0
leveldb,churn,1127,13.920,0,0
leveldb,churn,1128,17.099,0,0
leveldb,churn,1129,16.871,0,0
leveldb,churn,1130,19.867,133586624,0
leveldb,churn,1131,19.240,0,0
leveldb,churn,1132,15.249,0,0
leveldb,churn,1133,15.864,0,0
leveldb,churn,1134,17.454,0,0
leveldb,churn,1135,14.588,0,0
leveldb,churn,1136,15.243,0,0
leveldb,churn,1137,17.429,0,0
leveldb,churn,1138,13.223,0,0
leveldb,churn,1139,14.284,0,0
leveldb,churn,1140,16.748,132585132,0
leveldb,churn,1141,16.048,0,0
leveldb,churn,1142,14.052,0,0
leveldb,churn,1143,13.341,0,0
leveldb,churn,1144,19.845,0,0
leveldb,churn,1145,16.744,0,0
leveldb,churn,1146,15.347,0,0
leveldb,churn,1147,19.080,0,0
leveldb,churn,1148,19.699,0,0
leveldb,churn,1149,15.278,0,0
leveldb,churn,1150,13.957,139229717,0
leveldb,churn,1151,14.525,0,0
leveldb,churn,1152,12.438,0,0
leveldb,churn,1153,21.169,0,0
leveldb,churn,1154,16.813,0,0
leveldb,churn,1155,13.568,0,0
leveldb,churn,1156,20.030,0,0
leveldb,churn,1157,28.478,0,0
leveldb,churn,1158,12.912,0,0
leveldb,churn,1159,18.577,0,0
leveldb,churn,1160,18.383,130886863,0
leveldb,churn,1161,10.740,0,0
leveldb,churn,1162,16.496,0,0
leveldb,churn,1163,13.859,0,0
leveldb,churn,1164,20.273,0,0
leveldb,churn,1165,16.321,0,0
leveldb,churn,1166,11.638,0,0
leveldb,churn,1167,15.960,0,0
leveldb,churn,1168,20.718,0,0
leveldb,churn,1169,18.945,0,0
leveldb,churn,1170,18.851,134709511,0
leveldb,churn,1171,25.535,0,0
leveldb,churn,1172,18.235,0,0
leveldb,churn,1173,16.262,0,0
leveldb,churn,1174,24.011,0,0
leveldb,churn,1175,33.980,0,0
leveldb,churn,1176,15.352,0,0
leveldb,churn,1177,23.618,0,0
leveldb,churn,1178,18.206,0,0
leveldb,churn,1179,17.971,0,0
leveldb,churn,1180,24.847,141559015,0
leveldb,churn,1181,22.878,0,0
leveldb,churn,1182,17.679,0,0
leveldb,churn,1183,19.555,0,0
leveldb,churn,1184,18.060,0,0
leveldb,churn,1185,15.117,0,0
leveldb,churn,1186,19.556,0,0
leveldb,churn,1187,15.814,0,0
leveldb,churn,1188,13.602,0,0
leveldb,churn,1189,19.052,0,0
leveldb,churn,1190,12.665,140716702,0
leveldb,churn,1191,14.523,0,0
leveldb,churn,1192,17.261,0,0
leveldb,churn,1193,21.392,0,0
leveldb,churn,1194,19.627,0,0
leveldb,churn,1195,15.974,0,0
leveldb,churn,1196,13.521,0,0
leveldb,churn,1197,12.046,0,0
leveldb,churn,1198,14.483,0,0
leveldb,churn,1199,19.699,0,0
leveldb,churn,1200,15.898,140138208,0
leveldb,churn,1201,16.536,0,0
leveldb,churn,1202,16.994,0,0
leveldb,churn,1203,15.493,0,0
leveldb,churn,1204,17.230,0,0
leveldb,churn,1205,13.167,0,0
leveldb,churn,1206,14.897,0,0
leveldb,churn,1207,13.873,0,0
leveldb,churn,1208,17.909,0,0
leveldb,churn,1209,13.292,0,0
leveldb,churn,1210,14.066,140779948,0
leveldb,churn,1211,12.282,0,0
leveldb,churn,1212,17.779,0,0
leveldb,churn,1213,16.987,0,0
leveldb,churn,1214,15.561,0,0
leveldb,churn,1215,23.323,0,0
leveldb,churn,1216,14.983,0,0
leveldb,churn,1217,18.935,0,0
leveldb,churn,1218,30.075,0,0
leveldb,churn,1219,22.978,0,0
leveldb,churn,1220,16.466,136721049,0
leveldb,churn,1221,18.335,0,0
leveldb,churn,1222,19.707,0,0
leveldb,churn,1223,21.216,0,0
leveldb,churn,1224,20.476,0,0
leveldb,churn,1225,16.907,0,0
leveldb,churn,1226,24.858,0,0
leveldb,churn,1227,21.692,0,0
leveldb,churn,1228,14.998,0,0
leveldb,churn,1229,16.031,0,0
leveldb,churn,1230,16.867,134293179,0
leveldb,churn,1231,15.644,0,0
leveldb,churn,1232,17.122,0,0
leveldb,churn,1233,10.961,0,0
leveldb,churn,1234,16.288,0,0
leveldb,churn,1235,19.075,0,0
leveldb,churn,1236,13.381,0,0
leveldb,churn,1237,19.553,0,0
leveldb,churn,1238,15.547,0,0
leveldb,churn,1239,11.970,0,0
leveldb,churn,1240,17.444,134673514,0
leveldb,churn,1241,15.804,0,0
leveldb,churn,1242,12.905,0,0
leveldb,churn,1243,14.481,0,0
leveldb,churn,1244,12.430,0,0
leveldb,churn,1245,14.180,0,0
leveldb,churn,1246,17.991,0,0
leveldb,churn,1247,18.175,0,0
leveldb,churn,1248,15.072,0,0
leveldb,churn,1249,22.467,0,0
leveldb,churn,1250,18.229,139342917,0
leveldb,churn,1251,18.977,0,0
leveldb,churn,1252,17.790,0,0
leveldb,churn,1253,19.349,0,0
leveldb,churn,1254,17.437,0,0
leveldb,churn,1255,12.796,0,0
leveldb,churn,1256,14.142,0,0
leveldb,churn,1257,16.300,0,0
leveldb,churn,1258,20.991,0,0
leveldb,churn,1259,16.388,0,0
leveldb,churn,1260,17.236,142539812,0
leveldb,churn,1261,17.825,0,0
leveldb,churn,1262,10.850,0,0
leveldb,churn,1263,14.404,0,0
leveldb,churn,1264,10.920,0,0
leveldb,churn,1265,18.619,0,0
leveldb,churn,1266,17.844,0,0
leveldb,churn,1267,14.050,0,0
leveldb,churn,1268,11.417,0,0
leveldb,churn,1269,16.871,0,0
leveldb,churn,1270,15.770,135792684,0
leveldb,churn,1271,14.508,0,0
leveldb,churn,1272,15.630,0,0
leveldb,churn,1273,13.435,0,0
leveldb,churn,1274,13.059,0,0
leveldb,churn,1275,11.131,0,0
leveldb,churn,1276,15.824,0,0
leveldb,churn,1277,13.545,0,0
leveldb,churn,1278,13.517,0,0
leveldb,churn,1279,18.570,0,0
leveldb,churn,1280,20.772,134985866,0
leveldb,churn,1281,11.573,0,0
leveldb,churn,1282,12.948,0,0
leveldb,churn,1283,10.267,0,0
leveldb,churn,1284,9.939,0,0
leveldb,churn,1285,12.701,0,0
leveldb,churn,1286,19.673,0,0
leveldb,churn,1287,10.663,0,0
leveldb,churn,1288,9.772,0,0
leveldb,churn,1289,12.416,0,0
leveldb,churn,1290,15.307,139411219,0
leveldb,churn,1291,16.845,0,0
leveldb,churn,1292,18.291,0,0
leveldb,churn,1293,19.584,0,0
leveldb,churn,1294,16.143,0,0
leveldb,churn,1295,18.303,0,0
leveldb,churn,1296,16.565,0,0
leveldb,churn,1297,17.996,0,0
leveldb,churn,1298,24.902,0,0
leveldb,churn,1299,19.735,0,0
leveldb,churn,1300,17.253,138328981,0
leveldb,churn,1301,18.923,0,0
leveldb,churn,1302,12.620,0,0
leveldb,churn,1303,16.977,0,0
leveldb,churn,1304,16.033,0,0
leveldb,churn,1305,15.799,0,0
leveldb,churn,1306,17.156,0,0
leveldb,churn,1307,17.405,0,0
leveldb,churn,1308,16.145,0,0
leveldb,churn,1309,16.506,0,0
leveldb,churn,1310,11.891,133655834,0
leveldb,churn,1311,16.136,0,0
leveldb,churn,1312,14.911,0,0
leveldb,churn,1313,11.152,0,0
leveldb,churn,1314,13.560,0,0
leveldb,churn,1315,17.572,0,0
leveldb,churn,1316,15.057,0,0
leveldb,churn,1317,12.873,0,0
leveldb,churn,1318,16.445,0,0
leveldb,churn,1319,12.079,0,0
leveldb,churn,1320,15.959,142321833,0
leveldb,churn,1321,17.941,0,0
leveldb,churn,1322,19.087,0,0
leveldb,churn,1323,14.912,0,0
leveldb,churn,1324,10.604,0,0
leveldb,churn,1325,15.594,0,0
leveldb,churn,1326,20.130,0,0
leveldb,churn,1327,20.951,0,0
leveldb,churn,1328,21.160,0,0
leveldb,churn,1329,14.515,0,0
leveldb,churn,1330,11.636,136552186,0
leveldb,churn,1331,14.386,0,0
leveldb,churn,1332,15.684,0,0
leveldb,churn,1333,16.067,0,0
leveldb,churn,1334,16.192,0,0
leveldb,churn,1335,11.094,0,0
leveldb,churn,1336,17.721,0,0
leveldb,churn,1337,17.456,0,0
leveldb,churn,1338,16.320,0,0
leveldb,churn,1339,15.277,0,0
leveldb,churn,1340,13.824,136328479,0
leveldb,churn,1341,13.535,0,0
leveldb,churn,1342,13.139,0,0
leveldb,churn,1343,14.583,0,0
leveldb,churn,1344,17.384,0,0
leveldb,churn,1345,15.846,0,0
leveldb,churn,1346,14.760,0,0
leveldb,churn,1347,13.963,0,0
leveldb,churn,1348,14.896,0,0
leveldb,churn,1349,15.418,0,0
leveldb,churn,1350,15.133,139590365,0
leveldb,churn,1351,18.261,0,0
leveldb,churn,1352,15.515,0,0
leveldb,churn,1353,18.847,0,0
leveldb,churn,1354,15.404,0,0
leveldb,churn,1355,13.815,0,0
leveldb,churn,1356,12.959,0,0
leveldb,churn,1357,11.743,0,0
leveldb,churn,1358,15.533,0,0
leveldb,churn,1359,15.453,0,0
leveldb,churn,1360,17.065,141086230,0
leveldb,churn,1361,17.903,0,0
leveldb,churn,1362,18.127,0,0
leveldb,churn,1363,17.131,0,0
leveldb,churn,1364,21.993,0,0
leveldb,churn,1365,13.707,0,0
leveldb,churn,1366,18.720,0,0
leveldb,churn,1367,16.628,0,0
leveldb,churn,1368,12.690,0,0
leveldb,churn,1369,14.843,0,0
leveldb,churn,1370,17.203,137322131,0
leveldb,churn,1371,13.580,0,0
leveldb,churn,1372,11.073,0,0
leveldb,churn,1373,13.158,0,0
leveldb,churn,1374,10.393,0,0
leveldb,churn,1375,15.562,0,0
leveldb,churn,1376,16.491,0,0
leveldb,churn,1377,15.931,0,0
leveldb,churn,1378,13.907,0,0
leveldb,churn,1379,14.617,0,0
leveldb,churn,1380,13.424,139604245,0
leveldb,churn,1381,12.230,0,0
leveldb,churn,1382,15.690,0,0
leveldb,churn,1383,19.693,0,0
leveldb,churn,1384,18.945,0,0
leveldb,churn,1385,16.426,0,0
leveldb,churn,1386,13.966,0,0
leveldb,churn,1387,16.736,0,0
leveldb,churn,1388,16.718,0,0
leveldb,churn,1389,11.576,0,0
leveldb,churn,1390,20.089,134913765,0
leveldb,churn,1391,19.335,0,0
leveldb,churn,1392,20.100,0,0
leveldb,churn,1393,19.551,0,0
leveldb,churn,1394,18.633,0,0
leveldb,churn,1395,13.668,0,0
leveldb,churn,1396,14.484,0,0
leveldb,churn,1397,15.178,0,0
leveldb,churn,1398,17.256,0,0
leveldb,churn,1399,18.759,0,0
leveldb,churn,1400,18.116,168124684,0
leveldb,churn,1401,19.771,0,0
leveldb,churn,1402,19.248,0,0
leveldb,churn,1403,18.115,0,0
leveldb,churn,1404,21.630,0,0
leveldb,churn,1405,19.282,0,0
leveldb,churn,1406,20.178,0,0
leveldb,churn,1407,10.584,0,0
leveldb,churn,1408,11.324,0,0
leveldb,churn,1409,18.646,0,0
leveldb,churn,1410,12.920,133248843,0
leveldb,churn,1411,10.925,0,0
leveldb,churn,1412,16.775,0,0
leveldb,churn,1413,18.151,0,0
leveldb,churn,1414,19.006,0,0
leveldb,churn,1415,17.871,0,0
leveldb,churn,1416,13.474,0,0
leveldb,churn,1417,13.048,0,0
leveldb,churn,1418,14.024,0,0
leveldb,churn,1419,11.394,0,0
leveldb,churn,1420,13.945,136360394,0
leveldb,churn,1421,12.843,0,0
leveldb,churn,1422,12.895,0,0
leveldb,churn,1423,14.129,0,0
leveldb,churn,1424,16.647,0,0
leveldb,churn,1425,12.485,0,0
leveldb,churn,1426,23.722,0,0
leveldb,churn,1427,17.877,0,0
leveldb,churn,1428,19.392,0,0
leveldb,churn,1429,20.753,0,0
leveldb,churn,1430,15.444,131444274,0
leveldb,churn,1431,24.979,0,0
leveldb,churn,1432,11.644,0,0
leveldb,churn,1433,19.313,0,0
leveldb,churn,1434,14.464,0,0
leveldb,churn,1435,13.140,0,0
leveldb,churn,1436,18.251,0,0
leveldb,churn,1437,21.897,0,0
leveldb,churn,1438,14.910,0,0
leveldb,churn,1439,19.383,0,0
leveldb,churn,1440,10.557,135796205,0
leveldb,churn,1441,17.480,0,0
leveldb,churn,1442,14.461,0,0
leveldb,churn,1443,19.889,0,0
leveldb,churn,1444,27.383,0,0
leveldb,churn,1445,20.838,0,0
leveldb,churn,1446,16.739,0,0
leveldb,churn,1447,13.452,0,0
leveldb,churn,1448,15.195,0,0
leveldb,churn,1449,13.006,0,0
leveldb,churn,1450,16.063,135153260,0
leveldb,churn,1451,10.663,0,0
leveldb,churn,1452,12.750,0,0
leveldb,churn,1453,14.179,0,0
leveldb,churn,1454,16.812,0,0
leveldb,churn,1455,17.176,0,0
leveldb,churn,1456,11.684,0,0
leveldb,churn,1457,17.902,0,0
leveldb,churn,1458,11.676,0,0
leveldb,churn,1459,12.939,0,0
leveldb,churn,1460,12.729,137999589,0
leveldb,churn,1461,10.939,0,0
leveldb,churn,1462,13.163,0,0
leveldb,churn,1463,12.176,0,0
leveldb,churn,1464,14.021,0,0
leveldb,churn,1465,13.530,0,0
leveldb,churn,1466,17.731,0,0
leveldb,churn,1467,17.884,0,0
leveldb,churn,1468,17.360,0,0
leveldb,churn,1469,15.088,0,0
leveldb,churn,1470,15.826,135122077,0
leveldb,churn,1471,16.164,0,0
leveldb,churn,1472,14.467,0,0
leveldb,churn,1473,12.008,0,0
leveldb,churn,1474,23.299,0,0
leveldb,churn,1475,20.026,0,0
leveldb,churn,1476,15.835,0,0
leveldb,churn,1477,18.490,0,0
leveldb,churn,1478,16.088,0,0
leveldb,churn,1479,16.584,0,0
leveldb,churn,1480,10.055,137330278,0
leveldb,churn,1481,12.186,0,0
leveldb,churn,1482,16.226,0,0
leveldb,churn,1483,15.951,0,0
leveldb,churn,1484,15.197,0,0
leveldb,churn,1485,14.851,0,0
leveldb,churn,1486,14.260,0,0
leveldb,churn,1487,21.179,0,0
leveldb,churn,1488,18.138,0,0
leveldb,churn,1489,12.109,0,0
leveldb,churn,1490,16.767,140175719,0
leveldb,churn,1491,15.461,0,0
leveldb,churn,1492,13.908,0,0
leveldb,churn,1493,13.617,0,0
leveldb,churn,1494,11.281,0,0
leveldb,churn,1495,20.320,0,0
leveldb,churn,1496,14.831,0,0
leveldb,churn,1497,12.284,0,0
leveldb,churn,1498,12.881,0,0
leveldb,churn,1499,13.417,0,0
leveldb,churn,1500,19.064,148338799,0
leveldb,churn,1501,13.233,0,0
leveldb,churn,1502,20.575,0,0
leveldb,churn,1503,25.381,0,0
leveldb,churn,1504,14.506,0,0
leveldb,churn,1505,30.474,0,0
leveldb,churn,1506,15.121,0,0
leveldb,churn,1507,20.381,0,0
leveldb,churn,1508,16.248,0,0
leveldb,churn,1509,13.809,0,0
leveldb,churn,1510,20.634,141040922,0
leveldb,churn,1511,12.643,0,0
leveldb,churn,1512,11.128,0,0
leveldb,churn,1513,12.779,0,0
leveldb,churn,1514,15.878,0,0
leveldb,churn,1515,15.647,0,0
leveldb,churn,1516,21.543,0,0
leveldb,churn,1517,15.379,0,0
leveldb,churn,1518,39.757,0,0
leveldb,churn,1519,14.251,0,0
leveldb,churn,1520,22.088,141043567,0
leveldb,churn,1521,22.646,0,0
leveldb,churn,1522,31.080,0,0
leveldb,churn,1523,19.006,0,0
leveldb,churn,1524,15.142,0,0
leveldb,churn,1525,18.557,0,0
leveldb,churn,1526,12.690,0,0
leveldb,churn,1527,19.572,0,0
leveldb,churn,1528,15.348,0,0
leveldb,churn,1529,12.753,0,0
leveldb,churn,1530,13.438,139237350,0
leveldb,churn,1531,15.568,0,0
leveldb,churn,1532,22.159,0,0
leveldb,churn,1533,18.660,0,0
leveldb,churn,1534,15.525,0,0
leveldb,churn,1535,14.223,0,0
leveldb,churn,1536,14.097,0,0
leveldb,churn,1537,15.742,0,0
leveldb,churn,1538,15.797,0,0
leveldb,churn,1539,12.548,0,0
leveldb,churn,1540,12.233,144217653,0
leveldb,churn,1541,12.885,0,0
leveldb,churn,1542,11.877,0,0
leveldb,churn,1543,16.915,0,0
leveldb,churn,1544,26.811,0,0
leveldb,churn,1545,12.529,0,0
leveldb,churn,1546,17.400,0,0
leveldb,churn,1547,17.009,0,0
leveldb,churn,1548,13.952,0,0
leveldb,churn,1549,22.205,0,0
leveldb,churn,1550,20.885,133882480,0
leveldb,churn,1551,24.060,0,0
leveldb,churn,1552,16.580,0,0
leveldb,churn,1553,13.891,0,0
leveldb,churn,1554,15.360,0,0
leveldb,churn,1555,15.856,0,0
leveldb,churn,1556,14.940,0,0
leveldb,churn,1557,14.724,0,0
leveldb,churn,1558,14.727,0,0
leveldb,churn,1559,28.264,0,0
leveldb,churn,1560,15.000,157496236,0
leveldb,churn,1561,17.919,0,0
leveldb,churn,1562,17.671,0,0
leveldb,churn,1563,14.453,0,0
leveldb,churn,1564,20.286,0,0
leveldb,churn,1565,16.583,0,0
leveldb,churn,1566,14.176,0,0
leveldb,churn,1567,14.034,0,0
leveldb,churn,1568,15.541,0,0
leveldb,churn,1569,15.074,0,0
leveldb,churn,1570,14.946,137660410,0
leveldb,churn,1571,17.160,0,0
leveldb,churn,1572,16.255,0,0
leveldb,churn,1573,16.452,0,0
leveldb,churn,1574,16.712,0,0
leveldb,churn,1575,14.017,0,0
leveldb,churn,1576,13.187,0,0
leveldb,churn,1577,13.216,0,0
leveldb,churn,1578,17.450,0,0
leveldb,churn,1579,15.103,0,0
leveldb,churn,1580,11.700,138760243,0
leveldb,churn,1581,14.227,0,0
leveldb,churn,1582,19.016,0,0
leveldb,churn,1583,13.800,0,0
leveldb,churn,1584,15.037,0,0
leveldb,churn,1585,12.882,0,0
leveldb,churn,1586,16.819,0,0
leveldb,churn,1587,26.452,0,0
leveldb,churn,1588,26.796,0,0
leveldb,churn,1589,25.578,0,0
leveldb,churn,1590,23.476,144204593,0
leveldb,churn,1591,14.762,0,0
leveldb,churn,1592,17.036,0,0
leveldb,churn,1593,13.931,0,0
leveldb,churn,1594,19.138,0,0
leveldb,churn,1595,15.467,0,0
leveldb,churn,1596,24.353,0,0
leveldb,churn,1597,14.417,0,0
leveldb,churn,1598,11.861,0,0
leveldb,churn,1599,17.147,0,0
leveldb,churn,1600,14.615,136000273,0
leveldb,churn,1601,11.865,0,0
leveldb,churn,1602,13.232,0,0
leveldb,churn,1603,13.637,0,0
leveldb,churn,1604,13.225,0,0
leveldb,churn,1605,15.197,0,0
leveldb,churn,1606,13.147,0,0
leveldb,churn,1607,16.316,0,0
leveldb,churn,1608,11.559,0,0
leveldb,churn,1609,12.743,0,0
leveldb,churn,1610,13.502,142006799,0
leveldb,churn,1611,10.815,0,0
leveldb,churn,1612,11.302,0,0
leveldb,churn,1613,14.382,0,0
leveldb,churn,1614,17.567,0,0
leveldb,churn,1615,14.954,0,0
leveldb,churn,1616,12.300,0,0
leveldb,churn,1617,14.090,0,0
leveldb,churn,1618,14.948,0,0
leveldb,churn,1619,19.437,0,0
leveldb,churn,1620,10.473,142065344,0
leveldb,churn,1621,17.618,0,0
leveldb,churn,1622,16.397,0,0
leveldb,churn,1623,16.166,0,0
leveldb,churn,1624,20.593,0,0
leveldb,churn,1625,21.362,0,0
leveldb,churn,1626,19.730,0,0
leveldb,churn,1627,21.407,0,0
leveldb,churn,1628,13.461,0,0
leveldb,churn,1629,13.459,0,0
leveldb,churn,1630,11.365,144250671,0
leveldb,churn,1631,13.107,0,0
leveldb,churn,1632,15.302,0,0
leveldb,churn,1633,25.375,0,0
leveldb,churn,1634,24.485,0,0
leveldb,churn,1635,20.369,0,0
leveldb,churn,1636,15.260,0,0
leveldb,churn,1637,14.813,0,0
leveldb,churn,1638,14.819,0,0
leveldb,churn,1639,18.653,0,0
leveldb,churn,1640,21.193,145590434,0
leveldb,churn,1641,11.785,0,0
leveldb,churn,1642,12.370,0,0
leveldb,churn,1643,13.470,0,0
leveldb,churn,1644,17.725,0,0
leveldb,churn,1645,16.301,0,0
leveldb,churn,1646,14.490,0,0
leveldb,churn,1647,12.221,0,0
leveldb,churn,1648,18.349,0,0
leveldb,churn,1649,13.948,0,0
leveldb,churn,1650,12.020,143284348,0
leveldb,churn,1651,11.565,0,0
leveldb,churn,1652,16.194,0,0
leveldb,churn,1653,17.027,0,0
leveldb,churn,1654,12.368,0,0
leveldb,churn,1655,14.938,0,0
leveldb,churn,1656,14.999,0,0
leveldb,churn,1657,21.527,0,0
leveldb,churn,1658,11.654,0,0
leveldb,churn,1659,22.837,0,0
leveldb,churn,1660,16.862,138842689,0
leveldb,churn,1661,16.640,0,0
leveldb,churn,1662,13.477,0,0
leveldb,churn,1663,14.567,0,0
leveldb,churn,1664,15.355,0,0
leveldb,churn,1665,11.381,0,0
leveldb,churn,1666,14.026,0,0
leveldb,churn,1667,14.478,0,0
leveldb,churn,1668,11.573,0,0
leveldb,churn,1669,13.422,0,0
leveldb,churn,1670,22.937,155569948,0
leveldb,churn,1671,16.725,0,0
leveldb,churn,1672,16.725,0,0
leveldb,churn,1673,10.951,0,0
leveldb,churn,1674,10.642,0,0
leveldb,churn,1675,14.238,0,0
leveldb,churn,1676,11.543,0,0
leveldb,churn,1677,11.079,0,0
leveldb,churn,1678,12.055,0,0
leveldb,churn,1679,13.393,0,0
leveldb,churn,1680,11.127,147386976,0
leveldb,churn,1681,16.496,0,0
leveldb,churn,1682,21.618,0,0
leveldb,churn,1683,13.515,0,0
leveldb,churn,1684,12.489,0,0
leveldb,churn,1685,12.890,0,0
leveldb,churn,1686,18.002,0,0
leveldb,churn,1687,17.696,0,0
leveldb,churn,1688,11.167,0,0
leveldb,churn,1689,11.944,0,0
leveldb,churn,1690,12.922,147675976,0
leveldb,churn,1691,11.946,0,0
leveldb,churn,1692,12.671,0,0
leveldb,churn,1693,11.854,0,0
leveldb,churn,1694,11.231,0,0
leveldb,churn,1695,16.056,0,0
leveldb,churn,1696,12.601,0,0
leveldb,churn,1697,13.922,0,0
leveldb,churn,1698,12.782,0,0
leveldb,churn,1699,14.711,0,0
leveldb,churn,1700,12.962,147346447,0
leveldb,churn,1701,16.209,0,0
leveldb,churn,1702,16.730,0,0
leveldb,churn,1703,18.140,0,0
leveldb,churn,1704,18.863,0,0
leveldb,churn,1705,16.576,0,0
leveldb,churn,1706,17.672,0,0
leveldb,churn,1707,17.651,0,0
leveldb,churn,1708,15.432,0,0
leveldb,churn,1709,16.504,0,0
leveldb,churn,1710,20.296,145760257,0
leveldb,churn,1711,15.990,0,0
leveldb,churn,1712,15.281,0,0
leveldb,churn,1713,10.831,0,0
leveldb,churn,1714,11.499,0,0
leveldb,churn,1715,16.230,0,0
leveldb,churn,1716,17.696,0,0
leveldb,churn,1717,11.812,0,0
leveldb,churn,1718,13.920,0,0
leveldb,churn,1719,14.426,0,0
leveldb,churn,1720,17.464,135120356,0
leveldb,churn,1721,17.328,0,0
leveldb,churn,1722,13.787,0,0
leveldb,churn,1723,17.875,0,0
leveldb,churn,1724,12.104,0,0
leveldb,churn,1725,15.884,0,0
leveldb,churn,1726,17.596,0,0
leveldb,churn,1727,14.601,0,0
leveldb,churn,1728,13.087,0,0
leveldb,churn,1729,15.193,0,0
leveldb,churn,1730,11.092,134902727,0
leveldb,churn,1731,11.858,0,0
leveldb,churn,1732,13.784,0,0
leveldb,churn,1733,17.461,0,0
leveldb,churn,1734,16.402,0,0
leveldb,churn,1735,17.993,0,0
leveldb,churn,1736,21.937,0,0
leveldb,churn,1737,13.700,0,0
leveldb,churn,1738,10.476,0,0
leveldb,churn,1739,16.600,0,0
leveldb,churn,1740,13.092,151025889,0
leveldb,churn,1741,13.573,0,0
leveldb,churn,1742,15.518,0,0
leveldb,churn,1743,13.917,0,0
leveldb,churn,1744,16.442,0,0
leveldb,churn,1745,27.677,0,0
leveldb,churn,1746,11.415,0,0
leveldb,churn,1747,14.836,0,0
leveldb,churn,1748,10.920,0,0
leveldb,churn,1749,16.168,0,0
leveldb,churn,1750,14.618,133977763,0
leveldb,churn,1751,14.795,0,0
leveldb,churn,1752,16.300,0,0
leveldb,churn,1753,17.385,0,0
leveldb,churn,1754,17.384,0,0
leveldb,churn,1755,13.463,0,0
leveldb,churn,1756,18.705,0,0
leveldb,churn,1757,12.456,0,0
leveldb,churn,1758,17.214,0,0
leveldb,churn,1759,13.828,0,0
leveldb,churn,1760,12.851,140739329,0
leveldb,churn,1761,16.964,0,0
leveldb,churn,1762,12.060,0,0
leveldb,churn,1763,13.660,0,0
leveldb,churn,1764,19.337,0,0
leveldb,churn,1765,17.762,0,0
leveldb,churn,1766,14.395,0,0
leveldb,churn,1767,18.634,0,0
leveldb,churn,1768,15.295,0,0
leveldb,churn,1769,12.682,0,0
leveldb,churn,1770,17.138,142092544,0
leveldb,churn,1771,18.674,0,0
leveldb,churn,1772,18.133,0,0
leveldb,churn,1773,13.057,0,0
leveldb,churn,1774,12.277,0,0
leveldb,churn,1775,17.122,0,0
leveldb,churn,1776,24.706,0,0
leveldb,churn,1777,14.484,0,0
leveldb,churn,1778,18.716,0,0
leveldb,churn,1779,25.778,0,0
leveldb,churn,1780,18.185,148830424,0
leveldb,churn,1781,22.707,0,0
leveldb,churn,1782,19.724,0,0
leveldb,churn,1783,18.257,0,0
leveldb,churn,1784,18.219,0,0
leveldb,churn,1785,13.259,0,0
leveldb,churn,1786,11.840,0,0
leveldb,churn,1787,13.974,0,0
leveldb,churn,1788,12.429,0,0
leveldb,churn,1789,13.601,0,0
leveldb,churn,1790,13.761,144954029,0
leveldb,churn,1791,18.485,0,0
leveldb,churn,1792,13.645,0,0
leveldb,churn,1793,27.230,0,0
leveldb,churn,1794,15.607,0,0
leveldb,churn,1795,15.580,0,0
leveldb,churn,1796,11.035,0,0
leveldb,churn,1797,18.803,0,0
leveldb,churn,1798,14.664,0,0
leveldb,churn,1799,14.419,0,0
leveldb,churn,1800,15.904,134539079,0
leveldb,churn,1801,15.059,0,0
leveldb,churn,1802,13.811,0,0
leveldb,churn,1803,13.287,0,0
leveldb,churn,1804,13.989,0,0
leveldb,churn,1805,17.533,0,0
leveldb,churn,1806,12.568,0,0
leveldb,churn,1807,9.751,0,0
leveldb,churn,1808,16.252,0,0
leveldb,churn,1809,13.918,0,0
leveldb,churn,1810,17.020,136640720,0
leveldb,churn,1811,18.967,0,0
leveldb,churn,1812,15.889,0,0
leveldb,churn,1813,14.538,0,0
leveldb,churn,1814,15.032,0,0
leveldb,churn,1815,17.678,0,0
leveldb,churn,1816,17.694,0,0
leveldb,churn,1817,17.912,0,0
leveldb,churn,1818,15.437,0,0
leveldb,churn,1819,15.955,0,0
leveldb,churn,1820,13.224,145589566,0
leveldb,churn,1821,15.889,0,0
leveldb,churn,1822,15.016,0,0
leveldb,churn,1823,12.445,0,0
leveldb,churn,1824,15.072,0,0
leveldb,churn,1825,10.792,0,0
leveldb,churn,1826,13.458,0,0
leveldb,churn,1827,18.470,0,0
leveldb,churn,1828,14.158,0,0
leveldb,churn,1829,15.148,0,0
leveldb,churn,1830,16.330,138598991,0
leveldb,churn,1831,17.502,0,0
leveldb,churn,1832,24.510,0,0
leveldb,churn,1833,13.806,0,0
leveldb,churn,1834,13.713,0,0
leveldb,churn,1835,17.608,0,0
leveldb,churn,1836,18.490,0,0
leveldb,churn,1837,12.512,0,0
leveldb,churn,1838,19.428,0,0
leveldb,churn,1839,12.282,0,0
leveldb,churn,1840,15.111,143556416,0
leveldb,churn,1841,15.943,0,0
leveldb,churn,1842,19.981,0,0
leveldb,churn,1843,17.225,0,0
leveldb,churn,1844,23.136,0,0
leveldb,churn,1845,16.202,0,0
leveldb,churn,1846,18.453,0,0
leveldb,churn,1847,20.461,0,0
leveldb,churn,1848,14.165,0,0
leveldb,churn,1849,12.852,0,0
leveldb,churn,1850,11.689,144429091,0
leveldb,churn,1851,13.506,0,0
leveldb,churn,1852,14.142,0,0
leveldb,churn,1853,14.951,0,0
leveldb,churn,1854,22.724,0,0
leveldb,churn,1855,12.083,0,0
leveldb,churn,1856,14.555,0,0
leveldb,churn,1857,11.404,0,0
leveldb,churn,1858,13.935,0,0
leveldb,churn,1859,16.813,0,0
leveldb,churn,1860,13.332,138270010,0
leveldb,churn,1861,18.715,0,0
leveldb,churn,1862,15.783,0,0
leveldb,churn,1863,18.602,0,0
leveldb,churn,1864,10.702,0,0
leveldb,churn,1865,15.901,0,0
leveldb,churn,1866,20.520,0,0
leveldb,churn,1867,11.461,0,0
leveldb,churn,1868,17.594,0,0
leveldb,churn,1869,11.436,0,0
leveldb,churn,1870,12.424,138603551,0
leveldb,churn,1871,12.969,0,0
leveldb,churn,1872,17.641,0,0
leveldb,churn,1873,16.225,0,0
leveldb,churn,1874,13.269,0,0
leveldb,churn,1875,13.918,0,0
leveldb,churn,1876,13.755,0,0
leveldb,churn,1877,16.022,0,0
leveldb,churn,1878,15.940,0,0
leveldb,churn,1879,17.507,0,0
leveldb,churn,1880,15.930,143232325,0
leveldb,churn,1881,11.049,0,0
leveldb,churn,1882,17.338,0,0
leveldb,churn,1883,12.646,0,0
leveldb,churn,1884,15.739,0,0
leveldb,churn,1885,13.579,0,0
leveldb,churn,1886,9.706,0,0
leveldb,churn,1887,19.256,0,0
leveldb,churn,1888,13.807,0,0
leveldb,churn,1889,17.538,0,0
leveldb,churn,1890,11.945,147617965,0
leveldb,churn,1891,13.768,0,0
leveldb,churn,1892,15.975,0,0
leveldb,churn,1893,12.886,0,0
leveldb,churn,1894,11.295,0,0
leveldb,churn,1895,11.613,0,0
leveldb,churn,1896,12.757,0,0
leveldb,churn,1897,20.317,0,0
leveldb,churn,1898,13.032,0,0
leveldb,churn,1899,18.562,0,0
leveldb,churn,1900,13.644,146190218,0
leveldb,churn,1901,12.741,0,0
leveldb,churn,1902,15.218,0,0
leveldb,churn,1903,16.445,0,0
leveldb,churn,1904,11.532,0,0
leveldb,churn,1905,13.182,0,0
leveldb,churn,1906,14.293,0,0
leveldb,churn,1907,13.247,0,0
leveldb,churn,1908,13.152,0,0
leveldb,churn,1909,15.454,0,0
leveldb,churn,1910,14.982,153362174,0
leveldb,churn,1911,15.958,0,0
leveldb,churn,1912,14.227,0,0
leveldb,churn,1913,13.385,0,0
leveldb,churn,1914,14.126,0,0
leveldb,churn,1915,18.719,0,0
leveldb,churn,1916,17.450,0,0
leveldb,churn,1917,20.064,0,0
leveldb,churn,1918,14.832,0,0
leveldb,churn,1919,19.324,0,0
leveldb,churn,1920,14.782,138290138,0
leveldb,churn,1921,22.944,0,0
leveldb,churn,1922,16.486,0,0
leveldb,churn,1923,17.035,0,0
leveldb,churn,1924,14.993,0,0
leveldb,churn,1925,14.382,0,0
leveldb,churn,1926,13.306,0,0
leveldb,churn,1927,16.531,0,0
leveldb,churn,1928,13.212,0,0
leveldb,churn,1929,15.748,0,0
leveldb,churn,1930,15.923,144706519,0
leveldb,churn,1931,13.922,0,0
leveldb,churn,1932,12.705,0,0
leveldb,churn,1933,17.952,0,0
leveldb,churn,1934,13.978,0,0
leveldb,churn,1935,13.940,0,0
leveldb,churn,1936,13.397,0,0
leveldb,churn,1937,12.864,0,0
leveldb,churn,1938,17.955,0,0
leveldb,churn,1939,13.286,0,0
leveldb,churn,1940,18.806,146703623,0
leveldb,churn,1941,15.608,0,0
leveldb,churn,1942,10.599,0,0
leveldb,churn,1943,14.736,0,0
leveldb,churn,1944,14.164,0,0
leveldb,churn,1945,17.605,0,0
leveldb,churn,1946,26.793,0,0
leveldb,churn,1947,11.893,0,0
leveldb,churn,1948,10.322,0,0
leveldb,churn,1949,14.046,0,0
leveldb,churn,1950,16.309,152545765,0
leveldb,churn,1951,16.644,0,0
leveldb,churn,1952,19.564,0,0
leveldb,churn,1953,16.839,0,0
leveldb,churn,1954,11.165,0,0
leveldb,churn,1955,11.861,0,0
leveldb,churn,1956,14.984,0,0
leveldb,churn,1957,13.698,0,0
leveldb,churn,1958,16.825,0,0
leveldb,churn,1959,11.825,0,0
leveldb,churn,1960,12.911,143512660,0
leveldb,churn,1961,14.715,0,0
leveldb,churn,1962,14.966,0,0
leveldb,churn,1963,15.737,0,0
leveldb,churn,1964,22.798,0,0
leveldb,churn,1965,13.440,0,0
leveldb,churn,1966,13.735,0,0
leveldb,churn,1967,12.279,0,0
leveldb,churn,1968,12.889,0,0
leveldb,churn,1969,13.633,0,0
leveldb,churn,1970,12.034,146037891,0
leveldb,churn,1971,11.308,0,0
leveldb,churn,1972,16.660,0,0
leveldb,churn,1973,17.708,0,0
leveldb,churn,1974,11.262,0,0
leveldb,churn,1975,19.818,0,0
leveldb,churn,1976,17.614,0,0
leveldb,churn,1977,15.739,0,0
leveldb,churn,1978,16.182,0,0
leveldb,churn,1979,16.517,0,0
leveldb,churn,1980,15.193,154401437,0
leveldb,churn,1981,16.732,0,0
leveldb,churn,1982,15.330,0,0
leveldb,churn,1983,16.838,0,0
leveldb,churn,1984,15.934,0,0
leveldb,churn,1985,11.959,0,0
leveldb,churn,1986,18.914,0,0
leveldb,churn,1987,13.613,0,0
leveldb,churn,1988,15.108,0,0
leveldb,churn,1989,12.048,0,0
leveldb,churn,1990,14.752,148544834,0
leveldb,churn,1991,15.721,0,0
leveldb,churn,1992,12.224,0,0
leveldb,churn,1993,14.257,0,0
leveldb,churn,1994,14.539,0,0
leveldb,churn,1995,10.432,0,0
leveldb,churn,1996,15.277,0,0
leveldb,churn,1997,17.005,0,0
leveldb,churn,1998,14.598,0,0
leveldb,churn,1999,14.568,0,0
leveldb,churn,2000,16.035,144336414,0
leveldb,churn,2001,18.235,0,0
leveldb,churn,2002,14.752,0,0
leveldb,churn,2003,13.291,0,0
leveldb,churn,2004,16.839,0,0
leveldb,churn,2005,18.006,0,0
leveldb,churn,2006,11.586,0,0
leveldb,churn,2007,12.195,0,0
leveldb,churn,2008,17.691,0,0
leveldb,churn,2009,19.411,0,0
leveldb,churn,2010,15.737,138101446,0
leveldb,churn,2011,13.658,0,0
leveldb,churn,2012,13.820,0,0
leveldb,churn,2013,16.837,0,0
leveldb,churn,2014,14.275,0,0
leveldb,churn,2015,17.069,0,0
leveldb,churn,2016,25.039,0,0
leveldb,churn,2017,12.474,0,0
leveldb,churn,2018,26.901,0,0
leveldb,churn,2019,13.275,0,0
leveldb,churn,2020,18.191,145674518,0
leveldb,churn,2021,12.961,0,0
leveldb,churn,2022,14.747,0,0
leveldb,churn,2023,16.582,0,0
leveldb,churn,2024,11.645,0,0
leveldb,churn,2025,12.852,0,0
leveldb,churn,2026,17.562,0,0
leveldb,churn,2027,13.219,0,0
leveldb,churn,2028,16.815,0,0
leveldb,churn,2029,11.529,0,0
leveldb,churn,2030,17.049,149836944,0
leveldb,churn,2031,12.390,0,0
leveldb,churn,2032,15.539,0,0
leveldb,churn,2033,21.137,0,0
leveldb,churn,2034,17.649,0,0
leveldb,churn,2035,16.647,0,0
leveldb,churn,2036,14.424,0,0
leveldb,churn,2037,15.614,0,0
leveldb,churn,2038,12.629,0,0
leveldb,churn,2039,16.423,0,0
leveldb,churn,2040,25.057,145155751,0
leveldb,churn,2041,12.796,0,0
leveldb,churn,2042,13.909,0,0
leveldb,churn,2043,13.040,0,0
leveldb,churn,2044,13.788,0,0
leveldb,churn,2045,15.273,0,0
leveldb,churn,2046,10.871,0,0
leveldb,churn,2047,14.033,0,0
leveldb,churn,2048,12.376,0,0
leveldb,churn,2049,12.071,0,0
leveldb,churn,2050,17.161,142424371,0
leveldb,churn,2051,16.701,0,0
leveldb,churn,2052,13.364,0,0
leveldb,churn,2053,10.625,0,0
leveldb,churn,2054,12.453,0,0
leveldb,churn,2055,19.501,0,0
leveldb,churn,2056,10.159,0,0
leveldb,churn,2057,13.009,0,0
leveldb,churn,2058,13.955,0,0
leveldb,churn,2059,13.711,0,0
leveldb,churn,2060,13.693,146567498,0
leveldb,churn,2061,11.045,0,0
leveldb,churn,2062,11.244,0,0
leveldb,churn,2063,13.248,0,0
leveldb,churn,2064,12.906,0,0
leveldb,churn,2065,14.426,0,0
leveldb,churn,2066,14.478,0,0
leveldb,churn,2067,11.136,0,0
leveldb,churn,2068,10.887,0,0
leveldb,churn,2069,16.289,0,0
leveldb,churn,2070,23.213,152001288,0
leveldb,churn,2071,13.546,0,0
leveldb,churn,2072,18.680,0,0
leveldb,churn,2073,15.472,0,0
leveldb,churn,2074,14.910,0,0
leveldb,churn,2075,18.251,0,0
leveldb,churn,2076,11.124,0,0
leveldb,churn,2077,11.923,0,0
leveldb,churn,2078,12.176,0,0
leveldb,churn,2079,13.683,0,0
leveldb,churn,2080,12.836,150268642,0
leveldb,churn,2081,15.851,0,0
leveldb,churn,2082,16.672,0,0
leveldb,churn,2083,12.128,0,0
leveldb,churn,2084,14.286,0,0
leveldb,churn,2085,20.696,0,0
leveldb,churn,2086,13.742,0,0
leveldb,churn,2087,12.074,0,0
leveldb,churn,2088,18.575,0,0
leveldb,churn,2089,11.751,0,0
leveldb,churn,2090,12.039,140613706,0
leveldb,churn,2091,16.726,0,0
leveldb,churn,2092,16.236,0,0
leveldb,churn,2093,13.812,0,0
leveldb,churn,2094,18.984,0,0
leveldb,churn,2095,16.118,0,0
leveldb,churn,2096,12.286,0,0
leveldb,churn,2097,11.785,0,0
leveldb,churn,2098,14.239,0,0
leveldb,churn,2099,12.726,0,0
leveldb,churn,2100,11.298,145976092,0
leveldb,churn,2101,11.878,0,0
leveldb,churn,2102,11.917,0,0
leveldb,churn,2103,13.671,0,0
leveldb,churn,2104,14.427,0,0
leveldb,churn,2105,10.568,0,0
leveldb,churn,2106,12.399,0,0
leveldb,churn,2107,9.984,0,0
leveldb,churn,2108,13.486,0,0
leveldb,churn,2109,11.674,0,0
leveldb,churn,2110,11.575,146488754,0
leveldb,churn,2111,15.109,0,0
leveldb,churn,2112,20.062,0,0
leveldb,churn,2113,18.732,0,0
leveldb,churn,2114,26.511,0,0
leveldb,churn,2115,12.125,0,0
leveldb,churn,2116,11.423,0,0
leveldb,churn,2117,14.181,0,0
leveldb,churn,2118,14.953,0,0
leveldb,churn,2119,20.431,0,0
leveldb,churn,2120,16.570,149618350,0
leveldb,churn,2121,16.885,0,0
leveldb,churn,2122,19.289,0,0
leveldb,churn,2123,11.232,0,0
leveldb,churn,2124,15.585,0,0
leveldb,churn,2125,15.273,0,0
leveldb,churn,2126,17.833,0,0
leveldb,churn,2127,15.166,0,0
leveldb,churn,2128,14.806,0,0
leveldb,churn,2129,11.419,0,0
leveldb,churn,2130,13.232,139874805,0
leveldb,churn,2131,14.196,0,0
leveldb,churn,2132,15.280,0,0
leveldb,churn,2133,12.203,0,0
leveldb,churn,2134,11.843,0,0
leveldb,churn,2135,19.345,0,0
leveldb,churn,2136,12.486,0,0
leveldb,churn,2137,12.548,0,0
leveldb,churn,2138,12.792,0,0
leveldb,churn,2139,18.619,0,0
leveldb,churn,2140,16.011,149097334,0
leveldb,churn,2141,12.522,0,0
leveldb,churn,2142,17.827,0,0
leveldb,churn,2143,13.040,0,0
leveldb,churn,2144,11.705,0,0
leveldb,churn,2145,11.408,0,0
leveldb,churn,2146,11.829,0,0
leveldb,churn,2147,11.315,0,0
leveldb,churn,2148,14.060,0,0
leveldb,churn,2149,14.706,0,0
leveldb,churn,2150,13.140,143200412,0
leveldb,churn,2151,12.807,0,0
leveldb,churn,2152,13.941,0,0
leveldb,churn,2153,15.183,0,0
leveldb,churn,2154,13.365,0,0
leveldb,churn,2155,14.369,0,0
leveldb,churn,2156,16.245,0,0
leveldb,churn,2157,11.242,0,0
leveldb,churn,2158,13.023,0,0
leveldb,churn,2159,10.138,0,0
leveldb,churn,2160,16.661,144546804,0
leveldb,churn,2161,13.478,0,0
leveldb,churn,2162,16.743,0,0
leveldb,churn,2163,11.292,0,0
leveldb,churn,2164,11.869,0,0
leveldb,churn,2165,14.769,0,0
leveldb,churn,2166,15.354,0,0
leveldb,churn,2167,20.572,0,0
leveldb,churn,2168,18.394,0,0
leveldb,churn,2169,12.740,0,0
leveldb,churn,2170,18.288,151329033,0
leveldb,churn,2171,14.726,0,0
leveldb,churn,2172,13.065,0,0
leveldb,churn,2173,16.259,0,0
leveldb,churn,2174,15.074,0,0
leveldb,churn,2175,10.063,0,0
leveldb,churn,2176,13.788,0,0
leveldb,churn,2177,17.132,0,0
leveldb,churn,2178,17.294,0,0
leveldb,churn,2179,12.778,0,0
leveldb,churn,2180,20.310,143828535,0
leveldb,churn,2181,20.364,0,0
leveldb,churn,2182,16.751,0,0
leveldb,churn,2183,31.711,0,0
leveldb,churn,2184,10.701,0,0
leveldb,churn,2185,10.702,0,0
leveldb,churn,2186,14.924,0,0
leveldb,churn,2187,15.715,0,0
leveldb,churn,2188,11.095,0,0
leveldb,churn,2189,13.169,0,0
leveldb,churn,2190,12.135,147600458,0
leveldb,churn,2191,17.489,0,0
leveldb,churn,2192,17.163,0,0
leveldb,churn,2193,12.372,0,0
leveldb,churn,2194,16.388,0,0
leveldb,churn,2195,16.835,0,0
leveldb,churn,2196,25.057,0,0
leveldb,churn,2197,13.894,0,0
leveldb,churn,2198,12.133,0,0
leveldb,churn,2199,13.921,0,0
leveldb,churn,2200,13.042,145417906,0
leveldb,churn,2201,12.380,0,0
leveldb,churn,2202,18.846,0,0
leveldb,churn,2203,15.657,0,0
leveldb,churn,2204,16.807,0,0
leveldb,churn,2205,13.753,0,0
leveldb,churn,2206,13.753,0,0
leveldb,churn,2207,12.056,0,0
leveldb,churn,2208,12.521,0,0
leveldb,churn,2209,14.822,0,0
leveldb,churn,2210,12.101,142885303,0
leveldb,churn,2211,15.136,0,0
leveldb,churn,2212,18.497,0,0
leveldb,churn,2213,13.246,0,0
leveldb,churn,2214,18.956,0,0
leveldb,churn,2215,18.518,0,0
leveldb,churn,2216,14.282,0,0
leveldb,churn,2217,10.782,0,0
leveldb,churn,2218,16.263,0,0
leveldb,churn,2219,11.351,0,0
leveldb,churn,2220,13.250,140524110,0
leveldb,churn,2221,12.192,0,0
leveldb,churn,2222,11.956,0,0
leveldb,churn,2223,10.988,0,0
leveldb,churn,2224,16.509,0,0
leveldb,churn,2225,11.288,0,0
leveldb,churn,2226,17.238,0,0
leveldb,churn,2227,17.194,0,0
leveldb,churn,2228,17.599,0,0
leveldb,churn,2229,10.946,0,0
leveldb,churn,2230,10.586,140550152,0
leveldb,churn,2231,13.168,0,0
leveldb,churn,2232,14.359,0,0
leveldb,churn,2233,14.244,0,0
leveldb,churn,2234,9.735,0,0
leveldb,churn,2235,13.339,0,0
leveldb,churn,2236,16.185,0,0
leveldb,churn,2237,18.568,0,0
leveldb,churn,2238,13.104,0,0
leveldb,churn,2239,13.709,0,0
leveldb,churn,2240,14.743,140524057,0
leveldb,churn,2241,11.903,0,0
leveldb,churn,2242,11.154,0,0
leveldb,churn,2243,10.503,0,0
leveldb,churn,2244,11.632,0,0
leveldb,churn,2245,13.867,0,0
leveldb,churn,2246,10.676,0,0
leveldb,churn,2247,14.173,0,0
leveldb,churn,2248,17.128,0,0
leveldb,churn,2249,12.223,0,0
leveldb,churn,2250,12.875,145916636,0
leveldb,churn,2251,13.610,0,0
leveldb,churn,2252,13.578,0,0
leveldb,churn,2253,13.371,0,0
leveldb,churn,2254,14.216,0,0
leveldb,churn,2255,18.146,0,0
leveldb,churn,2256,18.817,0,0
leveldb,churn,2257,10.975,0,0
leveldb,churn,2258,13.712,0,0
leveldb,churn,2259,15.727,0,0
leveldb,churn,2260,15.852,145565300,0
leveldb,churn,2261,11.617,0,0
leveldb,churn,2262,15.753,0,0
leveldb,churn,2263,17.182,0,0
leveldb,churn,2264,17.675,0,0
leveldb,churn,2265,17.116,0,0
leveldb,churn,2266,15.623,0,0
leveldb,churn,2267,14.419,0,0
leveldb,churn,2268,12.144,0,0
leveldb,churn,2269,13.935,0,0
leveldb,churn,2270,11.102,146518474,0
leveldb,churn,2271,11.190,0,0
leveldb,churn,2272,17.998,0,0
leveldb,churn,2273,12.967,0,0
leveldb,churn,2274,22.148,0,0
leveldb,churn,2275,16.664,0,0
leveldb,churn,2276,11.004,0,0
leveldb,churn,2277,16.633,0,0
leveldb,churn,2278,28.722,0,0
leveldb,churn,2279,16.584,0,0
leveldb,churn,2280,15.655,140444303,0
leveldb,churn,2281,18.612,0,0
leveldb,churn,2282,19.711,0,0
leveldb,churn,2283,17.715,0,0
leveldb,churn,2284,12.892,0,0
leveldb,churn,2285,17.699,0,0
leveldb,churn,2286,13.593,0,0
leveldb,churn,2287,21.028,0,0
leveldb,churn,2288,12.184,0,0
leveldb,churn,2289,13.465,0,0
leveldb,churn,2290,13.121,147045464,0
leveldb,churn,2291,18.468,0,0
leveldb,churn,2292,30.676,0,0
leveldb,churn,2293,25.402,0,0
leveldb,churn,2294,28.927,0,0
leveldb,churn,2295,25.414,0,0
leveldb,churn,2296,26.896,0,0
leveldb,churn,2297,23.734,0,0
leveldb,churn,2298,36.591,0,0
leveldb,churn,2299,51.282,0,0
leveldb,churn,2300,29.517,148717056,0
leveldb,churn,2301,26.570,0,0
leveldb,churn,2302,57.979,0,0
leveldb,churn,2303,24.494,0,0
leveldb,churn,2304,40.026,0,0
leveldb,churn,2305,18.204,0,0
leveldb,churn,2306,15.525,0,0
leveldb,churn,2307,19.554,0,0
leveldb,churn,2308,20.590,0,0
leveldb,churn,2309,19.951,0,0
leveldb,churn,2310,22.676,139631316,0
leveldb,churn,2311,23.586,0,0
leveldb,churn,2312,17.061,0,0
leveldb,churn,2313,16.439,0,0
leveldb,churn,2314,13.043,0,0
leveldb,churn,2315,12.481,0,0
leveldb,churn,2316,16.455,0,0
leveldb,churn,2317,13.578,0,0
leveldb,churn,2318,16.825,0,0
leveldb,churn,2319,12.171,0,0
leveldb,churn,2320,17.695,156215738,0
leveldb,churn,2321,16.655,0,0
leveldb,churn,2322,15.589,0,0
leveldb,churn,2323,10.988,0,0
leveldb,churn,2324,14.685,0,0
leveldb,churn,2325,14.129,0,0
leveldb,churn,2326,14.974,0,0
leveldb,churn,2327,16.397,0,0
leveldb,churn,2328,16.629,0,0
leveldb,churn,2329,15.133,0,0
leveldb,churn,2330,12.206,140317356,0
leveldb,churn,2331,14.408,0,0
leveldb,churn,2332,25.610,0,0
leveldb,churn,2333,12.599,0,0
leveldb,churn,2334,21.552,0,0
leveldb,churn,2335,14.422,0,0
leveldb,churn,2336,17.810,0,0
leveldb,churn,2337,21.010,0,0
leveldb,churn,2338,15.892,0,0
leveldb,churn,2339,25.767,0,0
leveldb,churn,2340,16.607,146010614,0
leveldb,churn,2341,19.218,0,0
leveldb,churn,2342,15.616,0,0
leveldb,churn,2343,24.382,0,0
leveldb,churn,2344,14.402,0,0
leveldb,churn,2345,14.236,0,0
leveldb,churn,2346,25.058,0,0
leveldb,churn,2347,23.555,0,0
leveldb,churn,2348,20.481,0,0
leveldb,churn,2349,22.414,0,0
leveldb,churn,2350,12.835,143217511,0
leveldb,churn,2351,13.794,0,0
leveldb,churn,2352,12.099,0,0
leveldb,churn,2353,18.054,0,0
leveldb,churn,2354,14.882,0,0
leveldb,churn,2355,23.356,0,0
leveldb,churn,2356,18.684,0,0
leveldb,churn,2357,13.159,0,0
leveldb,churn,2358,12.145,0,0
leveldb,churn,2359,14.944,0,0
leveldb,churn,2360,20.118,144667834,0
leveldb,churn,2361,16.887,0,0
leveldb,churn,2362,16.717,0,0
leveldb,churn,2363,13.293,0,0
leveldb,churn,2364,18.662,0,0
leveldb,churn,2365,26.723,0,0
leveldb,churn,2366,19.956,0,0
leveldb,churn,2367,15.988,0,0
leveldb,churn,2368,11.917,0,0
leveldb,churn,2369,10.851,0,0
leveldb,churn,2370,13.239,147279988,0
leveldb,churn,2371,15.357,0,0
leveldb,churn,2372,15.835,0,0
leveldb,churn,2373,13.104,0,0
leveldb,churn,2374,22.256,0,0
leveldb,churn,2375,14.418,0,0
leveldb,churn,2376,10.432,0,0
leveldb,churn,2377,16.632,0,0
leveldb,churn,2378,11.799,0,0
leveldb,churn,2379,12.919,0,0
leveldb,churn,2380,11.954,151758885,0
leveldb,churn,2381,12.779,0,0
leveldb,churn,2382,13.827,0,0
leveldb,churn,2383,20.227,0,0
leveldb,churn,2384,12.582,0,0
leveldb,churn,2385,19.424,0,0
leveldb,churn,2386,10.874,0,0
leveldb,churn,2387,15.708,0,0
leveldb,churn,2388,16.894,0,0
leveldb,churn,2389,13.377,0,0
leveldb,churn,2390,16.975,153669722,0
leveldb,churn,2391,15.057,0,0
leveldb,churn,2392,13.213,0,0
leveldb,churn,2393,17.251,0,0
leveldb,churn,2394,18.931,0,0
leveldb,churn,2395,13.490,0,0
leveldb,churn,2396,14.609,0,0
leveldb,churn,2397,11.108,0,0
leveldb,churn,2398,15.967,0,0
leveldb,churn,2399,18.408,0,0
leveldb,churn,2400,14.625,142721313,0
leveldb,churn,2401,19.044,0,0
leveldb,churn,2402,15.717,0,0
leveldb,churn,2403,15.529,0,0
leveldb,churn,2404,17.497,0,0
leveldb,churn,2405,12.834,0,0
leveldb,churn,2406,11.875,0,0
leveldb,churn,2407,12.395,0,0
leveldb,churn,2408,23.546,0,0
leveldb,churn,2409,13.680,0,0
leveldb,churn,2410,13.829,146472175,0
leveldb,churn,2411,9.770,0,0
leveldb,churn,2412,13.169,0,0
leveldb,churn,2413,10.763,0,0
leveldb,churn,2414,15.539,0,0
leveldb,churn,2415,15.856,0,0
leveldb,churn,2416,16.834,0,0
leveldb,churn,2417,14.395,0,0
leveldb,churn,2418,15.519,0,0
leveldb,churn,2419,14.745,0,0
leveldb,churn,2420,12.442,144579212,0
leveldb,churn,2421,15.961,0,0
leveldb,churn,2422,12.525,0,0
leveldb,churn,2423,16.800,0,0
leveldb,churn,2424,14.790,0,0
leveldb,churn,2425,13.013,0,0
leveldb,churn,2426,11.198,0,0
leveldb,churn,2427,14.564,0,0
leveldb,churn,2428,16.775,0,0
leveldb,churn,2429,20.261,0,0
leveldb,churn,2430,10.736,143630785,0
leveldb,churn,2431,18.191,0,0
leveldb,churn,2432,13.981,0,0
leveldb,churn,2433,12.719,0,0
leveldb,churn,2434,18.616,0,0
leveldb,churn,2435,14.351,0,0
leveldb,churn,2436,14.302,0,0
leveldb,churn,2437,14.434,0,0
leveldb,churn,2438,15.737,0,0
leveldb,churn,2439,15.878,0,0
leveldb,churn,2440,18.765,147578960,0
leveldb,churn,2441,14.519,0,0
leveldb,churn,2442,12.806,0,0
leveldb,churn,2443,15.106,0,0
leveldb,churn,2444,15.396,0,0
leveldb,churn,2445,11.623,0,0
leveldb,churn,2446,10.784,0,0
leveldb,churn,2447,16.290,0,0
leveldb,churn,2448,13.996,0,0
leveldb,churn,2449,11.927,0,0
leveldb,churn,2450,12.017,147784607,0
leveldb,churn,2451,17.185,0,0
leveldb,churn,2452,15.989,0,0
leveldb,churn,2453,15.591,0,0
leveldb,churn,2454,16.463,0,0
leveldb,churn,2455,16.166,0,0
leveldb,churn,2456,16.630,0,0
leveldb,churn,2457,12.606,0,0
leveldb,churn,2458,16.301,0,0
leveldb,churn,2459,16.120,0,0
leveldb,churn,2460,12.496,146791394,0
leveldb,churn,2461,16.421,0,0
leveldb,churn,2462,15.683,0,0
leveldb,churn,2463,14.224,0,0
leveldb,churn,2464,11.751,0,0
leveldb,churn,2465,18.791,0,0
leveldb,churn,2466,16.019,0,0
leveldb,churn,2467,15.715,0,0
leveldb,churn,2468,20.855,0,0
leveldb,churn,2469,16.513,0,0
leveldb,churn,2470,15.474,148784666,0
leveldb,churn,2471,13.505,0,0
leveldb,churn,2472,16.730,0,0
leveldb,churn,2473,15.794,0,0
leveldb,churn,2474,14.785,0,0
leveldb,churn,2475,15.899,0,0
leveldb,churn,2476,15.903,0,0
leveldb,churn,2477,14.439,0,0
leveldb,churn,2478,17.325,0,0
leveldb,churn,2479,12.407,0,0
leveldb,churn,2480,16.637,144657606,0
leveldb,churn,2481,16.564,0,0
leveldb,churn,2482,12.248,0,0
leveldb,churn,2483,14.603,0,0
leveldb,churn,2484,12.542,0,0
leveldb,churn,2485,17.544,0,0
leveldb,churn,2486,14.993,0,0
leveldb,churn,2487,15.594,0,0
leveldb,churn,2488,17.726,0,0
leveldb,churn,2489,15.761,0,0
leveldb,churn,2490,13.898,145000410,0
leveldb,churn,2491,26.237,0,0
leveldb,churn,2492,22.010,0,0
leveldb,churn,2493,16.104,0,0
leveldb,churn,2494,17.766,0,0
leveldb,churn,2495,19.816,0,0
leveldb,churn,2496,14.791,0,0
leveldb,churn,2497,17.366,0,0
leveldb,churn,2498,16.544,0,0
leveldb,churn,2499,19.860,0,0
leveldb,churn,2500,10.731,143293379,0
leveldb,churn,2501,12.079,0,0
leveldb,churn,2502,14.426,0,0
leveldb,churn,2503,19.306,0,0
leveldb,churn,2504,11.548,0,0
leveldb,churn,2505,17.316,0,0
leveldb,churn,2506,15.539,0,0
leveldb,churn,2507,14.859,0,0
leveldb,churn,2508,18.746,0,0
leveldb,churn,2509,20.288,0,0
leveldb,churn,2510,17.336,158246848,0
leveldb,churn,2511,13.263,0,0
leveldb,churn,2512,14.019,0,0
leveldb,churn,2513,17.284,0,0
leveldb,churn,2514,13.930,0,0
leveldb,churn,2515,20.261,0,0
leveldb,churn,2516,19.119,0,0
leveldb,churn,2517,15.618,0,0
leveldb,churn,2518,16.976,0,0
leveldb,churn,2519,15.081,0,0
leveldb,churn,2520,17.631,147212253,0
leveldb,churn,2521,15.078,0,0
leveldb,churn,2522,16.934,0,0
leveldb,churn,2523,15.826,0,0
leveldb,churn,2524,13.559,0,0
leveldb,churn,2525,13.397,0,0
leveldb,churn,2526,15.751,0,0
leveldb,churn,2527,12.520,0,0
leveldb,churn,2528,10.925,0,0
leveldb,churn,2529,21.067,0,0
leveldb,churn,2530,12.445,143096584,0
leveldb,churn,2531,15.809,0,0
leveldb,churn,2532,20.426,0,0
leveldb,churn,2533,14.338,0,0
leveldb,churn,2534,10.932,0,0
leveldb,churn,2535,17.513,0,0
leveldb,churn,2536,17.844,0,0
leveldb,churn,2537,17.897,0,0
leveldb,churn,2538,18.739,0,0
leveldb,churn,2539,14.141,0,0
leveldb,churn,2540,20.775,145277417,0
leveldb,churn,2541,13.600,0,0
leveldb,churn,2542,13.493,0,0
leveldb,churn,2543,17.618,0,0
leveldb,churn,2544,15.528,0,0
leveldb,churn,2545,17.582,0,0
leveldb,churn,2546,13.551,0,0
leveldb,churn,2547,14.663,0,0
leveldb,churn,2548,13.067,0,0
leveldb,churn,2549,16.775,0,0
leveldb,churn,2550,14.148,151511314,0
leveldb,churn,2551,11.573,0,0
leveldb,churn,2552,15.052,0,0
leveldb,churn,2553,16.463,0,0
leveldb,churn,2554,16.668,0,0
leveldb,churn,2555,15.090,0,0
leveldb,churn,2556,21.815,0,0
leveldb,churn,2557,12.543,0,0
leveldb,churn,2558,20.790,0,0
leveldb,churn,2559,11.744,0,0
leveldb,churn,2560,18.645,143796348,0
leveldb,churn,2561,12.553,0,0
leveldb,churn,2562,16.160,0,0
leveldb,churn,2563,15.594,0,0
leveldb,churn,2564,19.507,0,0
leveldb,churn,2565,15.949,0,0
leveldb,churn,2566,12.346,0,0
leveldb,churn,2567,12.919,0,0
leveldb,churn,2568,13.254,0,0
leveldb,churn,2569,16.124,0,0
leveldb,churn,2570,14.860,149772719,0
leveldb,churn,2571,15.601,0,0
leveldb,churn,2572,13.510,0,0
leveldb,churn,2573,10.491,0,0
leveldb,churn,2574,15.989,0,0
leveldb,churn,2575,17.208,0,0
leveldb,churn,2576,18.578,0,0
leveldb,churn,2577,17.545,0,0
leveldb,churn,2578,16.247,0,0
leveldb,churn,2579,13.040,0,0
leveldb,churn,2580,16.795,144070626,0
leveldb,churn,2581,14.776,0,0
leveldb,churn,2582,19.129,0,0
leveldb,churn,2583,15.127,0,0
leveldb,churn,2584,16.337,0,0
leveldb,churn,2585,15.921,0,0
leveldb,churn,2586,16.230,0,0
leveldb,churn,2587,10.072,0,0
leveldb,churn,2588,14.406,0,0
leveldb,churn,2589,13.729,0,0
leveldb,churn,2590,13.733,142878634,0
leveldb,churn,2591,14.216,0,0
leveldb,churn,2592,11.599,0,0
leveldb,churn,2593,15.300,0,0
leveldb,churn,2594,17.813,0,0
leveldb,churn,2595,16.452,0,0
leveldb,churn,2596,13.020,0,0
leveldb,churn,2597,12.843,0,0
leveldb,churn,2598,13.419,0,0
leveldb,churn,2599,14.733,0,0
leveldb,churn,2600,11.713,147135519,0
leveldb,churn,2601,15.608,0,0
leveldb,churn,2602,14.650,0,0
leveldb,churn,2603,18.052,0,0
leveldb,churn,2604,10.658,0,0
leveldb,churn,2605,15.677,0,0
leveldb,churn,2606,18.586,0,0
leveldb,churn,2607,23.603,0,0
leveldb,churn,2608,15.831,0,0
leveldb,churn,2609,16.061,0,0
leveldb,churn,2610,15.078,148563074,0
leveldb,churn,2611,11.478,0,0
leveldb,churn,2612,14.348,0,0
leveldb,churn,2613,15.622,0,0
leveldb,churn,2614,17.710,0,0
leveldb,churn,2615,15.856,0,0
leveldb,churn,2616,15.032,0,0
leveldb,churn,2617,17.166,0,0
leveldb,churn,2618,16.993,0,0
leveldb,churn,2619,12.175,0,0
leveldb,churn,2620,14.743,145619714,0
leveldb,churn,2621,18.701,0,0
leveldb,churn,2622,12.904,0,0
leveldb,churn,2623,13.053,0,0
leveldb,churn,2624,18.275,0,0
leveldb,churn,2625,11.404,0,0
leveldb,churn,2626,15.639,0,0
leveldb,churn,2627,14.043,0,0
leveldb,churn,2628,13.317,0,0
leveldb,churn,2629,18.302,0,0
leveldb,churn,2630,10.428,144018753,0
leveldb,churn,2631,16.109,0,0
leveldb,churn,2632,14.400,0,0
leveldb,churn,2633,12.803,0,0
leveldb,churn,2634,16.711,0,0
leveldb,churn,2635,13.992,0,0
leveldb,churn,2636,17.588,0,0
leveldb,churn,2637,18.431,0,0
leveldb,churn,2638,16.668,0,0
leveldb,churn,2639,12.150,0,0
leveldb,churn,2640,12.543,151993819,0
leveldb,churn,2641,13.341,0,0
leveldb,churn,2642,13.751,0,0
leveldb,churn,2643,11.944,0,0
leveldb,churn,2644,16.796,0,0
leveldb,churn,2645,18.828,0,0
leveldb,churn,2646,16.964,0,0
leveldb,churn,2647,17.834,0,0
leveldb,churn,2648,11.443,0,0
leveldb,churn,2649,15.156,0,0
leveldb,churn,2650,15.984,151144366,0
leveldb,churn,2651,10.955,0,0
leveldb,churn,2652,34.976,0,0
leveldb,churn,2653,14.794,0,0
leveldb,churn,2654,13.093,0,0
leveldb,churn,2655,18.488,0,0
leveldb,churn,2656,15.776,0,0
leveldb,churn,2657,20.118,0,0
leveldb,churn,2658,17.972,0,0
leveldb,churn,2659,15.653,0,0
leveldb,churn,2660,15.109,153351153,0
leveldb,churn,2661,30.387,0,0
leveldb,churn,2662,23.630,0,0
leveldb,churn,2663,19.995,0,0
leveldb,churn,2664,17.872,0,0
leveldb,churn,2665,16.348,0,0
leveldb,churn,2666,12.175,0,0
leveldb,churn,2667,12.154,0,0
leveldb,churn,2668,12.364,0,0
leveldb,churn,2669,15.971,0,0
leveldb,churn,2670,15.494,151993556,0
leveldb,churn,2671,12.144,0,0
leveldb,churn,2672,16.113,0,0
leveldb,churn,2673,15.931,0,0
leveldb,churn,2674,13.085,0,0
leveldb,churn,2675,12.934,0,0
leveldb,churn,2676,14.802,0,0
leveldb,churn,2677,9.472,0,0
leveldb,churn,2678,20.466,0,0
leveldb,churn,2679,14.783,0,0
leveldb,churn,2680,15.226,147031938,0
leveldb,churn,2681,18.943,0,0
leveldb,churn,2682,16.383,0,0
leveldb,churn,2683,14.307,0,0
leveldb,churn,2684,15.834,0,0
leveldb,churn,2685,17.131,0,0
leveldb,churn,2686,15.267,0,0
leveldb,churn,2687,18.513,0,0
leveldb,churn,2688,16.356,0,0
leveldb,churn,2689,12.038,0,0
leveldb,churn,2690,12.503,150999298,0
leveldb,churn,2691,13.876,0,0
leveldb,churn,2692,14.346,0,0
leveldb,churn,2693,11.704,0,0
leveldb,churn,2694,11.837,0,0
leveldb,churn,2695,17.770,0,0
leveldb,churn,2696,15.622,0,0
leveldb,churn,2697,14.881,0,0
leveldb,churn,2698,15.320,0,0
leveldb,churn,2699,13.159,0,0
leveldb,churn,2700,16.479,153717830,0
leveldb,churn,2701,12.390,0,0
leveldb,churn,2702,30.635,0,0
leveldb,churn,2703,12.856,0,0
leveldb,churn,2704,17.360,0,0
leveldb,churn,2705,14.387,0,0
leveldb,churn,2706,14.513,0,0
leveldb,churn,2707,14.985,0,0
leveldb,churn,2708,14.414,0,0
leveldb,churn,2709,18.428,0,0
leveldb,churn,2710,11.709,150001230,0
leveldb,churn,2711,13.693,0,0
leveldb,churn,2712,15.101,0,0
leveldb,churn,2713,15.083,0,0
leveldb,churn,2714,14.158,0,0
leveldb,churn,2715,15.870,0,0
leveldb,churn,2716,11.381,0,0
leveldb,churn,2717,19.855,0,0
leveldb,churn,2718,17.613,0,0
leveldb,churn,2719,17.876,0,0
leveldb,churn,2720,16.845,147143992,0
leveldb,churn,2721,16.006,0,0
leveldb,churn,2722,14.440,0,0
leveldb,churn,2723,14.678,0,0
leveldb,churn,2724,11.193,0,0
leveldb,churn,2725,14.375,0,0
leveldb,churn,2726,15.540,0,0
leveldb,churn,2727,13.782,0,0
leveldb,churn,2728,16.043,0,0
leveldb,churn,2729,12.137,0,0
leveldb,churn,2730,14.538,149521509,0
leveldb,churn,2731,17.173,0,0
leveldb,churn,2732,11.659,0,0
leveldb,churn,2733,14.091,0,0
leveldb,churn,2734,14.645,0,0
leveldb,churn,2735,17.054,0,0
leveldb,churn,2736,19.849,0,0
leveldb,churn,2737,11.615,0,0
leveldb,churn,2738,13.082,0,0
leveldb,churn,2739,13.476,0,0
leveldb,churn,2740,19.620,157252620,0
leveldb,churn,2741,11.340,0,0
leveldb,churn,2742,11.770,0,0
leveldb,churn,2743,13.184,0,0
leveldb,churn,2744,11.393,0,0
leveldb,churn,2745,10.400,0,0
leveldb,churn,2746,18.383,0,0
leveldb,churn,2747,16.157,0,0
leveldb,churn,2748,14.185,0,0
leveldb,churn,2749,13.623,0,0
leveldb,churn,2750,13.861,159085737,0
leveldb,churn,2751,15.190,0,0
leveldb,churn,2752,19.039,0,0
leveldb,churn,2753,13.454,0,0
leveldb,churn,2754,17.532,0,0
leveldb,churn,2755,15.788,0,0
leveldb,churn,2756,15.902,0,0
leveldb,churn,2757,13.073,0,0
leveldb,churn,2758,12.529,0,0
leveldb,churn,2759,12.377,0,0
leveldb,churn,2760,19.302,152220186,0
leveldb,churn,2761,12.588,0,0
leveldb,churn,2762,16.211,0,0
leveldb,churn,2763,16.724,0,0
leveldb,churn,2764,17.619,0,0
leveldb,churn,2765,14.997,0,0
leveldb,churn,2766,14.708,0,0
leveldb,churn,2767,15.361,0,0
leveldb,churn,2768,11.750,0,0
leveldb,churn,2769,16.697,0,0
leveldb,churn,2770,15.923,156228716,0
leveldb,churn,2771,11.900,0,0
leveldb,churn,2772,12.092,0,0
leveldb,churn,2773,12.393,0,0
leveldb,churn,2774,15.135,0,0
leveldb,churn,2775,22.832,0,0
leveldb,churn,2776,17.699,0,0
leveldb,churn,2777,15.235,0,0
leveldb,churn,2778,22.069,0,0
leveldb,churn,2779,19.600,0,0
leveldb,churn,2780,13.761,151693609,0
leveldb,churn,2781,18.698,0,0
leveldb,churn,2782,14.531,0,0
leveldb,churn,2783,11.899,0,0
leveldb,churn,2784,11.994,0,0
leveldb,churn,2785,14.758,0,0
leveldb,churn,2786,20.057,0,0
leveldb,churn,2787,12.395,0,0
leveldb,churn,2788,14.331,0,0
leveldb,churn,2789,22.608,0,0
leveldb,churn,2790,17.305,153279174,0
leveldb,churn,2791,15.521,0,0
leveldb,churn,2792,10.602,0,0
leveldb,churn,2793,16.524,0,0
leveldb,churn,2794,12.989,0,0
leveldb,churn,2795,11.056,0,0
leveldb,churn,2796,15.260,0,0
leveldb,churn,2797,16.629,0,0
leveldb,churn,2798,13.884,0,0
leveldb,churn,2799,14.179,0,0
leveldb,churn,2800,17.783,147063920,0
leveldb,churn,2801,16.113,0,0
leveldb,churn,2802,19.529,0,0
leveldb,churn,2803,11.835,0,0
leveldb,churn,2804,13.835,0,0
leveldb,churn,2805,11.748,0,0
leveldb,churn,2806,16.939,0,0
leveldb,churn,2807,14.269,0,0
leveldb,churn,2808,14.008,0,0
leveldb,churn,2809,11.719,0,0
leveldb,churn,2810,11.478,155181371,0
leveldb,churn,2811,13.215,0,0
leveldb,churn,2812,17.228,0,0
leveldb,churn,2813,16.499,0,0
leveldb,churn,2814,15.015,0,0
leveldb,churn,2815,17.453,0,0
leveldb,churn,2816,12.410,0,0
leveldb,churn,2817,9.442,0,0
leveldb,churn,2818,11.273,0,0
leveldb,churn,2819,18.137,0,0
leveldb,churn,2820,12.844,155441297,0
leveldb,churn,2821,14.590,0,0
leveldb,churn,2822,12.488,0,0
leveldb,churn,2823,17.897,0,0
leveldb,churn,2824,15.440,0,0
leveldb,churn,2825,15.932,0,0
leveldb,churn,2826,19.882,0,0
leveldb,churn,2827,17.227,0,0
leveldb,churn,2828,14.172,0,0
leveldb,churn,2829,11.390,0,0
leveldb,churn,2830,14.663,151473216,0
leveldb,churn,2831,14.013,0,0
leveldb,churn,2832,9.973,0,0
leveldb,churn,2833,15.699,0,0
leveldb,churn,2834,15.365,0,0
leveldb,churn,2835,17.976,0,0
leveldb,churn,2836,13.473,0,0
leveldb,churn,2837,14.272,0,0
leveldb,churn,2838,13.017,0,0
leveldb,churn,2839,12.684,0,0
leveldb,churn,2840,14.263,157234863,0
leveldb,churn,2841,13.018,0,0
leveldb,churn,2842,14.387,0,0
leveldb,churn,2843,15.874,0,0
leveldb,churn,2844,15.341,0,0
leveldb,churn,2845,12.601,0,0
leveldb,churn,2846,17.353,0,0
leveldb,churn,2847,19.960,0,0
leveldb,churn,2848,16.596,0,0
leveldb,churn,2849,16.888,0,0
leveldb,churn,2850,14.154,157900556,0
leveldb,churn,2851,10.022,0,0
leveldb,churn,2852,15.930,0,0
leveldb,churn,2853,15.650,0,0
leveldb,churn,2854,15.282,0,0
leveldb,churn,2855,14.998,0,0
leveldb,churn,2856,17.780,0,0
leveldb,churn,2857,13.502,0,0
leveldb,churn,2858,15.272,0,0
leveldb,churn,2859,13.076,0,0
leveldb,churn,2860,12.841,156711482,0
leveldb,churn,2861,14.300,0,0
leveldb,churn,2862,11.974,0,0
leveldb,churn,2863,13.645,0,0
leveldb,churn,2864,15.238,0,0
leveldb,churn,2865,20.701,0,0
leveldb,churn,2866,11.371,0,0
leveldb,churn,2867,13.879,0,0
leveldb,churn,2868,13.778,0,0
leveldb,churn,2869,13.022,0,0
leveldb,churn,2870,12.089,148119610,0
leveldb,churn,2871,11.115,0,0
leveldb,churn,2872,16.872,0,0
leveldb,churn,2873,13.396,0,0
leveldb,churn,2874,14.834,0,0
leveldb,churn,2875,15.258,0,0
leveldb,churn,2876,12.807,0,0
leveldb,churn,2877,18.037,0,0
leveldb,churn,2878,12.211,0,0
leveldb,churn,2879,18.572,0,0
leveldb,churn,2880,10.128,153702094,0
leveldb,churn,2881,13.194,0,0
leveldb,churn,2882,18.162,0,0
leveldb,churn,2883,22.122,0,0
leveldb,churn,2884,23.704,0,0
leveldb,churn,2885,17.652,0,0
leveldb,churn,2886,17.706,0,0
leveldb,churn,2887,15.762,0,0
leveldb,churn,2888,17.069,0,0
leveldb,churn,2889,14.358,0,0
leveldb,churn,2890,12.894,159697431,0
leveldb,churn,2891,14.294,0,0
leveldb,churn,2892,14.874,0,0
leveldb,churn,2893,12.201,0,0
leveldb,churn,2894,14.730,0,0
leveldb,churn,2895,13.249,0,0
leveldb,churn,2896,25.694,0,0
leveldb,churn,2897,15.810,0,0
leveldb,churn,2898,11.437,0,0
leveldb,churn,2899,12.372,0,0
leveldb,churn,2900,12.019,150014803,0
leveldb,churn,2901,15.610,0,0
leveldb,churn,2902,13.428,0,0
leveldb,churn,2903,16.676,0,0
leveldb,churn,2904,18.679,0,0
leveldb,churn,2905,16.099,0,0
leveldb,churn,2906,11.741,0,0
leveldb,churn,2907,17.633,0,0
leveldb,churn,2908,12.905,0,0
leveldb,churn,2909,15.401,0,0
leveldb,churn,2910,11.939,156297618,0
leveldb,churn,2911,18.420,0,0
leveldb,churn,2912,15.717,0,0
leveldb,churn,2913,14.393,0,0
leveldb,churn,2914,16.494,0,0
leveldb,churn,2915,13.086,0,0
leveldb,churn,2916,12.392,0,0
leveldb,churn,2917,14.861,0,0
leveldb,churn,2918,15.829,0,0
leveldb,churn,2919,14.192,0,0
leveldb,churn,2920,18.654,151059086,0
leveldb,churn,2921,17.194,0,0
leveldb,churn,2922,15.530,0,0
leveldb,churn,2923,13.830,0,0
leveldb,churn,2924,12.709,0,0
leveldb,churn,2925,11.831,0,0
leveldb,churn,2926,17.651,0,0
leveldb,churn,2927,11.315,0,0
leveldb,churn,2928,15.272,0,0
leveldb,churn,2929,22.980,0,0
leveldb,churn,2930,11.371,157029185,0
leveldb,churn,2931,11.290,0,0
leveldb,churn,2932,15.940,0,0
leveldb,churn,2933,18.092,0,0
leveldb,churn,2934,14.302,0,0
leveldb,churn,2935,11.558,0,0
leveldb,churn,2936,17.052,0,0
leveldb,churn,2937,17.303,0,0
leveldb,churn,2938,17.051,0,0
leveldb,churn,2939,18.684,0,0
leveldb,churn,2940,18.891,154175952,0
leveldb,churn,2941,20.507,0,0
leveldb,churn,2942,17.468,0,0
leveldb,churn,2943,16.129,0,0
leveldb,churn,2944,22.086,0,0
leveldb,churn,2945,63.016,0,0
leveldb,churn,2946,25.430,0,0
leveldb,churn,2947,19.873,0,0
leveldb,churn,2948,31.814,0,0
leveldb,churn,2949,18.530,0,0
leveldb,churn,2950,20.219,162778977,0
leveldb,churn,2951,17.242,0,0
leveldb,churn,2952,18.827,0,0
leveldb,churn,2953,13.872,0,0
leveldb,churn,2954,13.946,0,0
leveldb,churn,2955,13.155,0,0
leveldb,churn,2956,19.598,0,0
leveldb,churn,2957,14.550,0,0
leveldb,churn,2958,22.566,0,0
leveldb,churn,2959,16.953,0,0
leveldb,churn,2960,12.598,152095558,0
leveldb,churn,2961,18.083,0,0
leveldb,churn,2962,13.617,0,0
leveldb,churn,2963,14.141,0,0
leveldb,churn,2964,14.146,0,0
leveldb,churn,2965,18.314,0,0
leveldb,churn,2966,12.701,0,0
leveldb,churn,2967,28.220,0,0
leveldb,churn,2968,17.529,0,0
leveldb,churn,2969,11.797,0,0
leveldb,churn,2970,15.360,157739182,0
leveldb,churn,2971,15.442,0,0
leveldb,churn,2972,12.738,0,0
leveldb,churn,2973,18.382,0,0
leveldb,churn,2974,18.645,0,0
leveldb,churn,2975,17.325,0,0
leveldb,churn,2976,14.959,0,0
leveldb,churn,2977,14.544,0,0
leveldb,churn,2978,12.616,0,0
leveldb,churn,2979,14.179,0,0
leveldb,churn,2980,16.880,158179428,0
leveldb,churn,2981,15.418,0,0
leveldb,churn,2982,19.350,0,0
leveldb,churn,2983,26.278,0,0
leveldb,churn,2984,19.440,0,0
leveldb,churn,2985,10.370,0,0
leveldb,churn,2986,15.848,0,0
leveldb,churn,2987,11.554,0,0
leveldb,churn,2988,24.805,0,0
leveldb,churn,2989,10.733,0,0
leveldb,churn,2990,18.780,155948544,0
leveldb,churn,2991,13.092,0,0
leveldb,churn,2992,16.529,0,0
leveldb,churn,2993,20.892,0,0
leveldb,churn,2994,17.570,0,0
leveldb,churn,2995,17.142,0,0
leveldb,churn,2996,11.358,0,0
leveldb,churn,2997,16.929,0,0
leveldb,churn,2998,19.002,0,0
leveldb,churn,2999,13.874,0,0
leveldb,churn,3000,14.564,157106921,0
leveldb,churn,3001,16.997,0,0
leveldb,churn,3002,12.389,0,0
leveldb,churn,3003,12.030,0,0
leveldb,churn,3004,14.898,0,0
leveldb,churn,3005,13.291,0,0
leveldb,churn,3006,18.472,0,0
leveldb,churn,3007,13.281,0,0
leveldb,churn,3008,11.968,0,0
leveldb,churn,3009,13.242,0,0
leveldb,churn,3010,11.800,151330198,0
leveldb,churn,3011,14.225,0,0
leveldb,churn,3012,12.313,0,0
leveldb,churn,3013,11.475,0,0
leveldb,churn,3014,19.472,0,0
leveldb,churn,3015,16.336,0,0
leveldb,churn,3016,19.021,0,0
leveldb,churn,3017,15.492,0,0
leveldb,churn,3018,18.982,0,0
leveldb,churn,3019,12.967,0,0
leveldb,churn,3020,16.062,146090049,0
leveldb,churn,3021,18.029,0,0
leveldb,churn,3022,12.026,0,0
leveldb,churn,3023,14.507,0,0
leveldb,churn,3024,16.298,0,0
leveldb,churn,3025,16.521,0,0
leveldb,churn,3026,15.266,0,0
leveldb,churn,3027,15.683,0,0
leveldb,churn,3028,15.175,0,0
leveldb,churn,3029,14.693,0,0
leveldb,churn,3030,22.947,152827827,0
leveldb,churn,3031,13.384,0,0
leveldb,churn,3032,11.350,0,0
leveldb,churn,3033,17.567,0,0
leveldb,churn,3034,13.080,0,0
leveldb,churn,3035,13.354,0,0
leveldb,churn,3036,18.819,0,0
leveldb,churn,3037,13.513,0,0
leveldb,churn,3038,12.424,0,0
leveldb,churn,3039,12.626,0,0
leveldb,churn,3040,13.767,156856220,0
leveldb,churn,3041,12.383,0,0
leveldb,churn,3042,16.205,0,0
leveldb,churn,3043,16.600,0,0
leveldb,churn,3044,15.780,0,0
leveldb,churn,3045,13.783,0,0
leveldb,churn,3046,12.859,0,0
leveldb,churn,3047,20.006,0,0
leveldb,churn,3048,15.197,0,0
leveldb,churn,3049,13.282,0,0
leveldb,churn,3050,18.578,156584907,0
leveldb,churn,3051,16.478,0,0
leveldb,churn,3052,16.134,0,0
leveldb,churn,3053,11.849,0,0
leveldb,churn,3054,19.086,0,0
leveldb,churn,3055,16.804,0,0
leveldb,churn,3056,16.348,0,0
leveldb,churn,3057,19.313,0,0
leveldb,churn,3058,14.960,0,0
leveldb,churn,3059,18.330,0,0
leveldb,churn,3060,15.730,159115346,0
leveldb,churn,3061,13.978,0,0
leveldb,churn,3062,24.800,0,0
leveldb,churn,3063,17.436,0,0
leveldb,churn,3064,10.972,0,0
leveldb,churn,3065,15.979,0,0
leveldb,churn,3066,10.263,0,0
leveldb,churn,3067,12.411,0,0
leveldb,churn,3068,17.717,0,0
leveldb,churn,3069,13.446,0,0
leveldb,churn,3070,15.666,152387492,0
leveldb,churn,3071,18.501,0,0
leveldb,churn,3072,12.391,0,0
leveldb,churn,3073,12.679,0,0
leveldb,churn,3074,14.015,0,0
leveldb,churn,3075,13.613,0,0
leveldb,churn,3076,14.297,0,0
leveldb,churn,3077,14.187,0,0
leveldb,churn,3078,15.927,0,0
leveldb,churn,3079,18.629,0,0
leveldb,churn,3080,17.210,156257787,0
leveldb,churn,3081,15.755,0,0
leveldb,churn,3082,14.902,0,0
leveldb,churn,3083,15.042,0,0
leveldb,churn,3084,13.309,0,0
leveldb,churn,3085,14.786,0,0
leveldb,churn,3086,21.672,0,0
leveldb,churn,3087,19.061,0,0
leveldb,churn,3088,20.064,0,0
leveldb,churn,3089,17.014,0,0
leveldb,churn,3090,11.308,157376459,0
leveldb,churn,3091,12.615,0,0
leveldb,churn,3092,15.591,0,0
leveldb,churn,3093,13.700,0,0
leveldb,churn,3094,18.060,0,0
leveldb,churn,3095,17.953,0,0
leveldb,churn,3096,12.561,0,0
leveldb,churn,3097,10.897,0,0
leveldb,churn,3098,13.599,0,0
leveldb,churn,3099,16.624,0,0
leveldb,churn,3100,18.752,157688101,0
leveldb,churn,3101,11.221,0,0
leveldb,churn,3102,15.702,0,0
leveldb,churn,3103,18.194,0,0
leveldb,churn,3104,18.835,0,0
leveldb,churn,3105,12.429,0,0
leveldb,churn,3106,16.127,0,0
leveldb,churn,3107,19.015,0,0
leveldb,churn,3108,13.856,0,0
leveldb,churn,3109,20.551,0,0
leveldb,churn,3110,19.374,152016373,0
leveldb,churn,3111,16.755,0,0
leveldb,churn,3112,17.321,0,0
leveldb,churn,3113,14.233,0,0
leveldb,churn,3114,26.766,0,0
leveldb,churn,3115,14.965,0,0
leveldb,churn,3116,12.085,0,0
leveldb,churn,3117,15.269,0,0
leveldb,churn,3118,20.801,0,0
leveldb,churn,3119,13.205,0,0
leveldb,churn,3120,24.553,152845859,0
leveldb,churn,3121,15.783,0,0
leveldb,churn,3122,11.653,0,0
leveldb,churn,3123,12.725,0,0
leveldb,churn,3124,15.476,0,0
leveldb,churn,3125,12.728,0,0
leveldb,churn,3126,10.243,0,0
leveldb,churn,3127,18.475,0,0
leveldb,churn,3128,16.781,0,0
leveldb,churn,3129,20.070,0,0
leveldb,churn,3130,21.526,163157330,0
leveldb,churn,3131,15.784,0,0
leveldb,churn,3132,21.476,0,0
leveldb,churn,3133,20.331,0,0
leveldb,churn,3134,24.596,0,0
leveldb,churn,3135,15.491,0,0
leveldb,churn,3136,16.163,0,0
leveldb,churn,3137,15.976,0,0
leveldb,churn,3138,17.086,0,0
leveldb,churn,3139,12.290,0,0
leveldb,churn,3140,16.634,154463107,0
leveldb,churn,3141,16.448,0,0
leveldb,churn,3142,11.180,0,0
leveldb,churn,3143,14.659,0,0
leveldb,churn,3144,18.196,0,0
leveldb,churn,3145,31.897,0,0
leveldb,churn,3146,80.522,0,0
leveldb,churn,3147,37.019,0,0
leveldb,churn,3148,24.405,0,0
leveldb,churn,3149,35.114,0,0
leveldb,churn,3150,17.605,162424526,0
leveldb,churn,3151,17.314,0,0
leveldb,churn,3152,14.065,0,0
leveldb,churn,3153,25.967,0,0
leveldb,churn,3154,12.036,0,0
leveldb,churn,3155,17.366,0,0
leveldb,churn,3156,19.523,0,0
leveldb,churn,3157,15.715,0,0
leveldb,churn,3158,19.858,0,0
leveldb,churn,3159,15.067,0,0
leveldb,churn,3160,18.098,164107891,0
leveldb,churn,3161,12.734,0,0
leveldb,churn,3162,13.822,0,0
leveldb,churn,3163,13.850,0,0
leveldb,churn,3164,16.605,0,0
leveldb,churn,3165,19.783,0,0
leveldb,churn,3166,20.814,0,0
leveldb,churn,3167,15.426,0,0
leveldb,churn,3168,20.351,0,0
leveldb,churn,3169,14.549,0,0
leveldb,churn,3170,11.236,158428152,0
leveldb,churn,3171,13.167,0,0
leveldb,churn,3172,14.538,0,0
leveldb,churn,3173,13.943,0,0
leveldb,churn,3174,13.924,0,0
leveldb,churn,3175,16.650,0,0
leveldb,churn,3176,16.277,0,0
leveldb,churn,3177,19.956,0,0
leveldb,churn,3178,14.585,0,0
leveldb,churn,3179,21.679,0,0
leveldb,churn,3180,13.817,156103710,0
leveldb,churn,3181,21.305,0,0
leveldb,churn,3182,19.899,0,0
leveldb,churn,3183,18.237,0,0
leveldb,churn,3184,24.792,0,0
leveldb,churn,3185,17.595,0,0
leveldb,churn,3186,17.457,0,0
leveldb,churn,3187,12.431,0,0
leveldb,churn,3188,12.766,0,0
leveldb,churn,3189,19.612,0,0
leveldb,churn,3190,16.827,161547890,0
leveldb,churn,3191,12.766,0,0
leveldb,churn,3192,14.131,0,0
leveldb,churn,3193,18.124,0,0
leveldb,churn,3194,18.147,0,0
leveldb,churn,3195,17.568,0,0
leveldb,churn,3196,16.571,0,0
leveldb,churn,3197,27.810,0,0
leveldb,churn,3198,14.677,0,0
leveldb,churn,3199,13.096,0,0
leveldb,churn,3200,19.357,160313312,0
leveldb,churn,3201,22.219,0,0
leveldb,churn,3202,29.281,0,0
leveldb,churn,3203,26.173,0,0
leveldb,churn,3204,14.383,0,0
leveldb,churn,3205,16.980,0,0
leveldb,churn,3206,19.204,0,0
leveldb,churn,3207,22.722,0,0
leveldb,churn,3208,16.554,0,0
leveldb,churn,3209,15.363,0,0
leveldb,churn,3210,16.188,156425068,0
leveldb,churn,3211,12.149,0,0
leveldb,churn,3212,25.422,0,0
leveldb,churn,3213,14.206,0,0
leveldb,churn,3214,15.165,0,0
leveldb,churn,3215,16.676,0,0
leveldb,churn,3216,14.024,0,0
leveldb,churn,3217,15.650,0,0
leveldb,churn,3218,19.863,0,0
leveldb,churn,3219,13.652,0,0
leveldb,churn,3220,15.726,171727380,0
leveldb,churn,3221,15.061,0,0
leveldb,churn,3222,19.855,0,0
leveldb,churn,3223,14.131,0,0
leveldb,churn,3224,18.433,0,0
leveldb,churn,3225,17.741,0,0
leveldb,churn,3226,22.008,0,0
leveldb,churn,3227,17.653,0,0
leveldb,churn,3228,14.041,0,0
leveldb,churn,3229,14.130,0,0
leveldb,churn,3230,18.114,154592306,0
leveldb,churn,3231,16.105,0,0
leveldb,churn,3232,16.351,0,0
leveldb,churn,3233,15.843,0,0
leveldb,churn,3234,18.573,0,0
leveldb,churn,3235,15.728,0,0
leveldb,churn,3236,12.904,0,0
leveldb,churn,3237,24.678,0,0
leveldb,churn,3238,11.899,0,0
leveldb,churn,3239,11.531,0,0
leveldb,churn,3240,12.427,155277053,0
leveldb,churn,3241,20.221,0,0
leveldb,churn,3242,17.416,0,0
leveldb,churn,3243,13.263,0,0
leveldb,churn,3244,15.090,0,0
leveldb,churn,3245,15.711,0,0
leveldb,churn,3246,12.951,0,0
leveldb,churn,3247,20.116,0,0
leveldb,churn,3248,13.195,0,0
leveldb,churn,3249,14.194,0,0
leveldb,churn,3250,18.369,152483531,0
leveldb,churn,3251,15.899,0,0
leveldb,churn,3252,21.847,0,0
leveldb,churn,3253,27.427,0,0
leveldb,churn,3254,14.412,0,0
leveldb,churn,3255,16.285,0,0
leveldb,churn,3256,17.612,0,0
leveldb,churn,3257,13.125,0,0
leveldb,churn,3258,12.717,0,0
leveldb,churn,3259,15.387,0,0
leveldb,churn,3260,16.522,153762359,0
leveldb,churn,3261,15.505,0,0
leveldb,churn,3262,29.340,0,0
leveldb,churn,3263,13.543,0,0
leveldb,churn,3264,14.360,0,0
leveldb,churn,3265,17.358,0,0
leveldb,churn,3266,17.232,0,0
leveldb,churn,3267,15.977,0,0
leveldb,churn,3268,15.935,0,0
leveldb,churn,3269,19.649,0,0
leveldb,churn,3270,18.421,159868135,0
leveldb,churn,3271,12.041,0,0
leveldb,churn,3272,13.995,0,0
leveldb,churn,3273,16.546,0,0
leveldb,churn,3274,10.992,0,0
leveldb,churn,3275,12.857,0,0
leveldb,churn,3276,18.568,0,0
leveldb,churn,3277,12.990,0,0
leveldb,churn,3278,15.686,0,0
leveldb,churn,3279,15.521,0,0
leveldb,churn,3280,15.782,164309789,0
leveldb,churn,3281,13.697,0,0
leveldb,churn,3282,13.073,0,0
leveldb,churn,3283,20.182,0,0
leveldb,churn,3284,25.608,0,0
leveldb,churn,3285,11.434,0,0
leveldb,churn,3286,13.186,0,0
leveldb,churn,3287,10.534,0,0
leveldb,churn,3288,15.103,0,0
leveldb,churn,3289,16.714,0,0
leveldb,churn,3290,19.113,159588244,0
leveldb,churn,3291,15.534,0,0
leveldb,churn,3292,13.872,0,0
leveldb,churn,3293,17.946,0,0
leveldb,churn,3294,14.952,0,0
leveldb,churn,3295,16.106,0,0
leveldb,churn,3296,16.220,0,0
leveldb,churn,3297,17.783,0,0
leveldb,churn,3298,21.724,0,0
leveldb,churn,3299,12.945,0,0
leveldb,churn,3300,19.296,158902249,0
leveldb,churn,3301,10.938,0,0
leveldb,churn,3302,17.038,0,0
leveldb,churn,3303,13.300,0,0
leveldb,churn,3304,12.040,0,0
leveldb,churn,3305,18.529,0,0
leveldb,churn,3306,19.632,0,0
leveldb,churn,3307,12.934,0,0
leveldb,churn,3308,12.426,0,0
leveldb,churn,3309,12.551,0,0
leveldb,churn,3310,13.820,161403570,0
leveldb,churn,3311,15.084,0,0
leveldb,churn,3312,12.790,0,0
leveldb,churn,3313,10.867,0,0
leveldb,churn,3314,16.215,0,0
leveldb,churn,3315,17.273,0,0
leveldb,churn,3316,13.213,0,0
leveldb,churn,3317,19.771,0,0
leveldb,churn,3318,16.746,0,0
leveldb,churn,3319,11.940,0,0
leveldb,churn,3320,11.257,169279074,0
leveldb,churn,3321,18.719,0,0
leveldb,churn,3322,11.161,0,0
leveldb,churn,3323,17.572,0,0
leveldb,churn,3324,17.010,0,0
leveldb,churn,3325,13.249,0,0
leveldb,churn,3326,16.444,0,0
leveldb,churn,3327,12.938,0,0
leveldb,churn,3328,15.770,0,0
leveldb,churn,3329,32.930,0,0
leveldb,churn,3330,13.012,159119368,0
leveldb,churn,3331,16.975,0,0
leveldb,churn,3332,15.319,0,0
leveldb,churn,3333,11.132,0,0
leveldb,churn,3334,16.114,0,0
leveldb,churn,3335,16.687,0,0
leveldb,churn,3336,16.598,0,0
leveldb,churn,3337,14.451,0,0
leveldb,churn,3338,19.102,0,0
leveldb,churn,3339,12.329,0,0
leveldb,churn,3340,19.483,156976009,0
leveldb,churn,3341,17.134,0,0
leveldb,churn,3342,15.247,0,0
leveldb,churn,3343,16.258,0,0
leveldb,churn,3344,16.238,0,0
leveldb,churn,3345,16.975,0,0
leveldb,churn,3346,16.004,0,0
leveldb,churn,3347,13.158,0,0
leveldb,churn,3348,17.452,0,0
leveldb,churn,3349,17.548,0,0
leveldb,churn,3350,21.688,165801164,0
leveldb,churn,3351,14.499,0,0
leveldb,churn,3352,11.645,0,0
leveldb,churn,3353,10.225,0,0
leveldb,churn,3354,11.608,0,0
leveldb,churn,3355,15.310,0,0
leveldb,churn,3356,14.236,0,0
leveldb,churn,3357,11.666,0,0
leveldb,churn,3358,20.827,0,0
leveldb,churn,3359,17.801,0,0
leveldb,churn,3360,15.981,166307324,0
leveldb,churn,3361,18.130,0,0
leveldb,churn,3362,22.968,0,0
leveldb,churn,3363,23.100,0,0
leveldb,churn,3364,11.395,0,0
leveldb,churn,3365,14.991,0,0
leveldb,churn,3366,16.849,0,0
leveldb,churn,3367,16.635,0,0
leveldb,churn,3368,21.526,0,0
leveldb,churn,3369,15.141,0,0
leveldb,churn,3370,14.981,163098500,0
leveldb,churn,3371,16.070,0,0
leveldb,churn,3372,15.566,0,0
leveldb,churn,3373,14.444,0,0
leveldb,churn,3374,19.897,0,0
leveldb,churn,3375,14.976,0,0
leveldb,churn,3376,25.365,0,0
leveldb,churn,3377,14.530,0,0
leveldb,churn,3378,14.967,0,0
leveldb,churn,3379,18.042,0,0
leveldb,churn,3380,16.685,155197144,0
leveldb,churn,3381,16.545,0,0
leveldb,churn,3382,14.309,0,0
leveldb,churn,3383,16.096,0,0
leveldb,churn,3384,20.668,0,0
leveldb,churn,3385,12.248,0,0
leveldb,churn,3386,12.734,0,0
leveldb,churn,3387,15.750,0,0
leveldb,churn,3388,11.936,0,0
leveldb,churn,3389,14.326,0,0
leveldb,churn,3390,20.398,151215506,0
leveldb,churn,3391,16.760,0,0
leveldb,churn,3392,18.937,0,0
leveldb,churn,3393,13.094,0,0
leveldb,churn,3394,12.898,0,0
leveldb,churn,3395,13.867,0,0
leveldb,churn,3396,14.402,0,0
leveldb,churn,3397,13.828,0,0
leveldb,churn,3398,29.212,0,0
leveldb,churn,3399,13.170,0,0
leveldb,churn,3400,17.088,155556554,0
leveldb,churn,3401,15.030,0,0
leveldb,churn,3402,24.953,0,0
leveldb,churn,3403,12.679,0,0
leveldb,churn,3404,14.587,0,0
leveldb,churn,3405,20.541,0,0
leveldb,churn,3406,17.785,0,0
leveldb,churn,3407,14.633,0,0
leveldb,churn,3408,16.390,0,0
leveldb,churn,3409,15.974,0,0
leveldb,churn,3410,14.397,161107054,0
leveldb,churn,3411,15.037,0,0
leveldb,churn,3412,15.660,0,0
leveldb,churn,3413,17.905,0,0
leveldb,churn,3414,22.311,0,0
leveldb,churn,3415,17.593,0,0
leveldb,churn,3416,34.864,0,0
leveldb,churn,3417,26.872,0,0
leveldb,churn,3418,21.713,0,0
leveldb,churn,3419,18.555,0,0
leveldb,churn,3420,33.726,160565627,0
leveldb,churn,3421,18.978,0,0
leveldb,churn,3422,13.709,0,0
leveldb,churn,3423,18.339,0,0
leveldb,churn,3424,21.767,0,0
leveldb,churn,3425,25.569,0,0
leveldb,churn,3426,21.335,0,0
leveldb,churn,3427,19.482,0,0
leveldb,churn,3428,31.667,0,0
leveldb,churn,3429,24.019,0,0
leveldb,churn,3430,15.253,157186625,0
leveldb,churn,3431,18.522,0,0
leveldb,churn,3432,18.771,0,0
leveldb,churn,3433,18.917,0,0
leveldb,churn,3434,13.383,0,0
leveldb,churn,3435,18.063,0,0
leveldb,churn,3436,17.246,0,0
leveldb,churn,3437,23.449,0,0
leveldb,churn,3438,12.656,0,0
leveldb,churn,3439,12.350,0,0
leveldb,churn,3440,12.944,151913147,0
leveldb,churn,3441,18.048,0,0
leveldb,churn,3442,13.467,0,0
leveldb,churn,3443,24.022,0,0
leveldb,churn,3444,13.201,0,0
leveldb,churn,3445,11.425,0,0
leveldb,churn,3446,16.601,0,0
leveldb,churn,3447,21.502,0,0
leveldb,churn,3448,18.184,0,0
leveldb,churn,3449,31.945,0,0
leveldb,churn,3450,13.974,159652155,0
leveldb,churn,3451,10.656,0,0
leveldb,churn,3452,14.227,0,0
leveldb,churn,3453,12.306,0,0
leveldb,churn,3454,15.152,0,0
leveldb,churn,3455,14.610,0,0
leveldb,churn,3456,15.869,0,0
leveldb,churn,3457,20.566,0,0
leveldb,churn,3458,19.923,0,0
leveldb,churn,3459,19.748,0,0
leveldb,churn,3460,18.528,158054818,0
leveldb,churn,3461,14.883,0,0
leveldb,churn,3462,14.916,0,0
leveldb,churn,3463,18.564,0,0
leveldb,churn,3464,16.823,0,0
leveldb,churn,3465,15.718,0,0
leveldb,churn,3466,16.775,0,0
leveldb,churn,3467,17.191,0,0
leveldb,churn,3468,20.187,0,0
leveldb,churn,3469,18.753,0,0
leveldb,churn,3470,18.183,161664990,0
leveldb,churn,3471,12.413,0,0
leveldb,churn,3472,14.089,0,0
leveldb,churn,3473,17.325,0,0
leveldb,churn,3474,13.005,0,0
leveldb,churn,3475,18.970,0,0
leveldb,churn,3476,19.569,0,0
leveldb,churn,3477,15.951,0,0
leveldb,churn,3478,21.163,0,0
leveldb,churn,3479,13.485,0,0
leveldb,churn,3480,13.502,161196228,0
leveldb,churn,3481,17.746,0,0
leveldb,churn,3482,18.057,0,0
leveldb,churn,3483,14.733,0,0
leveldb,churn,3484,14.474,0,0
leveldb,churn,3485,11.918,0,0
leveldb,churn,3486,13.577,0,0
leveldb,churn,3487,10.870,0,0
leveldb,churn,3488,23.575,0,0
leveldb,churn,3489,18.675,0,0
leveldb,churn,3490,16.391,154623613,0
leveldb,churn,3491,19.427,0,0
leveldb,churn,3492,14.002,0,0
leveldb,churn,3493,14.984,0,0
leveldb,churn,3494,15.641,0,0
leveldb,churn,3495,13.766,0,0
leveldb,churn,3496,17.935,0,0
leveldb,churn,3497,11.760,0,0
leveldb,churn,3498,11.531,0,0
leveldb,churn,3499,18.347,0,0
leveldb,churn,3500,15.127,161342418,0
leveldb,churn,3501,16.997,0,0
leveldb,churn,3502,15.891,0,0
leveldb,churn,3503,11.721,0,0
leveldb,churn,3504,14.322,0,0
leveldb,churn,3505,18.146,0,0
leveldb,churn,3506,17.149,0,0
leveldb,churn,3507,15.076,0,0
leveldb,churn,3508,16.077,0,0
leveldb,churn,3509,17.574,0,0
leveldb,churn,3510,12.543,168599615,0
leveldb,churn,3511,16.414,0,0
leveldb,churn,3512,14.092,0,0
leveldb,churn,3513,18.475,0,0
leveldb,churn,3514,15.781,0,0
leveldb,churn,3515,16.006,0,0
leveldb,churn,3516,15.078,0,0
leveldb,churn,3517,15.036,0,0
leveldb,churn,3518,13.989,0,0
leveldb,churn,3519,14.829,0,0
leveldb,churn,3520,16.284,160619058,0
leveldb,churn,3521,13.917,0,0
leveldb,churn,3522,14.703,0,0
leveldb,churn,3523,12.092,0,0
leveldb,churn,3524,12.099,0,0
leveldb,churn,3525,14.128,0,0
leveldb,churn,3526,13.224,0,0
leveldb,churn,3527,16.096,0,0
leveldb,churn,3528,17.760,0,0
leveldb,churn,3529,17.500,0,0
leveldb,churn,3530,13.864,165727555,0
leveldb,churn,3531,14.404,0,0
leveldb,churn,3532,21.656,0,0
leveldb,churn,3533,16.148,0,0
leveldb,churn,3534,13.937,0,0
leveldb,churn,3535,20.453,0,0
leveldb,churn,3536,15.405,0,0
leveldb,churn,3537,14.514,0,0
leveldb,churn,3538,18.506,0,0
leveldb,churn,3539,13.777,0,0
leveldb,churn,3540,11.212,167930745,0
leveldb,churn,3541,11.832,0,0
leveldb,churn,3542,13.339,0,0
leveldb,churn,3543,16.494,0,0
leveldb,churn,3544,12.421,0,0
leveldb,churn,3545,14.178,0,0
leveldb,churn,3546,15.195,0,0
leveldb,churn,3547,15.072,0,0
leveldb,churn,3548,12.323,0,0
leveldb,churn,3549,12.819,0,0
leveldb,churn,3550,14.225,173378890,0
leveldb,churn,3551,15.544,0,0
leveldb,churn,3552,16.123,0,0
leveldb,churn,3553,15.731,0,0
leveldb,churn,3554,15.154,0,0
leveldb,churn,3555,17.989,0,0
leveldb,churn,3556,16.172,0,0
leveldb,churn,3557,10.698,0,0
leveldb,churn,3558,17.346,0,0
leveldb,churn,3559,12.552,0,0
leveldb,churn,3560,15.324,168492688,0
leveldb,churn,3561,10.794,0,0
leveldb,churn,3562,13.479,0,0
leveldb,churn,3563,18.280,0,0
leveldb,churn,3564,18.711,0,0
leveldb,churn,3565,13.810,0,0
leveldb,churn,3566,20.862,0,0
leveldb,churn,3567,17.109,0,0
leveldb,churn,3568,12.879,0,0
leveldb,churn,3569,11.123,0,0
leveldb,churn,3570,30.720,157901986,0
leveldb,churn,3571,18.469,0,0
leveldb,churn,3572,16.268,0,0
leveldb,churn,3573,12.746,0,0
leveldb,churn,3574,18.195,0,0
leveldb,churn,3575,13.960,0,0
leveldb,churn,3576,15.332,0,0
leveldb,churn,3577,12.043,0,0
leveldb,churn,3578,12.769,0,0
leveldb,churn,3579,16.364,0,0
leveldb,churn,3580,13.626,166814768,0
leveldb,churn,3581,12.769,0,0
leveldb,churn,3582,14.271,0,0
leveldb,churn,3583,18.211,0,0
leveldb,churn,3584,15.568,0,0
leveldb,churn,3585,14.348,0,0
leveldb,churn,3586,13.957,0,0
leveldb,churn,3587,14.754,0,0
leveldb,churn,3588,12.984,0,0
leveldb,churn,3589,15.249,0,0
leveldb,churn,3590,14.673,167889611,0
leveldb,churn,3591,22.935,0,0
leveldb,churn,3592,14.765,0,0
leveldb,churn,3593,13.408,0,0
leveldb,churn,3594,16.184,0,0
leveldb,churn,3595,12.937,0,0
leveldb,churn,3596,16.458,0,0
leveldb,churn,3597,11.359,0,0
leveldb,churn,3598,20.478,0,0
leveldb,churn,3599,17.522,0,0
leveldb,churn,3600,12.725,162189083,0
leveldb,churn,3601,16.112,0,0
leveldb,churn,3602,13.417,0,0
leveldb,churn,3603,15.700,0,0
leveldb,churn,3604,13.952,0,0
leveldb,churn,3605,20.129,0,0
leveldb,churn,3606,17.449,0,0
leveldb,churn,3607,12.537,0,0
leveldb,churn,3608,11.566,0,0
leveldb,churn,3609,14.807,0,0
leveldb,churn,3610,19.038,162669520,0
leveldb,churn,3611,15.233,0,0
leveldb,churn,3612,14.939,0,0
leveldb,churn,3613,15.977,0,0
leveldb,churn,3614,12.906,0,0
leveldb,churn,3615,15.315,0,0
leveldb,churn,3616,16.336,0,0
leveldb,churn,3617,17.175,0,0
leveldb,churn,3618,24.450,0,0
leveldb,churn,3619,12.082,0,0
leveldb,churn,3620,18.140,161486103,0
leveldb,churn,3621,18.188,0,0
leveldb,churn,3622,29.597,0,0
leveldb,churn,3623,17.675,0,0
leveldb,churn,3624,15.513,0,0
leveldb,churn,3625,10.988,0,0
leveldb,churn,3626,16.732,0,0
leveldb,churn,3627,17.505,0,0
leveldb,churn,3628,18.643,0,0
leveldb,churn,3629,12.164,0,0
leveldb,churn,3630,12.233,170192642,0
leveldb,churn,3631,17.085,0,0
leveldb,churn,3632,11.362,0,0
leveldb,churn,3633,12.413,0,0
leveldb,churn,3634,14.522,0,0
leveldb,churn,3635,17.052,0,0
leveldb,churn,3636,11.376,0,0
leveldb,churn,3637,12.270,0,0
leveldb,churn,3638,20.162,0,0
leveldb,churn,3639,19.238,0,0
leveldb,churn,3640,19.988,161429933,0
leveldb,churn,3641,18.613,0,0
leveldb,churn,3642,14.204,0,0
leveldb,churn,3643,23.269,0,0
leveldb,churn,3644,15.615,0,0
leveldb,churn,3645,12.576,0,0
leveldb,churn,3646,12.300,0,0
leveldb,churn,3647,13.919,0,0
leveldb,churn,3648,13.787,0,0
leveldb,churn,3649,19.897,0,0
leveldb,churn,3650,17.054,157172843,0
leveldb,churn,3651,14.560,0,0
leveldb,churn,3652,17.296,0,0
leveldb,churn,3653,14.344,0,0
leveldb,churn,3654,15.839,0,0
leveldb,churn,3655,18.937,0,0
leveldb,churn,3656,12.993,0,0
leveldb,churn,3657,18.873,0,0
leveldb,churn,3658,11.492,0,0
leveldb,churn,3659,15.518,0,0
leveldb,churn,3660,12.831,164576448,0
leveldb,churn,3661,19.332,0,0
leveldb,churn,3662,15.425,0,0
leveldb,churn,3663,17.538,0,0
leveldb,churn,3664,13.957,0,0
leveldb,churn,3665,13.405,0,0
leveldb,churn,3666,18.076,0,0
leveldb,churn,3667,14.417,0,0
leveldb,churn,3668,12.238,0,0
leveldb,churn,3669,11.990,0,0
leveldb,churn,3670,14.026,165768622,0
leveldb,churn,3671,14.418,0,0
leveldb,churn,3672,15.343,0,0
leveldb,churn,3673,15.720,0,0
leveldb,churn,3674,17.128,0,0
leveldb,churn,3675,12.169,0,0
leveldb,churn,3676,18.835,0,0
leveldb,churn,3677,20.778,0,0
leveldb,churn,3678,16.860,0,0
leveldb,churn,3679,15.662,0,0
leveldb,churn,3680,16.813,160994361,0
leveldb,churn,3681,11.024,0,0
leveldb,churn,3682,15.393,0,0
leveldb,churn,3683,12.391,0,0
leveldb,churn,3684,13.506,0,0
leveldb,churn,3685,13.284,0,0
leveldb,churn,3686,17.913,0,0
leveldb,churn,3687,19.572,0,0
leveldb,churn,3688,14.421,0,0
leveldb,churn,3689,13.235,0,0
leveldb,churn,3690,12.768,172791928,0
leveldb,churn,3691,16.673,0,0
leveldb,churn,3692,17.701,0,0
leveldb,churn,3693,17.468,0,0
leveldb,churn,3694,13.012,0,0
leveldb,churn,3695,12.525,0,0
leveldb,churn,3696,14.925,0,0
leveldb,churn,3697,15.941,0,0
leveldb,churn,3698,17.003,0,0
leveldb,churn,3699,22.592,0,0
leveldb,churn,3700,29.073,161193161,0
leveldb,churn,3701,13.948,0,0
leveldb,churn,3702,27.495,0,0
leveldb,churn,3703,12.783,0,0
leveldb,churn,3704,12.275,0,0
leveldb,churn,3705,12.176,0,0
leveldb,churn,3706,15.731,0,0
leveldb,churn,3707,31.303,0,0
leveldb,churn,3708,18.291,0,0
leveldb,churn,3709,20.717,0,0
leveldb,churn,3710,14.970,169484011,0
leveldb,churn,3711,19.718,0,0
leveldb,churn,3712,28.204,0,0
leveldb,churn,3713,13.435,0,0
leveldb,churn,3714,15.321,0,0
leveldb,churn,3715,23.757,0,0
leveldb,churn,3716,14.531,0,0
leveldb,churn,3717,14.479,0,0
leveldb,churn,3718,15.970,0,0
leveldb,churn,3719,14.185,0,0
leveldb,churn,3720,14.504,160926645,0
leveldb,churn,3721,22.096,0,0
leveldb,churn,3722,13.165,0,0
leveldb,churn,3723,15.981,0,0
leveldb,churn,3724,13.086,0,0
leveldb,churn,3725,25.166,0,0
leveldb,churn,3726,35.849,0,0
leveldb,churn,3727,12.245,0,0
leveldb,churn,3728,16.837,0,0
leveldb,churn,3729,18.729,0,0
leveldb,churn,3730,17.800,168736063,0
leveldb,churn,3731,11.773,0,0
leveldb,churn,3732,13.651,0,0
leveldb,churn,3733,15.504,0,0
leveldb,churn,3734,14.826,0,0
leveldb,churn,3735,13.887,0,0
leveldb,churn,3736,16.593,0,0
leveldb,churn,3737,13.635,0,0
leveldb,churn,3738,20.100,0,0
leveldb,churn,3739,18.260,0,0
leveldb,churn,3740,14.763,159678133,0
leveldb,churn,3741,13.077,0,0
leveldb,churn,3742,38.685,0,0
leveldb,churn,3743,14.560,0,0
leveldb,churn,3744,13.157,0,0
leveldb,churn,3745,14.175,0,0
leveldb,churn,3746,13.632,0,0
leveldb,churn,3747,12.348,0,0
leveldb,churn,3748,10.423,0,0
leveldb,churn,3749,16.076,0,0
leveldb,churn,3750,12.171,165280743,0
leveldb,churn,3751,14.629,0,0
leveldb,churn,3752,17.077,0,0
leveldb,churn,3753,14.304,0,0
leveldb,churn,3754,15.846,0,0
leveldb,churn,3755,15.575,0,0
leveldb,churn,3756,18.812,0,0
leveldb,churn,3757,17.204,0,0
leveldb,churn,3758,18.654,0,0
leveldb,churn,3759,12.996,0,0
leveldb,churn,3760,13.471,165182536,0
leveldb,churn,3761,16.536,0,0
leveldb,churn,3762,13.853,0,0
leveldb,churn,3763,12.905,0,0
leveldb,churn,3764,17.246,0,0
leveldb,churn,3765,13.426,0,0
leveldb,churn,3766,16.672,0,0
leveldb,churn,3767,13.192,0,0
leveldb,churn,3768,13.236,0,0
leveldb,churn,3769,14.074,0,0
leveldb,churn,3770,12.527,163161760,0
leveldb,churn,3771,11.534,0,0
leveldb,churn,3772,13.004,0,0
leveldb,churn,3773,13.582,0,0
leveldb,churn,3774,15.988,0,0
leveldb,churn,3775,16.538,0,0
leveldb,churn,3776,13.097,0,0
leveldb,churn,3777,14.506,0,0
leveldb,churn,3778,12.884,0,0
leveldb,churn,3779,15.774,0,0
leveldb,churn,3780,13.619,167786694,0
leveldb,churn,3781,13.201,0,0
leveldb,churn,3782,11.792,0,0
leveldb,churn,3783,15.621,0,0
leveldb,churn,3784,18.724,0,0
leveldb,churn,3785,14.217,0,0
leveldb,churn,3786,12.948,0,0
leveldb,churn,3787,13.080,0,0
leveldb,churn,3788,16.848,0,0
leveldb,churn,3789,14.099,0,0
leveldb,churn,3790,12.391,168716210,0
leveldb,churn,3791,14.649,0,0
leveldb,churn,3792,15.440,0,0
leveldb,churn,3793,18.826,0,0
leveldb,churn,3794,13.577,0,0
leveldb,churn,3795,15.569,0,0
leveldb,churn,3796,17.616,0,0
leveldb,churn,3797,10.537,0,0
leveldb,churn,3798,13.175,0,0
leveldb,churn,3799,15.694,0,0
leveldb,churn,3800,17.566,163746003,0
leveldb,churn,3801,12.889,0,0
leveldb,churn,3802,11.003,0,0
leveldb,churn,3803,12.569,0,0
leveldb,churn,3804,15.671,0,0
leveldb,churn,3805,11.632,0,0
leveldb,churn,3806,16.832,0,0
leveldb,churn,3807,14.092,0,0
leveldb,churn,3808,16.330,0,0
leveldb,churn,3809,19.307,0,0
leveldb,churn,3810,14.270,158602685,0
leveldb,churn,3811,17.682,0,0
leveldb,churn,3812,11.323,0,0
leveldb,churn,3813,12.956,0,0
leveldb,churn,3814,17.432,0,0
leveldb,churn,3815,15.155,0,0
leveldb,churn,3816,11.664,0,0
leveldb,churn,3817,15.880,0,0
leveldb,churn,3818,12.895,0,0
leveldb,churn,3819,12.594,0,0
leveldb,churn,3820,17.104,165752520,0
leveldb,churn,3821,12.783,0,0
leveldb,churn,3822,17.889,0,0
leveldb,churn,3823,18.868,0,0
leveldb,churn,3824,10.808,0,0
leveldb,churn,3825,16.309,0,0
leveldb,churn,3826,13.275,0,0
leveldb,churn,3827,19.155,0,0
leveldb,churn,3828,21.379,0,0
leveldb,churn,3829,12.431,0,0
leveldb,churn,3830,10.476,168105375,0
leveldb,churn,3831,17.163,0,0
leveldb,churn,3832,11.877,0,0
leveldb,churn,3833,15.415,0,0
leveldb,churn,3834,15.927,0,0
leveldb,churn,3835,18.340,0,0
leveldb,churn,3836,13.213,0,0
leveldb,churn,3837,21.412,0,0
leveldb,churn,3838,15.081,0,0
leveldb,churn,3839,11.363,0,0
leveldb,churn,3840,14.830,167416374,0
leveldb,churn,3841,17.181,0,0
leveldb,churn,3842,16.624,0,0
leveldb,churn,3843,17.349,0,0
leveldb,churn,3844,13.018,0,0
leveldb,churn,3845,18.098,0,0
leveldb,churn,3846,17.146,0,0
leveldb,churn,3847,12.242,0,0
leveldb,churn,3848,13.499,0,0
leveldb,churn,3849,12.769,0,0
leveldb,churn,3850,13.179,167451382,0
leveldb,churn,3851,19.230,0,0
leveldb,churn,3852,12.722,0,0
leveldb,churn,3853,17.799,0,0
leveldb,churn,3854,21.553,0,0
leveldb,churn,3855,16.331,0,0
leveldb,churn,3856,14.817,0,0
leveldb,churn,3857,14.006,0,0
leveldb,churn,3858,13.457,0,0
leveldb,churn,3859,15.033,0,0
leveldb,churn,3860,16.333,161217895,0
leveldb,churn,3861,16.177,0,0
leveldb,churn,3862,15.415,0,0
leveldb,churn,3863,13.005,0,0
leveldb,churn,3864,12.216,0,0
leveldb,churn,3865,14.414,0,0
leveldb,churn,3866,11.616,0,0
leveldb,churn,3867,12.448,0,0
leveldb,churn,3868,10.436,0,0
leveldb,churn,3869,15.341,0,0
leveldb,churn,3870,17.300,178161165,0
leveldb,churn,3871,17.715,0,0
leveldb,churn,3872,11.094,0,0
leveldb,churn,3873,16.577,0,0
leveldb,churn,3874,12.715,0,0
leveldb,churn,3875,12.073,0,0
leveldb,churn,3876,15.583,0,0
leveldb,churn,3877,16.510,0,0
leveldb,churn,3878,11.922,0,0
leveldb,churn,3879,17.845,0,0
leveldb,churn,3880,16.712,170128905,0
leveldb,churn,3881,19.447,0,0
leveldb,churn,3882,14.716,0,0
leveldb,churn,3883,15.917,0,0
leveldb,churn,3884,16.234,0,0
leveldb,churn,3885,14.535,0,0
leveldb,churn,3886,18.687,0,0
leveldb,churn,3887,19.158,0,0
leveldb,churn,3888,15.383,0,0
leveldb,churn,3889,13.468,0,0
leveldb,churn,3890,13.854,164779366,0
leveldb,churn,3891,17.431,0,0
leveldb,churn,3892,12.562,0,0
leveldb,churn,3893,11.074,0,0
leveldb,churn,3894,16.660,0,0
leveldb,churn,3895,14.934,0,0
leveldb,churn,3896,12.843,0,0
leveldb,churn,3897,13.372,0,0
leveldb,churn,3898,23.618,0,0
leveldb,churn,3899,22.903,0,0
leveldb,churn,3900,14.015,172301381,0
leveldb,churn,3901,24.865,0,0
leveldb,churn,3902,18.939,0,0
leveldb,churn,3903,23.884,0,0
leveldb,churn,3904,42.604,0,0
leveldb,churn,3905,20.881,0,0
leveldb,churn,3906,24.962,0,0
leveldb,churn,3907,20.784,0,0
leveldb,churn,3908,21.850,0,0
leveldb,churn,3909,12.892,0,0
leveldb,churn,3910,22.183,176252961,0
leveldb,churn,3911,12.422,0,0
leveldb,churn,3912,25.624,0,0
leveldb,churn,3913,23.301,0,0
leveldb,churn,3914,13.288,0,0
leveldb,churn,3915,16.562,0,0
leveldb,churn,3916,15.796,0,0
leveldb,churn,3917,16.482,0,0
leveldb,churn,3918,21.136,0,0
leveldb,churn,3919,18.358,0,0
leveldb,churn,3920,13.374,173744217,0
leveldb,churn,3921,15.655,0,0
leveldb,churn,3922,16.364,0,0
leveldb,churn,3923,15.488,0,0
leveldb,churn,3924,17.067,0,0
leveldb,churn,3925,23.512,0,0
leveldb,churn,3926,20.631,0,0
leveldb,churn,3927,14.536,0,0
leveldb,churn,3928,14.830,0,0
leveldb,churn,3929,14.067,0,0
leveldb,churn,3930,13.003,174470349,0
leveldb,churn,3931,16.790,0,0
leveldb,churn,3932,18.755,0,0
leveldb,churn,3933,12.171,0,0
leveldb,churn,3934,13.841,0,0
leveldb,churn,3935,12.912,0,0
leveldb,churn,3936,25.074,0,0
leveldb,churn,3937,22.297,0,0
leveldb,churn,3938,22.778,0,0
leveldb,churn,3939,14.019,0,0
leveldb,churn,3940,13.119,177444846,0
leveldb,churn,3941,14.969,0,0
leveldb,churn,3942,21.699,0,0
leveldb,churn,3943,16.392,0,0
leveldb,churn,3944,20.372,0,0
leveldb,churn,3945,13.095,0,0
leveldb,churn,3946,20.743,0,0
leveldb,churn,3947,18.726,0,0
leveldb,churn,3948,37.593,0,0
leveldb,churn,3949,13.954,0,0
leveldb,churn,3950,20.265,173440933,0
leveldb,churn,3951,17.111,0,0
leveldb,churn,3952,16.761,0,0
leveldb,churn,3953,13.219,0,0
leveldb,churn,3954,13.575,0,0
leveldb,churn,3955,18.282,0,0
leveldb,churn,3956,10.540,0,0
leveldb,churn,3957,12.797,0,0
leveldb,churn,3958,18.096,0,0
leveldb,churn,3959,10.852,0,0
leveldb,churn,3960,21.176,167037746,0
leveldb,churn,3961,15.474,0,0
leveldb,churn,3962,10.639,0,0
leveldb,churn,3963,16.782,0,0
leveldb,churn,3964,16.767,0,0
leveldb,churn,3965,11.856,0,0
leveldb,churn,3966,15.933,0,0
leveldb,churn,3967,16.556,0,0
leveldb,churn,3968,16.895,0,0
leveldb,churn,3969,15.788,0,0
leveldb,churn,3970,14.824,167011763,0
leveldb,churn,3971,24.704,0,0
leveldb,churn,3972,13.179,0,0
leveldb,churn,3973,15.574,0,0
leveldb,churn,3974,12.570,0,0
leveldb,churn,3975,18.153,0,0
leveldb,churn,3976,14.654,0,0
leveldb,churn,3977,13.866,0,0
leveldb,churn,3978,21.240,0,0
leveldb,churn,3979,13.494,0,0
leveldb,churn,3980,17.810,176078209,0
leveldb,churn,3981,19.365,0,0
leveldb,churn,3982,11.342,0,0
leveldb,churn,3983,11.632,0,0
leveldb,churn,3984,12.320,0,0
leveldb,churn,3985,17.640,0,0
leveldb,churn,3986,15.955,0,0
leveldb,churn,3987,14.032,0,0
leveldb,churn,3988,12.734,0,0
leveldb,churn,3989,13.399,0,0
leveldb,churn,3990,13.090,168811735,0
leveldb,churn,3991,10.275,0,0
leveldb,churn,3992,11.798,0,0
leveldb,churn,3993,16.781,0,0
leveldb,churn,3994,13.054,0,0
leveldb,churn,3995,16.568,0,0
leveldb,churn,3996,15.372,0,0
leveldb,churn,3997,18.473,0,0
leveldb,churn,3998,16.560,0,0
leveldb,churn,3999,17.597,0,0
leveldb,churn,4000,12.931,178239021,0
leveldb,churn,4001,10.706,0,0
leveldb,churn,4002,14.892,0,0
leveldb,churn,4003,18.904,0,0
leveldb,churn,4004,17.484,0,0
leveldb,churn,4005,19.332,0,0
leveldb,churn,4006,17.659,0,0
leveldb,churn,4007,17.342,0,0
leveldb,churn,4008,17.180,0,0
leveldb,churn,4009,11.646,0,0
leveldb,churn,4010,12.810,170169240,0
leveldb,churn,4011,16.802,0,0
leveldb,churn,4012,14.526,0,0
leveldb,churn,4013,15.116,0,0
leveldb,churn,4014,14.043,0,0
leveldb,churn,4015,12.648,0,0
leveldb,churn,4016,15.536,0,0
leveldb,churn,4017,14.996,0,0
leveldb,churn,4018,14.115,0,0
leveldb,churn,4019,16.748,0,0
leveldb,churn,4020,16.128,180797150,0
leveldb,churn,4021,19.314,0,0
leveldb,churn,4022,17.046,0,0
leveldb,churn,4023,21.467,0,0
leveldb,churn,4024,12.199,0,0
leveldb,churn,4025,11.116,0,0
leveldb,churn,4026,13.063,0,0
leveldb,churn,4027,16.527,0,0
leveldb,churn,4028,20.750,0,0
leveldb,churn,4029,16.848,0,0
leveldb,churn,4030,22.118,177651191,0
leveldb,churn,4031,11.763,0,0
leveldb,churn,4032,14.084,0,0
leveldb,churn,4033,20.834,0,0
leveldb,churn,4034,14.853,0,0
leveldb,churn,4035,11.208,0,0
leveldb,churn,4036,11.999,0,0
leveldb,churn,4037,17.751,0,0
leveldb,churn,4038,12.368,0,0
leveldb,churn,4039,11.875,0,0
leveldb,churn,4040,12.722,170777825,0
leveldb,churn,4041,15.751,0,0
leveldb,churn,4042,14.664,0,0
leveldb,churn,4043,14.193,0,0
leveldb,churn,4044,16.067,0,0
leveldb,churn,4045,15.341,0,0
leveldb,churn,4046,16.879,0,0
leveldb,churn,4047,13.699,0,0
leveldb,churn,4048,18.264,0,0
leveldb,churn,4049,16.263,0,0
leveldb,churn,4050,17.033,169301062,0
leveldb,churn,4051,11.816,0,0
leveldb,churn,4052,11.951,0,0
leveldb,churn,4053,11.894,0,0
leveldb,churn,4054,15.672,0,0
leveldb,churn,4055,15.138,0,0
leveldb,churn,4056,12.120,0,0
leveldb,churn,4057,18.943,0,0
leveldb,churn,4058,12.318,0,0
leveldb,churn,4059,14.056,0,0
leveldb,churn,4060,14.314,173291592,0
leveldb,churn,4061,12.448,0,0
leveldb,churn,4062,17.882,0,0
leveldb,churn,4063,14.968,0,0
leveldb,churn,4064,15.666,0,0
leveldb,churn,4065,15.601,0,0
leveldb,churn,4066,15.629,0,0
leveldb,churn,4067,17.846,0,0
leveldb,churn,4068,17.465,0,0
leveldb,churn,4069,15.058,0,0
leveldb,churn,4070,14.960,182824842,0
leveldb,churn,4071,16.980,0,0
leveldb,churn,4072,12.476,0,0
leveldb,churn,4073,17.771,0,0
leveldb,churn,4074,17.461,0,0
leveldb,churn,4075,15.896,0,0
leveldb,churn,4076,15.029,0,0
leveldb,churn,4077,12.361,0,0
leveldb,churn,4078,11.276,0,0
leveldb,churn,4079,11.894,0,0
leveldb,churn,4080,13.096,171725870,0
leveldb,churn,4081,10.386,0,0
leveldb,churn,4082,12.838,0,0
leveldb,churn,4083,13.606,0,0
leveldb,churn,4084,16.433,0,0
leveldb,churn,4085,14.146,0,0
leveldb,churn,4086,12.686,0,0
leveldb,churn,4087,16.442,0,0
leveldb,churn,4088,18.868,0,0
leveldb,churn,4089,18.759,0,0
leveldb,churn,4090,14.782,171110973,0
leveldb,churn,4091,18.214,0,0
leveldb,churn,4092,14.758,0,0
leveldb,churn,4093,16.673,0,0
leveldb,churn,4094,15.609,0,0
leveldb,churn,4095,18.922,0,0
leveldb,churn,4096,12.879,0,0
leveldb,churn,4097,14.808,0,0
leveldb,churn,4098,17.355,0,0
leveldb,churn,4099,19.083,0,0
leveldb,churn,4100,17.033,167905451,0
leveldb,churn,4101,16.685,0,0
leveldb,churn,4102,20.349,0,0
leveldb,churn,4103,18.684,0,0
leveldb,churn,4104,16.366,0,0
leveldb,churn,4105,19.775,0,0
leveldb,churn,4106,15.747,0,0
leveldb,churn,4107,16.752,0,0
leveldb,churn,4108,16.756,0,0
leveldb,churn,4109,14.340,0,0
leveldb,churn,4110,14.680,169020501,0
leveldb,churn,4111,15.854,0,0
leveldb,churn,4112,12.975,0,0
leveldb,churn,4113,13.962,0,0
leveldb,churn,4114,13.889,0,0
leveldb,churn,4115,15.308,0,0
leveldb,churn,4116,12.871,0,0
leveldb,churn,4117,16.179,0,0
leveldb,churn,4118,18.000,0,0
leveldb,churn,4119,16.030,0,0
leveldb,churn,4120,19.198,168342487,0
leveldb,churn,4121,14.624,0,0
leveldb,churn,4122,10.219,0,0
leveldb,churn,4123,16.196,0,0
leveldb,churn,4124,16.055,0,0
leveldb,churn,4125,19.935,0,0
leveldb,churn,4126,16.008,0,0
leveldb,churn,4127,13.031,0,0
leveldb,churn,4128,20.811,0,0
leveldb,churn,4129,15.191,0,0
leveldb,churn,4130,13.911,174234529,0
leveldb,churn,4131,13.937,0,0
leveldb,churn,4132,18.301,0,0
leveldb,churn,4133,11.506,0,0
leveldb,churn,4134,10.567,0,0
leveldb,churn,4135,14.050,0,0
leveldb,churn,4136,17.925,0,0
leveldb,churn,4137,18.056,0,0
leveldb,churn,4138,14.774,0,0
leveldb,churn,4139,12.164,0,0
leveldb,churn,4140,13.614,170134971,0
leveldb,churn,4141,19.141,0,0
leveldb,churn,4142,13.079,0,0
leveldb,churn,4143,13.396,0,0
leveldb,churn,4144,12.229,0,0
leveldb,churn,4145,12.558,0,0
leveldb,churn,4146,14.007,0,0
leveldb,churn,4147,16.210,0,0
leveldb,churn,4148,16.042,0,0
leveldb,churn,4149,14.127,0,0
leveldb,churn,4150,17.087,173684804,0
leveldb,churn,4151,16.106,0,0
leveldb,churn,4152,15.026,0,0
leveldb,churn,4153,18.085,0,0
leveldb,churn,4154,12.166,0,0
leveldb,churn,4155,13.366,0,0
leveldb,churn,4156,10.287,0,0
leveldb,churn,4157,19.992,0,0
leveldb,churn,4158,15.211,0,0
leveldb,churn,4159,15.665,0,0
leveldb,churn,4160,14.789,183391583,0
leveldb,churn,4161,15.948,0,0
leveldb,churn,4162,15.354,0,0
leveldb,churn,4163,13.740,0,0
leveldb,churn,4164,17.368,0,0
leveldb,churn,4165,14.308,0,0
leveldb,churn,4166,15.175,0,0
leveldb,churn,4167,13.939,0,0
leveldb,churn,4168,12.324,0,0
leveldb,churn,4169,13.573,0,0
leveldb,churn,4170,14.904,173618005,0
leveldb,churn,4171,14.524,0,0
leveldb,churn,4172,12.904,0,0
leveldb,churn,4173,14.483,0,0
leveldb,churn,4174,11.276,0,0
leveldb,churn,4175,15.573,0,0
leveldb,churn,4176,15.722,0,0
leveldb,churn,4177,18.417,0,0
leveldb,churn,4178,15.707,0,0
leveldb,churn,4179,17.281,0,0
leveldb,churn,4180,23.121,168741940,0
leveldb,churn,4181,12.881,0,0
leveldb,churn,4182,10.019,0,0
leveldb,churn,4183,16.839,0,0
leveldb,churn,4184,15.789,0,0
leveldb,churn,4185,13.819,0,0
leveldb,churn,4186,11.717,0,0
leveldb,churn,4187,14.562,0,0
leveldb,churn,4188,13.339,0,0
leveldb,churn,4189,11.915,0,0
leveldb,churn,4190,16.772,167882656,0
leveldb,churn,4191,16.823,0,0
leveldb,churn,4192,13.264,0,0
leveldb,churn,4193,13.241,0,0
leveldb,churn,4194,13.836,0,0
leveldb,churn,4195,13.575,0,0
leveldb,churn,4196,15.060,0,0
leveldb,churn,4197,15.348,0,0
leveldb,churn,4198,17.590,0,0
leveldb,churn,4199,14.318,0,0
leveldb,churn,4200,10.857,183057032,0
leveldb,churn,4201,16.244,0,0
leveldb,churn,4202,17.623,0,0
leveldb,churn,4203,15.638,0,0
leveldb,churn,4204,13.778,0,0
leveldb,churn,4205,11.618,0,0
leveldb,churn,4206,13.446,0,0
leveldb,churn,4207,12.570,0,0
leveldb,churn,4208,14.462,0,0
leveldb,churn,4209,12.109,0,0
leveldb,churn,4210,14.326,169896434,0
leveldb,churn,4211,12.802,0,0
leveldb,churn,4212,13.149,0,0
leveldb,churn,4213,15.354,0,0
leveldb,churn,4214,15.662,0,0
leveldb,churn,4215,17.635,0,0
leveldb,churn,4216,18.616,0,0
leveldb,churn,4217,16.467,0,0
leveldb,churn,4218,15.429,0,0
leveldb,churn,4219,16.855,0,0
leveldb,churn,4220,15.648,175732940,0
leveldb,churn,4221,16.081,0,0
leveldb,churn,4222,14.797,0,0
leveldb,churn,4223,16.621,0,0
leveldb,churn,4224,19.337,0,0
leveldb,churn,4225,15.440,0,0
leveldb,churn,4226,16.187,0,0
leveldb,churn,4227,16.392,0,0
leveldb,churn,4228,12.241,0,0
leveldb,churn,4229,15.175,0,0
leveldb,churn,4230,26.318,174093383,0
leveldb,churn,4231,33.732,0,0
leveldb,churn,4232,14.767,0,0
leveldb,churn,4233,19.750,0,0
leveldb,churn,4234,13.088,0,0
leveldb,churn,4235,18.967,0,0
leveldb,churn,4236,15.626,0,0
leveldb,churn,4237,16.127,0,0
leveldb,churn,4238,13.125,0,0
leveldb,churn,4239,16.388,0,0
leveldb,churn,4240,13.308,183074709,0
leveldb,churn,4241,13.221,0,0
leveldb,churn,4242,15.654,0,0
leveldb,churn,4243,16.381,0,0
leveldb,churn,4244,15.550,0,0
leveldb,churn,4245,13.415,0,0
leveldb,churn,4246,13.681,0,0
leveldb,churn,4247,18.023,0,0
leveldb,churn,4248,18.175,0,0
leveldb,churn,4249,21.594,0,0
leveldb,churn,4250,32.921,177439400,0
leveldb,churn,4251,40.663,0,0
leveldb,churn,4252,40.330,0,0
leveldb,churn,4253,16.937,0,0
leveldb,churn,4254,15.634,0,0
leveldb,churn,4255,20.713,0,0
leveldb,churn,4256,40.033,0,0
leveldb,churn,4257,22.610,0,0
leveldb,churn,4258,24.205,0,0
leveldb,churn,4259,26.317,0,0
leveldb,churn,4260,24.447,189751783,0
leveldb,churn,4261,13.476,0,0
leveldb,churn,4262,16.509,0,0
leveldb,churn,4263,15.728,0,0
leveldb,churn,4264,14.867,0,0
leveldb,churn,4265,16.929,0,0
leveldb,churn,4266,15.851,0,0
leveldb,churn,4267,16.166,0,0
leveldb,churn,4268,16.698,0,0
leveldb,churn,4269,18.090,0,0
leveldb,churn,4270,19.308,167667554,0
leveldb,churn,4271,17.865,0,0
leveldb,churn,4272,21.492,0,0
leveldb,churn,4273,30.588,0,0
leveldb,churn,4274,27.909,0,0
leveldb,churn,4275,15.216,0,0
leveldb,churn,4276,15.439,0,0
leveldb,churn,4277,17.282,0,0
leveldb,churn,4278,14.169,0,0
leveldb,churn,4279,11.303,0,0
leveldb,churn,4280,17.183,175965432,0
leveldb,churn,4281,18.858,0,0
leveldb,churn,4282,14.804,0,0
leveldb,churn,4283,25.261,0,0
leveldb,churn,4284,14.281,0,0
leveldb,churn,4285,15.043,0,0
leveldb,churn,4286,15.494,0,0
leveldb,churn,4287,18.200,0,0
leveldb,churn,4288,20.423,0,0
leveldb,churn,4289,15.725,0,0
leveldb,churn,4290,15.900,173757353,0
leveldb,churn,4291,15.025,0,0
leveldb,churn,4292,11.929,0,0
leveldb,churn,4293,13.505,0,0
leveldb,churn,4294,22.342,0,0
leveldb,churn,4295,12.802,0,0
leveldb,churn,4296,19.036,0,0
leveldb,churn,4297,11.694,0,0
leveldb,churn,4298,14.542,0,0
leveldb,churn,4299,10.453,0,0
leveldb,churn,4300,16.996,171045186,0
leveldb,churn,4301,13.285,0,0
leveldb,churn,4302,13.219,0,0
leveldb,churn,4303,11.563,0,0
leveldb,churn,4304,16.530,0,0
leveldb,churn,4305,12.082,0,0
leveldb,churn,4306,10.793,0,0
leveldb,churn,4307,19.146,0,0
leveldb,churn,4308,12.847,0,0
leveldb,churn,4309,19.006,0,0
leveldb,churn,4310,16.669,172648034,0
leveldb,churn,4311,14.766,0,0
leveldb,churn,4312,16.094,0,0
leveldb,churn,4313,15.710,0,0
leveldb,churn,4314,15.353,0,0
leveldb,churn,4315,20.446,0,0
leveldb,churn,4316,16.493,0,0
leveldb,churn,4317,13.550,0,0
leveldb,churn,4318,20.321,0,0
leveldb,churn,4319,11.161,0,0
leveldb,churn,4320,22.304,178327350,0
leveldb,churn,4321,14.266,0,0
leveldb,churn,4322,20.325,0,0
leveldb,churn,4323,19.619,0,0
leveldb,churn,4324,11.000,0,0
leveldb,churn,4325,16.518,0,0
leveldb,churn,4326,12.906,0,0
leveldb,churn,4327,11.200,0,0
leveldb,churn,4328,15.088,0,0
leveldb,churn,4329,16.319,0,0
leveldb,churn,4330,13.074,177697113,0
leveldb,churn,4331,17.255,0,0
leveldb,churn,4332,16.587,0,0
leveldb,churn,4333,20.689,0,0
leveldb,churn,4334,12.255,0,0
leveldb,churn,4335,14.592,0,0
leveldb,churn,4336,15.653,0,0
leveldb,churn,4337,15.692,0,0
leveldb,churn,4338,19.931,0,0
leveldb,churn,4339,17.444,0,0
leveldb,churn,4340,19.565,173834561,0
leveldb,churn,4341,18.435,0,0
leveldb,churn,4342,15.252,0,0
leveldb,churn,4343,11.910,0,0
leveldb,churn,4344,14.943,0,0
leveldb,churn,4345,11.319,0,0
leveldb,churn,4346,11.552,0,0
leveldb,churn,4347,12.955,0,0
leveldb,churn,4348,15.877,0,0
leveldb,churn,4349,15.827,0,0
leveldb,churn,4350,11.199,181248088,0
leveldb,churn,4351,14.834,0,0
leveldb,churn,4352,9.927,0,0
leveldb,churn,4353,14.663,0,0
leveldb,churn,4354,12.896,0,0
leveldb,churn,4355,14.029,0,0
leveldb,churn,4356,18.065,0,0
leveldb,churn,4357,12.079,0,0
leveldb,churn,4358,17.274,0,0
leveldb,churn,4359,13.865,0,0
leveldb,churn,4360,15.288,180569857,0
leveldb,churn,4361,17.593,0,0
leveldb,churn,4362,15.421,0,0
leveldb,churn,4363,19.184,0,0
leveldb,churn,4364,14.664,0,0
leveldb,churn,4365,17.271,0,0
leveldb,churn,4366,18.112,0,0
leveldb,churn,4367,18.316,0,0
leveldb,churn,4368,17.241,0,0
leveldb,churn,4369,20.312,0,0
leveldb,churn,4370,20.472,173106121,0
leveldb,churn,4371,10.749,0,0
leveldb,churn,4372,11.266,0,0
leveldb,churn,4373,19.284,0,0
leveldb,churn,4374,11.710,0,0
leveldb,churn,4375,13.327,0,0
leveldb,churn,4376,19.801,0,0
leveldb,churn,4377,20.678,0,0
leveldb,churn,4378,18.967,0,0
leveldb,churn,4379,18.524,0,0
leveldb,churn,4380,13.085,181584135,0
leveldb,churn,4381,16.671,0,0
leveldb,churn,4382,16.458,0,0
leveldb,churn,4383,16.294,0,0
leveldb,churn,4384,14.213,0,0
leveldb,churn,4385,14.873,0,0
leveldb,churn,4386,14.105,0,0
leveldb,churn,4387,17.883,0,0
leveldb,churn,4388,18.247,0,0
leveldb,churn,4389,12.130,0,0
leveldb,churn,4390,13.122,183485912,0
leveldb,churn,4391,16.503,0,0
leveldb,churn,4392,13.627,0,0
leveldb,churn,4393,18.277,0,0
leveldb,churn,4394,22.256,0,0
leveldb,churn,4395,18.219,0,0
leveldb,churn,4396,16.070,0,0
leveldb,churn,4397,20.465,0,0
leveldb,churn,4398,16.006,0,0
leveldb,churn,4399,10.352,0,0
leveldb,churn,4400,16.490,176732688,0
leveldb,churn,4401,13.677,0,0
leveldb,churn,4402,13.929,0,0
leveldb,churn,4403,17.545,0,0
leveldb,churn,4404,18.231,0,0
leveldb,churn,4405,15.318,0,0
leveldb,churn,4406,14.816,0,0
leveldb,churn,4407,18.952,0,0
leveldb,churn,4408,15.210,0,0
leveldb,churn,4409,14.951,0,0
leveldb,churn,4410,12.591,179865821,0
leveldb,churn,4411,12.716,0,0
leveldb,churn,4412,20.106,0,0
leveldb,churn,4413,14.765,0,0
leveldb,churn,4414,17.442,0,0
leveldb,churn,4415,12.166,0,0
leveldb,churn,4416,12.226,0,0
leveldb,churn,4417,14.408,0,0
leveldb,churn,4418,13.693,0,0
leveldb,churn,4419,14.702,0,0
leveldb,churn,4420,14.033,174460759,0
leveldb,churn,4421,12.346,0,0
leveldb,churn,4422,15.509,0,0
leveldb,churn,4423,14.443,0,0
leveldb,churn,4424,17.494,0,0
leveldb,churn,4425,19.622,0,0
leveldb,churn,4426,17.463,0,0
leveldb,churn,4427,27.253,0,0
leveldb,churn,4428,20.140,0,0
leveldb,churn,4429,27.943,0,0
leveldb,churn,4430,18.276,171951626,0
leveldb,churn,4431,16.315,0,0
leveldb,churn,4432,18.305,0,0
leveldb,churn,4433,15.080,0,0
leveldb,churn,4434,15.729,0,0
leveldb,churn,4435,23.917,0,0
leveldb,churn,4436,14.211,0,0
leveldb,churn,4437,12.118,0,0
leveldb,churn,4438,20.448,0,0
leveldb,churn,4439,18.424,0,0
leveldb,churn,4440,16.670,174593903,0
leveldb,churn,4441,16.422,0,0
leveldb,churn,4442,15.674,0,0
leveldb,churn,4443,13.905,0,0
leveldb,churn,4444,10.476,0,0
leveldb,churn,4445,15.892,0,0
leveldb,churn,4446,15.136,0,0
leveldb,churn,4447,16.467,0,0
leveldb,churn,4448,13.709,0,0
leveldb,churn,4449,16.586,0,0
leveldb,churn,4450,14.652,181659747,0
leveldb,churn,4451,25.099,0,0
leveldb,churn,4452,15.917,0,0
leveldb,churn,4453,17.040,0,0
leveldb,churn,4454,15.413,0,0
leveldb,churn,4455,15.397,0,0
leveldb,churn,4456,14.105,0,0
leveldb,churn,4457,10.307,0,0
leveldb,churn,4458,11.853,0,0
leveldb,churn,4459,12.418,0,0
leveldb,churn,4460,12.371,173215406,0
leveldb,churn,4461,15.487,0,0
leveldb,churn,4462,16.232,0,0
leveldb,churn,4463,13.294,0,0
leveldb,churn,4464,15.855,0,0
leveldb,churn,4465,13.024,0,0
leveldb,churn,4466,14.502,0,0
leveldb,churn,4467,18.370,0,0
leveldb,churn,4468,19.164,0,0
leveldb,churn,4469,18.688,0,0
leveldb,churn,4470,20.072,173031415,0
leveldb,churn,4471,19.564,0,0
leveldb,churn,4472,13.567,0,0
leveldb,churn,4473,14.906,0,0
leveldb,churn,4474,14.295,0,0
leveldb,churn,4475,17.934,0,0
leveldb,churn,4476,15.794,0,0
leveldb,churn,4477,18.657,0,0
leveldb,churn,4478,15.522,0,0
leveldb,churn,4479,13.032,0,0
leveldb,churn,4480,18.763,179358976,0
leveldb,churn,4481,17.313,0,0
leveldb,churn,4482,12.181,0,0
leveldb,churn,4483,14.736,0,0
leveldb,churn,4484,23.227,0,0
leveldb,churn,4485,14.788,0,0
leveldb,churn,4486,12.189,0,0
leveldb,churn,4487,12.869,0,0
leveldb,churn,4488,12.051,0,0
leveldb,churn,4489,13.769,0,0
leveldb,churn,4490,16.587,179763360,0
leveldb,churn,4491,13.439,0,0
leveldb,churn,4492,12.673,0,0
leveldb,churn,4493,16.184,0,0
leveldb,churn,4494,11.318,0,0
leveldb,churn,4495,16.601,0,0
leveldb,churn,4496,27.194,0,0
leveldb,churn,4497,16.051,0,0
leveldb,churn,4498,19.480,0,0
leveldb,churn,4499,9.879,0,0
leveldb,churn,4500,10.531,185876622,0
leveldb,churn,4501,14.953,0,0
leveldb,churn,4502,17.798,0,0
leveldb,churn,4503,17.603,0,0
leveldb,churn,4504,11.803,0,0
leveldb,churn,4505,12.012,0,0
leveldb,churn,4506,23.550,0,0
leveldb,churn,4507,10.770,0,0
leveldb,churn,4508,17.770,0,0
leveldb,churn,4509,17.207,0,0
leveldb,churn,4510,13.580,177877047,0
leveldb,churn,4511,14.267,0,0
leveldb,churn,4512,11.525,0,0
leveldb,churn,4513,27.334,0,0
leveldb,churn,4514,12.455,0,0
leveldb,churn,4515,16.909,0,0
leveldb,churn,4516,16.243,0,0
leveldb,churn,4517,16.062,0,0
leveldb,churn,4518,11.938,0,0
leveldb,churn,4519,13.777,0,0
leveldb,churn,4520,12.437,176411617,0
leveldb,churn,4521,11.088,0,0
leveldb,churn,4522,15.546,0,0
leveldb,churn,4523,13.358,0,0
leveldb,churn,4524,11.629,0,0
leveldb,churn,4525,16.309,0,0
leveldb,churn,4526,16.237,0,0
leveldb,churn,4527,18.793,0,0
leveldb,churn,4528,15.907,0,0
leveldb,churn,4529,13.781,0,0
leveldb,churn,4530,13.104,172555222,0
leveldb,churn,4531,15.320,0,0
leveldb,churn,4532,14.434,0,0
leveldb,churn,4533,15.156,0,0
leveldb,churn,4534,18.075,0,0
leveldb,churn,4535,17.588,0,0
leveldb,churn,4536,12.106,0,0
leveldb,churn,4537,14.478,0,0
leveldb,churn,4538,14.570,0,0
leveldb,churn,4539,13.481,0,0
leveldb,churn,4540,17.499,169024482,0
leveldb,churn,4541,21.304,0,0
leveldb,churn,4542,12.008,0,0
leveldb,churn,4543,13.060,0,0
leveldb,churn,4544,11.793,0,0
leveldb,churn,4545,11.133,0,0
leveldb,churn,4546,15.167,0,0
leveldb,churn,4547,16.877,0,0
leveldb,churn,4548,12.825,0,0
leveldb,churn,4549,15.830,0,0
leveldb,churn,4550,12.852,171971993,0
leveldb,churn,4551,12.686,0,0
leveldb,churn,4552,17.281,0,0
leveldb,churn,4553,13.228,0,0
leveldb,churn,4554,17.206,0,0
leveldb,churn,4555,18.009,0,0
leveldb,churn,4556,15.153,0,0
leveldb,churn,4557,13.037,0,0
leveldb,churn,4558,19.650,0,0
leveldb,churn,4559,13.793,0,0
leveldb,churn,4560,15.653,173585880,0
leveldb,churn,4561,19.223,0,0
leveldb,churn,4562,17.742,0,0
leveldb,churn,4563,14.008,0,0
leveldb,churn,4564,16.348,0,0
leveldb,churn,4565,16.657,0,0
leveldb,churn,4566,16.434,0,0
leveldb,churn,4567,23.626,0,0
leveldb,churn,4568,13.054,0,0
leveldb,churn,4569,12.514,0,0
leveldb,churn,4570,13.934,170518004,0
leveldb,churn,4571,14.518,0,0
leveldb,churn,4572,17.870,0,0
leveldb,churn,4573,14.279,0,0
leveldb,churn,4574,11.816,0,0
leveldb,churn,4575,9.973,0,0
leveldb,churn,4576,12.755,0,0
leveldb,churn,4577,12.351,0,0
leveldb,churn,4578,11.659,0,0
leveldb,churn,4579,13.962,0,0
leveldb,churn,4580,12.697,176806237,0
leveldb,churn,4581,14.641,0,0
leveldb,churn,4582,14.009,0,0
leveldb,churn,4583,17.135,0,0
leveldb,churn,4584,11.880,0,0
leveldb,churn,4585,14.227,0,0
leveldb,churn,4586,17.415,0,0
leveldb,churn,4587,11.744,0,0
leveldb,churn,4588,15.808,0,0
leveldb,churn,4589,11.639,0,0
leveldb,churn,4590,18.561,169467070,0
leveldb,churn,4591,17.646,0,0
leveldb,churn,4592,14.609,0,0
leveldb,churn,4593,13.218,0,0
leveldb,churn,4594,12.807,0,0
leveldb,churn,4595,13.771,0,0
leveldb,churn,4596,12.813,0,0
leveldb,churn,4597,14.119,0,0
leveldb,churn,4598,13.367,0,0
leveldb,churn,4599,17.083,0,0
leveldb,churn,4600,13.200,175775598,0
leveldb,churn,4601,14.289,0,0
leveldb,churn,4602,10.684,0,0
leveldb,churn,4603,17.858,0,0
leveldb,churn,4604,17.733,0,0
leveldb,churn,4605,15.263,0,0
leveldb,churn,4606,17.079,0,0
leveldb,churn,4607,16.858,0,0
leveldb,churn,4608,28.677,0,0
leveldb,churn,4609,17.032,0,0
leveldb,churn,4610,15.400,172689670,0
leveldb,churn,4611,15.063,0,0
leveldb,churn,4612,17.674,0,0
leveldb,churn,4613,18.153,0,0
leveldb,churn,4614,12.058,0,0
leveldb,churn,4615,12.857,0,0
leveldb,churn,4616,16.144,0,0
leveldb,churn,4617,10.594,0,0
leveldb,churn,4618,13.915,0,0
leveldb,churn,4619,11.158,0,0
leveldb,churn,4620,12.359,173939257,0
leveldb,churn,4621,11.599,0,0
leveldb,churn,4622,17.058,0,0
leveldb,churn,4623,18.465,0,0
leveldb,churn,4624,11.158,0,0
leveldb,churn,4625,19.959,0,0
leveldb,churn,4626,16.764,0,0
leveldb,churn,4627,18.368,0,0
leveldb,churn,4628,11.694,0,0
leveldb,churn,4629,11.573,0,0
leveldb,churn,4630,28.087,171259747,0
leveldb,churn,4631,16.210,0,0
leveldb,churn,4632,15.264,0,0
leveldb,churn,4633,17.042,0,0
leveldb,churn,4634,15.859,0,0
leveldb,churn,4635,20.443,0,0
leveldb,churn,4636,12.468,0,0
leveldb,churn,4637,18.425,0,0
leveldb,churn,4638,13.036,0,0
leveldb,churn,4639,11.292,0,0
leveldb,churn,4640,13.061,177901181,0
leveldb,churn,4641,13.867,0,0
leveldb,churn,4642,12.153,0,0
leveldb,churn,4643,13.508,0,0
leveldb,churn,4644,15.700,0,0
leveldb,churn,4645,14.481,0,0
leveldb,churn,4646,19.026,0,0
leveldb,churn,4647,18.272,0,0
leveldb,churn,4648,15.018,0,0
leveldb,churn,4649,16.679,0,0
leveldb,churn,4650,20.718,171583648,0
leveldb,churn,4651,20.362,0,0
leveldb,churn,4652,18.599,0,0
leveldb,churn,4653,10.173,0,0
leveldb,churn,4654,20.037,0,0
leveldb,churn,4655,12.255,0,0
leveldb,churn,4656,13.758,0,0
leveldb,churn,4657,20.233,0,0
leveldb,churn,4658,14.914,0,0
leveldb,churn,4659,13.318,0,0
leveldb,churn,4660,12.505,180517431,0
leveldb,churn,4661,17.613,0,0
leveldb,churn,4662,14.729,0,0
leveldb,churn,4663,17.361,0,0
leveldb,churn,4664,11.030,0,0
leveldb,churn,4665,16.736,0,0
leveldb,churn,4666,16.049,0,0
leveldb,churn,4667,16.943,0,0
leveldb,churn,4668,21.516,0,0
leveldb,churn,4669,16.102,0,0
leveldb,churn,4670,16.463,174195941,0
leveldb,churn,4671,18.870,0,0
leveldb,churn,4672,15.112,0,0
leveldb,churn,4673,12.683,0,0
leveldb,churn,4674,18.769,0,0
leveldb,churn,4675,16.100,0,0
leveldb,churn,4676,17.976,0,0
leveldb,churn,4677,15.538,0,0
leveldb,churn,4678,29.587,0,0
leveldb,churn,4679,14.303,0,0
leveldb,churn,4680,11.222,179210242,0
leveldb,churn,4681,20.231,0,0
leveldb,churn,4682,15.205,0,0
leveldb,churn,4683,13.036,0,0
leveldb,churn,4684,17.827,0,0
leveldb,churn,4685,12.883,0,0
leveldb,churn,4686,17.832,0,0
leveldb,churn,4687,18.445,0,0
leveldb,churn,4688,12.361,0,0
leveldb,churn,4689,15.000,0,0
leveldb,churn,4690,14.647,175957715,0
leveldb,churn,4691,15.402,0,0
leveldb,churn,4692,18.036,0,0
leveldb,churn,4693,17.593,0,0
leveldb,churn,4694,15.202,0,0
leveldb,churn,4695,16.506,0,0
leveldb,churn,4696,14.431,0,0
leveldb,churn,4697,14.275,0,0
leveldb,churn,4698,10.939,0,0
leveldb,churn,4699,11.555,0,0
leveldb,churn,4700,19.026,181808577,0
leveldb,churn,4701,15.880,0,0
leveldb,churn,4702,16.459,0,0
leveldb,churn,4703,15.481,0,0
leveldb,churn,4704,11.469,0,0
leveldb,churn,4705,16.598,0,0
leveldb,churn,4706,14.530,0,0
leveldb,churn,4707,25.192,0,0
leveldb,churn,4708,13.555,0,0
leveldb,churn,4709,10.935,0,0
leveldb,churn,4710,10.971,175950491,0
leveldb,churn,4711,14.853,0,0
leveldb,churn,4712,17.705,0,0
leveldb,churn,4713,16.286,0,0
leveldb,churn,4714,17.788,0,0
leveldb,churn,4715,11.225,0,0
leveldb,churn,4716,13.061,0,0
leveldb,churn,4717,12.422,0,0
leveldb,churn,4718,17.344,0,0
leveldb,churn,4719,11.828,0,0
leveldb,churn,4720,16.288,176288671,0
leveldb,churn,4721,14.278,0,0
leveldb,churn,4722,13.880,0,0
leveldb,churn,4723,16.254,0,0
leveldb,churn,4724,13.308,0,0
leveldb,churn,4725,12.819,0,0
leveldb,churn,4726,15.372,0,0
leveldb,churn,4727,13.196,0,0
leveldb,churn,4728,25.813,0,0
leveldb,churn,4729,18.843,0,0
leveldb,churn,4730,11.076,178859155,0
leveldb,churn,4731,16.783,0,0
leveldb,churn,4732,12.878,0,0
leveldb,churn,4733,12.286,0,0
leveldb,churn,4734,12.817,0,0
leveldb,churn,4735,12.677,0,0
leveldb,churn,4736,14.098,0,0
leveldb,churn,4737,14.235,0,0
leveldb,churn,4738,16.225,0,0
leveldb,churn,4739,12.970,0,0
leveldb,churn,4740,13.728,176396259,0
leveldb,churn,4741,19.488,0,0
leveldb,churn,4742,21.784,0,0
leveldb,churn,4743,16.797,0,0
leveldb,churn,4744,13.066,0,0
leveldb,churn,4745,13.933,0,0
leveldb,churn,4746,16.535,0,0
leveldb,churn,4747,18.210,0,0
leveldb,churn,4748,17.286,0,0
leveldb,churn,4749,21.558,0,0
leveldb,churn,4750,15.621,181176892,0
leveldb,churn,4751,20.357,0,0
leveldb,churn,4752,16.773,0,0
leveldb,churn,4753,43.514,0,0
leveldb,churn,4754,18.400,0,0
leveldb,churn,4755,16.774,0,0
leveldb,churn,4756,11.835,0,0
leveldb,churn,4757,14.716,0,0
leveldb,churn,4758,23.511,0,0
leveldb,churn,4759,17.170,0,0
leveldb,churn,4760,15.255,175233863,0
leveldb,churn,4761,12.993,0,0
leveldb,churn,4762,19.930,0,0
leveldb,churn,4763,16.539,0,0
leveldb,churn,4764,16.754,0,0
leveldb,churn,4765,17.140,0,0
leveldb,churn,4766,13.748,0,0
leveldb,churn,4767,20.349,0,0
leveldb,churn,4768,18.831,0,0
leveldb,churn,4769,10.811,0,0
leveldb,churn,4770,12.470,174292300,0
leveldb,churn,4771,11.904,0,0
leveldb,churn,4772,15.453,0,0
leveldb,churn,4773,13.135,0,0
leveldb,churn,4774,10.848,0,0
leveldb,churn,4775,14.428,0,0
leveldb,churn,4776,13.144,0,0
leveldb,churn,4777,16.643,0,0
leveldb,churn,4778,11.730,0,0
leveldb,churn,4779,14.961,0,0
leveldb,churn,4780,17.442,171184454,0
leveldb,churn,4781,12.786,0,0
leveldb,churn,4782,11.947,0,0
leveldb,churn,4783,14.880,0,0
leveldb,churn,4784,13.142,0,0
leveldb,churn,4785,15.482,0,0
leveldb,churn,4786,17.562,0,0
leveldb,churn,4787,17.249,0,0
leveldb,churn,4788,13.662,0,0
leveldb,churn,4789,23.338,0,0
leveldb,churn,4790,16.539,170927999,0
leveldb,churn,4791,16.945,0,0
leveldb,churn,4792,14.915,0,0
leveldb,churn,4793,25.100,0,0
leveldb,churn,4794,15.391,0,0
leveldb,churn,4795,18.433,0,0
leveldb,churn,4796,12.798,0,0
leveldb,churn,4797,13.146,0,0
leveldb,churn,4798,12.066,0,0
leveldb,churn,4799,11.568,0,0
leveldb,churn,4800,16.211,168556225,0
leveldb,churn,4801,13.070,0,0
leveldb,churn,4802,21.053,0,0
leveldb,churn,4803,13.429,0,0
leveldb,churn,4804,19.734,0,0
leveldb,churn,4805,16.066,0,0
leveldb,churn,4806,11.050,0,0
leveldb,churn,4807,17.489,0,0
leveldb,churn,4808,12.961,0,0
leveldb,churn,4809,17.681,0,0
leveldb,churn,4810,16.288,180729813,0
leveldb,churn,4811,17.814,0,0
leveldb,churn,4812,18.028,0,0
leveldb,churn,4813,12.718,0,0
leveldb,churn,4814,18.361,0,0
leveldb,churn,4815,15.945,0,0
leveldb,churn,4816,14.210,0,0
leveldb,churn,4817,15.806,0,0
leveldb,churn,4818,17.674,0,0
leveldb,churn,4819,12.516,0,0
leveldb,churn,4820,13.369,175182744,0
leveldb,churn,4821,12.521,0,0
leveldb,churn,4822,12.189,0,0
leveldb,churn,4823,17.575,0,0
leveldb,churn,4824,13.540,0,0
leveldb,churn,4825,12.186,0,0
leveldb,churn,4826,19.776,0,0
leveldb,churn,4827,13.970,0,0
leveldb,churn,4828,24.091,0,0
leveldb,churn,4829,19.932,0,0
leveldb,churn,4830,14.669,172115713,0
leveldb,churn,4831,11.300,0,0
leveldb,churn,4832,19.353,0,0
leveldb,churn,4833,15.822,0,0
leveldb,churn,4834,16.793,0,0
leveldb,churn,4835,10.533,0,0
leveldb,churn,4836,12.988,0,0
leveldb,churn,4837,16.110,0,0
leveldb,churn,4838,15.856,0,0
leveldb,churn,4839,12.775,0,0
leveldb,churn,4840,14.624,171714057,0
leveldb,churn,4841,13.237,0,0
leveldb,churn,4842,11.623,0,0
leveldb,churn,4843,11.857,0,0
leveldb,churn,4844,13.778,0,0
leveldb,churn,4845,17.012,0,0
leveldb,churn,4846,13.040,0,0
leveldb,churn,4847,12.525,0,0
leveldb,churn,4848,20.703,0,0
leveldb,churn,4849,16.022,0,0
leveldb,churn,4850,13.919,180614216,0
leveldb,churn,4851,18.833,0,0
leveldb,churn,4852,12.426,0,0
leveldb,churn,4853,13.911,0,0
leveldb,churn,4854,15.101,0,0
leveldb,churn,4855,13.958,0,0
leveldb,churn,4856,13.390,0,0
leveldb,churn,4857,11.297,0,0
leveldb,churn,4858,19.314,0,0
leveldb,churn,4859,13.620,0,0
leveldb,churn,4860,16.051,176784509,0
leveldb,churn,4861,19.744,0,0
leveldb,churn,4862,16.250,0,0
leveldb,churn,4863,17.081,0,0
leveldb,churn,4864,17.410,0,0
leveldb,churn,4865,12.834,0,0
leveldb,churn,4866,12.300,0,0
leveldb,churn,4867,21.087,0,0
leveldb,churn,4868,18.378,0,0
leveldb,churn,4869,17.664,0,0
leveldb,churn,4870,10.876,168792913,0
leveldb,churn,4871,14.421,0,0
leveldb,churn,4872,16.295,0,0
leveldb,churn,4873,16.593,0,0
leveldb,churn,4874,20.967,0,0
leveldb,churn,4875,33.951,0,0
leveldb,churn,4876,38.948,0,0
leveldb,churn,4877,30.235,0,0
leveldb,churn,4878,18.089,0,0
leveldb,churn,4879,12.651,0,0
leveldb,churn,4880,10.654,176943361,0
leveldb,churn,4881,12.383,0,0
leveldb,churn,4882,16.077,0,0
leveldb,churn,4883,13.397,0,0
leveldb,churn,4884,15.301,0,0
leveldb,churn,4885,15.275,0,0
leveldb,churn,4886,25.614,0,0
leveldb,churn,4887,19.540,0,0
leveldb,churn,4888,15.299,0,0
leveldb,churn,4889,19.402,0,0
leveldb,churn,4890,13.084,172458015,0
leveldb,churn,4891,12.260,0,0
leveldb,churn,4892,16.145,0,0
leveldb,churn,4893,11.528,0,0
leveldb,churn,4894,11.194,0,0
leveldb,churn,4895,18.223,0,0
leveldb,churn,4896,19.323,0,0
leveldb,churn,4897,18.936,0,0
leveldb,churn,4898,13.394,0,0
leveldb,churn,4899,12.612,0,0
leveldb,churn,4900,15.893,191298485,0
leveldb,churn,4901,25.671,0,0
leveldb,churn,4902,16.970,0,0
leveldb,churn,4903,13.476,0,0
leveldb,churn,4904,19.018,0,0
leveldb,churn,4905,16.155,0,0
leveldb,churn,4906,12.460,0,0
leveldb,churn,4907,14.875,0,0
leveldb,churn,4908,11.739,0,0
leveldb,churn,4909,17.496,0,0
leveldb,churn,4910,15.463,183518722,0
leveldb,churn,4911,10.512,0,0
leveldb,churn,4912,15.988,0,0
leveldb,churn,4913,16.239,0,0
leveldb,churn,4914,16.056,0,0
leveldb,churn,4915,27.727,0,0
leveldb,churn,4916,11.994,0,0
leveldb,churn,4917,16.258,0,0
leveldb,churn,4918,15.285,0,0
leveldb,churn,4919,16.427,0,0
leveldb,churn,4920,16.787,172608156,0
leveldb,churn,4921,11.181,0,0
leveldb,churn,4922,19.205,0,0
leveldb,churn,4923,25.731,0,0
leveldb,churn,4924,32.053,0,0
leveldb,churn,4925,38.106,0,0
leveldb,churn,4926,25.061,0,0
leveldb,churn,4927,18.763,0,0
leveldb,churn,4928,19.391,0,0
leveldb,churn,4929,24.434,0,0
leveldb,churn,4930,16.710,170315437,0
leveldb,churn,4931,12.530,0,0
leveldb,churn,4932,14.812,0,0
leveldb,churn,4933,18.297,0,0
leveldb,churn,4934,11.912,0,0
leveldb,churn,4935,15.069,0,0
leveldb,churn,4936,15.641,0,0
leveldb,churn,4937,12.988,0,0
leveldb,churn,4938,16.857,0,0
leveldb,churn,4939,16.474,0,0
leveldb,churn,4940,14.850,170915768,0
leveldb,churn,4941,14.702,0,0
leveldb,churn,4942,14.713,0,0
leveldb,churn,4943,12.651,0,0
leveldb,churn,4944,11.706,0,0
leveldb,churn,4945,14.782,0,0
leveldb,churn,4946,11.538,0,0
leveldb,churn,4947,12.019,0,0
leveldb,churn,4948,15.107,0,0
leveldb,churn,4949,14.050,0,0
leveldb,churn,4950,17.535,176204776,0
leveldb,churn,4951,27.581,0,0
leveldb,churn,4952,13.432,0,0
leveldb,churn,4953,14.545,0,0
leveldb,churn,4954,15.280,0,0
leveldb,churn,4955,13.413,0,0
leveldb,churn,4956,14.873,0,0
leveldb,churn,4957,17.748,0,0
leveldb,churn,4958,12.818,0,0
leveldb,churn,4959,14.664,0,0
leveldb,churn,4960,14.309,181684991,0
leveldb,churn,4961,11.559,0,0
leveldb,churn,4962,12.951,0,0
leveldb,churn,4963,16.434,0,0
leveldb,churn,4964,17.756,0,0
leveldb,churn,4965,17.974,0,0
leveldb,churn,4966,15.053,0,0
leveldb,churn,4967,16.668,0,0
leveldb,churn,4968,13.564,0,0
leveldb,churn,4969,16.212,0,0
leveldb,churn,4970,17.364,176729401,0
leveldb,churn,4971,17.873,0,0
leveldb,churn,4972,17.947,0,0
leveldb,churn,4973,13.917,0,0
leveldb,churn,4974,10.067,0,0
leveldb,churn,4975,11.544,0,0
leveldb,churn,4976,20.783,0,0
leveldb,churn,4977,14.005,0,0
leveldb,churn,4978,13.150,0,0
leveldb,churn,4979,16.150,0,0
leveldb,churn,4980,16.644,175352275,0
leveldb,churn,4981,10.829,0,0
leveldb,churn,4982,18.699,0,0
leveldb,churn,4983,14.499,0,0
leveldb,churn,4984,15.543,0,0
leveldb,churn,4985,20.920,0,0
leveldb,churn,4986,11.462,0,0
leveldb,churn,4987,10.549,0,0
leveldb,churn,4988,10.135,0,0
leveldb,churn,4989,13.220,0,0
leveldb,churn,4990,14.333,174188656,0
leveldb,churn,4991,10.355,0,0
leveldb,churn,4992,15.704,0,0
leveldb,churn,4993,11.767,0,0
leveldb,churn,4994,15.366,0,0
leveldb,churn,4995,15.145,0,0
leveldb,churn,4996,18.402,0,0
leveldb,churn,4997,16.784,0,0
leveldb,churn,4998,14.184,0,0
leveldb,churn,4999,13.458,0,0
leveldb,churn,5000,15.844,181936633,0
leveldb,churn,5001,17.577,0,0
leveldb,churn,5002,15.324,0,0
leveldb,churn,5003,11.881,0,0
leveldb,churn,5004,11.858,0,0
leveldb,churn,5005,17.649,0,0
leveldb,churn,5006,12.853,0,0
leveldb,churn,5007,16.623,0,0
leveldb,churn,5008,10.623,0,0
leveldb,churn,5009,15.240,0,0
leveldb,churn,5010,12.280,188032164,0
leveldb,churn,5011,12.715,0,0
leveldb,churn,5012,15.294,0,0
leveldb,churn,5013,15.609,0,0
leveldb,churn,5014,16.475,0,0
leveldb,churn,5015,13.477,0,0
leveldb,churn,5016,18.755,0,0
leveldb,churn,5017,15.401,0,0
leveldb,churn,5018,17.310,0,0
leveldb,churn,5019,11.229,0,0
leveldb,churn,5020,13.588,182522794,0
leveldb,churn,5021,14.028,0,0
leveldb,churn,5022,15.365,0,0
leveldb,churn,5023,10.759,0,0
leveldb,churn,5024,17.638,0,0
leveldb,churn,5025,15.214,0,0
leveldb,churn,5026,13.303,0,0
leveldb,churn,5027,13.181,0,0
leveldb,churn,5028,18.050,0,0
leveldb,churn,5029,11.856,0,0
leveldb,churn,5030,22.565,168199974,0
leveldb,churn,5031,13.589,0,0
leveldb,churn,5032,26.651,0,0
leveldb,churn,5033,12.747,0,0
leveldb,churn,5034,11.328,0,0
leveldb,churn,5035,11.055,0,0
leveldb,churn,5036,18.982,0,0
leveldb,churn,5037,14.055,0,0
leveldb,churn,5038,11.405,0,0
leveldb,churn,5039,13.455,0,0
leveldb,churn,5040,15.579,177983449,0
leveldb,churn,5041,18.081,0,0
leveldb,churn,5042,16.369,0,0
leveldb,churn,5043,15.337,0,0
leveldb,churn,5044,14.216,0,0
leveldb,churn,5045,18.508,0,0
leveldb,churn,5046,16.394,0,0
leveldb,churn,5047,13.516,0,0
leveldb,churn,5048,20.687,0,0
leveldb,churn,5049,17.244,0,0
leveldb,churn,5050,15.904,169241867,0
leveldb,churn,5051,14.201,0,0
leveldb,churn,5052,15.399,0,0
leveldb,churn,5053,18.879,0,0
leveldb,churn,5054,12.367,0,0
leveldb,churn,5055,12.943,0,0
leveldb,churn,5056,13.945,0,0
leveldb,churn,5057,15.178,0,0
leveldb,churn,5058,15.073,0,0
leveldb,churn,5059,15.297,0,0
leveldb,churn,5060,15.092,175938140,0
leveldb,churn,5061,12.009,0,0
leveldb,churn,5062,20.774,0,0
leveldb,churn,5063,17.347,0,0
leveldb,churn,5064,14.118,0,0
leveldb,churn,5065,18.793,0,0
leveldb,churn,5066,12.838,0,0
leveldb,churn,5067,12.931,0,0
leveldb,churn,5068,10.923,0,0
leveldb,churn,5069,16.213,0,0
leveldb,churn,5070,15.664,174030980,0
leveldb,churn,5071,14.396,0,0
leveldb,churn,5072,17.233,0,0
leveldb,churn,5073,15.949,0,0
leveldb,churn,5074,15.917,0,0
leveldb,churn,5075,30.155,0,0
leveldb,churn,5076,16.243,0,0
leveldb,churn,5077,15.811,0,0
leveldb,churn,5078,25.503,0,0
leveldb,churn,5079,13.251,0,0
leveldb,churn,5080,17.321,180000941,0
leveldb,churn,5081,14.239,0,0
leveldb,churn,5082,11.087,0,0
leveldb,churn,5083,13.826,0,0
leveldb,churn,5084,16.163,0,0
leveldb,churn,5085,23.049,0,0
leveldb,churn,5086,11.718,0,0
leveldb,churn,5087,16.126,0,0
leveldb,churn,5088,13.833,0,0
leveldb,churn,5089,11.343,0,0
leveldb,churn,5090,14.161,187768643,0
leveldb,churn,5091,15.051,0,0
leveldb,churn,5092,12.700,0,0
leveldb,churn,5093,12.722,0,0
leveldb,churn,5094,14.676,0,0
leveldb,churn,5095,12.731,0,0
leveldb,churn,5096,12.325,0,0
leveldb,churn,5097,17.594,0,0
leveldb,churn,5098,15.762,0,0
leveldb,churn,5099,14.534,0,0
leveldb,churn,5100,16.714,179530484,0
leveldb,churn,5101,13.013,0,0
leveldb,churn,5102,16.562,0,0
leveldb,churn,5103,20.725,0,0
leveldb,churn,5104,18.004,0,0
leveldb,churn,5105,15.956,0,0
leveldb,churn,5106,15.320,0,0
leveldb,churn,5107,23.852,0,0
leveldb,churn,5108,25.444,0,0
leveldb,churn,5109,13.542,0,0
leveldb,churn,5110,10.883,174475397,0
leveldb,churn,5111,12.912,0,0
leveldb,churn,5112,19.246,0,0
leveldb,churn,5113,19.050,0,0
leveldb,churn,5114,19.946,0,0
leveldb,churn,5115,20.410,0,0
leveldb,churn,5116,25.141,0,0
leveldb,churn,5117,20.011,0,0
leveldb,churn,5118,24.226,0,0
leveldb,churn,5119,15.651,0,0
leveldb,churn,5120,14.376,182677135,0
leveldb,churn,5121,13.957,0,0
leveldb,churn,5122,16.023,0,0
leveldb,churn,5123,16.181,0,0
leveldb,churn,5124,11.987,0,0
leveldb,churn,5125,18.540,0,0
leveldb,churn,5126,16.133,0,0
leveldb,churn,5127,15.235,0,0
leveldb,churn,5128,15.232,0,0
leveldb,churn,5129,11.617,0,0
leveldb,churn,5130,13.177,177873661,0
leveldb,churn,5131,13.402,0,0
leveldb,churn,5132,12.785,0,0
leveldb,churn,5133,16.425,0,0
leveldb,churn,5134,13.807,0,0
leveldb,churn,5135,13.393,0,0
leveldb,churn,5136,13.063,0,0
leveldb,churn,5137,15.808,0,0
leveldb,churn,5138,15.397,0,0
leveldb,churn,5139,16.646,0,0
leveldb,churn,5140,16.012,173183460,0
leveldb,churn,5141,19.385,0,0
leveldb,churn,5142,15.742,0,0
leveldb,churn,5143,18.729,0,0
leveldb,churn,5144,11.015,0,0
leveldb,churn,5145,16.092,0,0
leveldb,churn,5146,16.863,0,0
leveldb,churn,5147,14.594,0,0
leveldb,churn,5148,22.053,0,0
leveldb,churn,5149,11.995,0,0
leveldb,churn,5150,18.531,179338118,0
leveldb,churn,5151,16.544,0,0
leveldb,churn,5152,12.559,0,0
leveldb,churn,5153,17.015,0,0
leveldb,churn,5154,16.847,0,0
leveldb,churn,5155,12.322,0,0
leveldb,churn,5156,16.450,0,0
leveldb,churn,5157,15.595,0,0
leveldb,churn,5158,16.474,0,0
leveldb,churn,5159,10.774,0,0
leveldb,churn,5160,12.231,177413389,0
leveldb,churn,5161,15.631,0,0
leveldb,churn,5162,12.706,0,0
leveldb,churn,5163,12.760,0,0
leveldb,churn,5164,14.174,0,0
leveldb,churn,5165,20.738,0,0
leveldb,churn,5166,14.718,0,0
leveldb,churn,5167,15.738,0,0
leveldb,churn,5168,12.884,0,0
leveldb,churn,5169,13.229,0,0
leveldb,churn,5170,14.406,185390181,0
leveldb,churn,5171,17.516,0,0
leveldb,churn,5172,12.929,0,0
leveldb,churn,5173,12.930,0,0
leveldb,churn,5174,16.925,0,0
leveldb,churn,5175,17.316,0,0
leveldb,churn,5176,12.444,0,0
leveldb,churn,5177,14.553,0,0
leveldb,churn,5178,20.201,0,0
leveldb,churn,5179,16.914,0,0
leveldb,churn,5180,15.022,178884581,0
leveldb,churn,5181,18.113,0,0
leveldb,churn,5182,15.840,0,0
leveldb,churn,5183,16.116,0,0
leveldb,churn,5184,22.912,0,0
leveldb,churn,5185,16.217,0,0
leveldb,churn,5186,14.002,0,0
leveldb,churn,5187,19.065,0,0
leveldb,churn,5188,13.193,0,0
leveldb,churn,5189,12.741,0,0
leveldb,churn,5190,18.554,173850864,0
leveldb,churn,5191,13.483,0,0
leveldb,churn,5192,11.066,0,0
leveldb,churn,5193,14.995,0,0
leveldb,churn,5194,21.119,0,0
leveldb,churn,5195,13.072,0,0
leveldb,churn,5196,17.815,0,0
leveldb,churn,5197,18.739,0,0
leveldb,churn,5198,19.881,0,0
leveldb,churn,5199,17.262,0,0
leveldb,churn,5200,16.628,174615067,0
leveldb,churn,5201,20.120,0,0
leveldb,churn,5202,12.481,0,0
leveldb,churn,5203,20.526,0,0
leveldb,churn,5204,11.157,0,0
leveldb,churn,5205,15.455,0,0
leveldb,churn,5206,16.790,0,0
leveldb,churn,5207,14.751,0,0
leveldb,churn,5208,18.408,0,0
leveldb,churn,5209,15.602,0,0
leveldb,churn,5210,19.813,172208763,0
leveldb,churn,5211,26.034,0,0
leveldb,churn,5212,15.001,0,0
leveldb,churn,5213,19.865,0,0
leveldb,churn,5214,17.997,0,0
leveldb,churn,5215,19.835,0,0
leveldb,churn,5216,17.738,0,0
leveldb,churn,5217,13.277,0,0
leveldb,churn,5218,16.280,0,0
leveldb,churn,5219,24.175,0,0
leveldb,churn,5220,14.299,178449071,0
leveldb,churn,5221,13.041,0,0
leveldb,churn,5222,21.079,0,0
leveldb,churn,5223,35.061,0,0
leveldb,churn,5224,11.523,0,0
leveldb,churn,5225,22.727,0,0
leveldb,churn,5226,12.725,0,0
leveldb,churn,5227,12.583,0,0
leveldb,churn,5228,21.140,0,0
leveldb,churn,5229,14.363,0,0
leveldb,churn,5230,19.067,171044321,0
leveldb,churn,5231,18.464,0,0
leveldb,churn,5232,16.676,0,0
leveldb,churn,5233,16.464,0,0
leveldb,churn,5234,24.044,0,0
leveldb,churn,5235,16.184,0,0
leveldb,churn,5236,12.998,0,0
leveldb,churn,5237,16.865,0,0
leveldb,churn,5238,13.197,0,0
leveldb,churn,5239,15.884,0,0
leveldb,churn,5240,20.554,180362886,0
leveldb,churn,5241,11.199,0,0
leveldb,churn,5242,14.724,0,0
leveldb,churn,5243,15.941,0,0
leveldb,churn,5244,17.279,0,0
leveldb,churn,5245,12.899,0,0
leveldb,churn,5246,12.509,0,0
leveldb,churn,5247,13.931,0,0
leveldb,churn,5248,17.856,0,0
leveldb,churn,5249,21.204,0,0
leveldb,churn,5250,17.176,173026467,0
leveldb,churn,5251,16.531,0,0
leveldb,churn,5252,22.037,0,0
leveldb,churn,5253,20.986,0,0
leveldb,churn,5254,11.453,0,0
leveldb,churn,5255,12.951,0,0
leveldb,churn,5256,18.917,0,0
leveldb,churn,5257,17.423,0,0
leveldb,churn,5258,14.487,0,0
leveldb,churn,5259,12.978,0,0
leveldb,churn,5260,16.805,174962607,0
leveldb,churn,5261,11.342,0,0
leveldb,churn,5262,22.561,0,0
leveldb,churn,5263,12.960,0,0
leveldb,churn,5264,17.206,0,0
leveldb,churn,5265,13.720,0,0
leveldb,churn,5266,16.609,0,0
leveldb,churn,5267,15.605,0,0
leveldb,churn,5268,15.669,0,0
leveldb,churn,5269,17.972,0,0
leveldb,churn,5270,18.254,188750529,0
leveldb,churn,5271,15.924,0,0
leveldb,churn,5272,17.040,0,0
leveldb,churn,5273,11.663,0,0
leveldb,churn,5274,13.147,0,0
leveldb,churn,5275,18.822,0,0
leveldb,churn,5276,15.144,0,0
leveldb,churn,5277,16.972,0,0
leveldb,churn,5278,16.116,0,0
leveldb,churn,5279,16.217,0,0
leveldb,churn,5280,14.325,182954330,0
leveldb,churn,5281,16.740,0,0
leveldb,churn,5282,11.841,0,0
leveldb,churn,5283,15.777,0,0
leveldb,churn,5284,14.790,0,0
leveldb,churn,5285,17.984,0,0
leveldb,churn,5286,13.036,0,0
leveldb,churn,5287,10.015,0,0
leveldb,churn,5288,19.252,0,0
leveldb,churn,5289,18.482,0,0
leveldb,churn,5290,14.835,191529171,0
leveldb,churn,5291,18.848,0,0
leveldb,churn,5292,17.163,0,0
leveldb,churn,5293,13.425,0,0
leveldb,churn,5294,13.018,0,0
leveldb,churn,5295,16.678,0,0
leveldb,churn,5296,18.645,0,0
leveldb,churn,5297,10.037,0,0
leveldb,churn,5298,11.724,0,0
leveldb,churn,5299,13.925,0,0
leveldb,churn,5300,14.885,172891121,0
leveldb,churn,5301,11.809,0,0
leveldb,churn,5302,17.278,0,0
leveldb,churn,5303,21.693,0,0
leveldb,churn,5304,14.755,0,0
leveldb,churn,5305,19.146,0,0
leveldb,churn,5306,12.522,0,0
leveldb,churn,5307,23.022,0,0
leveldb,churn,5308,10.457,0,0
leveldb,churn,5309,11.249,0,0
leveldb,churn,5310,13.773,179252801,0
leveldb,churn,5311,14.163,0,0
leveldb,churn,5312,14.381,0,0
leveldb,churn,5313,15.959,0,0
leveldb,churn,5314,14.456,0,0
leveldb,churn,5315,20.425,0,0
leveldb,churn,5316,14.732,0,0
leveldb,churn,5317,18.145,0,0
leveldb,churn,5318,13.428,0,0
leveldb,churn,5319,13.044,0,0
leveldb,churn,5320,12.070,178791340,0
leveldb,churn,5321,18.135,0,0
leveldb,churn,5322,12.734,0,0
leveldb,churn,5323,17.620,0,0
leveldb,churn,5324,16.966,0,0
leveldb,churn,5325,14.843,0,0
leveldb,churn,5326,18.862,0,0
leveldb,churn,5327,13.651,0,0
leveldb,churn,5328,12.415,0,0
leveldb,churn,5329,13.907,0,0
leveldb,churn,5330,15.729,178908096,0
leveldb,churn,5331,9.556,0,0
leveldb,churn,5332,11.209,0,0
leveldb,churn,5333,14.732,0,0
leveldb,churn,5334,18.163,0,0
leveldb,churn,5335,15.745,0,0
leveldb,churn,5336,13.854,0,0
leveldb,churn,5337,13.817,0,0
leveldb,churn,5338,17.113,0,0
leveldb,churn,5339,14.118,0,0
leveldb,churn,5340,15.098,174805934,0
leveldb,churn,5341,12.413,0,0
leveldb,churn,5342,16.028,0,0
leveldb,churn,5343,16.467,0,0
leveldb,churn,5344,15.526,0,0
leveldb,churn,5345,20.200,0,0
leveldb,churn,5346,15.567,0,0
leveldb,churn,5347,15.511,0,0
leveldb,churn,5348,21.976,0,0
leveldb,churn,5349,16.903,0,0
leveldb,churn,5350,15.804,176027119,0
leveldb,churn,5351,14.605,0,0
leveldb,churn,5352,17.285,0,0
leveldb,churn,5353,13.321,0,0
leveldb,churn,5354,10.773,0,0
leveldb,churn,5355,17.022,0,0
leveldb,churn,5356,11.714,0,0
leveldb,churn,5357,14.911,0,0
leveldb,churn,5358,13.843,0,0
leveldb,churn,5359,19.307,0,0
leveldb,churn,5360,15.601,176464975,0
leveldb,churn,5361,13.505,0,0
leveldb,churn,5362,13.403,0,0
leveldb,churn,5363,16.086,0,0
leveldb,churn,5364,14.321,0,0
leveldb,churn,5365,12.705,0,0
leveldb,churn,5366,14.528,0,0
leveldb,churn,5367,17.181,0,0
leveldb,churn,5368,12.704,0,0
leveldb,churn,5369,17.742,0,0
leveldb,churn,5370,16.771,178645817,0
leveldb,churn,5371,12.655,0,0
leveldb,churn,5372,15.228,0,0
leveldb,churn,5373,17.257,0,0
leveldb,churn,5374,12.022,0,0
leveldb,churn,5375,11.308,0,0
leveldb,churn,5376,11.483,0,0
leveldb,churn,5377,17.669,0,0
leveldb,churn,5378,13.615,0,0
leveldb,churn,5379,20.597,0,0
leveldb,churn,5380,17.375,177848885,0
leveldb,churn,5381,14.329,0,0
leveldb,churn,5382,12.775,0,0
leveldb,churn,5383,11.367,0,0
leveldb,churn,5384,20.293,0,0
leveldb,churn,5385,12.504,0,0
leveldb,churn,5386,12.351,0,0
leveldb,churn,5387,17.321,0,0
leveldb,churn,5388,15.992,0,0
leveldb,churn,5389,15.992,0,0
leveldb,churn,5390,16.312,172678035,0
leveldb,churn,5391,16.306,0,0
leveldb,churn,5392,15.430,0,0
leveldb,churn,5393,13.466,0,0
leveldb,churn,5394,16.587,0,0
leveldb,churn,5395,29.670,0,0
leveldb,churn,5396,11.589,0,0
leveldb,churn,5397,20.324,0,0
leveldb,churn,5398,15.884,0,0
leveldb,churn,5399,14.820,0,0
leveldb,churn,5400,21.036,193197544,0
leveldb,churn,5401,14.352,0,0
leveldb,churn,5402,17.031,0,0
leveldb,churn,5403,26.243,0,0
leveldb,churn,5404,12.482,0,0
leveldb,churn,5405,9.967,0,0
leveldb,churn,5406,19.408,0,0
leveldb,churn,5407,11.069,0,0
leveldb,churn,5408,11.494,0,0
leveldb,churn,5409,13.799,0,0
leveldb,churn,5410,19.811,183521621,0
leveldb,churn,5411,16.399,0,0
leveldb,churn,5412,12.048,0,0
leveldb,churn,5413,11.959,0,0
leveldb,churn,5414,12.694,0,0
leveldb,churn,5415,18.124,0,0
leveldb,churn,5416,16.851,0,0
leveldb,churn,5417,18.551,0,0
leveldb,churn,5418,14.483,0,0
leveldb,churn,5419,20.552,0,0
leveldb,churn,5420,17.138,173871903,0
leveldb,churn,5421,14.524,0,0
leveldb,churn,5422,14.372,0,0
leveldb,churn,5423,13.447,0,0
leveldb,churn,5424,16.329,0,0
leveldb,churn,5425,12.713,0,0
leveldb,churn,5426,12.250,0,0
leveldb,churn,5427,16.399,0,0
leveldb,churn,5428,17.718,0,0
leveldb,churn,5429,11.325,0,0
leveldb,churn,5430,12.401,176594907,0
leveldb,churn,5431,12.669,0,0
leveldb,churn,5432,15.122,0,0
leveldb,churn,5433,11.181,0,0
leveldb,churn,5434,13.810,0,0
leveldb,churn,5435,17.261,0,0
leveldb,churn,5436,17.410,0,0
leveldb,churn,5437,12.885,0,0
leveldb,churn,5438,15.796,0,0
leveldb,churn,5439,15.279,0,0
leveldb,churn,5440,13.502,177456954,0
leveldb,churn,5441,17.859,0,0
leveldb,churn,5442,18.926,0,0
leveldb,churn,5443,18.374,0,0
leveldb,churn,5444,15.271,0,0
leveldb,churn,5445,10.264,0,0
leveldb,churn,5446,18.467,0,0
leveldb,churn,5447,22.944,0,0
leveldb,churn,5448,12.780,0,0
leveldb,churn,5449,12.629,0,0
leveldb,churn,5450,14.767,173125249,0
leveldb,churn,5451,16.861,0,0
leveldb,churn,5452,18.183,0,0
leveldb,churn,5453,16.715,0,0
leveldb,churn,5454,13.026,0,0
leveldb,churn,5455,12.514,0,0
leveldb,churn,5456,12.104,0,0
leveldb,churn,5457,18.135,0,0
leveldb,churn,5458,16.275,0,0
leveldb,churn,5459,17.008,0,0
leveldb,churn,5460,15.427,173171620,0
leveldb,churn,5461,17.615,0,0
leveldb,churn,5462,15.943,0,0
leveldb,churn,5463,17.273,0,0
leveldb,churn,5464,20.072,0,0
leveldb,churn,5465,19.030,0,0
leveldb,churn,5466,14.762,0,0
leveldb,churn,5467,10.937,0,0
leveldb,churn,5468,18.053,0,0
leveldb,churn,5469,13.781,0,0
leveldb,churn,5470,13.342,177836424,0
leveldb,churn,5471,14.264,0,0
leveldb,churn,5472,14.837,0,0
leveldb,churn,5473,11.814,0,0
leveldb,churn,5474,15.002,0,0
leveldb,churn,5475,14.466,0,0
leveldb,churn,5476,13.913,0,0
leveldb,churn,5477,16.066,0,0
leveldb,churn,5478,20.395,0,0
leveldb,churn,5479,12.902,0,0
leveldb,churn,5480,16.858,171607018,0
leveldb,churn,5481,16.847,0,0
leveldb,churn,5482,21.203,0,0
leveldb,churn,5483,13.051,0,0
leveldb,churn,5484,13.748,0,0
leveldb,churn,5485,18.483,0,0
leveldb,churn,5486,13.868,0,0
leveldb,churn,5487,14.276,0,0
leveldb,churn,5488,15.308,0,0
leveldb,churn,5489,16.730,0,0
leveldb,churn,5490,17.213,173427006,0
leveldb,churn,5491,12.610,0,0
leveldb,churn,5492,15.153,0,0
leveldb,churn,5493,13.700,0,0
leveldb,churn,5494,12.677,0,0
leveldb,churn,5495,15.821,0,0
leveldb,churn,5496,15.875,0,0
leveldb,churn,5497,16.787,0,0
leveldb,churn,5498,15.449,0,0
leveldb,churn,5499,23.639,0,0
leveldb,churn,5500,17.320,179215913,0
leveldb,churn,5501,10.717,0,0
leveldb,churn,5502,16.334,0,0
leveldb,churn,5503,18.875,0,0
leveldb,churn,5504,15.911,0,0
leveldb,churn,5505,14.965,0,0
leveldb,churn,5506,11.930,0,0
leveldb,churn,5507,16.613,0,0
leveldb,churn,5508,18.090,0,0
leveldb,churn,5509,15.369,0,0
leveldb,churn,5510,17.959,172468628,0
leveldb,churn,5511,17.940,0,0
leveldb,churn,5512,20.406,0,0
leveldb,churn,5513,14.901,0,0
leveldb,churn,5514,17.271,0,0
leveldb,churn,5515,16.139,0,0
leveldb,churn,5516,13.313,0,0
leveldb,churn,5517,17.522,0,0
leveldb,churn,5518,22.048,0,0
leveldb,churn,5519,18.152,0,0
leveldb,churn,5520,17.276,183567209,0
leveldb,churn,5521,19.331,0,0
leveldb,churn,5522,21.055,0,0
leveldb,churn,5523,19.518,0,0
leveldb,churn,5524,17.925,0,0
leveldb,churn,5525,15.523,0,0
leveldb,churn,5526,13.356,0,0
leveldb,churn,5527,15.600,0,0
leveldb,churn,5528,16.858,0,0
leveldb,churn,5529,18.365,0,0
leveldb,churn,5530,11.939,190044114,0
leveldb,churn,5531,14.656,0,0
leveldb,churn,5532,13.879,0,0
leveldb,churn,5533,21.553,0,0
leveldb,churn,5534,11.579,0,0
leveldb,churn,5535,14.029,0,0
leveldb,churn,5536,16.420,0,0
leveldb,churn,5537,19.960,0,0
leveldb,churn,5538,24.005,0,0
leveldb,churn,5539,13.429,0,0
leveldb,churn,5540,15.814,175831503,0
leveldb,churn,5541,15.761,0,0
leveldb,churn,5542,11.904,0,0
leveldb,churn,5543,16.832,0,0
leveldb,churn,5544,18.888,0,0
leveldb,churn,5545,13.550,0,0
leveldb,churn,5546,15.666,0,0
leveldb,churn,5547,12.499,0,0
leveldb,churn,5548,17.943,0,0
leveldb,churn,5549,44.386,0,0
leveldb,churn,5550,25.388,174590993,0
leveldb,churn,5551,25.661,0,0
leveldb,churn,5552,26.097,0,0
leveldb,churn,5553,28.130,0,0
leveldb,churn,5554,19.036,0,0
leveldb,churn,5555,30.999,0,0
leveldb,churn,5556,14.976,0,0
leveldb,churn,5557,30.561,0,0
leveldb,churn,5558,16.713,0,0
leveldb,churn,5559,16.992,0,0
leveldb,churn,5560,17.774,182498395,0
leveldb,churn,5561,27.395,0,0
leveldb,churn,5562,17.887,0,0
leveldb,churn,5563,24.857,0,0
leveldb,churn,5564,13.967,0,0
leveldb,churn,5565,12.482,0,0
leveldb,churn,5566,12.065,0,0
leveldb,churn,5567,13.054,0,0
leveldb,churn,5568,16.882,0,0
leveldb,churn,5569,14.838,0,0
leveldb,churn,5570,21.881,191038121,0
leveldb,churn,5571,34.268,0,0
leveldb,churn,5572,42.945,0,0
leveldb,churn,5573,43.284,0,0
leveldb,churn,5574,23.054,0,0
leveldb,churn,5575,16.016,0,0
leveldb,churn,5576,34.794,0,0
leveldb,churn,5577,24.879,0,0
leveldb,churn,5578,29.518,0,0
leveldb,churn,5579,27.210,0,0
leveldb,churn,5580,21.536,175455348,0
leveldb,churn,5581,31.032,0,0
leveldb,churn,5582,21.031,0,0
leveldb,churn,5583,17.455,0,0
leveldb,churn,5584,19.486,0,0
leveldb,churn,5585,21.766,0,0
leveldb,churn,5586,17.036,0,0
leveldb,churn,5587,20.639,0,0
leveldb,churn,5588,19.326,0,0
leveldb,churn,5589,37.171,0,0
leveldb,churn,5590,16.217,173947211,0
leveldb,churn,5591,27.577,0,0
leveldb,churn,5592,13.082,0,0
leveldb,churn,5593,12.296,0,0
leveldb,churn,5594,13.304,0,0
leveldb,churn,5595,16.768,0,0
leveldb,churn,5596,11.815,0,0
leveldb,churn,5597,12.708,0,0
leveldb,churn,5598,20.121,0,0
leveldb,churn,5599,15.047,0,0
leveldb,churn,5600,25.319,180937477,0
leveldb,churn,5601,12.747,0,0
leveldb,churn,5602,26.651,0,0
leveldb,churn,5603,27.162,0,0
leveldb,churn,5604,23.203,0,0
leveldb,churn,5605,14.992,0,0
leveldb,churn,5606,13.491,0,0
leveldb,churn,5607,18.414,0,0
leveldb,churn,5608,14.320,0,0
leveldb,churn,5609,20.734,0,0
leveldb,churn,5610,15.376,174919916,0
leveldb,churn,5611,12.370,0,0
leveldb,churn,5612,12.068,0,0
leveldb,churn,5613,11.962,0,0
leveldb,churn,5614,14.748,0,0
leveldb,churn,5615,16.689,0,0
leveldb,churn,5616,17.710,0,0
leveldb,churn,5617,13.441,0,0
leveldb,churn,5618,18.440,0,0
leveldb,churn,5619,18.612,0,0
leveldb,churn,5620,14.898,182852674,0
leveldb,churn,5621,19.022,0,0
leveldb,churn,5622,17.159,0,0
leveldb,churn,5623,18.784,0,0
leveldb,churn,5624,16.893,0,0
leveldb,churn,5625,13.370,0,0
leveldb,churn,5626,26.226,0,0
leveldb,churn,5627,16.518,0,0
leveldb,churn,5628,42.469,0,0
leveldb,churn,5629,20.904,0,0
leveldb,churn,5630,19.977,178911489,0
leveldb,churn,5631,13.670,0,0
leveldb,churn,5632,17.774,0,0
leveldb,churn,5633,17.160,0,0
leveldb,churn,5634,21.825,0,0
leveldb,churn,5635,11.955,0,0
leveldb,churn,5636,16.556,0,0
leveldb,churn,5637,14.985,0,0
leveldb,churn,5638,13.830,0,0
leveldb,churn,5639,16.430,0,0
leveldb,churn,5640,12.382,181859255,0
leveldb,churn,5641,15.111,0,0
leveldb,churn,5642,13.253,0,0
leveldb,churn,5643,12.828,0,0
leveldb,churn,5644,11.831,0,0
leveldb,churn,5645,17.646,0,0
leveldb,churn,5646,18.843,0,0
leveldb,churn,5647,12.576,0,0
leveldb,churn,5648,10.438,0,0
leveldb,churn,5649,11.272,0,0
leveldb,churn,5650,11.708,186551521,0
leveldb,churn,5651,17.931,0,0
leveldb,churn,5652,18.296,0,0
leveldb,churn,5653,11.086,0,0
leveldb,churn,5654,12.852,0,0
leveldb,churn,5655,31.205,0,0
leveldb,churn,5656,11.457,0,0
leveldb,churn,5657,16.235,0,0
leveldb,churn,5658,12.900,0,0
leveldb,churn,5659,11.510,0,0
leveldb,churn,5660,12.218,173866324,0
leveldb,churn,5661,13.741,0,0
leveldb,churn,5662,17.174,0,0
leveldb,churn,5663,13.509,0,0
leveldb,churn,5664,14.829,0,0
leveldb,churn,5665,11.541,0,0
leveldb,churn,5666,12.351,0,0
leveldb,churn,5667,14.384,0,0
leveldb,churn,5668,13.058,0,0
leveldb,churn,5669,15.529,0,0
leveldb,churn,5670,16.850,179793360,0
leveldb,churn,5671,12.721,0,0
leveldb,churn,5672,19.275,0,0
leveldb,churn,5673,12.730,0,0
leveldb,churn,5674,12.789,0,0
leveldb,churn,5675,16.886,0,0
leveldb,churn,5676,15.783,0,0
leveldb,churn,5677,17.305,0,0
leveldb,churn,5678,20.715,0,0
leveldb,churn,5679,22.785,0,0
leveldb,churn,5680,18.089,176411837,0
leveldb,churn,5681,15.833,0,0
leveldb,churn,5682,19.189,0,0
leveldb,churn,5683,25.631,0,0
leveldb,churn,5684,17.253,0,0
leveldb,churn,5685,19.263,0,0
leveldb,churn,5686,12.687,0,0
leveldb,churn,5687,18.093,0,0
leveldb,churn,5688,12.624,0,0
leveldb,churn,5689,14.825,0,0
leveldb,churn,5690,16.525,188077427,0
leveldb,churn,5691,18.535,0,0
leveldb,churn,5692,16.123,0,0
leveldb,churn,5693,16.541,0,0
leveldb,churn,5694,12.565,0,0
leveldb,churn,5695,13.949,0,0
leveldb,churn,5696,10.772,0,0
leveldb,churn,5697,17.404,0,0
leveldb,churn,5698,11.604,0,0
leveldb,churn,5699,14.981,0,0
leveldb,churn,5700,20.587,183616827,0
leveldb,churn,5701,13.345,0,0
leveldb,churn,5702,12.797,0,0
leveldb,churn,5703,14.063,0,0
leveldb,churn,5704,12.156,0,0
leveldb,churn,5705,13.367,0,0
leveldb,churn,5706,11.784,0,0
leveldb,churn,5707,16.209,0,0
leveldb,churn,5708,14.141,0,0
leveldb,churn,5709,17.172,0,0
leveldb,churn,5710,13.414,175620337,0
leveldb,churn,5711,16.399,0,0
leveldb,churn,5712,14.453,0,0
leveldb,churn,5713,11.504,0,0
leveldb,churn,5714,12.921,0,0
leveldb,churn,5715,11.812,0,0
leveldb,churn,5716,12.889,0,0
leveldb,churn,5717,13.759,0,0
leveldb,churn,5718,13.748,0,0
leveldb,churn,5719,21.254,0,0
leveldb,churn,5720,16.120,201123541,0
leveldb,churn,5721,16.563,0,0
leveldb,churn,5722,16.029,0,0
leveldb,churn,5723,15.645,0,0
leveldb,churn,5724,19.369,0,0
leveldb,churn,5725,13.306,0,0
leveldb,churn,5726,11.562,0,0
leveldb,churn,5727,11.564,0,0
leveldb,churn,5728,16.373,0,0
leveldb,churn,5729,13.001,0,0
leveldb,churn,5730,12.293,181476339,0
leveldb,churn,5731,14.042,0,0
leveldb,churn,5732,11.142,0,0
leveldb,churn,5733,15.664,0,0
leveldb,churn,5734,19.969,0,0
leveldb,churn,5735,12.994,0,0
leveldb,churn,5736,11.185,0,0
leveldb,churn,5737,15.938,0,0
leveldb,churn,5738,16.155,0,0
leveldb,churn,5739,14.842,0,0
leveldb,churn,5740,16.553,173510969,0
leveldb,churn,5741,13.379,0,0
leveldb,churn,5742,15.425,0,0
leveldb,churn,5743,16.147,0,0
leveldb,churn,5744,12.222,0,0
leveldb,churn,5745,15.351,0,0
leveldb,churn,5746,14.384,0,0
leveldb,churn,5747,13.410,0,0
leveldb,churn,5748,17.310,0,0
leveldb,churn,5749,12.772,0,0
leveldb,churn,5750,13.963,182148894,0
leveldb,churn,5751,17.836,0,0
leveldb,churn,5752,17.781,0,0
leveldb,churn,5753,16.110,0,0
leveldb,churn,5754,23.427,0,0
leveldb,churn,5755,18.430,0,0
leveldb,churn,5756,15.795,0,0
leveldb,churn,5757,12.972,0,0
leveldb,churn,5758,11.927,0,0
leveldb,churn,5759,14.011,0,0
leveldb,churn,5760,13.487,178029996,0
leveldb,churn,5761,13.964,0,0
leveldb,churn,5762,15.720,0,0
leveldb,churn,5763,12.498,0,0
leveldb,churn,5764,12.582,0,0
leveldb,churn,5765,12.943,0,0
leveldb,churn,5766,12.050,0,0
leveldb,churn,5767,17.863,0,0
leveldb,churn,5768,22.835,0,0
leveldb,churn,5769,12.270,0,0
leveldb,churn,5770,16.266,175567094,0
leveldb,churn,5771,14.756,0,0
leveldb,churn,5772,15.005,0,0
leveldb,churn,5773,11.800,0,0
leveldb,churn,5774,18.394,0,0
leveldb,churn,5775,12.192,0,0
leveldb,churn,5776,13.235,0,0
leveldb,churn,5777,13.802,0,0
leveldb,churn,5778,12.535,0,0
leveldb,churn,5779,17.538,0,0
leveldb,churn,5780,15.554,176977614,0
leveldb,churn,5781,13.743,0,0
leveldb,churn,5782,11.743,0,0
leveldb,churn,5783,21.091,0,0
leveldb,churn,5784,16.176,0,0
leveldb,churn,5785,11.875,0,0
leveldb,churn,5786,17.650,0,0
leveldb,churn,5787,17.338,0,0
leveldb,churn,5788,15.512,0,0
leveldb,churn,5789,23.228,0,0
leveldb,churn,5790,20.908,179576294,0
leveldb,churn,5791,13.978,0,0
leveldb,churn,5792,10.736,0,0
leveldb,churn,5793,12.960,0,0
leveldb,churn,5794,15.106,0,0
leveldb,churn,5795,14.668,0,0
leveldb,churn,5796,23.325,0,0
leveldb,churn,5797,13.610,0,0
leveldb,churn,5798,12.337,0,0
leveldb,churn,5799,16.719,0,0
leveldb,churn,5800,12.261,175622480,0
leveldb,churn,5801,18.225,0,0
leveldb,churn,5802,16.048,0,0
leveldb,churn,5803,15.558,0,0
leveldb,churn,5804,12.256,0,0
leveldb,churn,5805,17.570,0,0
leveldb,churn,5806,13.592,0,0
leveldb,churn,5807,11.102,0,0
leveldb,churn,5808,12.473,0,0
leveldb,churn,5809,16.536,0,0
leveldb,churn,5810,16.921,177786995,0
leveldb,churn,5811,12.510,0,0
leveldb,churn,5812,10.908,0,0
leveldb,churn,5813,15.426,0,0
leveldb,churn,5814,14.088,0,0
leveldb,churn,5815,13.363,0,0
leveldb,churn,5816,17.725,0,0
leveldb,churn,5817,15.374,0,0
leveldb,churn,5818,11.025,0,0
leveldb,churn,5819,13.182,0,0
leveldb,churn,5820,15.614,178799897,0
leveldb,churn,5821,13.809,0,0
leveldb,churn,5822,13.114,0,0
leveldb,churn,5823,19.555,0,0
leveldb,churn,5824,15.171,0,0
leveldb,churn,5825,19.703,0,0
leveldb,churn,5826,17.269,0,0
leveldb,churn,5827,20.682,0,0
leveldb,churn,5828,20.528,0,0
leveldb,churn,5829,18.010,0,0
leveldb,churn,5830,19.411,175115289,0
leveldb,churn,5831,15.501,0,0
leveldb,churn,5832,13.990,0,0
leveldb,churn,5833,16.488,0,0
leveldb,churn,5834,17.435,0,0
leveldb,churn,5835,14.537,0,0
leveldb,churn,5836,18.979,0,0
leveldb,churn,5837,12.466,0,0
leveldb,churn,5838,15.726,0,0
leveldb,churn,5839,11.483,0,0
leveldb,churn,5840,13.985,175331388,0
leveldb,churn,5841,16.026,0,0
leveldb,churn,5842,13.713,0,0
leveldb,churn,5843,16.759,0,0
leveldb,churn,5844,11.836,0,0
leveldb,churn,5845,16.577,0,0
leveldb,churn,5846,15.658,0,0
leveldb,churn,5847,14.818,0,0
leveldb,churn,5848,24.891,0,0
leveldb,churn,5849,13.813,0,0
leveldb,churn,5850,13.821,177104348,0
leveldb,churn,5851,13.279,0,0
leveldb,churn,5852,11.199,0,0
leveldb,churn,5853,24.513,0,0
leveldb,churn,5854,12.122,0,0
leveldb,churn,5855,15.664,0,0
leveldb,churn,5856,12.203,0,0
leveldb,churn,5857,13.577,0,0
leveldb,churn,5858,16.987,0,0
leveldb,churn,5859,16.720,0,0
leveldb,churn,5860,18.363,175031146,0
leveldb,churn,5861,16.982,0,0
leveldb,churn,5862,15.892,0,0
leveldb,churn,5863,17.109,0,0
leveldb,churn,5864,21.030,0,0
leveldb,churn,5865,10.422,0,0
leveldb,churn,5866,15.553,0,0
leveldb,churn,5867,19.101,0,0
leveldb,churn,5868,18.477,0,0
leveldb,churn,5869,18.712,0,0
leveldb,churn,5870,17.701,180798921,0
leveldb,churn,5871,16.480,0,0
leveldb,churn,5872,16.739,0,0
leveldb,churn,5873,11.570,0,0
leveldb,churn,5874,17.696,0,0
leveldb,churn,5875,12.634,0,0
leveldb,churn,5876,16.233,0,0
leveldb,churn,5877,19.983,0,0
leveldb,churn,5878,12.399,0,0
leveldb,churn,5879,11.255,0,0
leveldb,churn,5880,11.290,186478779,0
leveldb,churn,5881,12.359,0,0
leveldb,churn,5882,15.093,0,0
leveldb,churn,5883,17.215,0,0
leveldb,churn,5884,18.016,0,0
leveldb,churn,5885,16.947,0,0
leveldb,churn,5886,13.840,0,0
leveldb,churn,5887,15.638,0,0
leveldb,churn,5888,13.262,0,0
leveldb,churn,5889,14.326,0,0
leveldb,churn,5890,13.292,171650917,0
leveldb,churn,5891,13.821,0,0
leveldb,churn,5892,12.728,0,0
leveldb,churn,5893,15.856,0,0
leveldb,churn,5894,11.803,0,0
leveldb,churn,5895,16.970,0,0
leveldb,churn,5896,17.936,0,0
leveldb,churn,5897,19.007,0,0
leveldb,churn,5898,15.167,0,0
leveldb,churn,5899,16.498,0,0
leveldb,churn,5900,14.191,180774604,0
leveldb,churn,5901,13.006,0,0
leveldb,churn,5902,13.465,0,0
leveldb,churn,5903,14.070,0,0
leveldb,churn,5904,14.442,0,0
leveldb,churn,5905,15.164,0,0
leveldb,churn,5906,15.855,0,0
leveldb,churn,5907,15.753,0,0
leveldb,churn,5908,14.578,0,0
leveldb,churn,5909,16.163,0,0
leveldb,churn,5910,15.779,181670546,0
leveldb,churn,5911,13.381,0,0
leveldb,churn,5912,17.411,0,0
leveldb,churn,5913,15.641,0,0
leveldb,churn,5914,13.997,0,0
leveldb,churn,5915,15.077,0,0
leveldb,churn,5916,19.359,0,0
leveldb,churn,5917,14.671,0,0
leveldb,churn,5918,16.075,0,0
leveldb,churn,5919,15.984,0,0
leveldb,churn,5920,16.057,175871079,0
leveldb,churn,5921,13.350,0,0
leveldb,churn,5922,15.398,0,0
leveldb,churn,5923,15.126,0,0
leveldb,churn,5924,19.539,0,0
leveldb,churn,5925,13.032,0,0
leveldb,churn,5926,15.352,0,0
leveldb,churn,5927,17.941,0,0
leveldb,churn,5928,13.582,0,0
leveldb,churn,5929,18.553,0,0
leveldb,churn,5930,15.210,169786385,0
leveldb,churn,5931,10.406,0,0
leveldb,churn,5932,12.842,0,0
leveldb,churn,5933,16.647,0,0
leveldb,churn,5934,12.230,0,0
leveldb,churn,5935,13.139,0,0
leveldb,churn,5936,16.222,0,0
leveldb,churn,5937,11.838,0,0
leveldb,churn,5938,15.336,0,0
leveldb,churn,5939,20.715,0,0
leveldb,churn,5940,14.607,175466477,0
leveldb,churn,5941,10.492,0,0
leveldb,churn,5942,11.607,0,0
leveldb,churn,5943,12.578,0,0
leveldb,churn,5944,13.825,0,0
leveldb,churn,5945,16.682,0,0
leveldb,churn,5946,25.888,0,0
leveldb,churn,5947,13.005,0,0
leveldb,churn,5948,12.314,0,0
leveldb,churn,5949,15.099,0,0
leveldb,churn,5950,13.326,182230891,0
leveldb,churn,5951,25.645,0,0
leveldb,churn,5952,14.650,0,0
leveldb,churn,5953,11.324,0,0
leveldb,churn,5954,18.316,0,0
leveldb,churn,5955,14.015,0,0
leveldb,churn,5956,11.895,0,0
leveldb,churn,5957,18.909,0,0
leveldb,churn,5958,20.088,0,0
leveldb,churn,5959,20.190,0,0
leveldb,churn,5960,18.101,184912640,0
leveldb,churn,5961,15.152,0,0
leveldb,churn,5962,21.733,0,0
leveldb,churn,5963,20.693,0,0
leveldb,churn,5964,19.213,0,0
leveldb,churn,5965,15.804,0,0
leveldb,churn,5966,12.747,0,0
leveldb,churn,5967,15.801,0,0
leveldb,churn,5968,13.871,0,0
leveldb,churn,5969,12.811,0,0
leveldb,churn,5970,17.576,184231133,0
leveldb,churn,5971,12.383,0,0
leveldb,churn,5972,13.356,0,0
leveldb,churn,5973,15.811,0,0
leveldb,churn,5974,18.722,0,0
leveldb,churn,5975,22.599,0,0
leveldb,churn,5976,16.726,0,0
leveldb,churn,5977,16.395,0,0
leveldb,churn,5978,11.252,0,0
leveldb,churn,5979,13.495,0,0
leveldb,churn,5980,12.041,174458817,0
leveldb,churn,5981,13.443,0,0
leveldb,churn,5982,17.862,0,0
leveldb,churn,5983,16.902,0,0
leveldb,churn,5984,15.793,0,0
leveldb,churn,5985,15.431,0,0
leveldb,churn,5986,19.793,0,0
leveldb,churn,5987,10.104,0,0
leveldb,churn,5988,14.268,0,0
leveldb,churn,5989,15.384,0,0
leveldb,churn,5990,15.041,176398777,0
leveldb,churn,5991,18.546,0,0
leveldb,churn,5992,19.967,0,0
leveldb,churn,5993,18.830,0,0
leveldb,churn,5994,15.669,0,0
leveldb,churn,5995,17.491,0,0
leveldb,churn,5996,15.051,0,0
leveldb,churn,5997,11.204,0,0
leveldb,churn,5998,14.874,0,0
leveldb,churn,5999,17.843,0,0
leveldb,churn,6000,18.661,175973061,0
leveldb,churn,6001,12.037,0,0
leveldb,churn,6002,14.297,0,0
leveldb,churn,6003,11.176,0,0
leveldb,churn,6004,15.941,0,0
leveldb,churn,6005,11.330,0,0
leveldb,churn,6006,11.075,0,0
leveldb,churn,6007,17.842,0,0
leveldb,churn,6008,13.998,0,0
leveldb,churn,6009,18.835,0,0
leveldb,churn,6010,17.046,177249711,0
leveldb,churn,6011,17.793,0,0
leveldb,churn,6012,18.703,0,0
leveldb,churn,6013,13.746,0,0
leveldb,churn,6014,17.097,0,0
leveldb,churn,6015,21.805,0,0
leveldb,churn,6016,16.231,0,0
leveldb,churn,6017,22.073,0,0
leveldb,churn,6018,18.795,0,0
leveldb,churn,6019,18.715,0,0
leveldb,churn,6020,14.940,175595896,0
leveldb,churn,6021,10.189,0,0
leveldb,churn,6022,17.204,0,0
leveldb,churn,6023,20.517,0,0
leveldb,churn,6024,21.863,0,0
leveldb,churn,6025,17.127,0,0
leveldb,churn,6026,18.396,0,0
leveldb,churn,6027,14.643,0,0
leveldb,churn,6028,14.784,0,0
leveldb,churn,6029,13.165,0,0
leveldb,churn,6030,12.480,177399021,0
leveldb,churn,6031,15.600,0,0
leveldb,churn,6032,20.009,0,0
leveldb,churn,6033,16.124,0,0
leveldb,churn,6034,18.521,0,0
leveldb,churn,6035,13.564,0,0
leveldb,churn,6036,15.001,0,0
leveldb,churn,6037,16.095,0,0
leveldb,churn,6038,11.705,0,0
leveldb,churn,6039,11.977,0,0
leveldb,churn,6040,13.152,186099045,0
leveldb,churn,6041,12.410,0,0
leveldb,churn,6042,15.332,0,0
leveldb,churn,6043,16.467,0,0
leveldb,churn,6044,17.276,0,0
leveldb,churn,6045,17.482,0,0
leveldb,churn,6046,17.617,0,0
leveldb,churn,6047,10.846,0,0
leveldb,churn,6048,14.955,0,0
leveldb,churn,6049,14.308,0,0
leveldb,churn,6050,16.867,183080407,0
leveldb,churn,6051,14.499,0,0
leveldb,churn,6052,14.204,0,0
leveldb,churn,6053,14.938,0,0
leveldb,churn,6054,17.112,0,0
leveldb,churn,6055,12.964,0,0
leveldb,churn,6056,14.043,0,0
leveldb,churn,6057,10.711,0,0
leveldb,churn,6058,14.770,0,0
leveldb,churn,6059,14.042,0,0
leveldb,churn,6060,14.512,173079344,0
leveldb,churn,6061,12.717,0,0
leveldb,churn,6062,11.495,0,0
leveldb,churn,6063,13.194,0,0
leveldb,churn,6064,10.677,0,0
leveldb,churn,6065,16.740,0,0
leveldb,churn,6066,17.903,0,0
leveldb,churn,6067,11.958,0,0
leveldb,churn,6068,17.206,0,0
leveldb,churn,6069,16.142,0,0
leveldb,churn,6070,15.635,180509408,0
leveldb,churn,6071,17.120,0,0
leveldb,churn,6072,15.688,0,0
leveldb,churn,6073,11.407,0,0
leveldb,churn,6074,14.428,0,0
leveldb,churn,6075,16.875,0,0
leveldb,churn,6076,17.048,0,0
leveldb,churn,6077,17.209,0,0
leveldb,churn,6078,18.273,0,0
leveldb,churn,6079,16.415,0,0
leveldb,churn,6080,16.593,170633915,0
leveldb,churn,6081,15.527,0,0
leveldb,churn,6082,13.482,0,0
leveldb,churn,6083,14.956,0,0
leveldb,churn,6084,13.242,0,0
leveldb,churn,6085,18.617,0,0
leveldb,churn,6086,17.986,0,0
leveldb,churn,6087,16.515,0,0
leveldb,churn,6088,12.203,0,0
leveldb,churn,6089,16.817,0,0
leveldb,churn,6090,19.270,179494507,0
leveldb,churn,6091,12.745,0,0
leveldb,churn,6092,12.231,0,0
leveldb,churn,6093,13.782,0,0
leveldb,churn,6094,10.966,0,0
leveldb,churn,6095,11.615,0,0
leveldb,churn,6096,10.437,0,0
leveldb,churn,6097,16.096,0,0
leveldb,churn,6098,16.495,0,0
leveldb,churn,6099,18.129,0,0
leveldb,churn,6100,11.140,173485584,0
leveldb,churn,6101,13.708,0,0
leveldb,churn,6102,16.576,0,0
leveldb,churn,6103,16.176,0,0
leveldb,churn,6104,13.357,0,0
leveldb,churn,6105,19.246,0,0
leveldb,churn,6106,16.449,0,0
leveldb,churn,6107,24.033,0,0
leveldb,churn,6108,15.503,0,0
leveldb,churn,6109,14.997,0,0
leveldb,churn,6110,16.987,179913529,0
leveldb,churn,6111,12.852,0,0
leveldb,churn,6112,11.792,0,0
leveldb,churn,6113,14.953,0,0
leveldb,churn,6114,14.014,0,0
leveldb,churn,6115,12.068,0,0
leveldb,churn,6116,13.817,0,0
leveldb,churn,6117,12.206,0,0
leveldb,churn,6118,14.470,0,0
leveldb,churn,6119,10.718,0,0
leveldb,churn,6120,17.514,176425070,0
leveldb,churn,6121,17.299,0,0
leveldb,churn,6122,15.589,0,0
leveldb,churn,6123,16.076,0,0
leveldb,churn,6124,15.016,0,0
leveldb,churn,6125,13.131,0,0
leveldb,churn,6126,10.416,0,0
leveldb,churn,6127,11.584,0,0
leveldb,churn,6128,17.081,0,0
leveldb,churn,6129,21.856,0,0
leveldb,churn,6130,30.083,179066478,0
leveldb,churn,6131,20.746,0,0
leveldb,churn,6132,18.449,0,0
leveldb,churn,6133,20.021,0,0
leveldb,churn,6134,13.372,0,0
leveldb,churn,6135,15.580,0,0
leveldb,churn,6136,15.173,0,0
leveldb,churn,6137,13.870,0,0
leveldb,churn,6138,13.321,0,0
leveldb,churn,6139,22.201,0,0
leveldb,churn,6140,22.259,177526212,0
leveldb,churn,6141,33.016,0,0
leveldb,churn,6142,19.262,0,0
leveldb,churn,6143,16.640,0,0
leveldb,churn,6144,18.100,0,0
leveldb,churn,6145,16.346,0,0
leveldb,churn,6146,19.878,0,0
leveldb,churn,6147,19.277,0,0
leveldb,churn,6148,14.117,0,0
leveldb,churn,6149,14.188,0,0
leveldb,churn,6150,22.619,178179814,0
leveldb,churn,6151,15.406,0,0
leveldb,churn,6152,18.026,0,0
leveldb,churn,6153,16.261,0,0
leveldb,churn,6154,14.344,0,0
leveldb,churn,6155,13.319,0,0
leveldb,churn,6156,16.275,0,0
leveldb,churn,6157,16.071,0,0
leveldb,churn,6158,14.369,0,0
leveldb,churn,6159,11.846,0,0
leveldb,churn,6160,14.925,175509651,0
leveldb,churn,6161,16.756,0,0
leveldb,churn,6162,17.901,0,0
leveldb,churn,6163,10.468,0,0
leveldb,churn,6164,12.587,0,0
leveldb,churn,6165,11.898,0,0
leveldb,churn,6166,13.613,0,0
leveldb,churn,6167,14.429,0,0
leveldb,churn,6168,17.483,0,0
leveldb,churn,6169,17.511,0,0
leveldb,churn,6170,19.157,173299873,0
leveldb,churn,6171,13.019,0,0
leveldb,churn,6172,14.148,0,0
leveldb,churn,6173,15.620,0,0
leveldb,churn,6174,14.335,0,0
leveldb,churn,6175,17.041,0,0
leveldb,churn,6176,10.450,0,0
leveldb,churn,6177,14.325,0,0
leveldb,churn,6178,12.850,0,0
leveldb,churn,6179,14.521,0,0
leveldb,churn,6180,18.076,175178093,0
leveldb,churn,6181,18.704,0,0
leveldb,churn,6182,31.676,0,0
leveldb,churn,6183,43.656,0,0
leveldb,churn,6184,19.813,0,0
leveldb,churn,6185,13.065,0,0
leveldb,churn,6186,13.196,0,0
leveldb,churn,6187,19.170,0,0
leveldb,churn,6188,16.735,0,0
leveldb,churn,6189,14.947,0,0
leveldb,churn,6190,12.629,175634834,0
leveldb,churn,6191,13.212,0,0
leveldb,churn,6192,14.845,0,0
leveldb,churn,6193,10.261,0,0
leveldb,churn,6194,14.011,0,0
leveldb,churn,6195,18.182,0,0
leveldb,churn,6196,16.030,0,0
leveldb,churn,6197,13.773,0,0
leveldb,churn,6198,14.761,0,0
leveldb,churn,6199,12.128,0,0
leveldb,churn,6200,17.298,179233443,0
leveldb,churn,6201,13.313,0,0
leveldb,churn,6202,18.642,0,0
leveldb,churn,6203,12.650,0,0
leveldb,churn,6204,12.739,0,0
leveldb,churn,6205,13.977,0,0
leveldb,churn,6206,15.438,0,0
leveldb,churn,6207,20.751,0,0
leveldb,churn,6208,16.262,0,0
leveldb,churn,6209,13.073,0,0
leveldb,churn,6210,24.266,176694998,0
leveldb,churn,6211,23.761,0,0
leveldb,churn,6212,13.695,0,0
leveldb,churn,6213,12.490,0,0
leveldb,churn,6214,12.275,0,0
leveldb,churn,6215,15.964,0,0
leveldb,churn,6216,16.312,0,0
leveldb,churn,6217,13.094,0,0
leveldb,churn,6218,30.341,0,0
leveldb,churn,6219,12.410,0,0
leveldb,churn,6220,15.820,175528284,0
leveldb,churn,6221,17.607,0,0
leveldb,churn,6222,13.674,0,0
leveldb,churn,6223,10.428,0,0
leveldb,churn,6224,15.331,0,0
leveldb,churn,6225,11.568,0,0
leveldb,churn,6226,16.353,0,0
leveldb,churn,6227,12.561,0,0
leveldb,churn,6228,25.617,0,0
leveldb,churn,6229,25.650,0,0
leveldb,churn,6230,15.248,181385443,0
leveldb,churn,6231,16.245,0,0
leveldb,churn,6232,19.088,0,0
leveldb,churn,6233,13.964,0,0
leveldb,churn,6234,14.994,0,0
leveldb,churn,6235,12.965,0,0
leveldb,churn,6236,12.334,0,0
leveldb,churn,6237,13.934,0,0
leveldb,churn,6238,15.678,0,0
leveldb,churn,6239,18.041,0,0
leveldb,churn,6240,15.368,177782145,0
leveldb,churn,6241,27.121,0,0
leveldb,churn,6242,23.451,0,0
leveldb,churn,6243,11.701,0,0
leveldb,churn,6244,17.092,0,0
leveldb,churn,6245,19.392,0,0
leveldb,churn,6246,21.421,0,0
leveldb,churn,6247,10.858,0,0
leveldb,churn,6248,13.557,0,0
leveldb,churn,6249,11.356,0,0
leveldb,churn,6250,12.186,179970510,0
leveldb,churn,6251,15.010,0,0
leveldb,churn,6252,17.883,0,0
leveldb,churn,6253,15.729,0,0
leveldb,churn,6254,16.738,0,0
leveldb,churn,6255,18.384,0,0
leveldb,churn,6256,18.264,0,0
leveldb,churn,6257,16.198,0,0
leveldb,churn,6258,11.990,0,0
leveldb,churn,6259,26.041,0,0
leveldb,churn,6260,16.565,180726734,0
leveldb,churn,6261,15.888,0,0
leveldb,churn,6262,18.944,0,0
leveldb,churn,6263,18.100,0,0
leveldb,churn,6264,18.855,0,0
leveldb,churn,6265,14.046,0,0
leveldb,churn,6266,10.940,0,0
leveldb,churn,6267,11.391,0,0
leveldb,churn,6268,11.138,0,0
leveldb,churn,6269,15.530,0,0
leveldb,churn,6270,12.483,183967764,0
leveldb,churn,6271,15.230,0,0
leveldb,churn,6272,10.379,0,0
leveldb,churn,6273,20.424,0,0
leveldb,churn,6274,18.033,0,0
leveldb,churn,6275,13.572,0,0
leveldb,churn,6276,20.846,0,0
leveldb,churn,6277,21.053,0,0
leveldb,churn,6278,15.448,0,0
leveldb,churn,6279,17.854,0,0
leveldb,churn,6280,15.508,184723897,0
leveldb,churn,6281,16.532,0,0
leveldb,churn,6282,17.369,0,0
leveldb,churn,6283,17.372,0,0
leveldb,churn,6284,19.975,0,0
leveldb,churn,6285,18.334,0,0
leveldb,churn,6286,12.197,0,0
leveldb,churn,6287,15.853,0,0
leveldb,churn,6288,14.970,0,0
leveldb,churn,6289,17.583,0,0
leveldb,churn,6290,17.811,175000495,0
leveldb,churn,6291,15.297,0,0
leveldb,churn,6292,18.039,0,0
leveldb,churn,6293,16.703,0,0
leveldb,churn,6294,13.250,0,0
leveldb,churn,6295,15.622,0,0
leveldb,churn,6296,14.064,0,0
leveldb,churn,6297,16.916,0,0
leveldb,churn,6298,12.283,0,0
leveldb,churn,6299,15.406,0,0
leveldb,churn,6300,16.559,193146282,0
leveldb,churn,6301,12.347,0,0
leveldb,churn,6302,13.183,0,0
leveldb,churn,6303,12.057,0,0
leveldb,churn,6304,15.129,0,0
leveldb,churn,6305,22.811,0,0
leveldb,churn,6306,14.308,0,0
leveldb,churn,6307,13.945,0,0
leveldb,churn,6308,16.491,0,0
leveldb,churn,6309,16.254,0,0
leveldb,churn,6310,18.774,184820191,0
leveldb,churn,6311,18.079,0,0
leveldb,churn,6312,16.997,0,0
leveldb,churn,6313,16.598,0,0
leveldb,churn,6314,15.752,0,0
leveldb,churn,6315,21.907,0,0
leveldb,churn,6316,13.228,0,0
leveldb,churn,6317,16.773,0,0
leveldb,churn,6318,14.892,0,0
leveldb,churn,6319,14.876,0,0
leveldb,churn,6320,15.696,188797092,0
leveldb,churn,6321,15.728,0,0
leveldb,churn,6322,15.117,0,0
leveldb,churn,6323,11.372,0,0
leveldb,churn,6324,15.000,0,0
leveldb,churn,6325,14.435,0,0
leveldb,churn,6326,16.950,0,0
leveldb,churn,6327,12.775,0,0
leveldb,churn,6328,17.483,0,0
leveldb,churn,6329,12.678,0,0
leveldb,churn,6330,15.961,187477668,0
leveldb,churn,6331,14.566,0,0
leveldb,churn,6332,15.945,0,0
leveldb,churn,6333,16.752,0,0
leveldb,churn,6334,25.963,0,0
leveldb,churn,6335,13.858,0,0
leveldb,churn,6336,12.805,0,0
leveldb,churn,6337,21.695,0,0
leveldb,churn,6338,11.807,0,0
leveldb,churn,6339,11.943,0,0
leveldb,churn,6340,14.871,181195111,0
leveldb,churn,6341,13.936,0,0
leveldb,churn,6342,17.267,0,0
leveldb,churn,6343,15.648,0,0
leveldb,churn,6344,13.910,0,0
leveldb,churn,6345,11.015,0,0
leveldb,churn,6346,10.587,0,0
leveldb,churn,6347,13.669,0,0
leveldb,churn,6348,15.064,0,0
leveldb,churn,6349,12.872,0,0
leveldb,churn,6350,12.162,173484727,0
leveldb,churn,6351,16.963,0,0
leveldb,churn,6352,11.434,0,0
leveldb,churn,6353,19.761,0,0
leveldb,churn,6354,15.876,0,0
leveldb,churn,6355,17.339,0,0
leveldb,churn,6356,14.971,0,0
leveldb,churn,6357,13.130,0,0
leveldb,churn,6358,16.954,0,0
leveldb,churn,6359,12.627,0,0
leveldb,churn,6360,16.058,184734570,0
leveldb,churn,6361,16.841,0,0
leveldb,churn,6362,12.459,0,0
leveldb,churn,6363,15.183,0,0
leveldb,churn,6364,15.308,0,0
leveldb,churn,6365,16.042,0,0
leveldb,churn,6366,19.178,0,0
leveldb,churn,6367,14.162,0,0
leveldb,churn,6368,14.080,0,0
leveldb,churn,6369,16.184,0,0
leveldb,churn,6370,15.127,189104169,0
leveldb,churn,6371,12.015,0,0
leveldb,churn,6372,19.369,0,0
leveldb,churn,6373,19.129,0,0
leveldb,churn,6374,12.917,0,0
leveldb,churn,6375,15.713,0,0
leveldb,churn,6376,12.492,0,0
leveldb,churn,6377,16.575,0,0
leveldb,churn,6378,15.802,0,0
leveldb,churn,6379,16.726,0,0
leveldb,churn,6380,14.626,185477706,0
leveldb,churn,6381,12.879,0,0
leveldb,churn,6382,14.106,0,0
leveldb,churn,6383,14.849,0,0
leveldb,churn,6384,12.534,0,0
leveldb,churn,6385,13.575,0,0
leveldb,churn,6386,14.163,0,0
leveldb,churn,6387,15.765,0,0
leveldb,churn,6388,11.826,0,0
leveldb,churn,6389,15.280,0,0
leveldb,churn,6390,18.448,177931495,0
leveldb,churn,6391,16.343,0,0
leveldb,churn,6392,14.432,0,0
leveldb,churn,6393,18.927,0,0
leveldb,churn,6394,13.356,0,0
leveldb,churn,6395,12.686,0,0
leveldb,churn,6396,13.139,0,0
leveldb,churn,6397,14.079,0,0
leveldb,churn,6398,13.119,0,0
leveldb,churn,6399,14.708,0,0
leveldb,churn,6400,15.691,181289928,0
leveldb,churn,6401,15.078,0,0
leveldb,churn,6402,14.001,0,0
leveldb,churn,6403,13.834,0,0
leveldb,churn,6404,14.648,0,0
leveldb,churn,6405,11.456,0,0
leveldb,churn,6406,16.014,0,0
leveldb,churn,6407,13.186,0,0
leveldb,churn,6408,11.146,0,0
leveldb,churn,6409,12.965,0,0
leveldb,churn,6410,16.606,178250364,0
leveldb,churn,6411,18.622,0,0
leveldb,churn,6412,19.555,0,0
leveldb,churn,6413,17.706,0,0
leveldb,churn,6414,20.476,0,0
leveldb,churn,6415,18.029,0,0
leveldb,churn,6416,12.506,0,0
leveldb,churn,6417,14.708,0,0
leveldb,churn,6418,15.724,0,0
leveldb,churn,6419,14.686,0,0
leveldb,churn,6420,13.842,183851967,0
leveldb,churn,6421,14.856,0,0
leveldb,churn,6422,15.107,0,0
leveldb,churn,6423,13.346,0,0
leveldb,churn,6424,16.377,0,0
leveldb,churn,6425,19.295,0,0
leveldb,churn,6426,15.340,0,0
leveldb,churn,6427,16.229,0,0
leveldb,churn,6428,13.132,0,0
leveldb,churn,6429,16.132,0,0
leveldb,churn,6430,12.194,179992276,0
leveldb,churn,6431,16.713,0,0
leveldb,churn,6432,13.446,0,0
leveldb,churn,6433,18.651,0,0
leveldb,churn,6434,15.147,0,0
leveldb,churn,6435,15.267,0,0
leveldb,churn,6436,13.491,0,0
leveldb,churn,6437,17.737,0,0
leveldb,churn,6438,12.564,0,0
leveldb,churn,6439,15.392,0,0
leveldb,churn,6440,13.325,183484911,0
leveldb,churn,6441,17.216,0,0
leveldb,churn,6442,14.858,0,0
leveldb,churn,6443,22.578,0,0
leveldb,churn,6444,17.731,0,0
leveldb,churn,6445,15.578,0,0
leveldb,churn,6446,15.111,0,0
leveldb,churn,6447,20.837,0,0
leveldb,churn,6448,17.265,0,0
leveldb,churn,6449,23.472,0,0
leveldb,churn,6450,12.540,191011856,0
leveldb,churn,6451,15.599,0,0
leveldb,churn,6452,17.182,0,0
leveldb,churn,6453,18.964,0,0
leveldb,churn,6454,22.136,0,0
leveldb,churn,6455,16.364,0,0
leveldb,churn,6456,17.828,0,0
leveldb,churn,6457,18.912,0,0
leveldb,churn,6458,10.845,0,0
leveldb,churn,6459,11.267,0,0
leveldb,churn,6460,14.498,183975191,0
leveldb,churn,6461,15.772,0,0
leveldb,churn,6462,13.402,0,0
leveldb,churn,6463,19.872,0,0
leveldb,churn,6464,15.277,0,0
leveldb,churn,6465,21.318,0,0
leveldb,churn,6466,15.947,0,0
leveldb,churn,6467,15.319,0,0
leveldb,churn,6468,16.399,0,0
leveldb,churn,6469,11.877,0,0
leveldb,churn,6470,16.709,175610222,0
leveldb,churn,6471,14.531,0,0
leveldb,churn,6472,14.210,0,0
leveldb,churn,6473,16.783,0,0
leveldb,churn,6474,17.014,0,0
leveldb,churn,6475,11.490,0,0
leveldb,churn,6476,17.996,0,0
leveldb,churn,6477,16.429,0,0
leveldb,churn,6478,17.536,0,0
leveldb,churn,6479,11.936,0,0
leveldb,churn,6480,11.661,183034014,0
leveldb,churn,6481,11.040,0,0
leveldb,churn,6482,19.674,0,0
leveldb,churn,6483,14.809,0,0
leveldb,churn,6484,17.282,0,0
leveldb,churn,6485,15.215,0,0
leveldb,churn,6486,14.594,0,0
leveldb,churn,6487,17.011,0,0
leveldb,churn,6488,20.773,0,0
leveldb,churn,6489,19.039,0,0
leveldb,churn,6490,10.879,185457339,0
leveldb,churn,6491,13.841,0,0
leveldb,churn,6492,16.196,0,0
leveldb,churn,6493,17.774,0,0
leveldb,churn,6494,14.825,0,0
leveldb,churn,6495,11.944,0,0
leveldb,churn,6496,19.847,0,0
leveldb,churn,6497,12.529,0,0
leveldb,churn,6498,9.934,0,0
leveldb,churn,6499,14.788,0,0
leveldb,churn,6500,17.906,184860591,0
leveldb,churn,6501,17.822,0,0
leveldb,churn,6502,13.257,0,0
leveldb,churn,6503,14.950,0,0
leveldb,churn,6504,11.436,0,0
leveldb,churn,6505,10.863,0,0
leveldb,churn,6506,13.677,0,0
leveldb,churn,6507,18.216,0,0
leveldb,churn,6508,12.262,0,0
leveldb,churn,6509,13.079,0,0
leveldb,churn,6510,11.616,184251716,0
leveldb,churn,6511,14.145,0,0
leveldb,churn,6512,12.886,0,0
leveldb,churn,6513,16.202,0,0
leveldb,churn,6514,17.097,0,0
leveldb,churn,6515,11.530,0,0
leveldb,churn,6516,17.266,0,0
leveldb,churn,6517,18.687,0,0
leveldb,churn,6518,15.689,0,0
leveldb,churn,6519,16.049,0,0
leveldb,churn,6520,20.107,177805940,0
leveldb,churn,6521,14.785,0,0
leveldb,churn,6522,17.702,0,0
leveldb,churn,6523,15.552,0,0
leveldb,churn,6524,18.533,0,0
leveldb,churn,6525,13.422,0,0
leveldb,churn,6526,18.694,0,0
leveldb,churn,6527,14.401,0,0
leveldb,churn,6528,14.360,0,0
leveldb,churn,6529,11.676,0,0
leveldb,churn,6530,16.060,184485896,0
leveldb,churn,6531,12.528,0,0
leveldb,churn,6532,18.128,0,0
leveldb,churn,6533,18.128,0,0
leveldb,churn,6534,16.074,0,0
leveldb,churn,6535,14.251,0,0
leveldb,churn,6536,12.708,0,0
leveldb,churn,6537,15.814,0,0
leveldb,churn,6538,11.672,0,0
leveldb,churn,6539,15.310,0,0
leveldb,churn,6540,16.141,175564263,0
leveldb,churn,6541,14.791,0,0
leveldb,churn,6542,13.015,0,0
leveldb,churn,6543,14.389,0,0
leveldb,churn,6544,12.944,0,0
leveldb,churn,6545,13.893,0,0
leveldb,churn,6546,11.906,0,0
leveldb,churn,6547,15.236,0,0
leveldb,churn,6548,11.895,0,0
leveldb,churn,6549,21.044,0,0
leveldb,churn,6550,16.135,183855484,0
leveldb,churn,6551,15.749,0,0
leveldb,churn,6552,16.983,0,0
leveldb,churn,6553,18.355,0,0
leveldb,churn,6554,15.354,0,0
leveldb,churn,6555,13.028,0,0
leveldb,churn,6556,17.433,0,0
leveldb,churn,6557,16.660,0,0
leveldb,churn,6558,12.330,0,0
leveldb,churn,6559,13.926,0,0
leveldb,churn,6560,16.719,185130009,0
leveldb,churn,6561,16.361,0,0
leveldb,churn,6562,15.429,0,0
leveldb,churn,6563,13.226,0,0
leveldb,churn,6564,15.699,0,0
leveldb,churn,6565,11.589,0,0
leveldb,churn,6566,17.071,0,0
leveldb,churn,6567,12.280,0,0
leveldb,churn,6568,27.267,0,0
leveldb,churn,6569,19.958,0,0
leveldb,churn,6570,13.542,177285169,0
leveldb,churn,6571,14.645,0,0
leveldb,churn,6572,13.896,0,0
leveldb,churn,6573,12.191,0,0
leveldb,churn,6574,12.838,0,0
leveldb,churn,6575,18.383,0,0
leveldb,churn,6576,16.094,0,0
leveldb,churn,6577,12.976,0,0
leveldb,churn,6578,18.392,0,0
leveldb,churn,6579,14.539,0,0
leveldb,churn,6580,17.367,176438200,0
leveldb,churn,6581,16.860,0,0
leveldb,churn,6582,15.988,0,0
leveldb,churn,6583,13.289,0,0
leveldb,churn,6584,13.819,0,0
leveldb,churn,6585,14.947,0,0
leveldb,churn,6586,13.839,0,0
leveldb,churn,6587,18.606,0,0
leveldb,churn,6588,17.318,0,0
leveldb,churn,6589,20.883,0,0
leveldb,churn,6590,16.778,180281350,0
leveldb,churn,6591,16.356,0,0
leveldb,churn,6592,11.623,0,0
leveldb,churn,6593,16.356,0,0
leveldb,churn,6594,22.322,0,0
leveldb,churn,6595,17.592,0,0
leveldb,churn,6596,13.114,0,0
leveldb,churn,6597,15.611,0,0
leveldb,churn,6598,14.282,0,0
leveldb,churn,6599,10.694,0,0
leveldb,churn,6600,12.642,183131203,0
leveldb,churn,6601,18.359,0,0
leveldb,churn,6602,19.257,0,0
leveldb,churn,6603,18.280,0,0
leveldb,churn,6604,11.779,0,0
leveldb,churn,6605,12.911,0,0
leveldb,churn,6606,12.272,0,0
leveldb,churn,6607,13.589,0,0
leveldb,churn,6608,19.887,0,0
leveldb,churn,6609,17.505,0,0
leveldb,churn,6610,10.924,177720169,0
leveldb,churn,6611,17.247,0,0
leveldb,churn,6612,14.397,0,0
leveldb,churn,6613,14.075,0,0
leveldb,churn,6614,15.120,0,0
leveldb,churn,6615,12.694,0,0
leveldb,churn,6616,20.119,0,0
leveldb,churn,6617,10.895,0,0
leveldb,churn,6618,15.543,0,0
leveldb,churn,6619,22.568,0,0
leveldb,churn,6620,13.248,175050238,0
leveldb,churn,6621,19.012,0,0
leveldb,churn,6622,15.599,0,0
leveldb,churn,6623,17.207,0,0
leveldb,churn,6624,10.857,0,0
leveldb,churn,6625,12.736,0,0
leveldb,churn,6626,16.240,0,0
leveldb,churn,6627,18.296,0,0
leveldb,churn,6628,13.512,0,0
leveldb,churn,6629,12.469,0,0
leveldb,churn,6630,18.648,181484235,0
leveldb,churn,6631,14.439,0,0
leveldb,churn,6632,12.038,0,0
leveldb,churn,6633,13.323,0,0
leveldb,churn,6634,16.722,0,0
leveldb,churn,6635,15.186,0,0
leveldb,churn,6636,15.543,0,0
leveldb,churn,6637,19.102,0,0
leveldb,churn,6638,12.118,0,0
leveldb,churn,6639,12.968,0,0
leveldb,churn,6640,16.286,186689275,0
leveldb,churn,6641,15.943,0,0
leveldb,churn,6642,14.594,0,0
leveldb,churn,6643,16.159,0,0
leveldb,churn,6644,15.254,0,0
leveldb,churn,6645,16.755,0,0
leveldb,churn,6646,13.613,0,0
leveldb,churn,6647,16.576,0,0
leveldb,churn,6648,17.541,0,0
leveldb,churn,6649,19.949,0,0
leveldb,churn,6650,12.048,192930176,0
leveldb,churn,6651,16.722,0,0
leveldb,churn,6652,16.095,0,0
leveldb,churn,6653,17.564,0,0
leveldb,churn,6654,14.163,0,0
leveldb,churn,6655,11.004,0,0
leveldb,churn,6656,11.647,0,0
leveldb,churn,6657,11.469,0,0
leveldb,churn,6658,14.855,0,0
leveldb,churn,6659,15.275,0,0
leveldb,churn,6660,16.210,177790215,0
leveldb,churn,6661,17.282,0,0
leveldb,churn,6662,15.940,0,0
leveldb,churn,6663,16.563,0,0
leveldb,churn,6664,12.996,0,0
leveldb,churn,6665,17.815,0,0
leveldb,churn,6666,11.664,0,0
leveldb,churn,6667,13.687,0,0
leveldb,churn,6668,16.854,0,0
leveldb,churn,6669,17.222,0,0
leveldb,churn,6670,12.416,179625126,0
leveldb,churn,6671,13.790,0,0
leveldb,churn,6672,14.393,0,0
leveldb,churn,6673,13.755,0,0
leveldb,churn,6674,17.894,0,0
leveldb,churn,6675,15.475,0,0
leveldb,churn,6676,16.362,0,0
leveldb,churn,6677,13.772,0,0
leveldb,churn,6678,16.876,0,0
leveldb,churn,6679,12.001,0,0
leveldb,churn,6680,11.885,185069699,0
leveldb,churn,6681,17.618,0,0
leveldb,churn,6682,15.052,0,0
leveldb,churn,6683,10.165,0,0
leveldb,churn,6684,13.687,0,0
leveldb,churn,6685,11.298,0,0
leveldb,churn,6686,20.161,0,0
leveldb,churn,6687,19.810,0,0
leveldb,churn,6688,15.027,0,0
leveldb,churn,6689,19.359,0,0
leveldb,churn,6690,17.601,193004707,0
leveldb,churn,6691,20.556,0,0
leveldb,churn,6692,14.235,0,0
leveldb,churn,6693,13.422,0,0
leveldb,churn,6694,14.237,0,0
leveldb,churn,6695,36.590,0,0
leveldb,churn,6696,22.901,0,0
leveldb,churn,6697,18.414,0,0
leveldb,churn,6698,19.671,0,0
leveldb,churn,6699,12.300,0,0
leveldb,churn,6700,12.771,177019567,0
leveldb,churn,6701,14.937,0,0
leveldb,churn,6702,15.715,0,0
leveldb,churn,6703,14.833,0,0
leveldb,churn,6704,12.798,0,0
leveldb,churn,6705,15.273,0,0
leveldb,churn,6706,18.285,0,0
leveldb,churn,6707,14.801,0,0
leveldb,churn,6708,15.313,0,0
leveldb,churn,6709,11.838,0,0
leveldb,churn,6710,15.308,181824710,0
leveldb,churn,6711,15.863,0,0
leveldb,churn,6712,13.977,0,0
leveldb,churn,6713,17.717,0,0
leveldb,churn,6714,14.180,0,0
leveldb,churn,6715,20.963,0,0
leveldb,churn,6716,16.155,0,0
leveldb,churn,6717,13.560,0,0
leveldb,churn,6718,16.390,0,0
leveldb,churn,6719,14.082,0,0
leveldb,churn,6720,12.153,182747067,0
leveldb,churn,6721,22.610,0,0
leveldb,churn,6722,18.973,0,0
leveldb,churn,6723,11.492,0,0
leveldb,churn,6724,17.972,0,0
leveldb,churn,6725,17.291,0,0
leveldb,churn,6726,17.261,0,0
leveldb,churn,6727,16.944,0,0
leveldb,churn,6728,17.137,0,0
leveldb,churn,6729,16.229,0,0
leveldb,churn,6730,11.546,183362850,0
leveldb,churn,6731,15.888,0,0
leveldb,churn,6732,15.256,0,0
leveldb,churn,6733,12.398,0,0
leveldb,churn,6734,17.422,0,0
leveldb,churn,6735,14.713,0,0
leveldb,churn,6736,14.600,0,0
leveldb,churn,6737,26.014,0,0
leveldb,churn,6738,12.558,0,0
leveldb,churn,6739,13.707,0,0
leveldb,churn,6740,16.381,185683149,0
leveldb,churn,6741,18.098,0,0
leveldb,churn,6742,10.922,0,0
leveldb,churn,6743,14.407,0,0
leveldb,churn,6744,11.083,0,0
leveldb,churn,6745,12.511,0,0
leveldb,churn,6746,14.714,0,0
leveldb,churn,6747,17.282,0,0
leveldb,churn,6748,13.799,0,0
leveldb,churn,6749,22.541,0,0
leveldb,churn,6750,17.642,192119558,0
leveldb,churn,6751,15.762,0,0
leveldb,churn,6752,20.115,0,0
leveldb,churn,6753,16.682,0,0
leveldb,churn,6754,16.511,0,0
leveldb,churn,6755,12.514,0,0
leveldb,churn,6756,16.703,0,0
leveldb,churn,6757,19.879,0,0
leveldb,churn,6758,31.971,0,0
leveldb,churn,6759,19.604,0,0
leveldb,churn,6760,21.055,177857443,0
leveldb,churn,6761,13.978,0,0
leveldb,churn,6762,17.811,0,0
leveldb,churn,6763,16.391,0,0
leveldb,churn,6764,14.770,0,0
leveldb,churn,6765,17.863,0,0
leveldb,churn,6766,16.555,0,0
leveldb,churn,6767,12.082,0,0
leveldb,churn,6768,16.279,0,0
leveldb,churn,6769,16.272,0,0
leveldb,churn,6770,20.064,181382934,0
leveldb,churn,6771,14.955,0,0
leveldb,churn,6772,13.264,0,0
leveldb,churn,6773,13.455,0,0
leveldb,churn,6774,16.942,0,0
leveldb,churn,6775,15.354,0,0
leveldb,churn,6776,12.491,0,0
leveldb,churn,6777,14.889,0,0
leveldb,churn,6778,12.681,0,0
leveldb,churn,6779,15.511,0,0
leveldb,churn,6780,16.964,187355345,0
leveldb,churn,6781,11.965,0,0
leveldb,churn,6782,12.181,0,0
leveldb,churn,6783,15.853,0,0
leveldb,churn,6784,21.250,0,0
leveldb,churn,6785,16.829,0,0
leveldb,churn,6786,21.152,0,0
leveldb,churn,6787,14.291,0,0
leveldb,churn,6788,13.115,0,0
leveldb,churn,6789,21.395,0,0
leveldb,churn,6790,13.824,189885501,0
leveldb,churn,6791,13.785,0,0
leveldb,churn,6792,18.201,0,0
leveldb,churn,6793,20.463,0,0
leveldb,churn,6794,12.783,0,0
leveldb,churn,6795,14.387,0,0
leveldb,churn,6796,17.791,0,0
leveldb,churn,6797,17.004,0,0
leveldb,churn,6798,13.683,0,0
leveldb,churn,6799,16.779,0,0
leveldb,churn,6800,20.046,187292462,0
leveldb,churn,6801,15.210,0,0
leveldb,churn,6802,13.421,0,0
leveldb,churn,6803,17.822,0,0
leveldb,churn,6804,12.407,0,0
leveldb,churn,6805,13.352,0,0
leveldb,churn,6806,13.843,0,0
leveldb,churn,6807,13.640,0,0
leveldb,churn,6808,11.978,0,0
leveldb,churn,6809,17.691,0,0
leveldb,churn,6810,12.101,182446507,0
leveldb,churn,6811,14.926,0,0
leveldb,churn,6812,14.723,0,0
leveldb,churn,6813,13.370,0,0
leveldb,churn,6814,17.073,0,0
leveldb,churn,6815,16.151,0,0
leveldb,churn,6816,11.566,0,0
leveldb,churn,6817,13.403,0,0
leveldb,churn,6818,13.535,0,0
leveldb,churn,6819,14.832,0,0
leveldb,churn,6820,39.177,186371117,0
leveldb,churn,6821,15.278,0,0
leveldb,churn,6822,13.916,0,0
leveldb,churn,6823,24.383,0,0
leveldb,churn,6824,13.828,0,0
leveldb,churn,6825,13.439,0,0
leveldb,churn,6826,21.472,0,0
leveldb,churn,6827,13.254,0,0
leveldb,churn,6828,22.251,0,0
leveldb,churn,6829,17.218,0,0
leveldb,churn,6830,11.544,184578227,0
leveldb,churn,6831,18.332,0,0
leveldb,churn,6832,14.998,0,0
leveldb,churn,6833,10.698,0,0
leveldb,churn,6834,17.590,0,0
leveldb,churn,6835,12.139,0,0
leveldb,churn,6836,16.388,0,0
leveldb,churn,6837,18.362,0,0
leveldb,churn,6838,25.339,0,0
leveldb,churn,6839,14.797,0,0
leveldb,churn,6840,16.910,176786320,0
leveldb,churn,6841,13.366,0,0
leveldb,churn,6842,14.054,0,0
leveldb,churn,6843,13.393,0,0
leveldb,churn,6844,15.757,0,0
leveldb,churn,6845,11.969,0,0
leveldb,churn,6846,18.044,0,0
leveldb,churn,6847,13.953,0,0
leveldb,churn,6848,14.648,0,0
leveldb,churn,6849,12.122,0,0
leveldb,churn,6850,10.395,183324968,0
leveldb,churn,6851,11.832,0,0
leveldb,churn,6852,17.699,0,0
leveldb,churn,6853,11.367,0,0
leveldb,churn,6854,18.097,0,0
leveldb,churn,6855,10.825,0,0
leveldb,churn,6856,14.634,0,0
leveldb,churn,6857,15.888,0,0
leveldb,churn,6858,14.072,0,0
leveldb,churn,6859,10.131,0,0
leveldb,churn,6860,16.952,186066009,0
leveldb,churn,6861,17.767,0,0
leveldb,churn,6862,16.211,0,0
leveldb,churn,6863,18.088,0,0
leveldb,churn,6864,14.667,0,0
leveldb,churn,6865,11.681,0,0
leveldb,churn,6866,11.314,0,0
leveldb,churn,6867,15.633,0,0
leveldb,churn,6868,17.468,0,0
leveldb,churn,6869,16.029,0,0
leveldb,churn,6870,12.128,192007581,0
leveldb,churn,6871,23.125,0,0
leveldb,churn,6872,13.844,0,0
leveldb,churn,6873,16.238,0,0
leveldb,churn,6874,14.146,0,0
leveldb,churn,6875,14.008,0,0
leveldb,churn,6876,16.325,0,0
leveldb,churn,6877,17.767,0,0
leveldb,churn,6878,11.708,0,0
leveldb,churn,6879,12.759,0,0
leveldb,churn,6880,10.835,180873309,0
leveldb,churn,6881,16.395,0,0
leveldb,churn,6882,11.700,0,0
leveldb,churn,6883,13.845,0,0
leveldb,churn,6884,10.768,0,0
leveldb,churn,6885,13.472,0,0
leveldb,churn,6886,13.557,0,0
leveldb,churn,6887,12.937,0,0
leveldb,churn,6888,11.838,0,0
leveldb,churn,6889,22.218,0,0
leveldb,churn,6890,14.781,182356422,0
leveldb,churn,6891,16.306,0,0
leveldb,churn,6892,20.583,0,0
leveldb,churn,6893,18.464,0,0
leveldb,churn,6894,16.042,0,0
leveldb,churn,6895,14.598,0,0
leveldb,churn,6896,16.173,0,0
leveldb,churn,6897,16.587,0,0
leveldb,churn,6898,14.806,0,0
leveldb,churn,6899,11.345,0,0
leveldb,churn,6900,10.173,188018582,0
leveldb,churn,6901,14.827,0,0
leveldb,churn,6902,17.416,0,0
leveldb,churn,6903,16.265,0,0
leveldb,churn,6904,10.641,0,0
leveldb,churn,6905,12.526,0,0
leveldb,churn,6906,11.688,0,0
leveldb,churn,6907,13.105,0,0
leveldb,churn,6908,12.877,0,0
leveldb,churn,6909,16.927,0,0
leveldb,churn,6910,16.567,189390186,0
leveldb,churn,6911,18.914,0,0
leveldb,churn,6912,22.993,0,0
leveldb,churn,6913,15.281,0,0
leveldb,churn,6914,17.391,0,0
leveldb,churn,6915,22.111,0,0
leveldb,churn,6916,14.932,0,0
leveldb,churn,6917,11.261,0,0
leveldb,churn,6918,13.139,0,0
leveldb,churn,6919,11.756,0,0
leveldb,churn,6920,12.992,187300221,0
leveldb,churn,6921,16.998,0,0
leveldb,churn,6922,16.554,0,0
leveldb,churn,6923,12.397,0,0
leveldb,churn,6924,13.837,0,0
leveldb,churn,6925,15.787,0,0
leveldb,churn,6926,15.488,0,0
leveldb,churn,6927,14.512,0,0
leveldb,churn,6928,15.249,0,0
leveldb,churn,6929,17.070,0,0
leveldb,churn,6930,15.883,176787778,0
leveldb,churn,6931,10.974,0,0
leveldb,churn,6932,13.261,0,0
leveldb,churn,6933,11.832,0,0
leveldb,churn,6934,14.273,0,0
leveldb,churn,6935,14.289,0,0
leveldb,churn,6936,12.857,0,0
leveldb,churn,6937,17.522,0,0
leveldb,churn,6938,14.524,0,0
leveldb,churn,6939,13.989,0,0
leveldb,churn,6940,18.894,178383053,0
leveldb,churn,6941,13.327,0,0
leveldb,churn,6942,17.736,0,0
leveldb,churn,6943,15.297,0,0
leveldb,churn,6944,9.393,0,0
leveldb,churn,6945,12.801,0,0
leveldb,churn,6946,14.554,0,0
leveldb,churn,6947,15.871,0,0
leveldb,churn,6948,17.168,0,0
leveldb,churn,6949,15.155,0,0
leveldb,churn,6950,12.863,190832857,0
leveldb,churn,6951,14.921,0,0
leveldb,churn,6952,12.265,0,0
leveldb,churn,6953,13.151,0,0
leveldb,churn,6954,15.309,0,0
leveldb,churn,6955,13.322,0,0
leveldb,churn,6956,12.601,0,0
leveldb,churn,6957,14.194,0,0
leveldb,churn,6958,16.702,0,0
leveldb,churn,6959,16.167,0,0
leveldb,churn,6960,11.209,178642691,0
leveldb,churn,6961,13.613,0,0
leveldb,churn,6962,15.226,0,0
leveldb,churn,6963,22.443,0,0
leveldb,churn,6964,18.242,0,0
leveldb,churn,6965,9.724,0,0
leveldb,churn,6966,20.086,0,0
leveldb,churn,6967,15.070,0,0
leveldb,churn,6968,12.127,0,0
leveldb,churn,6969,12.779,0,0
leveldb,churn,6970,15.748,177315004,0
leveldb,churn,6971,18.061,0,0
leveldb,churn,6972,15.001,0,0
leveldb,churn,6973,12.695,0,0
leveldb,churn,6974,20.007,0,0
leveldb,churn,6975,15.832,0,0
leveldb,churn,6976,13.155,0,0
leveldb,churn,6977,11.551,0,0
leveldb,churn,6978,18.022,0,0
leveldb,churn,6979,28.747,0,0
leveldb,churn,6980,24.588,186937587,0
leveldb,churn,6981,13.248,0,0
leveldb,churn,6982,17.840,0,0
leveldb,churn,6983,18.551,0,0
leveldb,churn,6984,13.005,0,0
leveldb,churn,6985,18.903,0,0
leveldb,churn,6986,18.376,0,0
leveldb,churn,6987,15.184,0,0
leveldb,churn,6988,17.142,0,0
leveldb,churn,6989,23.741,0,0
leveldb,churn,6990,11.107,178196878,0
leveldb,churn,6991,20.919,0,0
leveldb,churn,6992,12.549,0,0
leveldb,churn,6993,18.208,0,0
leveldb,churn,6994,13.906,0,0
leveldb,churn,6995,15.638,0,0
leveldb,churn,6996,11.214,0,0
leveldb,churn,6997,14.940,0,0
leveldb,churn,6998,13.574,0,0
leveldb,churn,6999,12.565,0,0
leveldb,churn,7000,12.322,182459907,0
leveldb,churn,7001,10.056,0,0
leveldb,churn,7002,15.883,0,0
leveldb,churn,7003,13.720,0,0
leveldb,churn,7004,10.937,0,0
leveldb,churn,7005,12.189,0,0
leveldb,churn,7006,13.005,0,0
leveldb,churn,7007,15.239,0,0
leveldb,churn,7008,11.728,0,0
leveldb,churn,7009,18.569,0,0
leveldb,churn,7010,15.348,176078974,0
leveldb,churn,7011,12.385,0,0
leveldb,churn,7012,12.707,0,0
leveldb,churn,7013,16.404,0,0
leveldb,churn,7014,17.266,0,0
leveldb,churn,7015,13.717,0,0
leveldb,churn,7016,13.574,0,0
leveldb,churn,7017,18.648,0,0
leveldb,churn,7018,17.370,0,0
leveldb,churn,7019,19.582,0,0
leveldb,churn,7020,15.315,183312974,0
leveldb,churn,7021,19.917,0,0
leveldb,churn,7022,16.056,0,0
leveldb,churn,7023,15.432,0,0
leveldb,churn,7024,16.455,0,0
leveldb,churn,7025,12.216,0,0
leveldb,churn,7026,13.011,0,0
leveldb,churn,7027,16.025,0,0
leveldb,churn,7028,17.574,0,0
leveldb,churn,7029,14.291,0,0
leveldb,churn,7030,18.435,176396139,0
leveldb,churn,7031,16.312,0,0
leveldb,churn,7032,14.303,0,0
leveldb,churn,7033,18.245,0,0
leveldb,churn,7034,15.621,0,0
leveldb,churn,7035,17.581,0,0
leveldb,churn,7036,16.206,0,0
leveldb,churn,7037,19.426,0,0
leveldb,churn,7038,13.911,0,0
leveldb,churn,7039,14.862,0,0
leveldb,churn,7040,16.926,195412766,0
leveldb,churn,7041,15.233,0,0
leveldb,churn,7042,16.839,0,0
leveldb,churn,7043,14.028,0,0
leveldb,churn,7044,12.211,0,0
leveldb,churn,7045,14.705,0,0
leveldb,churn,7046,17.194,0,0
leveldb,churn,7047,19.443,0,0
leveldb,churn,7048,19.304,0,0
leveldb,churn,7049,23.551,0,0
leveldb,churn,7050,20.532,182238005,0
leveldb,churn,7051,19.145,0,0
leveldb,churn,7052,13.258,0,0
leveldb,churn,7053,22.088,0,0
leveldb,churn,7054,15.261,0,0
leveldb,churn,7055,11.360,0,0
leveldb,churn,7056,19.959,0,0
leveldb,churn,7057,15.911,0,0
leveldb,churn,7058,15.418,0,0
leveldb,churn,7059,15.246,0,0
leveldb,churn,7060,15.859,179842461,0
leveldb,churn,7061,17.659,0,0
leveldb,churn,7062,17.671,0,0
leveldb,churn,7063,17.588,0,0
leveldb,churn,7064,32.507,0,0
leveldb,churn,7065,15.734,0,0
leveldb,churn,7066,19.096,0,0
leveldb,churn,7067,23.639,0,0
leveldb,churn,7068,18.348,0,0
leveldb,churn,7069,16.949,0,0
leveldb,churn,7070,14.457,182962239,0
leveldb,churn,7071,15.411,0,0
leveldb,churn,7072,16.243,0,0
leveldb,churn,7073,13.576,0,0
leveldb,churn,7074,12.345,0,0
leveldb,churn,7075,13.992,0,0
leveldb,churn,7076,13.875,0,0
leveldb,churn,7077,15.629,0,0
leveldb,churn,7078,18.641,0,0
leveldb,churn,7079,15.895,0,0
leveldb,churn,7080,12.328,188529140,0
leveldb,churn,7081,19.844,0,0
leveldb,churn,7082,17.193,0,0
leveldb,churn,7083,13.164,0,0
leveldb,churn,7084,15.679,0,0
leveldb,churn,7085,15.259,0,0
leveldb,churn,7086,17.354,0,0
leveldb,churn,7087,12.742,0,0
leveldb,churn,7088,17.618,0,0
leveldb,churn,7089,23.611,0,0
leveldb,churn,7090,11.204,188440336,0
leveldb,churn,7091,12.224,0,0
leveldb,churn,7092,15.317,0,0
leveldb,churn,7093,14.913,0,0
leveldb,churn,7094,17.993,0,0
leveldb,churn,7095,18.621,0,0
leveldb,churn,7096,16.328,0,0
leveldb,churn,7097,13.385,0,0
leveldb,churn,7098,13.839,0,0
leveldb,churn,7099,18.388,0,0
leveldb,churn,7100,11.778,186887789,0
leveldb,churn,7101,11.974,0,0
leveldb,churn,7102,19.620,0,0
leveldb,churn,7103,11.957,0,0
leveldb,churn,7104,18.789,0,0
leveldb,churn,7105,16.725,0,0
leveldb,churn,7106,18.402,0,0
leveldb,churn,7107,14.547,0,0
leveldb,churn,7108,15.375,0,0
leveldb,churn,7109,12.103,0,0
leveldb,churn,7110,15.409,204999492,0
leveldb,churn,7111,20.684,0,0
leveldb,churn,7112,14.990,0,0
leveldb,churn,7113,17.292,0,0
leveldb,churn,7114,21.060,0,0
leveldb,churn,7115,14.000,0,0
leveldb,churn,7116,10.626,0,0
leveldb,churn,7117,14.292,0,0
leveldb,churn,7118,15.371,0,0
leveldb,churn,7119,17.174,0,0
leveldb,churn,7120,16.582,188336479,0
leveldb,churn,7121,15.073,0,0
leveldb,churn,7122,12.899,0,0
leveldb,churn,7123,11.300,0,0
leveldb,churn,7124,12.876,0,0
leveldb,churn,7125,16.218,0,0
leveldb,churn,7126,19.911,0,0
leveldb,churn,7127,16.205,0,0
leveldb,churn,7128,12.835,0,0
leveldb,churn,7129,19.252,0,0
leveldb,churn,7130,17.620,182977106,0
leveldb,churn,7131,19.498,0,0
leveldb,churn,7132,17.618,0,0
leveldb,churn,7133,14.482,0,0
leveldb,churn,7134,11.976,0,0
leveldb,churn,7135,28.833,0,0
leveldb,churn,7136,13.926,0,0
leveldb,churn,7137,16.388,0,0
leveldb,churn,7138,18.895,0,0
leveldb,churn,7139,13.702,0,0
leveldb,churn,7140,18.965,193126780,0
leveldb,churn,7141,18.168,0,0
leveldb,churn,7142,15.379,0,0
leveldb,churn,7143,14.436,0,0
leveldb,churn,7144,12.683,0,0
leveldb,churn,7145,14.560,0,0
leveldb,churn,7146,15.324,0,0
leveldb,churn,7147,18.110,0,0
leveldb,churn,7148,25.787,0,0
leveldb,churn,7149,12.753,0,0
leveldb,churn,7150,14.262,186155130,0
leveldb,churn,7151,10.823,0,0
leveldb,churn,7152,28.360,0,0
leveldb,churn,7153,15.134,0,0
leveldb,churn,7154,12.298,0,0
leveldb,churn,7155,12.159,0,0
leveldb,churn,7156,12.523,0,0
leveldb,churn,7157,22.514,0,0
leveldb,churn,7158,25.667,0,0
leveldb,churn,7159,12.286,0,0
leveldb,churn,7160,23.181,186243173,0
leveldb,churn,7161,15.065,0,0
leveldb,churn,7162,18.591,0,0
leveldb,churn,7163,15.270,0,0
leveldb,churn,7164,12.424,0,0
leveldb,churn,7165,14.565,0,0
leveldb,churn,7166,14.040,0,0
leveldb,churn,7167,14.759,0,0
leveldb,churn,7168,12.243,0,0
leveldb,churn,7169,13.712,0,0
leveldb,churn,7170,26.025,183102652,0
leveldb,churn,7171,29.830,0,0
leveldb,churn,7172,31.173,0,0
leveldb,churn,7173,15.586,0,0
leveldb,churn,7174,12.720,0,0
leveldb,churn,7175,20.878,0,0
leveldb,churn,7176,26.471,0,0
leveldb,churn,7177,49.482,0,0
leveldb,churn,7178,26.654,0,0
leveldb,churn,7179,22.920,0,0
leveldb,churn,7180,20.113,191340171,0
leveldb,churn,7181,17.530,0,0
leveldb,churn,7182,25.044,0,0
leveldb,churn,7183,31.074,0,0
leveldb,churn,7184,14.627,0,0
leveldb,churn,7185,18.495,0,0
leveldb,churn,7186,30.311,0,0
leveldb,churn,7187,16.046,0,0
leveldb,churn,7188,24.028,0,0
leveldb,churn,7189,23.394,0,0
leveldb,churn,7190,13.837,192329124,0
leveldb,churn,7191,16.529,0,0
leveldb,churn,7192,17.792,0,0
leveldb,churn,7193,18.917,0,0
leveldb,churn,7194,11.181,0,0
leveldb,churn,7195,22.039,0,0
leveldb,churn,7196,14.854,0,0
leveldb,churn,7197,13.058,0,0
leveldb,churn,7198,13.656,0,0
leveldb,churn,7199,23.154,0,0
leveldb,churn,7200,12.287,196842152,0
leveldb,churn,7201,13.121,0,0
leveldb,churn,7202,13.246,0,0
leveldb,churn,7203,16.192,0,0
leveldb,churn,7204,21.068,0,0
leveldb,churn,7205,14.896,0,0
leveldb,churn,7206,14.600,0,0
leveldb,churn,7207,13.617,0,0
leveldb,churn,7208,16.920,0,0
leveldb,churn,7209,11.775,0,0
leveldb,churn,7210,14.502,188678774,0
leveldb,churn,7211,32.869,0,0
leveldb,churn,7212,22.751,0,0
leveldb,churn,7213,18.393,0,0
leveldb,churn,7214,14.281,0,0
leveldb,churn,7215,15.213,0,0
leveldb,churn,7216,16.183,0,0
leveldb,churn,7217,20.019,0,0
leveldb,churn,7218,46.302,0,0
leveldb,churn,7219,19.397,0,0
leveldb,churn,7220,21.345,190475699,0
leveldb,churn,7221,13.841,0,0
leveldb,churn,7222,19.420,0,0
leveldb,churn,7223,12.390,0,0
leveldb,churn,7224,12.077,0,0
leveldb,churn,7225,14.540,0,0
leveldb,churn,7226,13.425,0,0
leveldb,churn,7227,13.155,0,0
leveldb,churn,7228,13.668,0,0
leveldb,churn,7229,14.490,0,0
leveldb,churn,7230,11.062,189271180,0
leveldb,churn,7231,12.038,0,0
leveldb,churn,7232,15.632,0,0
leveldb,churn,7233,14.383,0,0
leveldb,churn,7234,12.434,0,0
leveldb,churn,7235,17.247,0,0
leveldb,churn,7236,12.354,0,0
leveldb,churn,7237,12.078,0,0
leveldb,churn,7238,17.779,0,0
leveldb,churn,7239,15.584,0,0
leveldb,churn,7240,26.596,188451836,0
leveldb,churn,7241,13.172,0,0
leveldb,churn,7242,13.853,0,0
leveldb,churn,7243,14.524,0,0
leveldb,churn,7244,15.759,0,0
leveldb,churn,7245,13.690,0,0
leveldb,churn,7246,11.973,0,0
leveldb,churn,7247,16.655,0,0
leveldb,churn,7248,16.557,0,0
leveldb,churn,7249,22.534,0,0
leveldb,churn,7250,18.917,189997636,0
leveldb,churn,7251,11.662,0,0
leveldb,churn,7252,11.481,0,0
leveldb,churn,7253,13.626,0,0
leveldb,churn,7254,16.239,0,0
leveldb,churn,7255,17.464,0,0
leveldb,churn,7256,13.612,0,0
leveldb,churn,7257,17.409,0,0
leveldb,churn,7258,12.910,0,0
leveldb,churn,7259,21.849,0,0
leveldb,churn,7260,11.343,197511059,0
leveldb,churn,7261,16.186,0,0
leveldb,churn,7262,14.647,0,0
leveldb,churn,7263,13.416,0,0
leveldb,churn,7264,13.805,0,0
leveldb,churn,7265,13.522,0,0
leveldb,churn,7266,35.106,0,0
leveldb,churn,7267,20.815,0,0
leveldb,churn,7268,18.916,0,0
leveldb,churn,7269,12.133,0,0
leveldb,churn,7270,13.774,186892548,0
leveldb,churn,7271,16.732,0,0
leveldb,churn,7272,19.996,0,0
leveldb,churn,7273,14.394,0,0
leveldb,churn,7274,11.482,0,0
leveldb,churn,7275,17.805,0,0
leveldb,churn,7276,13.390,0,0
leveldb,churn,7277,14.169,0,0
leveldb,churn,7278,17.374,0,0
leveldb,churn,7279,15.531,0,0
leveldb,churn,7280,15.615,195885307,0
leveldb,churn,7281,15.081,0,0
leveldb,churn,7282,14.309,0,0
leveldb,churn,7283,12.938,0,0
leveldb,churn,7284,17.753,0,0
leveldb,churn,7285,16.486,0,0
leveldb,churn,7286,20.690,0,0
leveldb,churn,7287,14.148,0,0
leveldb,churn,7288,16.944,0,0
leveldb,churn,7289,13.919,0,0
leveldb,churn,7290,12.623,185287725,0
leveldb,churn,7291,10.709,0,0
leveldb,churn,7292,12.320,0,0
leveldb,churn,7293,16.676,0,0
leveldb,churn,7294,10.783,0,0
leveldb,churn,7295,16.038,0,0
leveldb,churn,7296,14.892,0,0
leveldb,churn,7297,18.250,0,0
leveldb,churn,7298,11.555,0,0
leveldb,churn,7299,10.827,0,0
leveldb,churn,7300,12.533,186112058,0
leveldb,churn,7301,11.422,0,0
leveldb,churn,7302,18.078,0,0
leveldb,churn,7303,14.430,0,0
leveldb,churn,7304,18.276,0,0
leveldb,churn,7305,20.128,0,0
leveldb,churn,7306,18.154,0,0
leveldb,churn,7307,21.268,0,0
leveldb,churn,7308,18.859,0,0
leveldb,churn,7309,14.040,0,0
leveldb,churn,7310,15.464,192285128,0
leveldb,churn,7311,13.330,0,0
leveldb,churn,7312,14.387,0,0
leveldb,churn,7313,12.110,0,0
leveldb,churn,7314,13.841,0,0
leveldb,churn,7315,12.918,0,0
leveldb,churn,7316,30.979,0,0
leveldb,churn,7317,13.593,0,0
leveldb,churn,7318,17.436,0,0
leveldb,churn,7319,17.714,0,0
leveldb,churn,7320,9.758,187170801,0
leveldb,churn,7321,16.934,0,0
leveldb,churn,7322,16.750,0,0
leveldb,churn,7323,18.619,0,0
leveldb,churn,7324,16.885,0,0
leveldb,churn,7325,16.846,0,0
leveldb,churn,7326,13.711,0,0
leveldb,churn,7327,10.885,0,0
leveldb,churn,7328,14.480,0,0
leveldb,churn,7329,18.066,0,0
leveldb,churn,7330,13.397,195045379,0
leveldb,churn,7331,18.008,0,0
leveldb,churn,7332,19.080,0,0
leveldb,churn,7333,17.463,0,0
leveldb,churn,7334,16.229,0,0
leveldb,churn,7335,17.575,0,0
leveldb,churn,7336,13.761,0,0
leveldb,churn,7337,24.439,0,0
leveldb,churn,7338,14.284,0,0
leveldb,churn,7339,14.702,0,0
leveldb,churn,7340,15.432,186401609,0
leveldb,churn,7341,12.328,0,0
leveldb,churn,7342,11.165,0,0
leveldb,churn,7343,15.902,0,0
leveldb,churn,7344,12.359,0,0
leveldb,churn,7345,15.230,0,0
leveldb,churn,7346,14.992,0,0
leveldb,churn,7347,17.064,0,0
leveldb,churn,7348,12.127,0,0
leveldb,churn,7349,15.164,0,0
leveldb,churn,7350,17.595,189550120,0
leveldb,churn,7351,15.030,0,0
leveldb,churn,7352,16.498,0,0
leveldb,churn,7353,11.134,0,0
leveldb,churn,7354,13.802,0,0
leveldb,churn,7355,16.993,0,0
leveldb,churn,7356,14.364,0,0
leveldb,churn,7357,15.789,0,0
leveldb,churn,7358,13.515,0,0
leveldb,churn,7359,15.733,0,0
leveldb,churn,7360,11.954,185899873,0
leveldb,churn,7361,16.650,0,0
leveldb,churn,7362,18.795,0,0
leveldb,churn,7363,15.080,0,0
leveldb,churn,7364,20.454,0,0
leveldb,churn,7365,10.136,0,0
leveldb,churn,7366,14.424,0,0
leveldb,churn,7367,16.387,0,0
leveldb,churn,7368,16.997,0,0
leveldb,churn,7369,17.963,0,0
leveldb,churn,7370,15.248,194211712,0
leveldb,churn,7371,16.665,0,0
leveldb,churn,7372,9.682,0,0
leveldb,churn,7373,12.621,0,0
leveldb,churn,7374,10.553,0,0
leveldb,churn,7375,12.607,0,0
leveldb,churn,7376,13.736,0,0
leveldb,churn,7377,16.371,0,0
leveldb,churn,7378,15.400,0,0
leveldb,churn,7379,15.431,0,0
leveldb,churn,7380,16.212,200406127,0
leveldb,churn,7381,17.558,0,0
leveldb,churn,7382,13.111,0,0
leveldb,churn,7383,15.168,0,0
leveldb,churn,7384,12.981,0,0
leveldb,churn,7385,15.334,0,0
leveldb,churn,7386,19.565,0,0
leveldb,churn,7387,17.076,0,0
leveldb,churn,7388,12.287,0,0
leveldb,churn,7389,16.575,0,0
leveldb,churn,7390,15.996,189804673,0
leveldb,churn,7391,16.631,0,0
leveldb,churn,7392,13.131,0,0
leveldb,churn,7393,16.388,0,0
leveldb,churn,7394,11.731,0,0
leveldb,churn,7395,17.572,0,0
leveldb,churn,7396,16.119,0,0
leveldb,churn,7397,13.417,0,0
leveldb,churn,7398,11.471,0,0
leveldb,churn,7399,17.624,0,0
leveldb,churn,7400,19.043,198018692,0
leveldb,churn,7401,16.149,0,0
leveldb,churn,7402,19.810,0,0
leveldb,churn,7403,21.187,0,0
leveldb,churn,7404,11.182,0,0
leveldb,churn,7405,16.436,0,0
leveldb,churn,7406,15.681,0,0
leveldb,churn,7407,12.805,0,0
leveldb,churn,7408,16.285,0,0
leveldb,churn,7409,11.235,0,0
leveldb,churn,7410,12.227,192502614,0
leveldb,churn,7411,13.721,0,0
leveldb,churn,7412,16.259,0,0
leveldb,churn,7413,13.087,0,0
leveldb,churn,7414,11.535,0,0
leveldb,churn,7415,14.824,0,0
leveldb,churn,7416,17.118,0,0
leveldb,churn,7417,21.851,0,0
leveldb,churn,7418,16.587,0,0
leveldb,churn,7419,15.647,0,0
leveldb,churn,7420,15.493,199723414,0
leveldb,churn,7421,18.605,0,0
leveldb,churn,7422,14.902,0,0
leveldb,churn,7423,15.847,0,0
leveldb,churn,7424,9.873,0,0
leveldb,churn,7425,14.555,0,0
leveldb,churn,7426,17.534,0,0
leveldb,churn,7427,12.676,0,0
leveldb,churn,7428,16.837,0,0
leveldb,churn,7429,16.766,0,0
leveldb,churn,7430,14.824,185177154,0
leveldb,churn,7431,16.591,0,0
leveldb,churn,7432,16.040,0,0
leveldb,churn,7433,14.947,0,0
leveldb,churn,7434,12.837,0,0
leveldb,churn,7435,15.034,0,0
leveldb,churn,7436,14.008,0,0
leveldb,churn,7437,15.358,0,0
leveldb,churn,7438,17.826,0,0
leveldb,churn,7439,18.400,0,0
leveldb,churn,7440,13.442,195819133,0
leveldb,churn,7441,16.370,0,0
leveldb,churn,7442,13.510,0,0
leveldb,churn,7443,13.277,0,0
leveldb,churn,7444,19.986,0,0
leveldb,churn,7445,15.958,0,0
leveldb,churn,7446,15.051,0,0
leveldb,churn,7447,14.374,0,0
leveldb,churn,7448,13.090,0,0
leveldb,churn,7449,14.061,0,0
leveldb,churn,7450,13.117,198212931,0
leveldb,churn,7451,22.058,0,0
leveldb,churn,7452,17.329,0,0
leveldb,churn,7453,18.583,0,0
leveldb,churn,7454,12.497,0,0
leveldb,churn,7455,12.100,0,0
leveldb,churn,7456,12.098,0,0
leveldb,churn,7457,14.108,0,0
leveldb,churn,7458,13.128,0,0
leveldb,churn,7459,20.230,0,0
leveldb,churn,7460,9.940,195840144,0
leveldb,churn,7461,13.319,0,0
leveldb,churn,7462,16.663,0,0
leveldb,churn,7463,16.201,0,0
leveldb,churn,7464,17.596,0,0
leveldb,churn,7465,16.015,0,0
leveldb,churn,7466,18.682,0,0
leveldb,churn,7467,17.812,0,0
leveldb,churn,7468,14.282,0,0
leveldb,churn,7469,11.045,0,0
leveldb,churn,7470,13.019,196471788,0
leveldb,churn,7471,18.135,0,0
leveldb,churn,7472,12.552,0,0
leveldb,churn,7473,15.785,0,0
leveldb,churn,7474,15.120,0,0
leveldb,churn,7475,14.437,0,0
leveldb,churn,7476,17.981,0,0
leveldb,churn,7477,13.320,0,0
leveldb,churn,7478,19.043,0,0
leveldb,churn,7479,16.055,0,0
leveldb,churn,7480,10.754,190439024,0
leveldb,churn,7481,15.138,0,0
leveldb,churn,7482,15.547,0,0
leveldb,churn,7483,16.292,0,0
leveldb,churn,7484,16.522,0,0
leveldb,churn,7485,16.491,0,0
leveldb,churn,7486,16.078,0,0
leveldb,churn,7487,37.029,0,0
leveldb,churn,7488,29.025,0,0
leveldb,churn,7489,27.129,0,0
leveldb,churn,7490,24.648,191356362,0
leveldb,churn,7491,25.582,0,0
leveldb,churn,7492,13.720,0,0
leveldb,churn,7493,18.452,0,0
leveldb,churn,7494,19.017,0,0
leveldb,churn,7495,34.326,0,0
leveldb,churn,7496,18.805,0,0
leveldb,churn,7497,18.611,0,0
leveldb,churn,7498,40.212,0,0
leveldb,churn,7499,24.167,0,0
leveldb,churn,7500,17.703,189716792,0
leveldb,churn,7501,23.790,0,0
leveldb,churn,7502,27.227,0,0
leveldb,churn,7503,34.292,0,0
leveldb,churn,7504,28.811,0,0
leveldb,churn,7505,28.661,0,0
leveldb,churn,7506,41.538,0,0
leveldb,churn,7507,30.734,0,0
leveldb,churn,7508,28.405,0,0
leveldb,churn,7509,18.224,0,0
leveldb,churn,7510,24.533,195426676,0
leveldb,churn,7511,16.795,0,0
leveldb,churn,7512,13.346,0,0
leveldb,churn,7513,24.257,0,0
leveldb,churn,7514,14.386,0,0
leveldb,churn,7515,14.046,0,0
leveldb,churn,7516,15.105,0,0
leveldb,churn,7517,17.669,0,0
leveldb,churn,7518,18.228,0,0
leveldb,churn,7519,16.371,0,0
leveldb,churn,7520,17.542,202123772,0
leveldb,churn,7521,12.511,0,0
leveldb,churn,7522,13.096,0,0
leveldb,churn,7523,14.503,0,0
leveldb,churn,7524,18.652,0,0
leveldb,churn,7525,16.579,0,0
leveldb,churn,7526,15.484,0,0
leveldb,churn,7527,18.995,0,0
leveldb,churn,7528,13.915,0,0
leveldb,churn,7529,12.475,0,0
leveldb,churn,7530,31.748,194866113,0
leveldb,churn,7531,13.672,0,0
leveldb,churn,7532,15.197,0,0
leveldb,churn,7533,23.780,0,0
leveldb,churn,7534,20.371,0,0
leveldb,churn,7535,18.225,0,0
leveldb,churn,7536,15.926,0,0
leveldb,churn,7537,16.074,0,0
leveldb,churn,7538,12.965,0,0
leveldb,churn,7539,19.684,0,0
leveldb,churn,7540,14.220,196866312,0
leveldb,churn,7541,39.587,0,0
leveldb,churn,7542,17.944,0,0
leveldb,churn,7543,13.696,0,0
leveldb,churn,7544,13.141,0,0
leveldb,churn,7545,17.150,0,0
leveldb,churn,7546,16.449,0,0
leveldb,churn,7547,15.615,0,0
leveldb,churn,7548,14.458,0,0
leveldb,churn,7549,10.513,0,0
leveldb,churn,7550,9.597,200339089,0
leveldb,churn,7551,12.082,0,0
leveldb,churn,7552,12.153,0,0
leveldb,churn,7553,11.054,0,0
leveldb,churn,7554,14.488,0,0
leveldb,churn,7555,12.516,0,0
leveldb,churn,7556,11.337,0,0
leveldb,churn,7557,12.228,0,0
leveldb,churn,7558,12.333,0,0
leveldb,churn,7559,19.448,0,0
leveldb,churn,7560,16.577,195661921,0
leveldb,churn,7561,19.240,0,0
leveldb,churn,7562,13.806,0,0
leveldb,churn,7563,13.871,0,0
leveldb,churn,7564,15.345,0,0
leveldb,churn,7565,14.486,0,0
leveldb,churn,7566,13.814,0,0
leveldb,churn,7567,14.308,0,0
leveldb,churn,7568,16.411,0,0
leveldb,churn,7569,12.402,0,0
leveldb,churn,7570,19.448,202106703,0
leveldb,churn,7571,14.572,0,0
leveldb,churn,7572,17.979,0,0
leveldb,churn,7573,18.599,0,0
leveldb,churn,7574,17.658,0,0
leveldb,churn,7575,16.757,0,0
leveldb,churn,7576,12.104,0,0
leveldb,churn,7577,16.998,0,0
leveldb,churn,7578,13.325,0,0
leveldb,churn,7579,15.357,0,0
leveldb,churn,7580,18.147,195583564,0
leveldb,churn,7581,11.805,0,0
leveldb,churn,7582,11.927,0,0
leveldb,churn,7583,13.881,0,0
leveldb,churn,7584,10.904,0,0
leveldb,churn,7585,12.065,0,0
leveldb,churn,7586,13.478,0,0
leveldb,churn,7587,12.871,0,0
leveldb,churn,7588,13.229,0,0
leveldb,churn,7589,16.729,0,0
leveldb,churn,7590,15.301,202678502,0
leveldb,churn,7591,16.162,0,0
leveldb,churn,7592,15.385,0,0
leveldb,churn,7593,15.258,0,0
leveldb,churn,7594,12.873,0,0
leveldb,churn,7595,16.635,0,0
leveldb,churn,7596,12.294,0,0
leveldb,churn,7597,18.128,0,0
leveldb,churn,7598,18.464,0,0
leveldb,churn,7599,15.867,0,0
leveldb,churn,7600,18.388,198459190,0
leveldb,churn,7601,18.233,0,0
leveldb,churn,7602,12.210,0,0
leveldb,churn,7603,10.751,0,0
leveldb,churn,7604,11.472,0,0
leveldb,churn,7605,13.869,0,0
leveldb,churn,7606,20.858,0,0
leveldb,churn,7607,17.086,0,0
leveldb,churn,7608,15.418,0,0
leveldb,churn,7609,16.444,0,0
leveldb,churn,7610,15.920,206224002,0
leveldb,churn,7611,15.184,0,0
leveldb,churn,7612,21.182,0,0
leveldb,churn,7613,19.284,0,0
leveldb,churn,7614,21.807,0,0
leveldb,churn,7615,17.529,0,0
leveldb,churn,7616,12.357,0,0
leveldb,churn,7617,12.531,0,0
leveldb,churn,7618,17.645,0,0
leveldb,churn,7619,10.747,0,0
leveldb,churn,7620,15.156,191369591,0
leveldb,churn,7621,19.587,0,0
leveldb,churn,7622,13.138,0,0
leveldb,churn,7623,18.312,0,0
leveldb,churn,7624,13.758,0,0
leveldb,churn,7625,14.352,0,0
leveldb,churn,7626,16.317,0,0
leveldb,churn,7627,15.071,0,0
leveldb,churn,7628,12.861,0,0
leveldb,churn,7629,11.521,0,0
leveldb,churn,7630,16.752,198750487,0
leveldb,churn,7631,17.218,0,0
leveldb,churn,7632,10.144,0,0
leveldb,churn,7633,20.055,0,0
leveldb,churn,7634,11.814,0,0
leveldb,churn,7635,11.597,0,0
leveldb,churn,7636,14.328,0,0
leveldb,churn,7637,13.924,0,0
leveldb,churn,7638,13.283,0,0
leveldb,churn,7639,13.862,0,0
leveldb,churn,7640,16.596,204430651,0
leveldb,churn,7641,16.633,0,0
leveldb,churn,7642,17.033,0,0
leveldb,churn,7643,17.128,0,0
leveldb,churn,7644,20.158,0,0
leveldb,churn,7645,17.630,0,0
leveldb,churn,7646,16.301,0,0
leveldb,churn,7647,14.906,0,0
leveldb,churn,7648,13.360,0,0
leveldb,churn,7649,14.097,0,0
leveldb,churn,7650,17.475,201137006,0
leveldb,churn,7651,13.083,0,0
leveldb,churn,7652,14.042,0,0
leveldb,churn,7653,14.097,0,0
leveldb,churn,7654,14.810,0,0
leveldb,churn,7655,11.728,0,0
leveldb,churn,7656,10.580,0,0
leveldb,churn,7657,12.984,0,0
leveldb,churn,7658,15.285,0,0
leveldb,churn,7659,12.726,0,0
leveldb,churn,7660,15.021,196841576,0
leveldb,churn,7661,17.012,0,0
leveldb,churn,7662,11.265,0,0
leveldb,churn,7663,12.289,0,0
leveldb,churn,7664,12.685,0,0
leveldb,churn,7665,10.522,0,0
leveldb,churn,7666,17.027,0,0
leveldb,churn,7667,14.957,0,0
leveldb,churn,7668,18.178,0,0
leveldb,churn,7669,17.374,0,0
leveldb,churn,7670,14.405,201916569,0
leveldb,churn,7671,16.240,0,0
leveldb,churn,7672,22.998,0,0
leveldb,churn,7673,14.181,0,0
leveldb,churn,7674,20.517,0,0
leveldb,churn,7675,15.686,0,0
leveldb,churn,7676,19.999,0,0
leveldb,churn,7677,19.724,0,0
leveldb,churn,7678,16.578,0,0
leveldb,churn,7679,14.134,0,0
leveldb,churn,7680,13.279,195102409,0
leveldb,churn,7681,16.401,0,0
leveldb,churn,7682,15.499,0,0
leveldb,churn,7683,20.245,0,0
leveldb,churn,7684,19.467,0,0
leveldb,churn,7685,15.199,0,0
leveldb,churn,7686,18.250,0,0
leveldb,churn,7687,16.711,0,0
leveldb,churn,7688,17.423,0,0
leveldb,churn,7689,12.046,0,0
leveldb,churn,7690,15.067,200952422,0
leveldb,churn,7691,21.263,0,0
leveldb,churn,7692,17.839,0,0
leveldb,churn,7693,13.624,0,0
leveldb,churn,7694,12.321,0,0
leveldb,churn,7695,17.862,0,0
leveldb,churn,7696,16.900,0,0
leveldb,churn,7697,19.642,0,0
leveldb,churn,7698,13.949,0,0
leveldb,churn,7699,17.024,0,0
leveldb,churn,7700,20.453,197093490,0
leveldb,churn,7701,16.261,0,0
leveldb,churn,7702,19.549,0,0
leveldb,churn,7703,18.003,0,0
leveldb,churn,7704,12.872,0,0
leveldb,churn,7705,17.491,0,0
leveldb,churn,7706,14.602,0,0
leveldb,churn,7707,12.251,0,0
leveldb,churn,7708,12.558,0,0
leveldb,churn,7709,12.106,0,0
leveldb,churn,7710,11.602,198415589,0
leveldb,churn,7711,15.195,0,0
leveldb,churn,7712,16.290,0,0
leveldb,churn,7713,19.268,0,0
leveldb,churn,7714,14.898,0,0
leveldb,churn,7715,18.046,0,0
leveldb,churn,7716,15.602,0,0
leveldb,churn,7717,18.259,0,0
leveldb,churn,7718,13.512,0,0
leveldb,churn,7719,16.669,0,0
leveldb,churn,7720,13.342,194404589,0
leveldb,churn,7721,18.551,0,0
leveldb,churn,7722,13.996,0,0
leveldb,churn,7723,17.091,0,0
leveldb,churn,7724,13.813,0,0
leveldb,churn,7725,15.769,0,0
leveldb,churn,7726,17.217,0,0
leveldb,churn,7727,22.236,0,0
leveldb,churn,7728,18.221,0,0
leveldb,churn,7729,14.403,0,0
leveldb,churn,7730,19.214,200590618,0
leveldb,churn,7731,21.239,0,0
leveldb,churn,7732,12.180,0,0
leveldb,churn,7733,10.706,0,0
leveldb,churn,7734,23.463,0,0
leveldb,churn,7735,11.735,0,0
leveldb,churn,7736,16.884,0,0
leveldb,churn,7737,16.978,0,0
leveldb,churn,7738,18.626,0,0
leveldb,churn,7739,12.145,0,0
leveldb,churn,7740,19.067,204049507,0
leveldb,churn,7741,27.687,0,0
leveldb,churn,7742,11.541,0,0
leveldb,churn,7743,14.896,0,0
leveldb,churn,7744,18.261,0,0
leveldb,churn,7745,18.119,0,0
leveldb,churn,7746,21.762,0,0
leveldb,churn,7747,15.297,0,0
leveldb,churn,7748,12.994,0,0
leveldb,churn,7749,23.536,0,0
leveldb,churn,7750,13.036,197487657,0
leveldb,churn,7751,17.099,0,0
leveldb,churn,7752,22.588,0,0
leveldb,churn,7753,16.950,0,0
leveldb,churn,7754,17.716,0,0
leveldb,churn,7755,14.250,0,0
leveldb,churn,7756,19.998,0,0
leveldb,churn,7757,15.466,0,0
leveldb,churn,7758,11.610,0,0
leveldb,churn,7759,69.246,0,0
leveldb,churn,7760,18.496,204248976,0
leveldb,churn,7761,12.121,0,0
leveldb,churn,7762,24.669,0,0
leveldb,churn,7763,12.696,0,0
leveldb,churn,7764,20.161,0,0
leveldb,churn,7765,13.657,0,0
leveldb,churn,7766,15.359,0,0
leveldb,churn,7767,20.662,0,0
leveldb,churn,7768,24.186,0,0
leveldb,churn,7769,13.452,0,0
leveldb,churn,7770,18.075,205850231,0
leveldb,churn,7771,14.320,0,0
leveldb,churn,7772,14.618,0,0
leveldb,churn,7773,23.552,0,0
leveldb,churn,7774,15.901,0,0
leveldb,churn,7775,17.849,0,0
leveldb,churn,7776,15.699,0,0
leveldb,churn,7777,17.116,0,0
leveldb,churn,7778,12.152,0,0
leveldb,churn,7779,16.436,0,0
leveldb,churn,7780,10.159,202170973,0
leveldb,churn,7781,16.308,0,0
leveldb,churn,7782,12.886,0,0
leveldb,churn,7783,18.551,0,0
leveldb,churn,7784,12.118,0,0
leveldb,churn,7785,13.786,0,0
leveldb,churn,7786,17.794,0,0
leveldb,churn,7787,18.372,0,0
leveldb,churn,7788,15.362,0,0
leveldb,churn,7789,16.092,0,0
leveldb,churn,7790,18.202,197557127,0
leveldb,churn,7791,17.463,0,0
leveldb,churn,7792,16.140,0,0
leveldb,churn,7793,13.126,0,0
leveldb,churn,7794,13.516,0,0
leveldb,churn,7795,12.030,0,0
leveldb,churn,7796,16.185,0,0
leveldb,churn,7797,10.206,0,0
leveldb,churn,7798,18.969,0,0
leveldb,churn,7799,11.413,0,0
leveldb,churn,7800,16.941,202162591,0
leveldb,churn,7801,11.722,0,0
leveldb,churn,7802,11.003,0,0
leveldb,churn,7803,16.224,0,0
leveldb,churn,7804,12.456,0,0
leveldb,churn,7805,10.922,0,0
leveldb,churn,7806,12.080,0,0
leveldb,churn,7807,15.126,0,0
leveldb,churn,7808,11.206,0,0
leveldb,churn,7809,11.189,0,0
leveldb,churn,7810,12.624,207267922,0
leveldb,churn,7811,13.974,0,0
leveldb,churn,7812,19.180,0,0
leveldb,churn,7813,12.190,0,0
leveldb,churn,7814,17.193,0,0
leveldb,churn,7815,15.549,0,0
leveldb,churn,7816,17.168,0,0
leveldb,churn,7817,16.223,0,0
leveldb,churn,7818,21.636,0,0
leveldb,churn,7819,19.511,0,0
leveldb,churn,7820,17.069,196219886,0
leveldb,churn,7821,18.431,0,0
leveldb,churn,7822,16.517,0,0
leveldb,churn,7823,16.100,0,0
leveldb,churn,7824,16.424,0,0
leveldb,churn,7825,15.860,0,0
leveldb,churn,7826,20.355,0,0
leveldb,churn,7827,15.881,0,0
leveldb,churn,7828,19.308,0,0
leveldb,churn,7829,13.216,0,0
leveldb,churn,7830,15.988,201245529,0
leveldb,churn,7831,11.817,0,0
leveldb,churn,7832,17.658,0,0
leveldb,churn,7833,15.410,0,0
leveldb,churn,7834,21.627,0,0
leveldb,churn,7835,16.564,0,0
leveldb,churn,7836,18.392,0,0
leveldb,churn,7837,16.555,0,0
leveldb,churn,7838,12.239,0,0
leveldb,churn,7839,20.498,0,0
leveldb,churn,7840,19.243,197138700,0
leveldb,churn,7841,14.298,0,0
leveldb,churn,7842,16.819,0,0
leveldb,churn,7843,19.072,0,0
leveldb,churn,7844,11.482,0,0
leveldb,churn,7845,17.811,0,0
leveldb,churn,7846,12.748,0,0
leveldb,churn,7847,13.146,0,0
leveldb,churn,7848,12.381,0,0
leveldb,churn,7849,11.167,0,0
leveldb,churn,7850,18.036,203499865,0
leveldb,churn,7851,14.542,0,0
leveldb,churn,7852,21.346,0,0
leveldb,churn,7853,22.766,0,0
leveldb,churn,7854,22.055,0,0
leveldb,churn,7855,20.355,0,0
leveldb,churn,7856,15.255,0,0
leveldb,churn,7857,24.895,0,0
leveldb,churn,7858,15.661,0,0
leveldb,churn,7859,25.755,0,0
leveldb,churn,7860,14.731,210297718,0
leveldb,churn,7861,16.119,0,0
leveldb,churn,7862,15.131,0,0
leveldb,churn,7863,27.943,0,0
leveldb,churn,7864,18.249,0,0
leveldb,churn,7865,16.179,0,0
leveldb,churn,7866,15.879,0,0
leveldb,churn,7867,16.462,0,0
leveldb,churn,7868,17.622,0,0
leveldb,churn,7869,13.746,0,0
leveldb,churn,7870,14.968,202188357,0
leveldb,churn,7871,12.879,0,0
leveldb,churn,7872,20.877,0,0
leveldb,churn,7873,22.456,0,0
leveldb,churn,7874,14.461,0,0
leveldb,churn,7875,14.481,0,0
leveldb,churn,7876,17.879,0,0
leveldb,churn,7877,15.475,0,0
leveldb,churn,7878,13.503,0,0
leveldb,churn,7879,17.603,0,0
leveldb,churn,7880,17.512,198958658,0
leveldb,churn,7881,13.902,0,0
leveldb,churn,7882,22.773,0,0
leveldb,churn,7883,16.646,0,0
leveldb,churn,7884,18.460,0,0
leveldb,churn,7885,18.300,0,0
leveldb,churn,7886,15.441,0,0
leveldb,churn,7887,19.360,0,0
leveldb,churn,7888,18.867,0,0
leveldb,churn,7889,17.927,0,0
leveldb,churn,7890,11.289,204636300,0
leveldb,churn,7891,16.753,0,0
leveldb,churn,7892,16.101,0,0
leveldb,churn,7893,15.195,0,0
leveldb,churn,7894,17.271,0,0
leveldb,churn,7895,11.850,0,0
leveldb,churn,7896,12.301,0,0
leveldb,churn,7897,15.372,0,0
leveldb,churn,7898,16.817,0,0
leveldb,churn,7899,20.250,0,0
leveldb,churn,7900,18.279,197124269,0
leveldb,churn,7901,17.036,0,0
leveldb,churn,7902,11.544,0,0
leveldb,churn,7903,15.519,0,0
leveldb,churn,7904,11.143,0,0
leveldb,churn,7905,18.047,0,0
leveldb,churn,7906,19.836,0,0
leveldb,churn,7907,13.933,0,0
leveldb,churn,7908,16.676,0,0
leveldb,churn,7909,17.185,0,0
leveldb,churn,7910,18.610,204270677,0
leveldb,churn,7911,12.959,0,0
leveldb,churn,7912,14.934,0,0
leveldb,churn,7913,18.621,0,0
leveldb,churn,7914,13.916,0,0
leveldb,churn,7915,16.271,0,0
leveldb,churn,7916,17.447,0,0
leveldb,churn,7917,15.420,0,0
leveldb,churn,7918,16.797,0,0
leveldb,churn,7919,14.854,0,0
leveldb,churn,7920,17.967,207605627,0
leveldb,churn,7921,10.443,0,0
leveldb,churn,7922,18.524,0,0
leveldb,churn,7923,14.120,0,0
leveldb,churn,7924,15.290,0,0
leveldb,churn,7925,17.475,0,0
leveldb,churn,7926,14.982,0,0
leveldb,churn,7927,12.564,0,0
leveldb,churn,7928,15.294,0,0
leveldb,churn,7929,14.354,0,0
leveldb,churn,7930,16.114,208082277,0
leveldb,churn,7931,18.435,0,0
leveldb,churn,7932,18.523,0,0
leveldb,churn,7933,16.884,0,0
leveldb,churn,7934,14.595,0,0
leveldb,churn,7935,18.263,0,0
leveldb,churn,7936,11.416,0,0
leveldb,churn,7937,17.069,0,0
leveldb,churn,7938,15.901,0,0
leveldb,churn,7939,13.863,0,0
leveldb,churn,7940,17.546,201336022,0
leveldb,churn,7941,14.966,0,0
leveldb,churn,7942,16.025,0,0
leveldb,churn,7943,12.080,0,0
leveldb,churn,7944,13.760,0,0
leveldb,churn,7945,17.366,0,0
leveldb,churn,7946,15.500,0,0
leveldb,churn,7947,17.422,0,0
leveldb,churn,7948,16.159,0,0
leveldb,churn,7949,14.444,0,0
leveldb,churn,7950,15.752,207298519,0
leveldb,churn,7951,12.544,0,0
leveldb,churn,7952,13.346,0,0
leveldb,churn,7953,13.539,0,0
leveldb,churn,7954,14.760,0,0
leveldb,churn,7955,17.853,0,0
leveldb,churn,7956,14.155,0,0
leveldb,churn,7957,30.772,0,0
leveldb,churn,7958,22.733,0,0
leveldb,churn,7959,16.806,0,0
leveldb,churn,7960,23.603,217485733,0
leveldb,churn,7961,21.414,0,0
leveldb,churn,7962,18.498,0,0
leveldb,churn,7963,17.619,0,0
leveldb,churn,7964,13.840,0,0
leveldb,churn,7965,15.285,0,0
leveldb,churn,7966,18.833,0,0
leveldb,churn,7967,21.825,0,0
leveldb,churn,7968,16.445,0,0
leveldb,churn,7969,16.112,0,0
leveldb,churn,7970,17.114,202694259,0
leveldb,churn,7971,15.921,0,0
leveldb,churn,7972,14.359,0,0
leveldb,churn,7973,18.711,0,0
leveldb,churn,7974,13.575,0,0
leveldb,churn,7975,16.331,0,0
leveldb,churn,7976,15.629,0,0
leveldb,churn,7977,18.106,0,0
leveldb,churn,7978,15.405,0,0
leveldb,churn,7979,12.669,0,0
leveldb,churn,7980,14.713,209267444,0
leveldb,churn,7981,13.518,0,0
leveldb,churn,7982,18.449,0,0
leveldb,churn,7983,16.121,0,0
leveldb,churn,7984,14.007,0,0
leveldb,churn,7985,17.095,0,0
leveldb,churn,7986,19.102,0,0
leveldb,churn,7987,21.787,0,0
leveldb,churn,7988,14.794,0,0
leveldb,churn,7989,16.896,0,0
leveldb,churn,7990,17.848,212424736,0
leveldb,churn,7991,16.304,0,0
leveldb,churn,7992,13.131,0,0
leveldb,churn,7993,21.542,0,0
leveldb,churn,7994,20.357,0,0
leveldb,churn,7995,16.849,0,0
leveldb,churn,7996,18.708,0,0
leveldb,churn,7997,17.790,0,0
leveldb,churn,7998,16.092,0,0
leveldb,churn,7999,17.414,0,0
leveldb,churn,8000,19.608,203294812,0
leveldb,churn,8001,14.078,0,0
leveldb,churn,8002,16.310,0,0
leveldb,churn,8003,12.374,0,0
leveldb,churn,8004,15.880,0,0
leveldb,churn,8005,11.564,0,0
leveldb,churn,8006,14.540,0,0
leveldb,churn,8007,12.512,0,0
leveldb,churn,8008,16.654,0,0
leveldb,churn,8009,16.387,0,0
leveldb,churn,8010,15.328,213340020,0
leveldb,churn,8011,17.104,0,0
leveldb,churn,8012,14.653,0,0
leveldb,churn,8013,16.613,0,0
leveldb,churn,8014,21.221,0,0
leveldb,churn,8015,18.878,0,0
leveldb,churn,8016,13.731,0,0
leveldb,churn,8017,15.582,0,0
leveldb,churn,8018,20.631,0,0
leveldb,churn,8019,14.351,0,0
leveldb,churn,8020,21.583,206266041,0
leveldb,churn,8021,12.367,0,0
leveldb,churn,8022,17.869,0,0
leveldb,churn,8023,14.032,0,0
leveldb,churn,8024,16.521,0,0
leveldb,churn,8025,17.213,0,0
leveldb,churn,8026,20.354,0,0
leveldb,churn,8027,11.994,0,0
leveldb,churn,8028,18.454,0,0
leveldb,churn,8029,20.184,0,0
leveldb,churn,8030,15.578,202662354,0
leveldb,churn,8031,18.463,0,0
leveldb,churn,8032,14.719,0,0
leveldb,churn,8033,20.292,0,0
leveldb,churn,8034,19.457,0,0
leveldb,churn,8035,19.714,0,0
leveldb,churn,8036,14.761,0,0
leveldb,churn,8037,14.687,0,0
leveldb,churn,8038,17.796,0,0
leveldb,churn,8039,17.584,0,0
leveldb,churn,8040,21.849,209674026,0
leveldb,churn,8041,13.960,0,0
leveldb,churn,8042,13.444,0,0
leveldb,churn,8043,12.892,0,0
leveldb,churn,8044,16.906,0,0
leveldb,churn,8045,18.359,0,0
leveldb,churn,8046,12.823,0,0
leveldb,churn,8047,17.356,0,0
leveldb,churn,8048,14.494,0,0
leveldb,churn,8049,13.003,0,0
leveldb,churn,8050,19.009,217434276,0
leveldb,churn,8051,15.379,0,0
leveldb,churn,8052,17.245,0,0
leveldb,churn,8053,15.290,0,0
leveldb,churn,8054,18.633,0,0
leveldb,churn,8055,15.752,0,0
leveldb,churn,8056,16.721,0,0
leveldb,churn,8057,17.176,0,0
leveldb,churn,8058,18.181,0,0
leveldb,churn,8059,16.889,0,0
leveldb,churn,8060,15.062,207809400,0
leveldb,churn,8061,15.602,0,0
leveldb,churn,8062,16.764,0,0
leveldb,churn,8063,16.378,0,0
leveldb,churn,8064,18.859,0,0
leveldb,churn,8065,17.063,0,0
leveldb,churn,8066,13.818,0,0
leveldb,churn,8067,14.625,0,0
leveldb,churn,8068,10.845,0,0
leveldb,churn,8069,12.472,0,0
leveldb,churn,8070,14.978,206221359,0
leveldb,churn,8071,16.486,0,0
leveldb,churn,8072,14.304,0,0
leveldb,churn,8073,15.442,0,0
leveldb,churn,8074,16.404,0,0
leveldb,churn,8075,18.166,0,0
leveldb,churn,8076,17.236,0,0
leveldb,churn,8077,22.814,0,0
leveldb,churn,8078,22.798,0,0
leveldb,churn,8079,16.978,0,0
leveldb,churn,8080,15.682,216860844,0
leveldb,churn,8081,13.449,0,0
leveldb,churn,8082,15.688,0,0
leveldb,churn,8083,15.644,0,0
leveldb,churn,8084,17.396,0,0
leveldb,churn,8085,13.337,0,0
leveldb,churn,8086,12.679,0,0
leveldb,churn,8087,12.539,0,0
leveldb,churn,8088,15.483,0,0
leveldb,churn,8089,14.062,0,0
leveldb,churn,8090,14.514,207618074,0
leveldb,churn,8091,14.084,0,0
leveldb,churn,8092,18.098,0,0
leveldb,churn,8093,21.334,0,0
leveldb,churn,8094,15.221,0,0
leveldb,churn,8095,18.878,0,0
leveldb,churn,8096,24.980,0,0
leveldb,churn,8097,14.592,0,0
leveldb,churn,8098,18.688,0,0
leveldb,churn,8099,15.265,0,0
leveldb,churn,8100,13.487,208321605,0
leveldb,churn,8101,19.519,0,0
leveldb,churn,8102,14.545,0,0
leveldb,churn,8103,17.381,0,0
leveldb,churn,8104,11.876,0,0
leveldb,churn,8105,16.930,0,0
leveldb,churn,8106,15.272,0,0
leveldb,churn,8107,11.455,0,0
leveldb,churn,8108,21.104,0,0
leveldb,churn,8109,17.597,0,0
leveldb,churn,8110,12.363,207835444,0
leveldb,churn,8111,13.940,0,0
leveldb,churn,8112,25.602,0,0
leveldb,churn,8113,45.521,0,0
leveldb,churn,8114,38.720,0,0
leveldb,churn,8115,31.007,0,0
leveldb,churn,8116,13.549,0,0
leveldb,churn,8117,11.970,0,0
leveldb,churn,8118,13.079,0,0
leveldb,churn,8119,12.136,0,0
leveldb,churn,8120,25.584,202946756,0
leveldb,churn,8121,11.526,0,0
leveldb,churn,8122,13.173,0,0
leveldb,churn,8123,17.503,0,0
leveldb,churn,8124,15.551,0,0
leveldb,churn,8125,16.227,0,0
leveldb,churn,8126,17.225,0,0
leveldb,churn,8127,18.748,0,0
leveldb,churn,8128,12.547,0,0
leveldb,churn,8129,16.262,0,0
leveldb,churn,8130,12.987,212580685,0
leveldb,churn,8131,13.782,0,0
leveldb,churn,8132,22.101,0,0
leveldb,churn,8133,16.579,0,0
leveldb,churn,8134,31.288,0,0
leveldb,churn,8135,16.531,0,0
leveldb,churn,8136,15.895,0,0
leveldb,churn,8137,12.384,0,0
leveldb,churn,8138,14.041,0,0
leveldb,churn,8139,17.625,0,0
leveldb,churn,8140,14.757,204078842,0
leveldb,churn,8141,12.620,0,0
leveldb,churn,8142,13.179,0,0
leveldb,churn,8143,14.339,0,0
leveldb,churn,8144,23.381,0,0
leveldb,churn,8145,24.644,0,0
leveldb,churn,8146,14.371,0,0
leveldb,churn,8147,22.004,0,0
leveldb,churn,8148,14.250,0,0
leveldb,churn,8149,26.367,0,0
leveldb,churn,8150,18.404,207890832,0
leveldb,churn,8151,17.098,0,0
leveldb,churn,8152,16.745,0,0
leveldb,churn,8153,12.162,0,0
leveldb,churn,8154,11.134,0,0
leveldb,churn,8155,16.181,0,0
leveldb,churn,8156,13.580,0,0
leveldb,churn,8157,13.516,0,0
leveldb,churn,8158,17.531,0,0
leveldb,churn,8159,12.287,0,0
leveldb,churn,8160,16.806,204875614,0
leveldb,churn,8161,17.691,0,0
leveldb,churn,8162,19.192,0,0
leveldb,churn,8163,17.997,0,0
leveldb,churn,8164,13.761,0,0
leveldb,churn,8165,10.605,0,0
leveldb,churn,8166,10.366,0,0
leveldb,churn,8167,13.224,0,0
leveldb,churn,8168,10.716,0,0
leveldb,churn,8169,13.580,0,0
leveldb,churn,8170,13.567,210077256,0
leveldb,churn,8171,21.710,0,0
leveldb,churn,8172,22.956,0,0
leveldb,churn,8173,16.740,0,0
leveldb,churn,8174,15.922,0,0
leveldb,churn,8175,16.850,0,0
leveldb,churn,8176,15.423,0,0
leveldb,churn,8177,27.349,0,0
leveldb,churn,8178,17.395,0,0
leveldb,churn,8179,17.640,0,0
leveldb,churn,8180,11.841,205465534,0
leveldb,churn,8181,16.625,0,0
leveldb,churn,8182,17.999,0,0
leveldb,churn,8183,14.431,0,0
leveldb,churn,8184,12.585,0,0
leveldb,churn,8185,17.538,0,0
leveldb,churn,8186,16.148,0,0
leveldb,churn,8187,14.412,0,0
leveldb,churn,8188,14.696,0,0
leveldb,churn,8189,17.541,0,0
leveldb,churn,8190,18.117,208762681,0
leveldb,churn,8191,22.011,0,0
leveldb,churn,8192,14.665,0,0
leveldb,churn,8193,18.674,0,0
leveldb,churn,8194,14.968,0,0
leveldb,churn,8195,14.796,0,0
leveldb,churn,8196,17.370,0,0
leveldb,churn,8197,19.806,0,0
leveldb,churn,8198,18.090,0,0
leveldb,churn,8199,18.277,0,0
leveldb,churn,8200,13.312,211077336,0
leveldb,churn,8201,11.330,0,0
leveldb,churn,8202,24.514,0,0
leveldb,churn,8203,11.431,0,0
leveldb,churn,8204,17.010,0,0
leveldb,churn,8205,16.062,0,0
leveldb,churn,8206,17.156,0,0
leveldb,churn,8207,17.433,0,0
leveldb,churn,8208,13.110,0,0
leveldb,churn,8209,13.701,0,0
leveldb,churn,8210,16.081,205291816,0
leveldb,churn,8211,17.449,0,0
leveldb,churn,8212,18.806,0,0
leveldb,churn,8213,18.478,0,0
leveldb,churn,8214,14.476,0,0
leveldb,churn,8215,16.150,0,0
leveldb,churn,8216,12.651,0,0
leveldb,churn,8217,17.903,0,0
leveldb,churn,8218,17.369,0,0
leveldb,churn,8219,16.173,0,0
leveldb,churn,8220,13.901,216327587,0
leveldb,churn,8221,11.187,0,0
leveldb,churn,8222,31.930,0,0
leveldb,churn,8223,16.143,0,0
leveldb,churn,8224,10.572,0,0
leveldb,churn,8225,19.071,0,0
leveldb,churn,8226,14.519,0,0
leveldb,churn,8227,16.518,0,0
leveldb,churn,8228,17.039,0,0
leveldb,churn,8229,12.964,0,0
leveldb,churn,8230,16.039,204407192,0
leveldb,churn,8231,27.922,0,0
leveldb,churn,8232,15.177,0,0
leveldb,churn,8233,20.054,0,0
leveldb,churn,8234,14.954,0,0
leveldb,churn,8235,17.142,0,0
leveldb,churn,8236,18.318,0,0
leveldb,churn,8237,14.210,0,0
leveldb,churn,8238,14.334,0,0
leveldb,churn,8239,18.710,0,0
leveldb,churn,8240,13.715,206322585,0
leveldb,churn,8241,11.305,0,0
leveldb,churn,8242,15.023,0,0
leveldb,churn,8243,16.919,0,0
leveldb,churn,8244,14.002,0,0
leveldb,churn,8245,10.372,0,0
leveldb,churn,8246,13.624,0,0
leveldb,churn,8247,18.996,0,0
leveldb,churn,8248,12.495,0,0
leveldb,churn,8249,15.197,0,0
leveldb,churn,8250,13.920,208215238,0
leveldb,churn,8251,13.163,0,0
leveldb,churn,8252,14.216,0,0
leveldb,churn,8253,15.029,0,0
leveldb,churn,8254,17.355,0,0
leveldb,churn,8255,14.559,0,0
leveldb,churn,8256,16.516,0,0
leveldb,churn,8257,17.503,0,0
leveldb,churn,8258,18.909,0,0
leveldb,churn,8259,19.449,0,0
leveldb,churn,8260,15.784,225856076,0
leveldb,churn,8261,14.535,0,0
leveldb,churn,8262,20.030,0,0
leveldb,churn,8263,13.968,0,0
leveldb,churn,8264,12.915,0,0
leveldb,churn,8265,17.154,0,0
leveldb,churn,8266,19.341,0,0
leveldb,churn,8267,15.874,0,0
leveldb,churn,8268,17.160,0,0
leveldb,churn,8269,19.032,0,0
leveldb,churn,8270,11.560,211145015,0
leveldb,churn,8271,18.642,0,0
leveldb,churn,8272,15.644,0,0
leveldb,churn,8273,19.107,0,0
leveldb,churn,8274,15.810,0,0
leveldb,churn,8275,24.436,0,0
leveldb,churn,8276,16.341,0,0
leveldb,churn,8277,16.499,0,0
leveldb,churn,8278,18.432,0,0
leveldb,churn,8279,17.253,0,0
leveldb,churn,8280,16.666,208178975,0
leveldb,churn,8281,24.064,0,0
leveldb,churn,8282,12.359,0,0
leveldb,churn,8283,14.368,0,0
leveldb,churn,8284,21.096,0,0
leveldb,churn,8285,16.448,0,0
leveldb,churn,8286,13.665,0,0
leveldb,churn,8287,11.854,0,0
leveldb,churn,8288,16.103,0,0
leveldb,churn,8289,18.428,0,0
leveldb,churn,8290,13.531,215997507,0
leveldb,churn,8291,15.545,0,0
leveldb,churn,8292,11.800,0,0
leveldb,churn,8293,16.007,0,0
leveldb,churn,8294,13.814,0,0
leveldb,churn,8295,17.030,0,0
leveldb,churn,8296,13.248,0,0
leveldb,churn,8297,17.952,0,0
leveldb,churn,8298,19.328,0,0
leveldb,churn,8299,15.846,0,0
leveldb,churn,8300,14.696,215842206,0
leveldb,churn,8301,14.126,0,0
leveldb,churn,8302,14.731,0,0
leveldb,churn,8303,16.034,0,0
leveldb,churn,8304,20.110,0,0
leveldb,churn,8305,18.641,0,0
leveldb,churn,8306,16.999,0,0
leveldb,churn,8307,20.076,0,0
leveldb,churn,8308,12.567,0,0
leveldb,churn,8309,16.529,0,0
leveldb,churn,8310,15.683,215201526,0
leveldb,churn,8311,15.751,0,0
leveldb,churn,8312,17.835,0,0
leveldb,churn,8313,15.962,0,0
leveldb,churn,8314,12.603,0,0
leveldb,churn,8315,12.325,0,0
leveldb,churn,8316,15.896,0,0
leveldb,churn,8317,13.222,0,0
leveldb,churn,8318,16.317,0,0
leveldb,churn,8319,15.306,0,0
leveldb,churn,8320,14.564,217029535,0
leveldb,churn,8321,20.756,0,0
leveldb,churn,8322,20.309,0,0
leveldb,churn,8323,16.262,0,0
leveldb,churn,8324,10.656,0,0
leveldb,churn,8325,10.974,0,0
leveldb,churn,8326,17.851,0,0
leveldb,churn,8327,12.516,0,0
leveldb,churn,8328,11.887,0,0
leveldb,churn,8329,17.361,0,0
leveldb,churn,8330,14.818,213971004,0
leveldb,churn,8331,19.433,0,0
leveldb,churn,8332,15.157,0,0
leveldb,churn,8333,16.956,0,0
leveldb,churn,8334,17.683,0,0
leveldb,churn,8335,22.741,0,0
leveldb,churn,8336,15.380,0,0
leveldb,churn,8337,19.868,0,0
leveldb,churn,8338,15.931,0,0
leveldb,churn,8339,23.434,0,0
leveldb,churn,8340,23.774,211354689,0
leveldb,churn,8341,17.785,0,0
leveldb,churn,8342,16.534,0,0
leveldb,churn,8343,22.058,0,0
leveldb,churn,8344,13.479,0,0
leveldb,churn,8345,19.671,0,0
leveldb,churn,8346,15.528,0,0
leveldb,churn,8347,18.457,0,0
leveldb,churn,8348,18.057,0,0
leveldb,churn,8349,16.330,0,0
leveldb,churn,8350,12.286,213603951,0
leveldb,churn,8351,14.289,0,0
leveldb,churn,8352,20.490,0,0
leveldb,churn,8353,20.602,0,0
leveldb,churn,8354,21.637,0,0
leveldb,churn,8355,13.986,0,0
leveldb,churn,8356,22.520,0,0
leveldb,churn,8357,13.803,0,0
leveldb,churn,8358,17.976,0,0
leveldb,churn,8359,17.580,0,0
leveldb,churn,8360,18.531,218371682,0
leveldb,churn,8361,19.490,0,0
leveldb,churn,8362,13.750,0,0
leveldb,churn,8363,16.815,0,0
leveldb,churn,8364,22.159,0,0
leveldb,churn,8365,35.159,0,0
leveldb,churn,8366,23.530,0,0
leveldb,churn,8367,22.529,0,0
leveldb,churn,8368,12.413,0,0
leveldb,churn,8369,17.471,0,0
leveldb,churn,8370,16.296,215356789,0
leveldb,churn,8371,15.376,0,0
leveldb,churn,8372,19.555,0,0
leveldb,churn,8373,11.475,0,0
leveldb,churn,8374,19.658,0,0
leveldb,churn,8375,17.282,0,0
leveldb,churn,8376,16.839,0,0
leveldb,churn,8377,17.735,0,0
leveldb,churn,8378,28.526,0,0
leveldb,churn,8379,17.623,0,0
leveldb,churn,8380,17.901,209818111,0
leveldb,churn,8381,17.062,0,0
leveldb,churn,8382,17.777,0,0
leveldb,churn,8383,13.841,0,0
leveldb,churn,8384,18.447,0,0
leveldb,churn,8385,19.484,0,0
leveldb,churn,8386,12.610,0,0
leveldb,churn,8387,15.529,0,0
leveldb,churn,8388,17.011,0,0
leveldb,churn,8389,12.235,0,0
leveldb,churn,8390,14.100,214059409,0
leveldb,churn,8391,17.818,0,0
leveldb,churn,8392,13.150,0,0
leveldb,churn,8393,22.022,0,0
leveldb,churn,8394,20.122,0,0
leveldb,churn,8395,13.751,0,0
leveldb,churn,8396,16.343,0,0
leveldb,churn,8397,16.973,0,0
leveldb,churn,8398,15.354,0,0
leveldb,churn,8399,16.487,0,0
leveldb,churn,8400,15.269,212302971,0
leveldb,churn,8401,16.397,0,0
leveldb,churn,8402,13.942,0,0
leveldb,churn,8403,13.024,0,0
leveldb,churn,8404,15.323,0,0
leveldb,churn,8405,19.847,0,0
leveldb,churn,8406,22.478,0,0
leveldb,churn,8407,15.390,0,0
leveldb,churn,8408,17.196,0,0
leveldb,churn,8409,20.993,0,0
leveldb,churn,8410,28.441,210223577,0
leveldb,churn,8411,11.659,0,0
leveldb,churn,8412,14.401,0,0
leveldb,churn,8413,18.908,0,0
leveldb,churn,8414,15.258,0,0
leveldb,churn,8415,17.182,0,0
leveldb,churn,8416,10.745,0,0
leveldb,churn,8417,19.737,0,0
leveldb,churn,8418,15.297,0,0
leveldb,churn,8419,19.823,0,0
leveldb,churn,8420,13.870,210914491,0
leveldb,churn,8421,16.137,0,0
leveldb,churn,8422,17.183,0,0
leveldb,churn,8423,16.146,0,0
leveldb,churn,8424,15.880,0,0
leveldb,churn,8425,13.280,0,0
leveldb,churn,8426,14.178,0,0
leveldb,churn,8427,15.228,0,0
leveldb,churn,8428,21.476,0,0
leveldb,churn,8429,19.753,0,0
leveldb,churn,8430,22.719,221844302,0
leveldb,churn,8431,13.818,0,0
leveldb,churn,8432,28.855,0,0
leveldb,churn,8433,11.865,0,0
leveldb,churn,8434,12.800,0,0
leveldb,churn,8435,14.499,0,0
leveldb,churn,8436,28.976,0,0
leveldb,churn,8437,14.159,0,0
leveldb,churn,8438,16.601,0,0
leveldb,churn,8439,19.942,0,0
leveldb,churn,8440,16.276,238307905,0
leveldb,churn,8441,23.341,0,0
leveldb,churn,8442,21.632,0,0
leveldb,churn,8443,16.689,0,0
leveldb,churn,8444,11.390,0,0
leveldb,churn,8445,18.542,0,0
leveldb,churn,8446,31.361,0,0
leveldb,churn,8447,17.198,0,0
leveldb,churn,8448,16.719,0,0
leveldb,churn,8449,17.074,0,0
leveldb,churn,8450,24.079,212396573,0
leveldb,churn,8451,12.150,0,0
leveldb,churn,8452,12.598,0,0
leveldb,churn,8453,16.849,0,0
leveldb,churn,8454,16.920,0,0
leveldb,churn,8455,19.897,0,0
leveldb,churn,8456,14.896,0,0
leveldb,churn,8457,13.320,0,0
leveldb,churn,8458,11.326,0,0
leveldb,churn,8459,16.548,0,0
leveldb,churn,8460,16.758,217415606,0
leveldb,churn,8461,14.900,0,0
leveldb,churn,8462,17.999,0,0
leveldb,churn,8463,14.328,0,0
leveldb,churn,8464,13.083,0,0
leveldb,churn,8465,18.539,0,0
leveldb,churn,8466,13.826,0,0
leveldb,churn,8467,18.325,0,0
leveldb,churn,8468,18.013,0,0
leveldb,churn,8469,13.000,0,0
leveldb,churn,8470,17.239,207411880,0
leveldb,churn,8471,17.113,0,0
leveldb,churn,8472,16.848,0,0
leveldb,churn,8473,18.652,0,0
leveldb,churn,8474,16.429,0,0
leveldb,churn,8475,13.277,0,0
leveldb,churn,8476,18.168,0,0
leveldb,churn,8477,13.166,0,0
leveldb,churn,8478,17.169,0,0
leveldb,churn,8479,13.327,0,0
leveldb,churn,8480,18.163,218421191,0
leveldb,churn,8481,13.844,0,0
leveldb,churn,8482,13.858,0,0
leveldb,churn,8483,15.398,0,0
leveldb,churn,8484,21.860,0,0
leveldb,churn,8485,24.070,0,0
leveldb,churn,8486,21.674,0,0
leveldb,churn,8487,17.838,0,0
leveldb,churn,8488,24.131,0,0
leveldb,churn,8489,20.735,0,0
leveldb,churn,8490,13.076,218967624,0
leveldb,churn,8491,16.635,0,0
leveldb,churn,8492,12.591,0,0
leveldb,churn,8493,18.195,0,0
leveldb,churn,8494,15.740,0,0
leveldb,churn,8495,19.817,0,0
leveldb,churn,8496,14.502,0,0
leveldb,churn,8497,14.154,0,0
leveldb,churn,8498,14.397,0,0
leveldb,churn,8499,17.487,0,0
leveldb,churn,8500,19.084,211992849,0
leveldb,churn,8501,14.575,0,0
leveldb,churn,8502,14.602,0,0
leveldb,churn,8503,13.322,0,0
leveldb,churn,8504,16.476,0,0
leveldb,churn,8505,16.392,0,0
leveldb,churn,8506,16.431,0,0
leveldb,churn,8507,13.223,0,0
leveldb,churn,8508,15.271,0,0
leveldb,churn,8509,17.617,0,0
leveldb,churn,8510,14.759,216326264,0
leveldb,churn,8511,18.091,0,0
leveldb,churn,8512,19.616,0,0
leveldb,churn,8513,17.423,0,0
leveldb,churn,8514,16.338,0,0
leveldb,churn,8515,14.520,0,0
leveldb,churn,8516,15.280,0,0
leveldb,churn,8517,13.482,0,0
leveldb,churn,8518,16.802,0,0
leveldb,churn,8519,12.094,0,0
leveldb,churn,8520,15.244,218481200,0
leveldb,churn,8521,18.038,0,0
leveldb,churn,8522,15.565,0,0
leveldb,churn,8523,12.237,0,0
leveldb,churn,8524,13.102,0,0
leveldb,churn,8525,13.854,0,0
leveldb,churn,8526,16.467,0,0
leveldb,churn,8527,17.069,0,0
leveldb,churn,8528,12.614,0,0
leveldb,churn,8529,18.418,0,0
leveldb,churn,8530,17.537,219146727,0
leveldb,churn,8531,19.669,0,0
leveldb,churn,8532,13.837,0,0
leveldb,churn,8533,11.915,0,0
leveldb,churn,8534,11.386,0,0
leveldb,churn,8535,17.822,0,0
leveldb,churn,8536,16.436,0,0
leveldb,churn,8537,12.503,0,0
leveldb,churn,8538,17.332,0,0
leveldb,churn,8539,18.047,0,0
leveldb,churn,8540,15.978,225499050,0
leveldb,churn,8541,18.255,0,0
leveldb,churn,8542,14.117,0,0
leveldb,churn,8543,13.232,0,0
leveldb,churn,8544,32.978,0,0
leveldb,churn,8545,16.738,0,0
leveldb,churn,8546,22.694,0,0
leveldb,churn,8547,15.659,0,0
leveldb,churn,8548,16.507,0,0
leveldb,churn,8549,13.694,0,0
leveldb,churn,8550,17.848,216466105,0
leveldb,churn,8551,10.675,0,0
leveldb,churn,8552,12.957,0,0
leveldb,churn,8553,18.818,0,0
leveldb,churn,8554,13.950,0,0
leveldb,churn,8555,18.623,0,0
leveldb,churn,8556,19.205,0,0
leveldb,churn,8557,16.044,0,0
leveldb,churn,8558,17.030,0,0
leveldb,churn,8559,15.645,0,0
leveldb,churn,8560,17.261,218520643,0
leveldb,churn,8561,18.209,0,0
leveldb,churn,8562,18.434,0,0
leveldb,churn,8563,16.582,0,0
leveldb,churn,8564,16.636,0,0
leveldb,churn,8565,17.081,0,0
leveldb,churn,8566,13.241,0,0
leveldb,churn,8567,18.544,0,0
leveldb,churn,8568,13.867,0,0
leveldb,churn,8569,12.759,0,0
leveldb,churn,8570,18.854,214126173,0
leveldb,churn,8571,14.606,0,0
leveldb,churn,8572,18.559,0,0
leveldb,churn,8573,13.555,0,0
leveldb,churn,8574,18.031,0,0
leveldb,churn,8575,19.689,0,0
leveldb,churn,8576,22.299,0,0
leveldb,churn,8577,13.719,0,0
leveldb,churn,8578,13.213,0,0
leveldb,churn,8579,18.779,0,0
leveldb,churn,8580,15.132,213629514,0
leveldb,churn,8581,15.479,0,0
leveldb,churn,8582,11.402,0,0
leveldb,churn,8583,12.477,0,0
leveldb,churn,8584,15.635,0,0
leveldb,churn,8585,19.169,0,0
leveldb,churn,8586,15.925,0,0
leveldb,churn,8587,15.460,0,0
leveldb,churn,8588,14.486,0,0
leveldb,churn,8589,10.598,0,0
leveldb,churn,8590,20.545,216339664,0
leveldb,churn,8591,14.793,0,0
leveldb,churn,8592,11.656,0,0
leveldb,churn,8593,18.958,0,0
leveldb,churn,8594,12.688,0,0
leveldb,churn,8595,13.311,0,0
leveldb,churn,8596,11.494,0,0
leveldb,churn,8597,16.623,0,0
leveldb,churn,8598,16.000,0,0
leveldb,churn,8599,17.343,0,0
leveldb,churn,8600,14.846,210380719,0
leveldb,churn,8601,18.019,0,0
leveldb,churn,8602,18.445,0,0
leveldb,churn,8603,18.200,0,0
leveldb,churn,8604,17.183,0,0
leveldb,churn,8605,16.828,0,0
leveldb,churn,8606,11.737,0,0
leveldb,churn,8607,12.174,0,0
leveldb,churn,8608,16.942,0,0
leveldb,churn,8609,13.304,0,0
leveldb,churn,8610,12.198,225177675,0
leveldb,churn,8611,15.852,0,0
leveldb,churn,8612,16.476,0,0
leveldb,churn,8613,12.758,0,0
leveldb,churn,8614,23.690,0,0
leveldb,churn,8615,15.240,0,0
leveldb,churn,8616,17.140,0,0
leveldb,churn,8617,16.024,0,0
leveldb,churn,8618,23.646,0,0
leveldb,churn,8619,18.205,0,0
leveldb,churn,8620,14.354,221827411,0
leveldb,churn,8621,16.026,0,0
leveldb,churn,8622,17.973,0,0
leveldb,churn,8623,12.229,0,0
leveldb,churn,8624,16.861,0,0
leveldb,churn,8625,12.178,0,0
leveldb,churn,8626,13.288,0,0
leveldb,churn,8627,16.718,0,0
leveldb,churn,8628,16.503,0,0
leveldb,churn,8629,20.761,0,0
leveldb,churn,8630,21.106,215283119,0
leveldb,churn,8631,13.052,0,0
leveldb,churn,8632,19.800,0,0
leveldb,churn,8633,21.168,0,0
leveldb,churn,8634,18.727,0,0
leveldb,churn,8635,18.376,0,0
leveldb,churn,8636,14.946,0,0
leveldb,churn,8637,17.220,0,0
leveldb,churn,8638,17.762,0,0
leveldb,churn,8639,12.562,0,0
leveldb,churn,8640,15.242,214762074,0
leveldb,churn,8641,15.280,0,0
leveldb,churn,8642,15.404,0,0
leveldb,churn,8643,15.122,0,0
leveldb,churn,8644,20.595,0,0
leveldb,churn,8645,12.297,0,0
leveldb,churn,8646,16.032,0,0
leveldb,churn,8647,14.070,0,0
leveldb,churn,8648,11.389,0,0
leveldb,churn,8649,12.619,0,0
leveldb,churn,8650,12.909,219812838,0
leveldb,churn,8651,12.358,0,0
leveldb,churn,8652,17.673,0,0
leveldb,churn,8653,18.205,0,0
leveldb,churn,8654,29.521,0,0
leveldb,churn,8655,16.694,0,0
leveldb,churn,8656,15.498,0,0
leveldb,churn,8657,12.396,0,0
leveldb,churn,8658,16.117,0,0
leveldb,churn,8659,14.480,0,0
leveldb,churn,8660,17.270,218293979,0
leveldb,churn,8661,20.467,0,0
leveldb,churn,8662,16.323,0,0
leveldb,churn,8663,16.535,0,0
leveldb,churn,8664,16.238,0,0
leveldb,churn,8665,11.484,0,0
leveldb,churn,8666,15.162,0,0
leveldb,churn,8667,18.154,0,0
leveldb,churn,8668,13.030,0,0
leveldb,churn,8669,14.536,0,0
leveldb,churn,8670,12.789,214631722,0
leveldb,churn,8671,10.243,0,0
leveldb,churn,8672,12.696,0,0
leveldb,churn,8673,18.059,0,0
leveldb,churn,8674,14.758,0,0
leveldb,churn,8675,11.116,0,0
leveldb,churn,8676,15.856,0,0
leveldb,churn,8677,16.492,0,0
leveldb,churn,8678,16.818,0,0
leveldb,churn,8679,18.862,0,0
leveldb,churn,8680,21.676,217174490,0
leveldb,churn,8681,16.328,0,0
leveldb,churn,8682,19.233,0,0
leveldb,churn,8683,15.168,0,0
leveldb,churn,8684,15.374,0,0
leveldb,churn,8685,13.289,0,0
leveldb,churn,8686,15.091,0,0
leveldb,churn,8687,17.411,0,0
leveldb,churn,8688,41.343,0,0
leveldb,churn,8689,18.809,0,0
leveldb,churn,8690,15.551,239737391,0
leveldb,churn,8691,13.637,0,0
leveldb,churn,8692,16.429,0,0
leveldb,churn,8693,18.287,0,0
leveldb,churn,8694,16.075,0,0
leveldb,churn,8695,15.395,0,0
leveldb,churn,8696,13.596,0,0
leveldb,churn,8697,17.350,0,0
leveldb,churn,8698,17.431,0,0
leveldb,churn,8699,17.268,0,0
leveldb,churn,8700,18.173,216755403,0
leveldb,churn,8701,17.462,0,0
leveldb,churn,8702,26.259,0,0
leveldb,churn,8703,27.338,0,0
leveldb,churn,8704,20.823,0,0
leveldb,churn,8705,17.221,0,0
leveldb,churn,8706,16.032,0,0
leveldb,churn,8707,24.678,0,0
leveldb,churn,8708,23.865,0,0
leveldb,churn,8709,12.188,0,0
leveldb,churn,8710,21.531,211707163,0
leveldb,churn,8711,17.408,0,0
leveldb,churn,8712,13.705,0,0
leveldb,churn,8713,11.668,0,0
leveldb,churn,8714,11.974,0,0
leveldb,churn,8715,15.504,0,0
leveldb,churn,8716,13.497,0,0
leveldb,churn,8717,19.455,0,0
leveldb,churn,8718,17.701,0,0
leveldb,churn,8719,21.409,0,0
leveldb,churn,8720,15.650,207147872,0
leveldb,churn,8721,15.719,0,0
leveldb,churn,8722,16.996,0,0
leveldb,churn,8723,10.675,0,0
leveldb,churn,8724,22.282,0,0
leveldb,churn,8725,12.108,0,0
leveldb,churn,8726,11.675,0,0
leveldb,churn,8727,18.565,0,0
leveldb,churn,8728,16.761,0,0
leveldb,churn,8729,18.965,0,0
leveldb,churn,8730,16.738,221558293,0
leveldb,churn,8731,12.909,0,0
leveldb,churn,8732,18.370,0,0
leveldb,churn,8733,11.601,0,0
leveldb,churn,8734,24.420,0,0
leveldb,churn,8735,13.929,0,0
leveldb,churn,8736,15.751,0,0
leveldb,churn,8737,14.446,0,0
leveldb,churn,8738,14.988,0,0
leveldb,churn,8739,15.690,0,0
leveldb,churn,8740,17.748,227080583,0
leveldb,churn,8741,12.460,0,0
leveldb,churn,8742,11.639,0,0
leveldb,churn,8743,16.131,0,0
leveldb,churn,8744,15.433,0,0
leveldb,churn,8745,16.699,0,0
leveldb,churn,8746,15.729,0,0
leveldb,churn,8747,13.203,0,0
leveldb,churn,8748,17.628,0,0
leveldb,churn,8749,16.517,0,0
leveldb,churn,8750,12.878,221768127,0
leveldb,churn,8751,17.157,0,0
leveldb,churn,8752,18.376,0,0
leveldb,churn,8753,15.101,0,0
leveldb,churn,8754,26.480,0,0
leveldb,churn,8755,19.238,0,0
leveldb,churn,8756,15.435,0,0
leveldb,churn,8757,27.581,0,0
leveldb,churn,8758,29.256,0,0
leveldb,churn,8759,15.807,0,0
leveldb,churn,8760,17.116,214111061,0
leveldb,churn,8761,17.001,0,0
leveldb,churn,8762,13.356,0,0
leveldb,churn,8763,13.963,0,0
leveldb,churn,8764,17.283,0,0
leveldb,churn,8765,12.099,0,0
leveldb,churn,8766,21.373,0,0
leveldb,churn,8767,16.374,0,0
leveldb,churn,8768,11.170,0,0
leveldb,churn,8769,22.727,0,0
leveldb,churn,8770,17.514,221303875,0
leveldb,churn,8771,16.253,0,0
leveldb,churn,8772,17.855,0,0
leveldb,churn,8773,10.978,0,0
leveldb,churn,8774,17.772,0,0
leveldb,churn,8775,11.673,0,0
leveldb,churn,8776,16.930,0,0
leveldb,churn,8777,16.308,0,0
leveldb,churn,8778,11.234,0,0
leveldb,churn,8779,18.170,0,0
leveldb,churn,8780,13.596,235196155,0
leveldb,churn,8781,15.129,0,0
leveldb,churn,8782,16.104,0,0
leveldb,churn,8783,16.094,0,0
leveldb,churn,8784,14.994,0,0
leveldb,churn,8785,19.361,0,0
leveldb,churn,8786,10.501,0,0
leveldb,churn,8787,16.640,0,0
leveldb,churn,8788,12.447,0,0
leveldb,churn,8789,12.514,0,0
leveldb,churn,8790,15.311,213476169,0
leveldb,churn,8791,15.299,0,0
leveldb,churn,8792,18.727,0,0
leveldb,churn,8793,16.291,0,0
leveldb,churn,8794,15.601,0,0
leveldb,churn,8795,17.803,0,0
leveldb,churn,8796,15.069,0,0
leveldb,churn,8797,14.592,0,0
leveldb,churn,8798,17.685,0,0
leveldb,churn,8799,15.146,0,0
leveldb,churn,8800,14.890,213575635,0
leveldb,churn,8801,15.585,0,0
leveldb,churn,8802,16.667,0,0
leveldb,churn,8803,15.339,0,0
leveldb,churn,8804,18.620,0,0
leveldb,churn,8805,15.717,0,0
leveldb,churn,8806,17.235,0,0
leveldb,churn,8807,16.803,0,0
leveldb,churn,8808,16.480,0,0
leveldb,churn,8809,15.104,0,0
leveldb,churn,8810,14.711,215039070,0
leveldb,churn,8811,15.398,0,0
leveldb,churn,8812,16.947,0,0
leveldb,churn,8813,22.322,0,0
leveldb,churn,8814,17.330,0,0
leveldb,churn,8815,12.133,0,0
leveldb,churn,8816,11.907,0,0
leveldb,churn,8817,15.375,0,0
leveldb,churn,8818,13.804,0,0
leveldb,churn,8819,17.419,0,0
leveldb,churn,8820,11.510,209805987,0
leveldb,churn,8821,11.053,0,0
leveldb,churn,8822,20.439,0,0
leveldb,churn,8823,22.907,0,0
leveldb,churn,8824,10.659,0,0
leveldb,churn,8825,13.013,0,0
leveldb,churn,8826,16.016,0,0
leveldb,churn,8827,17.474,0,0
leveldb,churn,8828,23.020,0,0
leveldb,churn,8829,17.883,0,0
leveldb,churn,8830,17.041,212507691,0
leveldb,churn,8831,20.735,0,0
leveldb,churn,8832,16.774,0,0
leveldb,churn,8833,11.356,0,0
leveldb,churn,8834,17.079,0,0
leveldb,churn,8835,26.745,0,0
leveldb,churn,8836,12.195,0,0
leveldb,churn,8837,14.927,0,0
leveldb,churn,8838,17.881,0,0
leveldb,churn,8839,20.651,0,0
leveldb,churn,8840,11.335,210422146,0
leveldb,churn,8841,18.176,0,0
leveldb,churn,8842,16.757,0,0
leveldb,churn,8843,10.503,0,0
leveldb,churn,8844,18.377,0,0
leveldb,churn,8845,12.029,0,0
leveldb,churn,8846,14.944,0,0
leveldb,churn,8847,14.332,0,0
leveldb,churn,8848,14.896,0,0
leveldb,churn,8849,13.325,0,0
leveldb,churn,8850,12.882,213195191,0
leveldb,churn,8851,16.485,0,0
leveldb,churn,8852,16.423,0,0
leveldb,churn,8853,17.755,0,0
leveldb,churn,8854,13.921,0,0
leveldb,churn,8855,15.689,0,0
leveldb,churn,8856,16.076,0,0
leveldb,churn,8857,13.358,0,0
leveldb,churn,8858,14.552,0,0
leveldb,churn,8859,19.619,0,0
leveldb,churn,8860,15.870,211710190,0
leveldb,churn,8861,15.108,0,0
leveldb,churn,8862,14.212,0,0
leveldb,churn,8863,13.493,0,0
leveldb,churn,8864,19.794,0,0
leveldb,churn,8865,15.709,0,0
leveldb,churn,8866,20.022,0,0
leveldb,churn,8867,17.869,0,0
leveldb,churn,8868,17.192,0,0
leveldb,churn,8869,16.442,0,0
leveldb,churn,8870,17.352,211325299,0
leveldb,churn,8871,17.393,0,0
leveldb,churn,8872,22.366,0,0
leveldb,churn,8873,15.392,0,0
leveldb,churn,8874,13.488,0,0
leveldb,churn,8875,13.697,0,0
leveldb,churn,8876,17.200,0,0
leveldb,churn,8877,15.833,0,0
leveldb,churn,8878,14.656,0,0
leveldb,churn,8879,17.623,0,0
leveldb,churn,8880,10.403,209285405,0
leveldb,churn,8881,14.139,0,0
leveldb,churn,8882,16.144,0,0
leveldb,churn,8883,17.777,0,0
leveldb,churn,8884,14.109,0,0
leveldb,churn,8885,19.329,0,0
leveldb,churn,8886,17.349,0,0
leveldb,churn,8887,15.200,0,0
leveldb,churn,8888,15.300,0,0
leveldb,churn,8889,23.733,0,0
leveldb,churn,8890,18.286,216651297,0
leveldb,churn,8891,17.907,0,0
leveldb,churn,8892,16.681,0,0
leveldb,churn,8893,15.220,0,0
leveldb,churn,8894,15.403,0,0
leveldb,churn,8895,18.416,0,0
leveldb,churn,8896,15.324,0,0
leveldb,churn,8897,15.340,0,0
leveldb,churn,8898,17.166,0,0
leveldb,churn,8899,11.840,0,0
leveldb,churn,8900,16.652,207641602,0
leveldb,churn,8901,10.976,0,0
leveldb,churn,8902,15.208,0,0
leveldb,churn,8903,14.509,0,0
leveldb,churn,8904,17.612,0,0
leveldb,churn,8905,13.227,0,0
leveldb,churn,8906,15.816,0,0
leveldb,churn,8907,15.084,0,0
leveldb,churn,8908,16.082,0,0
leveldb,churn,8909,19.777,0,0
leveldb,churn,8910,20.187,215568706,0
leveldb,churn,8911,17.751,0,0
leveldb,churn,8912,13.771,0,0
leveldb,churn,8913,15.155,0,0
leveldb,churn,8914,15.389,0,0
leveldb,churn,8915,13.500,0,0
leveldb,churn,8916,11.606,0,0
leveldb,churn,8917,19.631,0,0
leveldb,churn,8918,15.593,0,0
leveldb,churn,8919,24.493,0,0
leveldb,churn,8920,14.684,222845174,0
leveldb,churn,8921,17.789,0,0
leveldb,churn,8922,9.851,0,0
leveldb,churn,8923,17.833,0,0
leveldb,churn,8924,16.726,0,0
leveldb,churn,8925,18.432,0,0
leveldb,churn,8926,13.751,0,0
leveldb,churn,8927,14.381,0,0
leveldb,churn,8928,14.089,0,0
leveldb,churn,8929,10.227,0,0
leveldb,churn,8930,18.370,217111624,0
leveldb,churn,8931,15.461,0,0
leveldb,churn,8932,13.219,0,0
leveldb,churn,8933,15.641,0,0
leveldb,churn,8934,13.147,0,0
leveldb,churn,8935,14.236,0,0
leveldb,churn,8936,13.737,0,0
leveldb,churn,8937,11.431,0,0
leveldb,churn,8938,23.932,0,0
leveldb,churn,8939,16.854,0,0
leveldb,churn,8940,12.593,215054715,0
leveldb,churn,8941,15.557,0,0
leveldb,churn,8942,10.968,0,0
leveldb,churn,8943,13.933,0,0
leveldb,churn,8944,14.755,0,0
leveldb,churn,8945,13.462,0,0
leveldb,churn,8946,15.652,0,0
leveldb,churn,8947,13.835,0,0
leveldb,churn,8948,15.581,0,0
leveldb,churn,8949,16.888,0,0
leveldb,churn,8950,12.987,211798310,0
leveldb,churn,8951,14.743,0,0
leveldb,churn,8952,16.842,0,0
leveldb,churn,8953,12.319,0,0
leveldb,churn,8954,21.311,0,0
leveldb,churn,8955,13.091,0,0
leveldb,churn,8956,12.172,0,0
leveldb,churn,8957,12.226,0,0
leveldb,churn,8958,20.151,0,0
leveldb,churn,8959,16.212,0,0
leveldb,churn,8960,18.441,220846659,0
leveldb,churn,8961,14.568,0,0
leveldb,churn,8962,13.721,0,0
leveldb,churn,8963,15.952,0,0
leveldb,churn,8964,10.097,0,0
leveldb,churn,8965,15.780,0,0
leveldb,churn,8966,15.682,0,0
leveldb,churn,8967,14.899,0,0
leveldb,churn,8968,17.350,0,0
leveldb,churn,8969,12.593,0,0
leveldb,churn,8970,17.206,219039475,0
leveldb,churn,8971,18.798,0,0
leveldb,churn,8972,13.957,0,0
leveldb,churn,8973,16.637,0,0
leveldb,churn,8974,14.995,0,0
leveldb,churn,8975,11.038,0,0
leveldb,churn,8976,12.040,0,0
leveldb,churn,8977,11.616,0,0
leveldb,churn,8978,21.796,0,0
leveldb,churn,8979,23.463,0,0
leveldb,churn,8980,10.282,215677850,0
leveldb,churn,8981,11.646,0,0
leveldb,churn,8982,16.450,0,0
leveldb,churn,8983,13.153,0,0
leveldb,churn,8984,16.957,0,0
leveldb,churn,8985,13.522,0,0
leveldb,churn,8986,19.819,0,0
leveldb,churn,8987,13.959,0,0
leveldb,churn,8988,14.526,0,0
leveldb,churn,8989,23.224,0,0
leveldb,churn,8990,16.090,212988695,0
leveldb,churn,8991,17.389,0,0
leveldb,churn,8992,16.949,0,0
leveldb,churn,8993,14.421,0,0
leveldb,churn,8994,12.248,0,0
leveldb,churn,8995,18.264,0,0
leveldb,churn,8996,16.564,0,0
leveldb,churn,8997,17.355,0,0
leveldb,churn,8998,15.080,0,0
leveldb,churn,8999,15.200,0,0
leveldb,churn,9000,13.511,218907301,0
leveldb,churn,9001,12.319,0,0
leveldb,churn,9002,11.035,0,0
leveldb,churn,9003,17.455,0,0
leveldb,churn,9004,17.501,0,0
leveldb,churn,9005,13.076,0,0
leveldb,churn,9006,25.507,0,0
leveldb,churn,9007,16.954,0,0
leveldb,churn,9008,11.612,0,0
leveldb,churn,9009,15.833,0,0
leveldb,churn,9010,12.081,217330037,0
leveldb,churn,9011,11.225,0,0
leveldb,churn,9012,11.119,0,0
leveldb,churn,9013,15.405,0,0
leveldb,churn,9014,15.466,0,0
leveldb,churn,9015,11.283,0,0
leveldb,churn,9016,16.029,0,0
leveldb,churn,9017,22.150,0,0
leveldb,churn,9018,11.585,0,0
leveldb,churn,9019,17.487,0,0
leveldb,churn,9020,15.152,217214076,0
leveldb,churn,9021,14.636,0,0
leveldb,churn,9022,13.257,0,0
leveldb,churn,9023,11.319,0,0
leveldb,churn,9024,13.393,0,0
leveldb,churn,9025,16.178,0,0
leveldb,churn,9026,16.520,0,0
leveldb,churn,9027,12.942,0,0
leveldb,churn,9028,13.095,0,0
leveldb,churn,9029,16.992,0,0
leveldb,churn,9030,14.003,211975121,0
leveldb,churn,9031,14.497,0,0
leveldb,churn,9032,11.844,0,0
leveldb,churn,9033,14.446,0,0
leveldb,churn,9034,12.923,0,0
leveldb,churn,9035,18.413,0,0
leveldb,churn,9036,18.478,0,0
leveldb,churn,9037,20.484,0,0
leveldb,churn,9038,15.827,0,0
leveldb,churn,9039,15.443,0,0
leveldb,churn,9040,15.120,216257129,0
leveldb,churn,9041,15.042,0,0
leveldb,churn,9042,15.482,0,0
leveldb,churn,9043,18.516,0,0
leveldb,churn,9044,18.829,0,0
leveldb,churn,9045,17.881,0,0
leveldb,churn,9046,13.457,0,0
leveldb,churn,9047,20.546,0,0
leveldb,churn,9048,12.819,0,0
leveldb,churn,9049,14.476,0,0
leveldb,churn,9050,16.185,214138253,0
leveldb,churn,9051,14.578,0,0
leveldb,churn,9052,13.044,0,0
leveldb,churn,9053,12.386,0,0
leveldb,churn,9054,13.046,0,0
leveldb,churn,9055,18.558,0,0
leveldb,churn,9056,9.908,0,0
leveldb,churn,9057,13.804,0,0
leveldb,churn,9058,13.833,0,0
leveldb,churn,9059,14.020,0,0
leveldb,churn,9060,17.260,217373878,0
leveldb,churn,9061,12.245,0,0
leveldb,churn,9062,14.938,0,0
leveldb,churn,9063,13.003,0,0
leveldb,churn,9064,17.951,0,0
leveldb,churn,9065,17.797,0,0
leveldb,churn,9066,14.815,0,0
leveldb,churn,9067,17.480,0,0
leveldb,churn,9068,13.449,0,0
leveldb,churn,9069,18.111,0,0
leveldb,churn,9070,16.254,216500404,0
leveldb,churn,9071,15.309,0,0
leveldb,churn,9072,10.698,0,0
leveldb,churn,9073,15.058,0,0
leveldb,churn,9074,24.569,0,0
leveldb,churn,9075,14.549,0,0
leveldb,churn,9076,17.527,0,0
leveldb,churn,9077,16.715,0,0
leveldb,churn,9078,15.915,0,0
leveldb,churn,9079,11.345,0,0
leveldb,churn,9080,13.549,223417651,0
leveldb,churn,9081,21.841,0,0
leveldb,churn,9082,10.465,0,0
leveldb,churn,9083,11.223,0,0
leveldb,churn,9084,14.876,0,0
leveldb,churn,9085,16.630,0,0
leveldb,churn,9086,11.869,0,0
leveldb,churn,9087,17.670,0,0
leveldb,churn,9088,10.212,0,0
leveldb,churn,9089,13.991,0,0
leveldb,churn,9090,17.314,215734022,0
leveldb,churn,9091,16.217,0,0
leveldb,churn,9092,19.428,0,0
leveldb,churn,9093,14.930,0,0
leveldb,churn,9094,11.042,0,0
leveldb,churn,9095,14.697,0,0
leveldb,churn,9096,9.816,0,0
leveldb,churn,9097,10.774,0,0
leveldb,churn,9098,11.949,0,0
leveldb,churn,9099,16.784,0,0
leveldb,churn,9100,17.290,224218324,0
leveldb,churn,9101,12.505,0,0
leveldb,churn,9102,12.435,0,0
leveldb,churn,9103,13.821,0,0
leveldb,churn,9104,9.666,0,0
leveldb,churn,9105,15.991,0,0
leveldb,churn,9106,20.494,0,0
leveldb,churn,9107,21.744,0,0
leveldb,churn,9108,10.547,0,0
leveldb,churn,9109,15.959,0,0
leveldb,churn,9110,20.384,210702777,0
leveldb,churn,9111,16.844,0,0
leveldb,churn,9112,13.827,0,0
leveldb,churn,9113,17.474,0,0
leveldb,churn,9114,13.758,0,0
leveldb,churn,9115,14.630,0,0
leveldb,churn,9116,24.676,0,0
leveldb,churn,9117,11.738,0,0
leveldb,churn,9118,17.644,0,0
leveldb,churn,9119,16.033,0,0
leveldb,churn,9120,11.772,221902235,0
leveldb,churn,9121,15.304,0,0
leveldb,churn,9122,15.505,0,0
leveldb,churn,9123,15.463,0,0
leveldb,churn,9124,13.970,0,0
leveldb,churn,9125,10.511,0,0
leveldb,churn,9126,12.041,0,0
leveldb,churn,9127,28.218,0,0
leveldb,churn,9128,15.925,0,0
leveldb,churn,9129,14.412,0,0
leveldb,churn,9130,14.551,223304022,0
leveldb,churn,9131,16.166,0,0
leveldb,churn,9132,10.360,0,0
leveldb,churn,9133,14.162,0,0
leveldb,churn,9134,18.129,0,0
leveldb,churn,9135,15.637,0,0
leveldb,churn,9136,13.753,0,0
leveldb,churn,9137,17.348,0,0
leveldb,churn,9138,16.237,0,0
leveldb,churn,9139,15.440,0,0
leveldb,churn,9140,16.681,207372914,0
leveldb,churn,9141,12.378,0,0
leveldb,churn,9142,18.061,0,0
leveldb,churn,9143,11.451,0,0
leveldb,churn,9144,11.060,0,0
leveldb,churn,9145,16.994,0,0
leveldb,churn,9146,16.385,0,0
leveldb,churn,9147,15.217,0,0
leveldb,churn,9148,12.151,0,0
leveldb,churn,9149,17.867,0,0
leveldb,churn,9150,17.548,215293252,0
leveldb,churn,9151,12.354,0,0
leveldb,churn,9152,15.432,0,0
leveldb,churn,9153,13.482,0,0
leveldb,churn,9154,15.172,0,0
leveldb,churn,9155,16.017,0,0
leveldb,churn,9156,15.865,0,0
leveldb,churn,9157,16.704,0,0
leveldb,churn,9158,16.102,0,0
leveldb,churn,9159,13.739,0,0
leveldb,churn,9160,15.244,210979603,0
leveldb,churn,9161,14.011,0,0
leveldb,churn,9162,14.448,0,0
leveldb,churn,9163,17.097,0,0
leveldb,churn,9164,22.453,0,0
leveldb,churn,9165,32.723,0,0
leveldb,churn,9166,15.979,0,0
leveldb,churn,9167,15.394,0,0
leveldb,churn,9168,10.316,0,0
leveldb,churn,9169,14.266,0,0
leveldb,churn,9170,14.889,231540254,0
leveldb,churn,9171,25.924,0,0
leveldb,churn,9172,13.199,0,0
leveldb,churn,9173,15.657,0,0
leveldb,churn,9174,17.197,0,0
leveldb,churn,9175,20.836,0,0
leveldb,churn,9176,14.234,0,0
leveldb,churn,9177,18.916,0,0
leveldb,churn,9178,16.925,0,0
leveldb,churn,9179,15.669,0,0
leveldb,churn,9180,17.007,222552042,0
leveldb,churn,9181,11.392,0,0
leveldb,churn,9182,14.585,0,0
leveldb,churn,9183,15.434,0,0
leveldb,churn,9184,20.015,0,0
leveldb,churn,9185,16.782,0,0
leveldb,churn,9186,13.343,0,0
leveldb,churn,9187,12.861,0,0
leveldb,churn,9188,15.725,0,0
leveldb,churn,9189,20.668,0,0
leveldb,churn,9190,12.876,220118526,0
leveldb,churn,9191,16.876,0,0
leveldb,churn,9192,15.872,0,0
leveldb,churn,9193,14.096,0,0
leveldb,churn,9194,13.551,0,0
leveldb,churn,9195,17.037,0,0
leveldb,churn,9196,13.871,0,0
leveldb,churn,9197,12.429,0,0
leveldb,churn,9198,16.583,0,0
leveldb,churn,9199,20.587,0,0
leveldb,churn,9200,15.246,216226413,0
leveldb,churn,9201,12.182,0,0
leveldb,churn,9202,17.573,0,0
leveldb,churn,9203,16.148,0,0
leveldb,churn,9204,16.178,0,0
leveldb,churn,9205,14.623,0,0
leveldb,churn,9206,17.626,0,0
leveldb,churn,9207,19.143,0,0
leveldb,churn,9208,17.152,0,0
leveldb,churn,9209,13.950,0,0
leveldb,churn,9210,11.088,212498736,0
leveldb,churn,9211,15.887,0,0
leveldb,churn,9212,18.234,0,0
leveldb,churn,9213,11.948,0,0
leveldb,churn,9214,17.189,0,0
leveldb,churn,9215,18.679,0,0
leveldb,churn,9216,13.547,0,0
leveldb,churn,9217,10.015,0,0
leveldb,churn,9218,15.800,0,0
leveldb,churn,9219,14.274,0,0
leveldb,churn,9220,17.064,211668902,0
leveldb,churn,9221,9.909,0,0
leveldb,churn,9222,18.492,0,0
leveldb,churn,9223,10.227,0,0
leveldb,churn,9224,10.370,0,0
leveldb,churn,9225,12.068,0,0
leveldb,churn,9226,15.485,0,0
leveldb,churn,9227,17.210,0,0
leveldb,churn,9228,18.355,0,0
leveldb,churn,9229,11.898,0,0
leveldb,churn,9230,17.113,208841898,0
leveldb,churn,9231,11.590,0,0
leveldb,churn,9232,14.078,0,0
leveldb,churn,9233,13.749,0,0
leveldb,churn,9234,16.328,0,0
leveldb,churn,9235,15.162,0,0
leveldb,churn,9236,13.749,0,0
leveldb,churn,9237,15.503,0,0
leveldb,churn,9238,25.540,0,0
leveldb,churn,9239,18.131,0,0
leveldb,churn,9240,12.817,219277540,0
leveldb,churn,9241,16.287,0,0
leveldb,churn,9242,16.337,0,0
leveldb,churn,9243,13.746,0,0
leveldb,churn,9244,15.753,0,0
leveldb,churn,9245,18.172,0,0
leveldb,churn,9246,17.749,0,0
leveldb,churn,9247,17.256,0,0
leveldb,churn,9248,17.740,0,0
leveldb,churn,9249,23.381,0,0
leveldb,churn,9250,14.722,216614888,0
leveldb,churn,9251,14.504,0,0
leveldb,churn,9252,18.075,0,0
leveldb,churn,9253,28.588,0,0
leveldb,churn,9254,18.425,0,0
leveldb,churn,9255,16.066,0,0
leveldb,churn,9256,16.901,0,0
leveldb,churn,9257,16.101,0,0
leveldb,churn,9258,14.423,0,0
leveldb,churn,9259,16.344,0,0
leveldb,churn,9260,17.216,218800735,0
leveldb,churn,9261,18.460,0,0
leveldb,churn,9262,16.306,0,0
leveldb,churn,9263,16.100,0,0
leveldb,churn,9264,20.176,0,0
leveldb,churn,9265,12.573,0,0
leveldb,churn,9266,12.321,0,0
leveldb,churn,9267,15.232,0,0
leveldb,churn,9268,14.583,0,0
leveldb,churn,9269,13.038,0,0
leveldb,churn,9270,16.928,225776631,0
leveldb,churn,9271,11.423,0,0
leveldb,churn,9272,15.577,0,0
leveldb,churn,9273,16.105,0,0
leveldb,churn,9274,11.769,0,0
leveldb,churn,9275,20.982,0,0
leveldb,churn,9276,15.583,0,0
leveldb,churn,9277,14.666,0,0
leveldb,churn,9278,16.758,0,0
leveldb,churn,9279,17.944,0,0
leveldb,churn,9280,15.480,211649646,0
leveldb,churn,9281,17.175,0,0
leveldb,churn,9282,18.012,0,0
leveldb,churn,9283,15.726,0,0
leveldb,churn,9284,12.292,0,0
leveldb,churn,9285,16.869,0,0
leveldb,churn,9286,15.446,0,0
leveldb,churn,9287,12.529,0,0
leveldb,churn,9288,21.061,0,0
leveldb,churn,9289,17.634,0,0
leveldb,churn,9290,15.649,220204666,0
leveldb,churn,9291,14.067,0,0
leveldb,churn,9292,18.063,0,0
leveldb,churn,9293,15.904,0,0
leveldb,churn,9294,21.978,0,0
leveldb,churn,9295,16.065,0,0
leveldb,churn,9296,14.395,0,0
leveldb,churn,9297,15.815,0,0
leveldb,churn,9298,15.094,0,0
leveldb,churn,9299,16.939,0,0
leveldb,churn,9300,10.462,226643208,0
leveldb,churn,9301,31.659,0,0
leveldb,churn,9302,26.846,0,0
leveldb,churn,9303,19.802,0,0
leveldb,churn,9304,15.607,0,0
leveldb,churn,9305,13.850,0,0
leveldb,churn,9306,13.126,0,0
leveldb,churn,9307,13.976,0,0
leveldb,churn,9308,11.302,0,0
leveldb,churn,9309,14.249,0,0
leveldb,churn,9310,15.885,213539551,0
leveldb,churn,9311,17.089,0,0
leveldb,churn,9312,18.148,0,0
leveldb,churn,9313,28.498,0,0
leveldb,churn,9314,19.384,0,0
leveldb,churn,9315,19.099,0,0
leveldb,churn,9316,32.695,0,0
leveldb,churn,9317,26.602,0,0
leveldb,churn,9318,44.588,0,0
leveldb,churn,9319,21.806,0,0
leveldb,churn,9320,36.336,216287794,0
leveldb,churn,9321,33.378,0,0
leveldb,churn,9322,39.122,0,0
leveldb,churn,9323,28.627,0,0
leveldb,churn,9324,10.328,0,0
leveldb,churn,9325,21.939,0,0
leveldb,churn,9326,15.114,0,0
leveldb,churn,9327,15.831,0,0
leveldb,churn,9328,10.928,0,0
leveldb,churn,9329,22.299,0,0
leveldb,churn,9330,11.961,222486385,0
leveldb,churn,9331,34.197,0,0
leveldb,churn,9332,23.338,0,0
leveldb,churn,9333,22.461,0,0
leveldb,churn,9334,11.773,0,0
leveldb,churn,9335,18.462,0,0
leveldb,churn,9336,18.037,0,0
leveldb,churn,9337,23.278,0,0
leveldb,churn,9338,16.068,0,0
leveldb,churn,9339,15.528,0,0
leveldb,churn,9340,16.355,213438208,0
leveldb,churn,9341,15.932,0,0
leveldb,churn,9342,12.710,0,0
leveldb,churn,9343,16.745,0,0
leveldb,churn,9344,17.681,0,0
leveldb,churn,9345,14.719,0,0
leveldb,churn,9346,16.901,0,0
leveldb,churn,9347,16.374,0,0
leveldb,churn,9348,12.779,0,0
leveldb,churn,9349,10.340,0,0
leveldb,churn,9350,22.660,219000638,0
leveldb,churn,9351,13.567,0,0
leveldb,churn,9352,11.577,0,0
leveldb,churn,9353,13.608,0,0
leveldb,churn,9354,20.084,0,0
leveldb,churn,9355,24.944,0,0
leveldb,churn,9356,20.051,0,0
leveldb,churn,9357,21.540,0,0
leveldb,churn,9358,14.817,0,0
leveldb,churn,9359,21.546,0,0
leveldb,churn,9360,14.203,218658750,0
leveldb,churn,9361,13.950,0,0
leveldb,churn,9362,11.386,0,0
leveldb,churn,9363,13.221,0,0
leveldb,churn,9364,15.124,0,0
leveldb,churn,9365,12.262,0,0
leveldb,churn,9366,15.978,0,0
leveldb,churn,9367,12.406,0,0
leveldb,churn,9368,14.703,0,0
leveldb,churn,9369,14.097,0,0
leveldb,churn,9370,9.691,222490768,0
leveldb,churn,9371,14.284,0,0
leveldb,churn,9372,12.638,0,0
leveldb,churn,9373,15.119,0,0
leveldb,churn,9374,12.771,0,0
leveldb,churn,9375,14.366,0,0
leveldb,churn,9376,22.327,0,0
leveldb,churn,9377,13.665,0,0
leveldb,churn,9378,14.778,0,0
leveldb,churn,9379,13.387,0,0
leveldb,churn,9380,12.093,213160753,0
leveldb,churn,9381,14.878,0,0
leveldb,churn,9382,16.106,0,0
leveldb,churn,9383,14.508,0,0
leveldb,churn,9384,12.447,0,0
leveldb,churn,9385,11.159,0,0
leveldb,churn,9386,19.098,0,0
leveldb,churn,9387,14.965,0,0
leveldb,churn,9388,10.206,0,0
leveldb,churn,9389,14.354,0,0
leveldb,churn,9390,16.172,210769553,0
leveldb,churn,9391,14.722,0,0
leveldb,churn,9392,17.819,0,0
leveldb,churn,9393,13.132,0,0
leveldb,churn,9394,15.946,0,0
leveldb,churn,9395,14.459,0,0
leveldb,churn,9396,18.475,0,0
leveldb,churn,9397,15.227,0,0
leveldb,churn,9398,16.540,0,0
leveldb,churn,9399,14.843,0,0
leveldb,churn,9400,11.647,215695388,0
leveldb,churn,9401,16.696,0,0
leveldb,churn,9402,10.731,0,0
leveldb,churn,9403,11.645,0,0
leveldb,churn,9404,11.007,0,0
leveldb,churn,9405,19.009,0,0
leveldb,churn,9406,15.580,0,0
leveldb,churn,9407,14.242,0,0
leveldb,churn,9408,15.649,0,0
leveldb,churn,9409,10.820,0,0
leveldb,churn,9410,14.987,212583388,0
leveldb,churn,9411,14.795,0,0
leveldb,churn,9412,11.255,0,0
leveldb,churn,9413,11.662,0,0
leveldb,churn,9414,14.599,0,0
leveldb,churn,9415,16.676,0,0
leveldb,churn,9416,14.538,0,0
leveldb,churn,9417,15.693,0,0
leveldb,churn,9418,17.499,0,0
leveldb,churn,9419,19.539,0,0
leveldb,churn,9420,12.744,211290568,0
leveldb,churn,9421,16.394,0,0
leveldb,churn,9422,17.190,0,0
leveldb,churn,9423,11.836,0,0
leveldb,churn,9424,16.056,0,0
leveldb,churn,9425,14.391,0,0
leveldb,churn,9426,10.696,0,0
leveldb,churn,9427,25.146,0,0
leveldb,churn,9428,12.371,0,0
leveldb,churn,9429,14.781,0,0
leveldb,churn,9430,15.783,216921092,0
leveldb,churn,9431,13.684,0,0
leveldb,churn,9432,12.354,0,0
leveldb,churn,9433,16.053,0,0
leveldb,churn,9434,17.169,0,0
leveldb,churn,9435,15.970,0,0
leveldb,churn,9436,12.543,0,0
leveldb,churn,9437,14.627,0,0
leveldb,churn,9438,16.471,0,0
leveldb,churn,9439,16.218,0,0
leveldb,churn,9440,13.898,211911251,0
leveldb,churn,9441,17.103,0,0
leveldb,churn,9442,22.307,0,0
leveldb,churn,9443,18.603,0,0
leveldb,churn,9444,12.587,0,0
leveldb,churn,9445,11.368,0,0
leveldb,churn,9446,15.977,0,0
leveldb,churn,9447,19.626,0,0
leveldb,churn,9448,16.962,0,0
leveldb,churn,9449,14.806,0,0
leveldb,churn,9450,14.385,220537519,0
leveldb,churn,9451,12.473,0,0
leveldb,churn,9452,15.780,0,0
leveldb,churn,9453,18.640,0,0
leveldb,churn,9454,16.011,0,0
leveldb,churn,9455,16.103,0,0
leveldb,churn,9456,17.116,0,0
leveldb,churn,9457,17.361,0,0
leveldb,churn,9458,10.866,0,0
leveldb,churn,9459,16.268,0,0
leveldb,churn,9460,18.059,214895875,0
leveldb,churn,9461,15.241,0,0
leveldb,churn,9462,14.861,0,0
leveldb,churn,9463,17.860,0,0
leveldb,churn,9464,17.665,0,0
leveldb,churn,9465,14.645,0,0
leveldb,churn,9466,15.254,0,0
leveldb,churn,9467,16.781,0,0
leveldb,churn,9468,18.912,0,0
leveldb,churn,9469,25.646,0,0
leveldb,churn,9470,21.878,212412067,0
leveldb,churn,9471,17.579,0,0
leveldb,churn,9472,14.841,0,0
leveldb,churn,9473,14.757,0,0
leveldb,churn,9474,16.880,0,0
leveldb,churn,9475,15.328,0,0
leveldb,churn,9476,15.313,0,0
leveldb,churn,9477,15.490,0,0
leveldb,churn,9478,13.155,0,0
leveldb,churn,9479,17.246,0,0
leveldb,churn,9480,11.835,215658040,0
leveldb,churn,9481,11.707,0,0
leveldb,churn,9482,11.655,0,0
leveldb,churn,9483,16.424,0,0
leveldb,churn,9484,14.921,0,0
leveldb,churn,9485,18.604,0,0
leveldb,churn,9486,20.754,0,0
leveldb,churn,9487,16.825,0,0
leveldb,churn,9488,16.079,0,0
leveldb,churn,9489,17.137,0,0
leveldb,churn,9490,10.432,234029111,0
leveldb,churn,9491,14.996,0,0
leveldb,churn,9492,17.799,0,0
leveldb,churn,9493,19.067,0,0
leveldb,churn,9494,16.267,0,0
leveldb,churn,9495,17.387,0,0
leveldb,churn,9496,19.085,0,0
leveldb,churn,9497,16.337,0,0
leveldb,churn,9498,12.047,0,0
leveldb,churn,9499,14.718,0,0
leveldb,churn,9500,18.270,216778998,0
leveldb,churn,9501,16.585,0,0
leveldb,churn,9502,18.310,0,0
leveldb,churn,9503,19.734,0,0
leveldb,churn,9504,11.106,0,0
leveldb,churn,9505,21.542,0,0
leveldb,churn,9506,18.094,0,0
leveldb,churn,9507,16.752,0,0
leveldb,churn,9508,16.881,0,0
leveldb,churn,9509,14.455,0,0
leveldb,churn,9510,20.824,227214731,0
leveldb,churn,9511,14.061,0,0
leveldb,churn,9512,12.449,0,0
leveldb,churn,9513,16.815,0,0
leveldb,churn,9514,18.771,0,0
leveldb,churn,9515,14.761,0,0
leveldb,churn,9516,18.084,0,0
leveldb,churn,9517,18.665,0,0
leveldb,churn,9518,24.875,0,0
leveldb,churn,9519,26.981,0,0
leveldb,churn,9520,17.226,214012423,0
leveldb,churn,9521,14.592,0,0
leveldb,churn,9522,13.647,0,0
leveldb,churn,9523,14.726,0,0
leveldb,churn,9524,17.676,0,0
leveldb,churn,9525,20.127,0,0
leveldb,churn,9526,13.020,0,0
leveldb,churn,9527,17.152,0,0
leveldb,churn,9528,16.476,0,0
leveldb,churn,9529,11.720,0,0
leveldb,churn,9530,12.402,224277568,0
leveldb,churn,9531,16.830,0,0
leveldb,churn,9532,22.957,0,0
leveldb,churn,9533,17.392,0,0
leveldb,churn,9534,17.294,0,0
leveldb,churn,9535,16.263,0,0
leveldb,churn,9536,13.933,0,0
leveldb,churn,9537,16.262,0,0
leveldb,churn,9538,16.449,0,0
leveldb,churn,9539,17.075,0,0
leveldb,churn,9540,16.033,217666000,0
leveldb,churn,9541,15.560,0,0
leveldb,churn,9542,15.848,0,0
leveldb,churn,9543,14.123,0,0
leveldb,churn,9544,17.585,0,0
leveldb,churn,9545,10.311,0,0
leveldb,churn,9546,19.232,0,0
leveldb,churn,9547,16.683,0,0
leveldb,churn,9548,11.305,0,0
leveldb,churn,9549,13.921,0,0
leveldb,churn,9550,14.945,229487849,0
leveldb,churn,9551,12.281,0,0
leveldb,churn,9552,14.078,0,0
leveldb,churn,9553,14.991,0,0
leveldb,churn,9554,18.174,0,0
leveldb,churn,9555,15.491,0,0
leveldb,churn,9556,17.183,0,0
leveldb,churn,9557,17.354,0,0
leveldb,churn,9558,17.754,0,0
leveldb,churn,9559,14.410,0,0
leveldb,churn,9560,16.042,221486276,0
leveldb,churn,9561,14.998,0,0
leveldb,churn,9562,15.839,0,0
leveldb,churn,9563,12.187,0,0
leveldb,churn,9564,16.057,0,0
leveldb,churn,9565,15.203,0,0
leveldb,churn,9566,12.546,0,0
leveldb,churn,9567,24.015,0,0
leveldb,churn,9568,26.508,0,0
leveldb,churn,9569,13.626,0,0
leveldb,churn,9570,15.657,220886108,0
leveldb,churn,9571,15.664,0,0
leveldb,churn,9572,16.548,0,0
leveldb,churn,9573,14.669,0,0
leveldb,churn,9574,13.690,0,0
leveldb,churn,9575,15.943,0,0
leveldb,churn,9576,12.196,0,0
leveldb,churn,9577,12.550,0,0
leveldb,churn,9578,15.307,0,0
leveldb,churn,9579,17.662,0,0
leveldb,churn,9580,13.153,221056841,0
leveldb,churn,9581,15.827,0,0
leveldb,churn,9582,15.233,0,0
leveldb,churn,9583,17.876,0,0
leveldb,churn,9584,17.843,0,0
leveldb,churn,9585,17.469,0,0
leveldb,churn,9586,18.544,0,0
leveldb,churn,9587,16.826,0,0
leveldb,churn,9588,16.832,0,0
leveldb,churn,9589,14.451,0,0
leveldb,churn,9590,26.876,222750976,0
leveldb,churn,9591,16.223,0,0
leveldb,churn,9592,11.758,0,0
leveldb,churn,9593,13.915,0,0
leveldb,churn,9594,16.637,0,0
leveldb,churn,9595,15.876,0,0
leveldb,churn,9596,14.657,0,0
leveldb,churn,9597,16.886,0,0
leveldb,churn,9598,13.867,0,0
leveldb,churn,9599,14.257,0,0
leveldb,churn,9600,16.754,218228732,0
leveldb,churn,9601,13.313,0,0
leveldb,churn,9602,14.577,0,0
leveldb,churn,9603,13.383,0,0
leveldb,churn,9604,11.690,0,0
leveldb,churn,9605,15.000,0,0
leveldb,churn,9606,14.002,0,0
leveldb,churn,9607,13.264,0,0
leveldb,churn,9608,15.783,0,0
leveldb,churn,9609,16.502,0,0
leveldb,churn,9610,13.199,227496748,0
leveldb,churn,9611,13.475,0,0
leveldb,churn,9612,13.627,0,0
leveldb,churn,9613,18.138,0,0
leveldb,churn,9614,20.558,0,0
leveldb,churn,9615,19.382,0,0
leveldb,churn,9616,20.745,0,0
leveldb,churn,9617,15.112,0,0
leveldb,churn,9618,17.541,0,0
leveldb,churn,9619,15.773,0,0
leveldb,churn,9620,15.380,229615371,0
leveldb,churn,9621,16.017,0,0
leveldb,churn,9622,17.655,0,0
leveldb,churn,9623,23.749,0,0
leveldb,churn,9624,16.322,0,0
leveldb,churn,9625,16.191,0,0
leveldb,churn,9626,16.011,0,0
leveldb,churn,9627,11.981,0,0
leveldb,churn,9628,13.288,0,0
leveldb,churn,9629,17.954,0,0
leveldb,churn,9630,15.129,213059084,0
leveldb,churn,9631,19.451,0,0
leveldb,churn,9632,9.919,0,0
leveldb,churn,9633,14.516,0,0
leveldb,churn,9634,15.674,0,0
leveldb,churn,9635,12.213,0,0
leveldb,churn,9636,22.019,0,0
leveldb,churn,9637,15.246,0,0
leveldb,churn,9638,12.275,0,0
leveldb,churn,9639,19.691,0,0
leveldb,churn,9640,17.145,220299720,0
leveldb,churn,9641,15.310,0,0
leveldb,churn,9642,15.580,0,0
leveldb,churn,9643,15.021,0,0
leveldb,churn,9644,11.928,0,0
leveldb,churn,9645,15.898,0,0
leveldb,churn,9646,18.982,0,0
leveldb,churn,9647,15.723,0,0
leveldb,churn,9648,10.709,0,0
leveldb,churn,9649,17.650,0,0
leveldb,churn,9650,10.042,221518039,0
leveldb,churn,9651,16.312,0,0
leveldb,churn,9652,16.360,0,0
leveldb,churn,9653,18.709,0,0
leveldb,churn,9654,13.361,0,0
leveldb,churn,9655,17.729,0,0
leveldb,churn,9656,16.781,0,0
leveldb,churn,9657,12.664,0,0
leveldb,churn,9658,17.783,0,0
leveldb,churn,9659,16.017,0,0
leveldb,churn,9660,16.730,212058423,0
leveldb,churn,9661,17.017,0,0
leveldb,churn,9662,10.409,0,0
leveldb,churn,9663,9.901,0,0
leveldb,churn,9664,17.080,0,0
leveldb,churn,9665,15.732,0,0
leveldb,churn,9666,15.940,0,0
leveldb,churn,9667,14.067,0,0
leveldb,churn,9668,15.781,0,0
leveldb,churn,9669,17.177,0,0
leveldb,churn,9670,14.183,217991200,0
leveldb,churn,9671,15.125,0,0
leveldb,churn,9672,15.843,0,0
leveldb,churn,9673,11.845,0,0
leveldb,churn,9674,15.433,0,0
leveldb,churn,9675,22.067,0,0
leveldb,churn,9676,13.363,0,0
leveldb,churn,9677,15.971,0,0
leveldb,churn,9678,22.703,0,0
leveldb,churn,9679,12.582,0,0
leveldb,churn,9680,12.791,215708752,0
leveldb,churn,9681,16.673,0,0
leveldb,churn,9682,16.780,0,0
leveldb,churn,9683,13.367,0,0
leveldb,churn,9684,18.128,0,0
leveldb,churn,9685,16.479,0,0
leveldb,churn,9686,17.263,0,0
leveldb,churn,9687,18.030,0,0
leveldb,churn,9688,17.260,0,0
leveldb,churn,9689,17.615,0,0
leveldb,churn,9690,15.837,213350417,0
leveldb,churn,9691,14.669,0,0
leveldb,churn,9692,11.959,0,0
leveldb,churn,9693,16.703,0,0
leveldb,churn,9694,18.361,0,0
leveldb,churn,9695,16.194,0,0
leveldb,churn,9696,12.318,0,0
leveldb,churn,9697,17.149,0,0
leveldb,churn,9698,11.938,0,0
leveldb,churn,9699,15.783,0,0
leveldb,churn,9700,12.510,221710040,0
leveldb,churn,9701,17.898,0,0
leveldb,churn,9702,17.043,0,0
leveldb,churn,9703,11.410,0,0
leveldb,churn,9704,11.930,0,0
leveldb,churn,9705,10.993,0,0
leveldb,churn,9706,14.204,0,0
leveldb,churn,9707,18.248,0,0
leveldb,churn,9708,10.708,0,0
leveldb,churn,9709,15.386,0,0
leveldb,churn,9710,15.864,216655845,0
leveldb,churn,9711,19.352,0,0
leveldb,churn,9712,16.529,0,0
leveldb,churn,9713,10.599,0,0
leveldb,churn,9714,16.311,0,0
leveldb,churn,9715,18.116,0,0
leveldb,churn,9716,11.247,0,0
leveldb,churn,9717,16.069,0,0
leveldb,churn,9718,11.953,0,0
leveldb,churn,9719,16.706,0,0
leveldb,churn,9720,17.263,211643830,0
leveldb,churn,9721,16.245,0,0
leveldb,churn,9722,16.539,0,0
leveldb,churn,9723,13.428,0,0
leveldb,churn,9724,15.580,0,0
leveldb,churn,9725,18.338,0,0
leveldb,churn,9726,12.715,0,0
leveldb,churn,9727,13.705,0,0
leveldb,churn,9728,16.426,0,0
leveldb,churn,9729,12.854,0,0
leveldb,churn,9730,12.501,217090910,0
leveldb,churn,9731,13.386,0,0
leveldb,churn,9732,15.092,0,0
leveldb,churn,9733,14.626,0,0
leveldb,churn,9734,13.962,0,0
leveldb,churn,9735,15.504,0,0
leveldb,churn,9736,11.845,0,0
leveldb,churn,9737,12.651,0,0
leveldb,churn,9738,18.569,0,0
leveldb,churn,9739,13.694,0,0
leveldb,churn,9740,17.276,211954002,0
leveldb,churn,9741,14.648,0,0
leveldb,churn,9742,11.073,0,0
leveldb,churn,9743,18.472,0,0
leveldb,churn,9744,26.944,0,0
leveldb,churn,9745,15.171,0,0
leveldb,churn,9746,18.410,0,0
leveldb,churn,9747,17.715,0,0
leveldb,churn,9748,10.585,0,0
leveldb,churn,9749,17.624,0,0
leveldb,churn,9750,21.126,218017363,0
leveldb,churn,9751,20.470,0,0
leveldb,churn,9752,12.615,0,0
leveldb,churn,9753,14.150,0,0
leveldb,churn,9754,14.076,0,0
leveldb,churn,9755,13.768,0,0
leveldb,churn,9756,39.220,0,0
leveldb,churn,9757,25.989,0,0
leveldb,churn,9758,14.977,0,0
leveldb,churn,9759,11.603,0,0
leveldb,churn,9760,14.225,218270652,0
leveldb,churn,9761,14.813,0,0
leveldb,churn,9762,13.418,0,0
leveldb,churn,9763,20.777,0,0
leveldb,churn,9764,13.946,0,0
leveldb,churn,9765,12.295,0,0
leveldb,churn,9766,16.615,0,0
leveldb,churn,9767,15.760,0,0
leveldb,churn,9768,13.672,0,0
leveldb,churn,9769,16.834,0,0
leveldb,churn,9770,12.344,212535899,0
leveldb,churn,9771,15.473,0,0
leveldb,churn,9772,15.244,0,0
leveldb,churn,9773,13.954,0,0
leveldb,churn,9774,17.234,0,0
leveldb,churn,9775,14.710,0,0
leveldb,churn,9776,20.904,0,0
leveldb,churn,9777,25.805,0,0
leveldb,churn,9778,17.653,0,0
leveldb,churn,9779,11.764,0,0
leveldb,churn,9780,32.419,214067961,0
leveldb,churn,9781,20.228,0,0
leveldb,churn,9782,14.661,0,0
leveldb,churn,9783,20.285,0,0
leveldb,churn,9784,20.954,0,0
leveldb,churn,9785,16.532,0,0
leveldb,churn,9786,16.891,0,0
leveldb,churn,9787,12.994,0,0
leveldb,churn,9788,16.861,0,0
leveldb,churn,9789,14.123,0,0
leveldb,churn,9790,16.712,212716625,0
leveldb,churn,9791,20.674,0,0
leveldb,churn,9792,23.221,0,0
leveldb,churn,9793,15.280,0,0
leveldb,churn,9794,17.176,0,0
leveldb,churn,9795,12.427,0,0
leveldb,churn,9796,26.152,0,0
leveldb,churn,9797,23.639,0,0
leveldb,churn,9798,16.508,0,0
leveldb,churn,9799,13.704,0,0
leveldb,churn,9800,13.917,222609995,0
leveldb,churn,9801,24.801,0,0
leveldb,churn,9802,14.345,0,0
leveldb,churn,9803,17.167,0,0
leveldb,churn,9804,15.988,0,0
leveldb,churn,9805,18.232,0,0
leveldb,churn,9806,13.643,0,0
leveldb,churn,9807,22.358,0,0
leveldb,churn,9808,10.768,0,0
leveldb,churn,9809,10.324,0,0
leveldb,churn,9810,21.161,219454668,0
leveldb,churn,9811,15.387,0,0
leveldb,churn,9812,20.928,0,0
leveldb,churn,9813,13.556,0,0
leveldb,churn,9814,16.196,0,0
leveldb,churn,9815,16.198,0,0
leveldb,churn,9816,13.802,0,0
leveldb,churn,9817,18.300,0,0
leveldb,churn,9818,15.388,0,0
leveldb,churn,9819,11.146,0,0
leveldb,churn,9820,11.065,226057831,0
leveldb,churn,9821,21.420,0,0
leveldb,churn,9822,15.374,0,0
leveldb,churn,9823,25.254,0,0
leveldb,churn,9824,18.044,0,0
leveldb,churn,9825,15.393,0,0
leveldb,churn,9826,17.987,0,0
leveldb,churn,9827,14.654,0,0
leveldb,churn,9828,16.638,0,0
leveldb,churn,9829,13.053,0,0
leveldb,churn,9830,14.165,227087657,0
leveldb,churn,9831,13.894,0,0
leveldb,churn,9832,11.219,0,0
leveldb,churn,9833,15.653,0,0
leveldb,churn,9834,13.881,0,0
leveldb,churn,9835,11.314,0,0
leveldb,churn,9836,13.363,0,0
leveldb,churn,9837,18.632,0,0
leveldb,churn,9838,16.378,0,0
leveldb,churn,9839,11.000,0,0
leveldb,churn,9840,11.753,217267901,0
leveldb,churn,9841,12.891,0,0
leveldb,churn,9842,13.318,0,0
leveldb,churn,9843,13.769,0,0
leveldb,churn,9844,19.035,0,0
leveldb,churn,9845,11.761,0,0
leveldb,churn,9846,15.569,0,0
leveldb,churn,9847,18.146,0,0
leveldb,churn,9848,17.103,0,0
leveldb,churn,9849,10.419,0,0
leveldb,churn,9850,12.605,223673805,0
leveldb,churn,9851,14.174,0,0
leveldb,churn,9852,10.391,0,0
leveldb,churn,9853,11.972,0,0
leveldb,churn,9854,22.396,0,0
leveldb,churn,9855,18.660,0,0
leveldb,churn,9856,10.885,0,0
leveldb,churn,9857,12.107,0,0
leveldb,churn,9858,16.337,0,0
leveldb,churn,9859,16.997,0,0
leveldb,churn,9860,17.554,229842260,0
leveldb,churn,9861,17.146,0,0
leveldb,churn,9862,18.688,0,0
leveldb,churn,9863,17.262,0,0
leveldb,churn,9864,10.412,0,0
leveldb,churn,9865,15.475,0,0
leveldb,churn,9866,11.073,0,0
leveldb,churn,9867,15.265,0,0
leveldb,churn,9868,17.419,0,0
leveldb,churn,9869,17.866,0,0
leveldb,churn,9870,11.470,226043658,0
leveldb,churn,9871,15.051,0,0
leveldb,churn,9872,12.867,0,0
leveldb,churn,9873,21.879,0,0
leveldb,churn,9874,11.650,0,0
leveldb,churn,9875,14.241,0,0
leveldb,churn,9876,14.057,0,0
leveldb,churn,9877,23.646,0,0
leveldb,churn,9878,14.038,0,0
leveldb,churn,9879,16.613,0,0
leveldb,churn,9880,18.247,214530135,0
leveldb,churn,9881,15.977,0,0
leveldb,churn,9882,19.657,0,0
leveldb,churn,9883,27.072,0,0
leveldb,churn,9884,17.597,0,0
leveldb,churn,9885,15.539,0,0
leveldb,churn,9886,13.840,0,0
leveldb,churn,9887,18.657,0,0
leveldb,churn,9888,11.979,0,0
leveldb,churn,9889,45.832,0,0
leveldb,churn,9890,29.095,223571588,0
leveldb,churn,9891,37.642,0,0
leveldb,churn,9892,21.481,0,0
leveldb,churn,9893,18.682,0,0
leveldb,churn,9894,17.757,0,0
leveldb,churn,9895,13.637,0,0
leveldb,churn,9896,13.724,0,0
leveldb,churn,9897,16.133,0,0
leveldb,churn,9898,11.669,0,0
leveldb,churn,9899,15.011,0,0
leveldb,churn,9900,19.514,217027176,0
leveldb,churn,9901,15.626,0,0
leveldb,churn,9902,12.519,0,0
leveldb,churn,9903,17.211,0,0
leveldb,churn,9904,15.411,0,0
leveldb,churn,9905,14.378,0,0
leveldb,churn,9906,16.980,0,0
leveldb,churn,9907,16.888,0,0
leveldb,churn,9908,19.052,0,0
leveldb,churn,9909,14.667,0,0
leveldb,churn,9910,14.701,215732556,0
leveldb,churn,9911,12.744,0,0
leveldb,churn,9912,11.302,0,0
leveldb,churn,9913,14.401,0,0
leveldb,churn,9914,15.477,0,0
leveldb,churn,9915,18.306,0,0
leveldb,churn,9916,15.178,0,0
leveldb,churn,9917,12.674,0,0
leveldb,churn,9918,18.992,0,0
leveldb,churn,9919,13.697,0,0
leveldb,churn,9920,18.646,222444216,0
leveldb,churn,9921,14.709,0,0
leveldb,churn,9922,16.959,0,0
leveldb,churn,9923,13.937,0,0
leveldb,churn,9924,14.066,0,0
leveldb,churn,9925,17.438,0,0
leveldb,churn,9926,13.989,0,0
leveldb,churn,9927,13.566,0,0
leveldb,churn,9928,14.011,0,0
leveldb,churn,9929,10.074,0,0
leveldb,churn,9930,11.907,232000176,0
leveldb,churn,9931,18.477,0,0
leveldb,churn,9932,15.989,0,0
leveldb,churn,9933,24.270,0,0
leveldb,churn,9934,20.170,0,0
leveldb,churn,9935,19.328,0,0
leveldb,churn,9936,22.654,0,0
leveldb,churn,9937,15.396,0,0
leveldb,churn,9938,10.059,0,0
leveldb,churn,9939,18.851,0,0
leveldb,churn,9940,13.164,211995100,0
leveldb,churn,9941,16.324,0,0
leveldb,churn,9942,15.427,0,0
leveldb,churn,9943,11.065,0,0
leveldb,churn,9944,18.956,0,0
leveldb,churn,9945,22.630,0,0
leveldb,churn,9946,14.711,0,0
leveldb,churn,9947,11.382,0,0
leveldb,churn,9948,12.204,0,0
leveldb,churn,9949,13.423,0,0
leveldb,churn,9950,15.791,216178443,0
leveldb,churn,9951,17.129,0,0
leveldb,churn,9952,14.889,0,0
leveldb,churn,9953,11.014,0,0
leveldb,churn,9954,18.672,0,0
leveldb,churn,9955,14.998,0,0
leveldb,churn,9956,16.869,0,0
leveldb,churn,9957,14.417,0,0
leveldb,churn,9958,15.420,0,0
leveldb,churn,9959,18.926,0,0
leveldb,churn,9960,10.748,214982274,0
leveldb,churn,9961,15.020,0,0
leveldb,churn,9962,14.155,0,0
leveldb,churn,9963,10.881,0,0
leveldb,churn,9964,12.826,0,0
leveldb,churn,9965,14.740,0,0
leveldb,churn,9966,12.686,0,0
leveldb,churn,9967,12.759,0,0
leveldb,churn,9968,17.129,0,0
leveldb,churn,9969,17.347,0,0
leveldb,churn,9970,13.894,222393885,0
leveldb,churn,9971,16.186,0,0
leveldb,churn,9972,14.519,0,0
leveldb,churn,9973,13.338,0,0
leveldb,churn,9974,11.296,0,0
leveldb,churn,9975,17.728,0,0
leveldb,churn,9976,18.813,0,0
leveldb,churn,9977,19.736,0,0
leveldb,churn,9978,16.021,0,0
leveldb,churn,9979,11.715,0,0
leveldb,churn,9980,15.691,221036109,0
leveldb,churn,9981,16.463,0,0
leveldb,churn,9982,15.827,0,0
leveldb,churn,9983,18.249,0,0
leveldb,churn,9984,14.065,0,0
leveldb,churn,9985,11.957,0,0
leveldb,churn,9986,17.827,0,0
leveldb,churn,9987,23.102,0,0
leveldb,churn,9988,13.317,0,0
leveldb,churn,9989,17.227,0,0
leveldb,churn,9990,18.183,219000231,0
leveldb,churn,9991,15.736,0,0
leveldb,churn,9992,11.647,0,0
leveldb,churn,9993,12.731,0,0
leveldb,churn,9994,15.813,0,0
leveldb,churn,9995,17.937,0,0
leveldb,churn,9996,15.947,0,0
leveldb,churn,9997,16.761,0,0
leveldb,churn,9998,14.018,0,0
leveldb,churn,9999,23.328,236516212,0
leveldb,pressure,0,12.557,239455520,0
leveldb,pressure,1,11.721,0,0
leveldb,pressure,2,14.182,0,0
leveldb,pressure,3,13.323,0,0
leveldb,pressure,4,14.235,0,0
leveldb,pressure,5,12.270,211073298,0
leveldb,pressure,6,13.312,0,0
leveldb,pressure,7,11.470,0,0
leveldb,pressure,8,12.151,0,0
leveldb,pressure,9,11.804,0,0
leveldb,pressure,10,14.073,214741976,0
leveldb,pressure,11,16.010,0,0
leveldb,pressure,12,11.330,0,0
leveldb,pressure,13,10.656,0,0
leveldb,pressure,14,10.049,0,0
leveldb,pressure,15,9.670,218214302,0
leveldb,pressure,16,13.748,0,0
leveldb,pressure,17,9.438,0,0
leveldb,pressure,18,10.030,0,0
leveldb,pressure,19,8.402,0,0
leveldb,pressure,20,12.571,221592309,0
leveldb,pressure,21,12.272,0,0
leveldb,pressure,22,12.641,0,0
leveldb,pressure,23,9.539,0,0
leveldb,pressure,24,16.137,0,0
leveldb,pressure,25,9.230,224875765,0
leveldb,pressure,26,15.253,0,0
leveldb,pressure,27,10.915,0,0
leveldb,pressure,28,13.948,0,0
leveldb,pressure,29,9.458,0,0
leveldb,pressure,30,13.303,213871698,0
leveldb,pressure,31,15.536,0,0
leveldb,pressure,32,13.247,0,0
leveldb,pressure,33,11.679,0,0
leveldb,pressure,34,10.841,0,0
leveldb,pressure,35,9.218,220485373,0
leveldb,pressure,36,13.182,0,0
leveldb,pressure,37,12.746,0,0
leveldb,pressure,38,16.987,0,0
leveldb,pressure,39,12.613,0,0
leveldb,pressure,40,13.393,217348126,0
leveldb,pressure,41,13.552,0,0
leveldb,pressure,42,12.476,0,0
leveldb,pressure,43,11.396,0,0
leveldb,pressure,44,13.326,0,0
leveldb,pressure,45,12.085,216341030,0
leveldb,pressure,46,12.232,0,0
leveldb,pressure,47,13.564,0,0
leveldb,pressure,48,10.919,0,0
leveldb,pressure,49,12.552,0,0
leveldb,pressure,50,10.873,220243373,0
leveldb,pressure,51,9.241,0,0
leveldb,pressure,52,9.216,0,0
leveldb,pressure,53,9.581,0,0
leveldb,pressure,54,9.047,0,0
leveldb,pressure,55,8.991,223313782,0
leveldb,pressure,56,9.815,0,0
leveldb,pressure,57,9.753,0,0
leveldb,pressure,58,12.027,0,0
leveldb,pressure,59,10.745,0,0
leveldb,pressure,60,13.010,227114299,0
leveldb,pressure,61,11.734,0,0
leveldb,pressure,62,18.370,0,0
leveldb,pressure,63,20.097,0,0
leveldb,pressure,64,10.501,0,0
leveldb,pressure,65,15.402,230597393,0
leveldb,pressure,66,21.144,0,0
leveldb,pressure,67,16.123,0,0
leveldb,pressure,68,13.559,0,0
leveldb,pressure,69,15.129,0,0
leveldb,pressure,70,22.007,218775508,0
leveldb,pressure,71,16.223,0,0
leveldb,pressure,72,27.512,0,0
leveldb,pressure,73,18.002,0,0
leveldb,pressure,74,14.497,0,0
leveldb,pressure,75,15.535,228150221,0
leveldb,pressure,76,9.558,0,0
leveldb,pressure,77,11.408,0,0
leveldb,pressure,78,11.231,0,0
leveldb,pressure,79,11.919,0,0
leveldb,pressure,80,14.352,220565210,0
leveldb,pressure,81,10.590,0,0
leveldb,pressure,82,8.217,0,0
leveldb,pressure,83,11.821,0,0
leveldb,pressure,84,11.947,0,0
leveldb,pressure,85,11.682,219093947,0
leveldb,pressure,86,14.877,0,0
leveldb,pressure,87,12.358,0,0
leveldb,pressure,88,15.716,0,0
leveldb,pressure,89,11.664,0,0
leveldb,pressure,90,12.015,222935276,0
leveldb,pressure,91,10.542,0,0
leveldb,pressure,92,11.774,0,0
leveldb,pressure,93,13.511,0,0
leveldb,pressure,94,8.966,0,0
leveldb,pressure,95,8.394,226189138,0
leveldb,pressure,96,10.126,0,0
leveldb,pressure,97,8.648,0,0
leveldb,pressure,98,10.839,0,0
leveldb,pressure,99,7.398,227635199,0
